# vtk DataFile Version 3.0
vtk output
ASCII
DATASET POLYDATA
POINTS 15478 float
6.9 1.8 12.292 6.9 1.79286 12.3 6.89134 1.8 12.3
7.07764 1.8 12.3 6.9 1.80714 12.3 6.9 1.8 12.45
7.2 1.8 12.3052 6.6 1.5 12.7876 6.9 1.5 12.75
7.2 1.6445 12.6 7.2 1.5 12.8718 6.90744 1.8 12.6
7.3766 1.8 12.6 7.2 1.95 12.6 7.5 1.8 12.8134
6.6 1.40093 12.9 6.9 1.38726 12.9 7.2 1.47466 12.9
6.48761 1.5 12.9 6.3 1.5 13.1349 6.6 1.65654 12.9
6.9 1.69672 12.9 7.22815 1.5 12.9 7.5 1.72982 12.9
6.98134 1.8 12.9 7.2 1.93782 12.9 7.2 1.8 13.1419
7.56416 1.8 12.9 7.5 1.87275 12.9 7.5 1.8 13.0012
6.3 1.44429 13.2 6.6 1.3288 13.2 6.9 1.36342 13.2
7.2 1.41266 13.2 6.23887 1.5 13.2 6.3 1.77942 13.2
6.3 1.5 13.2557 6.6 1.68726 13.2 6.6 1.5 13.35
6.9 1.6622 13.2 6.9 1.5 13.3158 7.30568 1.5 13.2
7.2 1.70038 13.2 7.2 1.5 13.2873 6.9 1.2 8.87934
6.9 1.5 8.87622 6.9 0.969844 9 6.9 0.9 9.05087
6.77934 1.2 9 7.02066 1.2 9 7.2 1.2 9.29286
6.80663 1.5 9 6.99337 1.5 9 6.9 1.60633 9
7.2 1.5 9.19554 7.2 1.8 9.25641 6.9 0.693369 9.3
6.71274 0.9 9.3 7.11093 0.9 9.3 7.2 1.18363 9.3
7.2 0.9 9.39173 6.76218 1.2 9.3 7.20714 1.2 9.3
6.80663 1.5 9.3 6.9 1.63747 9.3 6.9 1.5 9.48726
7.30446 1.5 9.3 7.5 1.5 9.57466 7.12986 1.8 9.3
7.24205 1.8 9.3 7.2 1.84205 9.3 7.5 1.8 9.55795
6.9 0.693369 9.6 7.2 0.701876 9.6 6.73544 0.9 9.6
7.37195 0.9 9.6 7.5 0.9 9.73698 6.79219 1.2 9.6
6.9 1.40202 9.6 7.4215 1.2 9.6 7.5 1.43803 9.6
7.5 1.2 9.68538 6.96416 1.5 9.6 7.52534 1.5 9.6
7.04675 1.8 9.6 7.2 1.91582 9.6 7.54205 1.8 9.6
7.5 1.84205 9.6 6.9 0.741995 9.9 7.2 0.720356 9.9
7.5 0.762182 9.9 6.77964 0.9 9.9 7.66302 0.9 9.9
7.8 0.9 10.0736 6.85859 1.2 9.9 6.9 1.2785 9.9
6.9 1.2 9.97355 7.71462 1.2 9.9 7.8 1.2 9.98829
6.99337 1.5 9.9 7.7215 1.5 9.9 7.8 1.5 9.98829
7.02045 1.8 9.9 7.2 1.94685 9.9 7.7215 1.8 9.9
7.5 1.99554 9.9 7.8 1.8 9.98829 7.8 2.1 10.0762
6.9 0.89286 10.2 7.2 0.75 10.2 7.5 0.753153 10.2
7.8 0.797402 10.2 6.89286 0.9 10.2 6.9 0.914135 10.2
6.9 0.9 10.2074 7.92668 0.9 10.2 6.99907 1.2 10.2
7.95 1.2 10.2 8.1 1.2 10.35 7.04135 1.5 10.2
7.95 1.5 10.2 8.1 1.5 10.35 7.05 1.8 10.2
7.2 1.95865 10.2 7.5 2.07466 10.2 7.96775 1.8 10.2
8.1 1.8 10.3323 7.55087 2.1 10.2 7.5 2.1 10.276
7.90415 2.1 10.2 7.8 2.19337 10.2 8.1 2.1 10.35
7.2 0.75 10.5 7.5 0.762182 10.5 7.8 0.835838 10.5
7.04685 0.9 10.5 7.2 0.9 10.6955 7.91054 0.9 10.5
8.1 1.0063 10.5 7.05865 1.2 10.5 7.2 1.2 10.679
8.26775 1.2 10.5 8.4 1.2 10.6669 7.06218 1.5 10.5
7.2 1.5 10.6756 8.27559 1.5 10.5 8.4 1.5 10.6127
7.07964 1.8 10.5 7.2 1.96691 10.5 7.2 1.8 10.6323
8.27559 1.8 10.5 8.4 1.8 10.6127 7.39877 2.1 10.5
7.5 2.16416 10.5 7.8 2.26525 10.5 8.27559 2.1 10.5
8.1 2.32725 10.5 8.4 2.1 10.6127 8.1 2.4 10.5795
8.4 2.4 10.6438 7.5 0.779644 10.8 7.8 0.87466 10.8
7.33309 0.9 10.8 7.5 0.9 10.984 7.83166 0.9 10.8
7.8 0.9 10.8934 8.1 1.03164 10.8 8.4 1.09554 10.8
7.31274 1.2 10.8 7.5 1.2 11.0491 8.51245 1.2 10.8
8.4 1.2 11.0558 7.31274 1.5 10.8 7.5 1.5 11.0491
8.58726 1.5 10.8 8.7 1.5 10.9267 7.33782 1.8 10.8
7.5 1.8 11.0491 8.58726 1.8 10.8 8.7 1.8 10.9127
7.34289 2.1 10.8 7.5 2.23475 10.8 7.5 2.1 11.0379
7.8 2.3105 10.8 8.56836 2.1 10.8 8.7 2.1 10.9402
7.90806 2.4 10.8 7.8 2.4 10.9022 8.1 2.53218 10.8
8.55 2.4 10.8 8.4 2.69419 10.8 8.7 2.4 10.9677
8.1 2.7 11.0043 8.4 2.7 10.805 8.7 2.7 11.0215
8.4 3 10.9367 8.7 3 10.9756 8.4 3.3 11.0971
8.7 3.3 11.0352 7.8 0.950868 11.1 8.1 1.03782 11.1
7.55087 1.2 11.1 7.8 1.2 11.358 8.37466 1.2 11.1
8.4 1.22534 11.1 8.7 1.35594 11.1 7.55087 1.5 11.1
8.84406 1.5 11.1 7.55087 1.8 11.1 8.89554 1.8 11.1
9 1.8 11.2931 7.55087 2.1 11.1 8.87902 2.1 11.1
9 2.1 11.2157 7.63936 2.4 11.1 7.8 2.55385 11.1
8.83225 2.4 11.1 9 2.4 11.25 7.99057 2.7 11.1
8.1 2.8374 11.1 8.7785 2.7 11.1 9 2.7 11.2622
8.21542 3 11.1 8.81275 3 11.1 9 3 11.2622
8.39705 3.3 11.1 8.4 3.30295 11.1 8.4 3.3 11.1031
8.7591 3.3 11.1 8.7 3.3591 11.1 9 3.3 11.2793
8.1 1.06836 11.4 7.85175 1.2 11.4 7.8 1.39157 11.4
8.32835 1.2 11.4 8.1 1.2 11.5786 8.4 1.2591 11.4
8.7 1.49505 11.4 7.77466 1.5 11.4 7.8 1.5 11.4253
8.70496 1.5 11.4 8.7 1.5 11.4081 9 1.7315 11.4
7.7215 1.8 11.4 7.8 1.8 11.4854 9.0685 1.8 11.4
9 1.8 11.4707 7.7215 2.1 11.4 7.8 2.1 11.4883
9.15 2.1 11.4 7.74973 2.4 11.4 7.8 2.48211 11.4
7.8 2.4 11.4503 9.16775 2.4 11.4 7.90446 2.7 11.4
8.1 2.92437 11.4 9.17559 2.7 11.4 8.18235 3 11.4
8.4 3.1445 11.4 9.15624 3 11.4 8.64178 3.3 11.4
8.7 3.35627 11.4 8.7 3.3 11.4832 9.12066 3.3 11.4
9 3.42066 11.4 8.1 1.41757 11.7 8.4 1.34096 11.7
8.04973 1.5 11.7 8.1 1.5 11.7503 8.58428 1.5 11.7
8.4 1.5 11.9404 8.7 1.63308 11.7 8.01462 1.8 11.7
8.1 1.8 11.7785 8.83218 1.8 11.7 8.7 1.8 11.9205
9 2.02925 11.7 8.01171 2.1 11.7 8.1 2.1 11.7785
9.0685 2.1 11.7 9 2.1 11.7708 8.0409 2.4 11.7
8.1 2.4 11.7591 9.15551 2.4 11.7 9 2.4 11.8766
8.07466 2.7 11.7 8.1 2.72534 11.7 8.1 2.7 11.7282
9.18726 2.7 11.7 9 2.7 11.8873 8.35795 3 11.7
8.4 3.04205 11.7 8.4 3 11.7749 8.7 3.18428 11.7
9.17124 3 11.7 9 3 11.85 8.88318 3.3 11.7
9.09035 3.3 11.7 9 3.38323 11.7 9 3.3 11.7832
8.4 1.62045 12 8.3215 1.8 12 8.56972 1.8 12
8.4 1.8 12.0785 8.7 1.87453 12 8.30459 2.1 12
8.4 2.1 12.0954 8.83857 2.1 12 8.7 2.1 12.1476
8.28726 2.4 12 8.4 2.4 12.1157 8.87964 2.4 12
8.7 2.4 12.175 8.25978 2.7 12 8.4 2.8844 12
8.4 2.7 12.1695 8.88428 2.7 12 8.7 2.7 12.159
8.5561 3 12 8.80095 3 12 8.7 3.09609 12
8.7 3 12.0934 6.6 1.2 8.87234 6.3 0.9 9.08323
6.6 0.964111 9 6.6 0.9 9.07517 6.43944 1.2 9
6.73619 1.2 9 6.6 1.42601 9 6.3 0.737818 9.3
6.6 0.75 9.3 6.11274 0.9 9.3 6.3 1.1215 9.3
6.71274 0.9 9.3 6.3785 1.2 9.3 6.76218 1.2 9.3
6.6 1.4215 9.3 6.6 1.5 9.53652 6.9 1.5 9.48726
6.3 0.746847 9.6 6.6 0.721588 9.6 6.11274 0.9 9.6
6.3 1.14913 9.6 6.73544 0.9 9.6 6.35087 1.2 9.6
6.3 1.2 9.75 6.79219 1.2 9.6 6.9 1.40202 9.6
6.57394 1.5 9.6 6.6 1.52606 9.6 6.96416 1.5 9.6
6.9 1.59337 9.6 6.9 1.8 9.85907 6.3 0.762182 9.9
6.6 0.735442 9.9 6.12441 0.9 9.9 6.77964 0.9 9.9
6.24188 1.2 9.9 6.3 1.25087 9.9 6.85859 1.2 9.9
6.9 1.2785 9.9 6.9 1.2 9.97355 6.54913 1.5 9.9
6.6 1.55087 9.9 6.99337 1.5 9.9 6.87394 1.8 9.9
6.92606 1.8 9.9 6.9 1.82606 9.9 6.3 0.762182 10.2
6.6 0.75 10.2 6.12441 0.9 10.2 6.89286 0.9 10.2
6.9 0.914135 10.2 6.9 0.9 10.2074 6.21171 1.2 10.2
6.3 1.2785 10.2 6.99907 1.2 10.2 6.52844 1.5 10.2
6.6 1.57156 10.2 7.04135 1.5 10.2 6.77934 1.8 10.2
7.02066 1.8 10.2 6.9 1.92066 10.2 6.3 0.762182 10.5
6.6 0.741349 10.5 6.9 0.753153 10.5 6.12441 0.9 10.5
7.04685 0.9 10.5 7.2 0.9 10.6955 6.17633 1.2 10.5
6.3 1.28907 10.5 7.05865 1.2 10.5 7.2 1.2 10.679
6.5215 1.5 10.5 6.6 1.5785 10.5 7.06218 1.5 10.5
7.2 1.5 10.6756 6.76218 1.8 10.5 7.06775 1.8 10.5
6.9 1.93782 10.5 7.2 1.8 10.6323 6.3 0.762182 10.8
6.6 0.74473 10.8 6.9 0.74473 10.8 7.2 0.795541 10.8
6.12441 0.9 10.8 7.30446 0.9 10.8 6.15 1.2 10.8
6.3 1.31274 10.8 7.31274 1.2 10.8 7.5 1.2 11.0491
6.5215 1.5 10.8 6.6 1.5785 10.8 7.31274 1.5 10.8
7.5 1.5 11.0491 6.76836 1.8 10.8 6.9 1.96949 10.8
7.33782 1.8 10.8 7.2 1.98985 10.8 7.5 1.8 11.0491
7.2 2.1 10.95 7.5 2.1 11.058 6.3 0.762182 11.1
6.6 0.75 11.1 6.9 0.75 11.1 7.2 0.75 11.1
6.13225 0.9 11.1 7.49505 0.9 11.1 7.5 0.922799 11.1
7.5 0.9 11.1108 6.17559 1.2 11.1 6.3 1.31274 11.1
7.55087 1.2 11.1 7.8 1.2 11.358 6.5215 1.5 11.1
6.6 1.5785 11.1 7.55087 1.5 11.1 6.77503 1.8 11.1
6.9 1.95 11.1 7.55087 1.8 11.1 7.07746 2.1 11.1
7.2 2.19907 11.1 7.54205 2.1 11.1 7.5 2.15191 11.1
7.5 2.4 11.2643 7.8 2.7 11.3542 6.3 0.76836 11.4
6.6 0.75 11.4 6.9 0.75 11.4 7.2 0.75 11.4
7.5 0.806631 11.4 6.13844 0.9 11.4 7.65507 0.9 11.4
7.8 1.11645 11.4 6.21171 1.2 11.4 6.3 1.2785 11.4
7.84205 1.2 11.4 7.8 1.39157 11.4 8.1 1.2 11.6815
6.5215 1.5 11.4 6.6 1.5785 11.4 7.77466 1.5 11.4
7.8 1.5 11.4253 6.78726 1.8 11.4 6.9 1.98371 11.4
7.7215 1.8 11.4 7.8 1.8 11.4854 6.98988 2.1 11.4
7.2 2.25978 11.4 7.7215 2.1 11.4 7.8 2.1 11.4883
7.36459 2.4 11.4 7.72849 2.4 11.4 7.5 2.52578 11.4
7.8 2.55825 11.4 7.8 2.4 11.4503 7.7495 2.7 11.4
7.84583 2.7 11.4 7.8 2.74583 11.4 7.8 2.7 11.4605
6.3 0.795541 11.7 6.6 0.75 11.7 6.9 0.75 11.7
7.2 0.758651 11.7 7.5 0.849132 11.7 6.1842 0.9 11.7
7.57597 0.9 11.7 7.5 0.9 11.9066 7.8 1.01274 11.7
8.1 1.18154 11.7 6.21171 1.2 11.7 6.3 1.2785 11.7
8.11846 1.2 11.7 8.1 1.27369 11.7 6.5215 1.5 11.7
6.6 1.5785 11.7 8.04973 1.5 11.7 8.1 1.5 11.7503
6.76218 1.8 11.7 6.9 1.99629 11.7 8.01462 1.8 11.7
8.1 1.8 11.7785 6.99568 2.1 11.7 7.2 2.31467 11.7
7.2 2.1 11.872 8.01171 2.1 11.7 8.1 2.1 11.7785
7.3253 2.4 11.7 7.5 2.50409 11.7 7.5 2.4 11.8556
8.0409 2.4 11.7 7.8 2.57503 11.7 8.1 2.4 11.7591
6.3 0.840896 12 6.6 0.753153 12 6.9 0.753153 12
7.2 0.800933 12 6.23279 0.9 12 6.3 0.9 12.1648
7.45271 0.9 12 7.5 0.92534 12 7.8 1.0445 12
8.1 1.17466 12 6.20041 1.2 12 6.3 1.28907 12
8.12534 1.2 12 8.1 1.2 12.0399 6.49554 1.5 12
6.6 1.60446 12 8.30093 1.5 12 6.79219 1.8 12
6.9 1.91073 12 6.9 1.8 12.1711 7.2 1.97503 12
8.3215 1.8 12 8.4 1.8 12.1066 7.32497 2.1 12
7.5 2.30093 12 8.30459 2.1 12 8.4 2.1 12.0954
7.63506 2.4 12 7.8 2.51572 12 7.8 2.4 12.2591
8.28726 2.4 12 8.1 2.64973 12 8.4 2.4 12.1189
6.6 0.800933 12.3 6.9 0.800933 12.3 7.2 0.835838 12.3
6.38698 0.9 12.3 6.3 0.975173 12.3 7.29337 0.9 12.3
7.2 0.9 12.4067 7.5 1.01274 12.3 7.8 1.08726 12.3
6.17559 1.2 12.3 6.3 1.31274 12.3 7.95 1.2 12.3
7.8 1.2 12.5919 8.1 1.31274 12.3 6.51093 1.5 12.3
6.6 1.58907 12.3 6.9 1.71093 12.3 8.28726 1.5 12.3
8.4 1.64504 12.3 7.18853 1.8 12.3 7.2 1.80495 12.3
7.2 1.8 12.3052 8.51744 1.8 12.3 8.4 1.8 12.4469
7.36836 2.1 12.3 7.5 2.26949 12.3 7.8 2.37394 12.3
8.5712 2.1 12.3 8.4 2.1 12.4873 7.82606 2.4 12.3
8.1 2.58726 12.3 8.55841 2.4 12.3 8.4 2.6631 12.3
8.4 2.4 12.462 6.6 0.89286 12.6 6.9 0.87466 12.6
6.59093 0.9 12.6 6.3 1.16834 12.6 6.6 0.9 12.608
6.94729 0.9 12.6 6.9 0.9 12.6294 7.2 0.999067 12.6
7.5 1.05904 12.6 6.27367 1.2 12.6 6.3 1.22534 12.6
6.3 1.2 12.6263 7.79419 1.2 12.6 7.8 1.20495 12.6
8.1 1.42437 12.6 6.57394 1.5 12.6 6.6 1.52606 12.6
6.6 1.5 12.6354 6.9 1.61274 12.6 6.9 1.5 12.75
7.2 1.6445 12.6 7.2 1.5 12.8718 8.17563 1.5 12.6
8.1 1.5 12.678 7.3766 1.8 12.6 7.5 1.8 12.8134
8.2766 1.8 12.6 8.1 1.8 12.8083 7.40663 2.1 12.6
7.5 2.22862 12.6 7.8 2.30663 12.6 8.28726 2.1 12.6
8.1 2.1 12.7796 7.92053 2.4 12.6 8.23876 2.4 12.6
8.1 2.52371 12.6 8.1 2.4 12.7237 6.6 1.05355 12.9
6.9 1.03782 12.9 7.2 1.06456 12.9 7.5 1.17466 12.9
6.45904 1.2 12.9 6.6 1.36332 12.9 6.6 1.2 13.0633
6.9 1.38726 12.9 6.9 1.2 13.0873 7.2 1.46976 12.9
7.2 1.2 13.0538 7.52633 1.2 12.9 7.5 1.2 12.9263
7.8 1.41467 12.9 7.22815 1.5 12.9 7.5 1.72982 12.9
7.5 1.5 13.0641 7.88533 1.5 12.9 7.8 1.5 12.9828
7.57275 1.8 12.9 7.5 1.91954 12.9 8.00041 1.8 12.9
7.8 1.8 13.0378 7.41266 2.1 12.9 7.5 2.20983 12.9
7.5 2.1 12.9873 7.93671 2.1 12.9 7.8 2.23671 12.9
7.8 2.1 13.0078 9.3 1.8 9.27466 9.6 1.8 9.24913
8.7 2.1 9.21722 9 2.1 9.16218 9.3 2.1 9.16218
9.6 2.1 9.16218 9.9 2.1 9.17234 8.7 2.4 9.17796
9 2.4 9.05087 9.3 2.4 9.05087 9.6 2.4 9.0895
9 2.7 9.29006 9.3 2.7 9.10767 9.3 1.77185 9.3
9.3 1.5 9.46381 9.6 1.74407 9.3 8.7 2.01467 9.3
9.23174 1.8 9.3 9 1.8808 9.3 9 1.8 9.37156
9.67228 1.8 9.3 9.9 1.93944 9.3 8.61722 2.1 9.3
10.0277 2.1 9.3 9.9 2.2906 9.3 8.59554 2.4 9.3
8.7 2.50446 9.3 9.8105 2.4 9.3 9.6 2.56836 9.3
9.9 2.4 9.40806 8.99505 2.7 9.3 9 2.70495 9.3
9.43051 2.7 9.3 9.3 2.81274 9.3 9.6 2.7 9.59369
9.3 1.36381 9.6 9.07465 1.5 9.6 9 1.5591 9.6
9.49107 1.5 9.6 9.6 1.59354 9.6 8.82036 1.8 9.6
8.7 1.95 9.6 9.75693 1.8 9.6 9.9 1.95624 9.6
8.57964 2.1 9.6 8.7 2.1 9.78401 10.0316 2.1 9.6
8.57964 2.4 9.6 8.7 2.52036 9.6 8.7 2.4 9.73462
9 2.4 9.80093 9.3 2.4 9.84913 10.0291 2.4 9.6
9.9 2.53218 9.6 8.90093 2.7 9.6 9 2.80687 9.6
9 2.7 9.69907 9.3 2.8555 9.6 9.3 2.7 9.75
9.60516 2.7 9.6 9.6 2.70495 9.6 9.6 2.7 9.60734
9.3 1.38726 9.9 9.12416 1.5 9.9 9 1.59216 9.9
9.42441 1.5 9.9 9.3 1.5 10.1394 9.6 1.65 9.9
8.8445 1.8 9.9 9 1.8 10.05 9.3 1.8 10.1009
9.74645 1.8 9.9 9.6 1.8 10.0807 9.9 2.03522 9.9
8.82367 2.1 9.9 9 2.26494 9.9 9 2.1 10.0127
9.3 2.34037 9.9 9.3 2.1 10.0354 9.6 2.1 10.0646
9.9591 2.1 9.9 9.9 2.1 9.96478 9.38786 2.4 9.9
9.6 2.52718 9.9 9.6 2.4 9.99907 10.0335 2.4 9.9
9.9 2.54347 9.9 9.9 2.4 10.025 9.3 1.5 7.45795
9 1.8 7.41677 9.3 1.8 7.45795 9 1.2 7.70784
9.3 1.45795 7.5 8.7 1.5 7.69219 9.23245 1.5 7.5
9 1.67809 7.5 9 1.5 7.60781 9.34959 1.5 7.5
8.86822 1.8 7.5 8.7 1.8 7.60974 9 2.06065 7.5
9.34466 1.8 7.5 9.3 1.84205 7.5 9 2.1 7.52177
9 1.1105 7.8 8.81631 1.2 7.8 8.7 1.29729 7.8
8.7 1.2 7.86363 9.10004 1.2 7.8 9.3 1.35 7.8
8.56771 1.5 7.8 8.4 1.5 7.92775 9.4842 1.5 7.8
8.50974 1.8 7.8 8.4 1.8 7.99993 8.7 1.9524 7.8
9.41572 1.8 7.8 9.3 1.91572 7.8 8.8579 2.1 7.8
9.13075 2.1 7.8 9 2.23075 7.8 9.3 2.1 8.03369
8.7 1.01274 8.1 9 1.07964 8.1 8.40495 1.2 8.1
8.4 1.20516 8.1 8.4 1.2 8.11075 9.158 1.2 8.1
9.3 1.31572 8.1 8.25315 1.5 8.1 9.51904 1.5 8.1
8.33522 1.8 8.1 8.4 1.8591 8.1 8.7 2.02894 8.1
9.55707 1.8 8.1 9.6 1.8 8.14293 8.77106 2.1 8.1
8.7 2.1 8.20204 9 2.3105 8.1 9.36416 2.1 8.1
9.3 2.17018 8.1 9 2.4 8.22416 8.4 1.09012 8.4
8.7 0.983234 8.4 9 1.06218 8.4 8.30663 1.2 8.4
8.4 1.2 8.57182 9.17559 1.2 8.4 9.3 1.31274 8.4
8.2445 1.5 8.4 9.5215 1.5 8.4 9.6 1.58096 8.4
8.23317 1.8 8.4 8.4 1.95594 8.4 9.76552 1.8 8.4
9.6 2.02925 8.4 8.57326 2.1 8.4 8.7 2.22674 8.4
9.52925 2.1 8.4 9.3 2.39256 8.4 9.6 2.1 8.47933
8.87326 2.4 8.4 9.28833 2.4 8.4 9 2.51572 8.4
9.3 2.4 8.40863 8.7 0.983234 8.7 9 1.06218 8.7
8.47563 1.2 8.7 8.4 1.31261 8.7 9.17559 1.2 8.7
9.3 1.31274 8.7 8.29219 1.5 8.7 8.4 1.5 8.87917
9.5215 1.5 8.7 9.6 1.5785 8.7 8.25339 1.8 8.7
8.4 2.03039 8.7 9.8215 1.8 8.7 8.46576 2.1 8.7
8.4 2.1 8.84921 8.7 2.28428 8.7 9.76064 2.1 8.7
9.6 2.27326 8.7 9.9 2.1 8.86801 8.81275 2.4 8.7
9 2.56218 8.7 9.47326 2.4 8.7 9.3 2.55 8.7
8.7 1.03051 9 9 1.06218 9 8.56836 1.2 9
8.7 1.2 9.19479 9.17559 1.2 9 9.3 1.31274 9
8.48233 1.5 9 8.4 1.67449 9 9.5215 1.5 9
9.6 1.5785 9 8.33584 1.8 9 8.4 1.8 9.06416
9.3 1.8 9.27466 9.8215 1.8 9 9.6 1.8 9.24913
9.9 1.91616 9 8.33584 2.1 9 8.4 2.16416 9
8.4 2.1 9.06416 8.7 2.32844 9 8.7 2.1 9.17964
9 2.1 9.16218 9.3 2.1 9.16218 9.6 2.35071 9
9.6 2.1 9.16218 10.0078 2.1 9 9.9 2.21271 9
9.9 2.1 9.1159 8.88162 2.4 9 9 2.45267 9
9 2.4 9.05087 9.45284 2.4 9 9.3 2.45593 9
9.3 2.4 9.05087 9 1.07964 9.3 8.81599 1.2 9.3
8.7 1.40222 9.3 9.13225 1.2 9.3 9 1.2 9.45
9.3 1.36029 9.3 8.64913 1.5 9.3 8.7 1.5 9.35087
9 1.5 9.46863 9.48454 1.5 9.3 9.3 1.76677 9.3
9.3 1.5 9.43619 8.6409 1.8 9.3 8.7 1.88041 9.3
8.7 1.8 9.3591 9.23174 1.8 9.3 9 1.8808 9.3
9 1.8 9.37156 7.2 1.5 8.66468 7.5 1.5 8.56218
7.8 1.5 8.62341 7.5 0.9 8.86143 7.8 0.9 8.81581
8.1 0.9 8.92725 7.2 1.46335 8.7 7.2 1.2 8.86143
7.5 1.29289 8.7 7.5 1.2 8.78278 7.8 1.21401 8.7
7.8 1.2 8.70496 7.16468 1.5 8.7 7.2 1.53665 8.7
7.5 1.65624 8.7 7.87659 1.5 8.7 7.8 1.61416 8.7
7.5 1.8 8.92256 7.8 1.8 8.94624 7.5 0.721588 9
7.8 0.704459 9 8.1 0.835838 9 7.23024 0.9 9
7.2 0.930239 9 7.2 0.9 9.05379 8.16416 0.9 9
8.1 1.00668 9 7.06456 1.2 9 7.2 1.2 9.29137
8.00093 1.2 9 8.1 1.2 9.25271 7.05 1.5 9
7.2 1.7105 9 7.2 1.5 9.19554 7.93857 1.5 9
7.38294 1.8 9 7.5 1.86416 9 7.83258 1.8 9
7.8 1.83258 9 7.8 1.8 9.05353 7.2 0.771149 9.3
7.5 0.693369 9.3 7.8 0.712745 9.3 8.1 0.756441 9.3
7.11093 0.9 9.3 7.2 1.18363 9.3 7.2 0.9 9.39173
8.24356 0.9 9.3 7.20714 1.2 9.3 8.12534 1.2 9.3
8.1 1.22815 9.3 8.1 1.2 9.33024 7.30446 1.5 9.3
7.5 1.5 9.57466 7.9159 1.5 9.3 7.8 1.65 9.3
7.35922 1.8 9.3 7.65856 1.8 9.3 7.5 1.91582 9.3
7.5 1.8 9.5158 7.5 0.728393 9.6 7.8 0.741349 9.6
8.1 0.849726 9.6 7.37195 0.9 9.6 7.5 0.9 9.73698
8.15027 0.9 9.6 8.1 0.958957 9.6 8.1 0.9 9.67151
7.4215 1.2 9.6 7.5 1.43803 9.6 7.5 1.2 9.68538
7.95 1.2 9.6 7.8 1.2 9.87202 7.74731 1.5 9.6
7.80578 1.5 9.6 7.8 1.50736 9.6 7.8 1.5 9.62764
7.8 0.779336 9.9 7.66743 0.9 9.9 7.95337 0.9 9.9
7.8 1.16647 9.9 7.8 0.9 10.0291 8.7 2.1 9.87466
8.7 2.4 9.76836 9 2.4 9.80093 9.3 2.4 9.84913
9 2.7 9.72468 9.3 2.7 9.75315 9.6 2.7 9.78418
9.3 3 9.79481 9 1.5 10.1284 8.7 2.06976 9.9
8.7 1.8 10.0876 9 1.8 10.0532 9.3 1.8 10.1009
8.65562 2.1 9.9 8.73986 2.1 9.9 9 2.26494 9.9
9 2.1 10.0127 9.3 2.34037 9.9 9.3 2.1 10.0354
9.6 2.1 10.0646 8.52177 2.4 9.9 8.4 2.4 10.1454
8.7 2.55 9.9 9.38786 2.4 9.9 9.6 2.53185 9.9
9.6 2.4 9.99907 9.9 2.4 10.0784 8.83164 2.7 9.9
8.7 2.7 10.1604 9 2.93637 9.9 9.77502 2.7 9.9
9.6 2.8363 9.9 9.9 2.7 9.99568 9.12364 3 9.9
9 3 9.98851 9.40112 3 9.9 9.3 3.08323 9.9
9 1.42844 10.2 8.92196 1.5 10.2 8.7 1.69313 10.2
9.09824 1.5 10.2 9.3 1.66983 10.2 8.60093 1.8 10.2
9.50239 1.8 10.2 9.6 1.86724 10.2 8.4785 2.1 10.2
8.4 2.3246 10.2 8.4 2.1 10.4365 9.77326 2.1 10.2
9.9 2.25531 10.2 8.3681 2.4 10.2 8.4 2.4319 10.2
10.0078 2.4 10.2 9.9 2.4 10.4208 8.6681 2.7 10.2
8.7 2.73311 10.2 9.6 2.96468 10.2 10.05 2.7 10.2
9.9 2.84685 10.2 8.87955 3 10.2 8.7 3 10.4564
9 3.1225 10.2 9.55627 3 10.2 9.3 3.13164 10.2
9.6 3 10.2774 9 3.3 10.3873 9 1.35315 10.5
8.84096 1.5 10.5 8.7 1.67559 10.5 9.19266 1.5 10.5
9.3 1.61245 10.5 8.58726 1.8 10.5 8.4 2.07394 10.5
9.50353 1.8 10.5 9.6 1.89647 10.5 8.37394 2.1 10.5
8.4 2.1 10.5261 9.7445 2.1 10.5 8.28386 2.4 10.5
8.4 2.53026 10.5 8.4 2.4 10.6279 9.84973 2.4 10.5
9.9 2.47923 10.5 8.54406 2.7 10.5 10.0078 2.7 10.5
9.9 2.83199 10.5 9.9 2.7 10.6447 8.65795 3 10.5
8.7 3.04205 10.5 9.3 3.1359 10.5 9.70491 3 10.5
9.6 3.08323 10.5 8.89219 3.3 10.5 9.1159 3.3 10.5
9 3.40781 10.5 9.3 3.3 10.6709 9 1.39219 10.8
8.88071 1.5 10.8 8.7 1.68985 10.8 9.11073 1.5 10.8
9 1.5 10.9367 9.3 1.68927 10.8 8.60093 1.8 10.8
8.7 1.8 10.8991 9.41073 1.8 10.8 9.3 1.8 10.9792
9.6 2.05707 10.8 8.56836 2.1 10.8 8.7 2.1 10.9402
9.64141 2.1 10.8 9.6 2.1 10.8457 8.55 2.4 10.8
8.7 2.4 10.9677 9.73544 2.4 10.8 9.6 2.4 11.0173
8.48907 2.7 10.8 8.7 2.7 11.0215 9.78726 2.7 10.8
8.57934 3 10.8 8.7 3.25273 10.8 8.7 3 10.9583
9.76691 3 10.8 9.6 3.21959 10.8 8.76535 3.3 10.8
9 3.39337 10.8 9 3.3 10.9286 9.51984 3.3 10.8
9.3 3.42066 10.8 9.6 3.3 10.9056 9 1.66691 11.1
8.89554 1.8 11.1 9.17564 1.8 11.1 9 1.8 11.2045
9.3 1.89781 11.1 8.87902 2.1 11.1 9 2.1 11.2157
9.44022 2.1 11.1 9.3 2.1 11.2844 8.83225 2.4 11.1
9 2.4 11.25 9.52844 2.4 11.1 9.6 2.51655 11.1
8.7785 2.7 11.1 9 2.7 11.2622 9.69907 2.7 11.1
9.6 2.7 11.2102 8.81275 3 11.1 9 3.18726 11.1
9 3 11.2622 9.74096 3 11.1 9.6 3 11.2756
9.20663 3.3 11.1 9.3 3.36416 11.1 9.3 3.3 11.1702
9.70095 3.3 11.1 9.6 3.39337 11.1 9.6 3.3 11.201
9.3 2.32513 11.4 9.25171 2.4 11.4 9.34205 2.4 11.4
9.3 2.4 11.442 9.19586 2.7 11.4 9.40415 2.7 11.4
9.3 2.7 11.4934 9.17208 3 11.4 9.4536 3 11.4
9.3 3.12446 11.4 9.3 3 11.5161 8.1 1.2 8.58692
8.1 1.5 8.64471 8.1 0.967194 8.7 7.95765 1.2 8.7
8.21606 1.2 8.7 7.99681 1.5 8.7 8.15027 1.5 8.7
8.1 1.59685 8.7 8.1 1.8 8.79959 8.1 1.00668 9
8.4 0.9 9.1308 8.00093 1.2 9 8.26865 1.2 9
8.1 1.2 9.25271 8.4 1.2 9.08579 7.93857 1.5 9
8.2766 1.5 9 8.4 1.5 9.23068 7.90415 1.8 9
7.8 1.8 9.13385 8.23782 1.8 9 8.1 1.94645 9
8.4 0.800933 9.3 8.29515 0.9 9.3 8.50687 0.9 9.3
8.12633 1.2 9.3 8.1 1.22815 9.3 8.1 1.2 9.33024
8.55 1.2 9.3 7.9159 1.5 9.3 7.8 1.65 9.3
8.45027 1.5 9.3 8.4 1.57923 9.3 7.68927 1.8 9.3
7.8 1.92159 9.3 8.29219 1.8 9.3 8.1 2.05859 9.3
8.4 1.8 9.4601 8.1 2.1 9.3785 8.4 0.87466 9.6
8.34117 0.9 9.6 8.1 0.99446 9.6 8.1 0.9 9.79483
8.42938 0.9 9.6 8.4 0.9 9.69337 7.95 1.2 9.6
8.65859 1.2 9.6 8.7 1.2 9.64293 7.80578 1.5 9.6
7.8 1.50736 9.6 8.58418 1.5 9.6 7.66525 1.8 9.6
7.8 2.02256 9.6 8.49868 1.8 9.6 8.4 1.96065 9.6
7.91274 2.1 9.6 8.25457 2.1 9.6 8.1 2.19337 9.6
8.4 2.1 9.82834 8.1 0.849132 9.9 8.04913 0.9 9.9
8.25 0.9 9.9 8.1 0.9 10.1808 8.4 0.950868 9.9
8.7 1.04096 9.9 7.90781 1.2 9.9 8.84685 1.2 9.9
8.7 1.48482 9.9 7.89337 1.5 9.9 7.8 1.69443 9.9
8.68542 1.5 9.9 8.7 1.5 9.92003 7.7409 1.8 9.9
7.8 1.96655 9.9 7.8 1.8 9.96721 8.55865 1.8 9.9
7.86028 2.1 9.9 8.1 2.23475 9.9 8.43532 2.1 9.9
8.4 2.14071 9.9 8.1 0.904838 10.2 8.4 0.989496 10.2
8.7 1.07964 10.2 7.95355 1.2 10.2 8.1 1.2 10.35
8.82036 1.2 10.2 7.95 1.5 10.2 8.1 1.5 10.35
8.82497 1.5 10.2 8.7 1.67746 10.2 7.96775 1.8 10.2
8.1 1.8 10.3323 8.60093 1.8 10.2 7.95355 2.1 10.2
8.1 2.26775 10.2 8.1 2.1 10.35 8.4785 2.1 10.2
8.4 2.18829 10.2 8.4 2.1 10.3255 8.4 1.08118 10.5
8.7 1.14973 10.5 8.27242 1.2 10.5 8.4 1.2 10.6209
8.75027 1.2 10.5 8.7 1.2 10.5752 8.27559 1.5 10.5
8.4 1.5 10.6127 8.83782 1.5 10.5 8.7 1.67559 10.5
8.27559 1.8 10.5 8.55 1.8 10.5 8.4 1.96494 10.5
8.4 1.8 10.6127 8.7 1.37138 10.8 8.60663 1.5 10.8
8.79337 1.5 10.8 8.7 1.60095 10.8 8.7 1.5 10.8934
8.1 1.5 8.07466 7.5 0.9 8.31677 7.8 0.9 8.28418
8.1 0.9 8.25315 8.4 0.9 8.32341 7.2 1.2 8.28726
7.5 1.2 8.25865 7.8 1.2 8.24685 8.1 1.46369 8.1
8.1 1.2 8.22036 7.2 1.5 8.33584 7.5 1.5 8.26156
8.04886 1.5 8.1 7.8 1.5 8.21582 8.12534 1.5 8.1
8.1 1.52702 8.1 7.5 0.790703 8.4 7.8 0.759218 8.4
8.1 0.753153 8.4 8.4 0.823412 8.4 7.30414 0.9 8.4
7.2 0.975972 8.4 7.2 0.9 8.45087 8.47659 0.9 8.4
8.4 1.02304 8.4 8.4 0.9 8.49517 7.08726 1.2 8.4
7.8 1.2 8.62844 8.30093 1.2 8.4 8.1 1.2 8.56836
7.13222 1.5 8.4 7.2 1.56416 8.4 7.2 1.5 8.55862
7.5 1.62036 8.4 7.5 1.5 8.53225 7.8 1.62497 8.4
7.8 1.5 8.52805 8.15267 1.5 8.4 8.1 1.55391 8.4
8.1 1.5 8.45087 7.2 0.693369 8.7 7.5 0.696094 8.7
7.8 0.746745 8.7 8.1 0.89286 8.7 7.05 0.9 8.7
7.5 0.9 8.86143 7.8 1.10025 8.7 7.8 0.9 8.81581
8.1096 0.9 8.7 8.1 0.909071 8.7 8.1 0.9 8.70714
7.05 1.2 8.7 7.2 1.43944 8.7 7.2 1.2 8.86143
7.66466 1.2 8.7 7.5 1.29289 8.7 7.5 1.2 8.78278
7.2 0.857625 9 7.17466 0.9 9 7.23024 0.9 9
7.2 0.930239 9 7.2 0.9 9.02534 8.4 1.2 8.62925
8.4 0.975286 8.7 8.32067 1.2 8.7 8.4685 1.2 8.7
8.4 1.30361 8.7 8.4 1.5 8.97625 8.4 0.974053 9
8.31677 1.2 9 8.49881 1.2 9 8.4 1.2 9.08579
8.7 1.2 9.20169 8.3862 1.5 9 8.4138 1.5 9
8.4 1.54517 9 8.4 1.5 9.05798 8.4 1.8 9.09798
8.4 2.1 9.16125 8.7 1.10145 9.3 8.61467 1.2 9.3
8.78278 1.2 9.3 8.7 1.39535 9.3 8.4 1.57923 9.3
8.7 1.5 9.37354 9 1.5 9.59286 8.29219 1.8 9.3
8.59857 1.8 9.3 8.4 1.8 9.4601 8.7 1.8 9.38987
8.27934 2.1 9.3 8.54585 2.1 9.3 8.4 2.22908 9.3
8.7 1.15859 9.6 8.65859 1.2 9.6 8.92027 1.2 9.6
8.7 1.2 9.64293 9 1.41118 9.6 9 1.2 9.81118
8.58418 1.5 9.6 9.00714 1.5 9.6 9 1.50714 9.6
8.52675 1.8 9.6 8.4 1.96822 9.6 8.82036 1.8 9.6
8.7 1.95 9.6 8.31677 2.1 9.6 8.5093 2.1 9.6
8.4 2.21682 9.6 8.4 2.1 9.71682 9 1.19286 9.9
8.99256 1.2 9.9 8.7 1.48482 9.9 9.00714 1.2 9.9
9 1.2 9.91053 8.68542 1.5 9.9 8.7 1.5 9.91753
9.0895 1.5 9.9 9 1.59216 9.9 9 1.5 10.0636
8.58692 1.8 9.9 8.81606 1.8 9.9 8.7 1.94235 9.9
8.7 1.8 10.0131 9.6 1.8 7.41677 9.3 2.1 7.40093
9.6 1.70434 7.5 9.49481 1.8 7.5 9.3 1.97717 7.5
9.68753 1.8 7.5 9.6 1.90112 7.5 9.19313 2.1 7.5
9.4185 2.1 7.5 9.3 2.24439 7.5 9.6 2.1 7.65
9.3 2.4 7.61208 9.6 1.63831 7.8 9.41572 1.8 7.8
9.3 1.91572 7.8 9.79266 1.8 7.8 9.15 2.1 7.8
9.3 2.1 8.03369 9.75 2.1 7.8 9.6 2.2777 7.8
9.9 2.1 7.94355 9.15 2.4 7.8 9.48947 2.4 7.8
9.3 2.54661 7.8 9.6 2.4 7.90546 9.3 2.7 8.02771
9.6 1.75859 8.1 9.55707 1.8 8.1 9.69337 1.8 8.1
9.6 1.8 8.14293 9.9 1.8903 8.1 9.36416 2.1 8.1
9.3 2.17018 8.1 10.0441 2.1 8.1 9.9 2.33492 8.1
9.15865 2.4 8.1 9.84236 2.4 8.1 9.6 2.68482 8.1
9.9 2.4 8.15571 10.2 2.4 8.28394 9.2315 2.7 8.1
9.55583 2.7 8.1 9.3 2.7748 8.1 9.6 2.7 8.11458
9.9 2.7 8.25865 10.2 2.7 8.30663 9.6 3 8.21274
9.9 3 8.25865 10.2 3 8.30663 9.6 3.3 8.242
9.9 3.3 8.25 10.2 3.3 8.28418 10.5 3.3 8.30663
9.6 2.02925 8.4 9.9 1.90957 8.4 9.52925 2.1 8.4
9.3 2.39256 8.4 9.6 2.1 8.47933 10.0873 2.1 8.4
10.2 2.24964 8.4 9.29286 2.4 8.4 9.3 2.4 8.40863
10.3131 2.4 8.4 9.15865 2.7 8.4 9.3 2.89905 8.4
10.301 2.7 8.4 9.39337 3 8.4 10.3551 3 8.4
10.5 3.14493 8.4 9.47964 3.3 8.4 9.6 3.44523 8.4
9.9 3.49219 8.4 10.2 3.42413 8.4 10.5934 3.3 8.4
10.5 3.39337 8.4 9.9 3.6 8.56615 10.2 3.6 8.67185
9.9 1.97934 8.7 9.76506 2.1 8.7 9.6 2.27326 8.7
10.0326 2.1 8.7 9.9 2.1 8.85832 10.2 2.33279 8.7
9.47326 2.4 8.7 9.3 2.55 8.7 9.6 2.4 8.88425
10.2591 2.4 8.7 9.16456 2.7 8.7 9.3 2.96976 8.7
10.3796 2.7 8.7 9.32534 3 8.7 9.3 3 8.74418
10.4929 3 8.7 10.5 3.0112 8.7 9.43225 3.3 8.7
9.6 3.54254 8.7 10.6158 3.3 8.7 10.5 3.5094 8.7
9.69246 3.6 8.7 9.6 3.6 8.84894 9.9 3.69337 8.7
10.276 3.6 8.7 10.2 3.62534 8.7 10.5 3.6 8.80271
9.9 2.22098 9 10.2 2.34188 9 9.3 2.64429 9
9.68941 2.4 9 9.6 2.48233 9 10.2509 2.4 9
9.2443 2.7 9 9.3 2.7 9.08241 10.3532 2.7 9
9.19554 3 9 9.3 3.14104 9 10.4358 3 9
10.5 3.11274 9 9.41572 3.3 9 10.5934 3.3 9
10.5 3.3 9.2215 9.54913 3.6 9 9.6 3.65593 9
9.9 3.77964 9 10.2 3.75355 9 10.603 3.6 9
10.5 3.70297 9 9.9 2.3105 9.3 10.2 2.38482 9.3
9.8105 2.4 9.3 9.6 2.56836 9.3 9.9 2.4 9.40806
10.2146 2.4 9.3 10.2 2.4 9.32346 9.43051 2.7 9.3
9.3 2.83051 9.3 9.6 2.7 9.59369 10.3316 2.7 9.3
9.16836 3 9.3 9.3 3.18398 9.3 10.3922 3 9.3
9.39907 3.3 9.3 9.3 3.3 9.42687 10.4586 3.3 9.3
10.5 3.3785 9.3 9.44761 3.6 9.3 9.6 3.78071 9.3
9.9 3.80663 9.3 10.2 3.80663 9.3 10.5934 3.6 9.3
10.5 3.72862 9.3 10.5 3.6 9.54913 9.9 2.53218 9.6
10.2 2.55531 9.6 9.3 2.88428 9.6 9.60516 2.7 9.6
9.6 2.70495 9.6 10.3078 2.7 9.6 9.18726 3 9.6
9.3 3 9.78318 10.3587 3 9.6 9.17934 3.3 9.6
9.3 3.47947 9.6 10.4066 3.3 9.6 9.39337 3.6 9.6
9.3 3.6 9.80754 9.6 3.80663 9.6 9.9 3.80663 9.6
10.4747 3.6 9.6 10.2 3.80663 9.6 9.9 2.64429 9.9
10.2 2.69286 9.9 9.84236 2.7 9.9 9.6 2.86782 9.9
9.9 2.7 9.95764 10.2071 2.7 9.9 10.2 2.7 9.90863
9.40112 3 9.9 9.3 3.08323 9.9 10.3354 3 9.9
9.15 3.3 9.9 10.3587 3.3 9.9 9.24973 3.6 9.9
9.3 3.65746 9.9 9.6 3.80663 9.9 9.9 3.80663 9.9
10.3922 3.6 9.9 10.2 3.80663 9.9 9.6 2.96468 10.2
9.9 2.84685 10.2 10.2 2.95114 10.2 9.55627 3 10.2
9.3 3.13164 10.2 9.6 3 10.2774 10.2414 3 10.2
10.2 3 10.2429 9.08278 3.3 10.2 10.3204 3.3 10.2
10.2 3.3 10.35 9.18927 3.6 10.2 9.3 3.70781 10.2
9.3 3.6 10.3597 9.6 3.74135 10.2 9.9 3.80093 10.2
10.3378 3.6 10.2 10.2 3.78071 10.2 10.2 3.6 10.3842
9.9 2.88692 10.5 9.3 3.1359 10.5 9.71648 3 10.5
9.6 3.08323 10.5 10.0161 3 10.5 9.9 3 10.656
9.12877 3.3 10.5 9.3 3.49313 10.5 9.3 3.3 10.6535
10.0796 3.3 10.5 9.52645 3.6 10.5 9.6 3.64141 10.5
9.6 3.6 10.5489 10.0743 3.6 10.5 9.9 3.73075 10.5
9.9 3.6 10.6805 9.6 3.21959 10.8 9.9 3.20168 10.8
9.53279 3.3 10.8 9.6 3.36889 10.8 9.6 3.3 10.8591
9.96416 3.3 10.8 9.9 3.40708 10.8 9.9 3.3 10.8642
9.6 3.9 9.87062 9.9 4.2 9.69338 10.2 4.2 9.73644
9.6 3.87466 9.9 9.56369 3.9 9.9 9.3 3.9 10.0425
9.65349 3.9 9.9 9.6 3.95087 9.9 9.9 4.03498 9.9
9.9 3.9 10.05 10.2 4.08601 9.9 9.73952 4.2 9.9
9.9 4.3026 9.9 10.311 4.2 9.9 10.2 4.31104 9.9
10.2 4.2 10.1445 9 3.6 10.3922 9.3 3.73451 10.2
9.3 3.6 10.3649 9.6 3.7445 10.2 9.9 3.8105 10.2
9.17234 3.9 10.2 9.3 4.05752 10.2 9.6 4.10391 10.2
10.0329 3.9 10.2 9.75 4.2 10.2 10.1316 4.2 10.2
9.9 4.29337 10.2 9 3.49219 10.5 9.3 3.50093 10.5
8.89219 3.6 10.5 9 3.73671 10.5 9.52645 3.6 10.5
9.6 3.64141 10.5 9.6 3.6 10.5489 9.9 3.734 10.5
9.19122 3.9 10.5 9.3 3.98278 10.5 9.3 3.9 10.6418
9.6 4.08418 10.5 10.0522 3.9 10.5 9.9 3.9 10.712
9.87746 4.2 10.5 9.91518 4.2 10.5 9.9 4.21458 10.5
9.9 4.2 10.5152 9 3.42544 10.8 9 3.3 10.9286
9.3 3.43544 10.8 9.6 3.46456 10.8 8.83142 3.6 10.8
9 3.71882 10.8 9 3.6 11.0002 9.3 3.8105 10.8
9.77326 3.6 10.8 9.44591 3.9 10.8 9.76227 3.9 10.8
9.6 3.99568 10.8 9.6 3.9 10.943 9 3.18726 11.1
8.84104 3.3 11.1 9.20663 3.3 11.1 9 3.49734 11.1
9 3.3 11.2372 9.3 3.38301 11.1 9.3 3.3 11.1806
9.6 3.442 11.1 9.09173 3.6 11.1 9.3 3.73317 11.1
9.3 3.6 11.3919 9.72036 3.6 11.1 9.6 3.77282 11.1
9.6 3.6 11.2288 9.3 3.17234 11.4 9.14725 3.3 11.4
9.43075 3.3 11.4 9.3 3.59224 11.4 9.3 3.3 11.5277
9.9 3.6 8.28729 10.2 3.6 8.29219 10.5 3.6 8.30663
9.9 3.9 8.25 10.2 3.9 8.28418 10.5 3.9 8.30663
10.2 4.2 8.39705 10.5 4.2 8.35795 9.9 3.49219 8.4
10.2 3.49219 8.4 10.5 3.50663 8.4 9.76329 3.6 8.4
9.9 3.6 8.56615 10.2 3.6 8.65763 10.5934 3.6 8.4
9.69337 3.9 8.4 9.9 4.10663 8.4 10.6063 3.9 8.4
10.1936 4.2 8.4 10.2 4.20295 8.4 10.5447 4.2 8.4
10.5 4.24205 8.4 10.5 3.53584 8.7 9.9 3.69337 8.7
10.276 3.6 8.7 10.2 3.62534 8.7 10.5642 3.6 8.7
10.5 3.6 8.77744 9.69337 3.9 8.7 9.9 4.17466 8.7
10.65 3.9 8.7 9.94729 4.2 8.7 9.9 4.2 8.77597
10.2 4.29907 8.7 10.6468 4.2 8.7 10.5 4.35 8.7
9.9 3.77964 9 10.2 3.75355 9 10.5 3.73164 9
9.70878 3.9 9 10.65 3.9 9 9.81336 4.2 9
9.9 4.26416 9 10.2 4.32036 9 10.65 4.2 9
10.5 4.35865 9 9.9 3.80663 9.3 10.2 3.80663 9.3
10.5 3.88464 9.3 9.63411 3.9 9.3 9.6 3.9 9.34836
10.5154 3.9 9.3 10.5 3.9 9.39002 9.80663 4.2 9.3
9.9 4.26416 9.3 9.9 4.2 9.43945 10.2 4.33782 9.3
10.6078 4.2 9.3 10.5 4.33229 9.3 10.5 4.2 9.54235
9.6 3.83048 9.6 9.9 3.80663 9.6 10.2 3.80663 9.6
9.52665 3.9 9.6 9.6 3.98046 9.6 9.6 3.9 9.69606
9.9 4.07718 9.6 9.9 3.9 9.83582 10.4346 3.9 9.6
10.0233 4.2 9.6 10.4313 4.2 9.6 10.2 4.29296 9.6
10.2 4.2 9.72498 10.2 3.81266 9.9 9.96913 3.9 9.9
10.3098 3.9 9.9 10.2 4.01853 9.9 10.2 3.9 10.0727
9.6 2.1 7.15859 9.6 2.04751 7.2 9.52113 2.1 7.2
9.65788 2.1 7.2 9.6 2.16663 7.2 9.9 2.1 7.32036
9.6 2.4 7.30781 9.6 1.93308 7.5 9.9 1.88907 7.5
9.43308 2.1 7.5 9.6 2.1 7.65 10.0753 2.1 7.5
9.9 2.35859 7.5 9.31329 2.4 7.5 9.85859 2.4 7.5
9.6 2.56836 7.5 9.9 2.4 7.54293 9.6 2.7 7.65261
9.9 1.95619 7.8 9.75 2.1 7.8 9.6 2.2777 7.8
10.1042 2.1 7.8 9.9 2.1 7.94355 9.48947 2.4 7.8
9.6 2.4 7.90546 10.1342 2.4 7.8 9.9 2.57195 7.8
10.2 2.4 7.87493 9.4185 2.7 7.8 9.7542 2.7 7.8
9.6 2.87571 7.8 9.9 2.7 7.92497 10.2 2.7 7.98726
9.6 3 8.02986 9.9 2.33492 8.1 10.2 2.21896 8.1
9.84236 2.4 8.1 9.6 2.68482 8.1 9.9 2.4 8.15571
10.3341 2.4 8.1 10.2 2.4 8.24273 9.58482 2.7 8.1
9.6 2.7 8.11458 9.9 2.90132 8.1 9.9 2.7 8.25865
10.3375 2.7 8.1 10.2 2.81274 8.1 10.2 2.7 8.27138
9.54809 3 8.1 9.67487 3 8.1 9.6 3.04205 8.1
9.6 3 8.14205 10.2 2.4 6.84913 9.9 2.7 6.76456
10.2 2.7 6.71582 9.9 3 6.77629 10.2 3 6.84373
10.2 2.34913 6.9 10.1118 2.4 6.9 9.9 2.51198 6.9
9.9 2.4 7.02675 10.2509 2.4 6.9 9.70173 2.7 6.9
9.6 2.7 7.02367 10.4747 2.7 6.9 10.5 2.7 6.99337
9.77934 3 6.9 9.9 3.12066 6.9 10.2909 3 6.9
10.2 3.05627 6.9 10.5 3 7.06213 9.9 2.26775 7.2
10.2 2.24376 7.2 9.76775 2.4 7.2 9.6 2.57559 7.2
10.3378 2.4 7.2 10.5 2.64913 7.2 9.48726 2.7 7.2
9.6 2.842 7.2 10.5509 2.7 7.2 9.72036 3 7.2
9.9 3.20132 7.2 10.2 3.14685 7.2 10.5934 3 7.2
10.5 3.09337 7.2 9.9 3.3 7.45248 9.9 2.35859 7.5
10.2 2.24038 7.5 9.85859 2.4 7.5 9.6 2.58692 7.5
9.9 2.4 7.54293 10.3373 2.4 7.5 10.5 2.64733 7.5
9.48692 2.7 7.5 9.6 2.93721 7.5 9.6 2.7 7.63343
10.5509 2.7 7.5 9.64141 3 7.5 10.2 3.17263 7.5
10.6468 3 7.5 10.5 3.14685 7.5 9.87367 3.3 7.5
9.93334 3.3 7.5 9.9 3.32534 7.5 9.9 3.3 7.52938
10.2 2.3681 7.8 10.1669 2.4 7.8 9.9 2.57195 7.8
10.2353 2.4 7.8 10.2 2.4 7.8319 10.5 2.64407 7.8
9.7542 2.7 7.8 9.9 2.7 7.92497 10.2 2.7 7.98726
10.5509 2.7 7.8 10.5 2.7 7.88036 9.60484 3 7.8
9.9 3.15 7.8 9.9 3 7.93782 10.2 3.13782 7.8
10.2 3 7.97559 10.6158 3 7.8 10.5 3.11582 7.8
10.5 3 7.95326 9.9 2.7 6.54913 10.2 2.7 6.5029
9.6 2.1 6.89286 9.9 2.1 6.75355 9.6 2.4 6.76836
9.9 2.59535 6.6 9.9 2.4 6.73123 10.2 2.48645 6.6
9.82993 2.7 6.6 9.9 2.93624 6.6 9.9 2.7 6.65963
10.3142 2.7 6.6 10.2 2.7971 6.6 10.2 2.7 6.6971
9.6 2.09286 6.9 9.9 1.95904 6.9 9.59256 2.1 6.9
9.6 2.1 6.93241 10.0465 2.1 6.9 9.43051 2.4 6.9
9.6 2.66979 6.9 10.0156 2.4 6.9 9.9 2.51198 6.9
9.9 2.4 7.02675 9.9 2.01655 7.2 9.7058 2.1 7.2
9.6 2.19868 7.2 9.98094 2.1 7.2 9.9 2.20664 7.2
9.9 2.1 7.28094 9.48599 2.4 7.2 9.71401 2.4 7.2
9.6 2.48734 7.2 9.6 2.4 7.28734 10.2 3 6.48726
10.5 3 6.48726 10.2 2.88726 6.6 10.5 2.88227 6.6
10.055 3 6.6 10.2 3.27365 6.6 10.2 3 6.81684
10.6127 3 6.6 10.5 3.18884 6.6 10.2 3.3 6.61833
10.5 3.3 6.71116 10.5 2.91722 6.9 10.3132 3 6.9
10.2 3.06174 6.9 10.5828 3 6.9 10.5 3 7.03726
9.92815 3.3 6.9 10.2 3.44135 6.9 10.621 3.3 6.9
10.5 3.41274 6.9 10.2 3.14685 7.2 10.5 3.09337 7.2
9.90495 3.3 7.2 10.2 3.47964 7.2 10.7066 3.3 7.2
10.5 3.45865 7.2 10.2 3.17263 7.5 10.5 3.14685 7.5
9.94594 3.3 7.5 9.9 3.3 7.54071 10.2 3.48606 7.5
10.7066 3.3 7.5 10.5 3.50093 7.5 9.9 3.15 7.8
9.9 3 7.99026 10.2 3.13782 7.8 10.2 3 7.97559
10.5 3.11582 7.8 10.5 3 8.00025 9.7063 3.3 7.8
9.9 3.49586 7.8 10.2 3.49219 7.8 10.7009 3.3 7.8
10.5 3.46836 7.8 9.9 2.90132 8.1 10.2 2.88726 8.1
10.5 2.9173 8.1 9.77325 3 8.1 9.9 3 8.20647
10.2 3 8.27138 10.5716 3 8.1 10.5 3 8.33616
9.63353 3.3 8.1 9.9 3.46218 8.1 9.9 3.3 8.25
10.2 3.45 8.1 10.2 3.3 8.27964 10.6532 3.3 8.1
10.5 3.45 8.1 10.5 3.3 8.28726 9.3 1.5 6.82844
9 1.8 6.78418 9.3 1.8 6.75 9.6 1.8 6.72758
9.3 2.1 6.75315 9.3 1.42844 6.9 9.17224 1.5 6.9
9 1.62053 6.9 9.37804 1.5 6.9 9.6 1.65355 6.9
8.87915 1.8 6.9 9 2.07468 6.9 9 1.8 7.104
9.73782 1.8 6.9 9.6 2.05243 6.9 9.0171 2.1 6.9
9.55707 2.1 6.9 9.3 2.28927 6.9 9.3 1.48542 7.2
9.28542 1.5 7.2 9.3184 1.5 7.2 9.3 1.5 7.21627
9.6 1.67431 7.2 9.0685 1.8 7.2 9.3 1.8 7.40663
9.70816 1.8 7.2 9.6 1.91108 7.2 9.6 1.8 7.31627
9.07396 2.1 7.2 9.38952 2.1 7.2 9.3 2.1994 7.2
9.3 2.1 7.2942 7.5 0.9 7.17466 7.5 0.863688 7.2
7.46014 0.9 7.2 7.52534 0.9 7.2 7.5 0.95847 7.2
7.8 0.9 7.35865 7.2 1.2 7.20872 7.5 1.2 7.28278
7.8 1.2 7.38386 7.5 0.693369 7.5 7.8 0.746452 7.5
7.29337 0.9 7.5 7.2 1.03385 7.5 7.97454 0.9 7.5
7.8 0.9 7.65355 7.09219 1.2 7.5 7.2 1.33974 7.5
7.5 1.40663 7.5 7.5 1.2 7.74973 7.92118 1.2 7.5
7.8 1.33837 7.5 7.8 1.2 7.61614 7.5 0.771149 7.8
7.28249 0.9 7.8 7.2 0.960895 7.8 7.59959 0.9 7.8
7.5 1.10315 7.8 7.5 0.9 7.88907 7.08418 1.2 7.8
7.42725 1.2 7.8 7.2 1.32993 7.8 7.2 1.2 7.91582
9.3 2.1 5.45105 9 2.4 5.62795 9.3 2.4 5.66468
9.3 1.90697 5.7 9.3 1.8 5.84594 9.11073 2.1 5.7
9 2.29187 5.7 9 2.1 5.92077 9.51092 2.1 5.7
9.6 2.1 5.98296 8.92795 2.4 5.7 9 2.47205 5.7
9.34071 2.4 5.7 9.3 2.43532 5.7 9.3 1.69219 6
9.1841 1.8 6 9 2.04471 6 9.4159 1.8 6
9.6 2.09201 6 8.94973 2.1 6 9.60714 2.1 6
9.6 2.10744 6 9.6 2.1 6.01167 8.85315 2.4 6
9 2.55 6 9 2.4 6.24178 9.41572 2.4 6
9.3 2.51274 6 9.3 2.4 6.26014 9.3 1.62098 6.3
9.10687 1.8 6.3 9 1.90687 6.3 9 1.8 6.45701
9.50353 1.8 6.3 8.85865 2.1 6.3 9 2.33826 6.3
9.47902 2.1 6.3 9.3 2.37185 6.3 9 1.69411 6.6
9.3 1.55855 6.6 8.90704 1.8 6.6 9 1.8 6.71611
9.52977 1.8 6.6 9.3 1.8 6.75 8.86456 2.1 6.6
9 2.25385 6.6 9 2.1 6.77841 9.40734 2.1 6.6
9.3 2.21808 6.6 9.3 2.1 6.70446 8.1 1.8 5.08542
8.4 1.8 4.96218 8.4 2.1 5.08464 7.5 1.2 5.2445
7.8 1.2 5.25624 8.1 1.2 5.35707 7.8 1.5 5.21647
8.1 1.73996 5.1 8.1 1.5 5.15087 8.4 1.61929 5.1
8.4 1.5 5.21073 8.08373 1.8 5.1 8.1 1.81458 5.1
8.68299 1.8 5.1 8.7 1.8 5.11458 9 1.8 5.31765
8.38464 2.1 5.1 8.48638 2.1 5.1 8.4 2.11536 5.1
8.7 2.1 5.13908 9 2.1 5.24248 7.5 1.04096 5.4
7.5 0.9 5.67062 7.8 1.06525 5.4 8.1 1.15859 5.4
7.29776 1.2 5.4 7.5 1.36525 5.4 8.14886 1.2 5.4
8.4 1.33857 5.4 8.4 1.2 5.68247 7.66156 1.5 5.4
7.8 1.6234 5.4 8.65707 1.5 5.4 8.7 1.54141 5.4
8.7 1.5 5.44886 9 1.72437 5.4 8.01904 1.8 5.4
8.1 1.8785 5.4 9.07563 1.8 5.4 8.3105 2.1 5.4
8.4 2.20218 5.4 8.7 2.25978 5.4 9.12766 2.1 5.4
9 2.23619 5.4 8.7 2.4 5.66834 7.5 0.87466 5.7
7.37474 0.9 5.7 7.55349 0.9 5.7 7.8 0.989496 5.7
7.8 0.9 5.85763 8.1 1.06143 5.7 8.4 1.18542 5.7
7.2785 1.2 5.7 7.5 1.40132 5.7 8.41518 1.2 5.7
8.7 1.36143 5.7 7.6156 1.5 5.7 7.8 1.65 5.7
8.87841 1.5 5.7 9 1.61073 5.7 9 1.5 5.90871
7.95261 1.8 5.7 8.1 1.9545 5.7 9.14685 1.8 5.7
8.2497 2.1 5.7 8.4 2.2503 5.7 8.4 2.1 5.93402
9.10781 2.1 5.7 9 2.22532 5.7 9 2.1 5.92077
8.66555 2.4 5.7 8.73166 2.4 5.7 8.7 2.42534 5.7
8.7 2.4 5.73986 7.5 0.76836 6 7.8 0.816766 6
7.35 0.9 6 7.91682 0.9 6 8.1 1.01274 6
8.4 1.08726 6 7.34135 1.2 6 7.5 1.4215 6
8.57185 1.2 6 8.7 1.29296 6 8.7 1.2 6.22113
9 1.4409 6 7.5785 1.5 6 7.8 1.66836 6
9.0591 1.5 6 7.99479 1.8 6 8.1 1.88907 6
8.4 2.04973 6 9.14135 1.8 6 9 2.04471 6
8.45746 2.1 6 8.94254 2.1 6 8.7 2.27559 6
7.5 0.87466 6.3 7.8 0.792195 6.3 7.47466 0.9 6.3
7.5 0.9 6.33631 8.05762 0.9 6.3 8.1 0.92534 6.3
8.1 0.9 6.35812 8.4 1.0445 6.3 8.7 1.15859 6.3
7.36836 1.2 6.3 7.5 1.43788 6.3 7.5 1.2 6.549
8.74294 1.2 6.3 9 1.3555 6.3 7.55812 1.5 6.3
7.8 1.65 6.3 9.14135 1.5 6.3 8.07062 1.8 6.3
8.1 1.82534 6.3 8.1 1.8 6.34729 8.4 1.97225 6.3
9.09907 1.8 6.3 9 1.90687 6.3 9 1.8 6.45701
8.58389 2.1 6.3 8.80053 2.1 6.3 8.7 2.19296 6.3
8.7 2.1 6.43338 7.8 0.76836 6.6 8.1 0.816766 6.6
7.63844 0.9 6.6 7.8 0.9 6.86834 8.2093 0.9 6.6
8.4 1.02036 6.6 8.7 1.08726 6.6 7.54141 1.2 6.6
8.85 1.2 6.6 9 1.32674 6.6 7.59289 1.5 6.6
7.8 1.63782 6.6 8.1 1.70093 6.6 9.13544 1.5 6.6
9 1.69411 6.6 9 1.5 6.88494 8.24034 1.8 6.6
8.4 1.90781 6.6 8.90704 1.8 6.6 8.7 1.99219 6.6
8.1 0.800933 6.9 7.84729 0.9 6.9 7.8 0.942375 6.9
8.26865 0.9 6.9 8.4 0.983234 6.9 8.7 1.06143 6.9
7.68927 1.2 6.9 7.8 1.2 7.05966 8.86538 1.2 6.9
7.67332 1.5 6.9 7.8 1.6026 6.9 7.8 1.5 7.06552
8.1 1.65865 6.9 8.98749 1.5 6.9 8.7 1.5 7.13584
8.37185 1.8 6.9 8.4 1.82534 6.9 8.4 1.8 6.94146
8.82078 1.8 6.9 8.7 1.91775 6.9 8.7 1.8 7.02611
8.1 0.835838 7.2 8.03369 0.9 7.2 8.27138 0.9 7.2
8.1 0.9 7.27018 8.4 0.950868 7.2 8.7 1.0842 7.2
7.90188 1.2 7.2 8.1 1.2 7.43887 8.4 1.2 7.44913
8.80446 1.2 7.2 8.7 1.39877 7.2 8.7 1.2 7.30734
7.90521 1.5 7.2 8.1 1.63164 7.2 8.1 1.5 7.49369
8.63584 1.5 7.2 8.4 1.69043 7.2 8.4 1.5 7.37503
8.7 2.1 5.09286 8.7 2.4 4.97092 9 2.4 4.95315
8.7 2.09286 5.1 8.68947 2.1 5.1 8.74777 2.1 5.1
8.7 2.1 5.10799 9 2.13551 5.1 8.50062 2.4 5.1
8.4 2.4 5.36454 8.7 2.52908 5.1 9.29484 2.4 5.1
9 2.54685 5.1 9.3 2.4 5.10495 8.4 2.38441 5.4
8.7 2.26381 5.4 9 2.24022 5.4 9.3 2.19501 5.4
8.38542 2.4 5.4 8.4 2.41458 5.4 8.4 2.4 5.41458
8.7 2.52766 5.4 8.7 2.4 5.55306 9 2.56683 5.4
9 2.4 5.58755 9.50132 2.4 5.4 9.3 2.62844 5.4
9.3 2.4 5.60499 7.2 0.9 5.82494 7.2 0.76836 6
7.06836 0.9 6 7.33164 0.9 6 7.2 1.06459 6
7.2 0.753548 6.3 7.06218 0.9 6.3 7.47062 0.9 6.3
7.2 1.1192 6.3 7.5 0.9 6.33631 7.2 1.2 6.42282
7.5 1.2 6.549 7.2 0.801195 6.6 7.5 0.767747 6.6
7.11677 0.9 6.6 7.2 0.9 6.84188 7.62877 0.9 6.6
7.8 0.9 6.87185 7.10663 1.2 6.6 7.2 1.29337 6.6
7.54141 1.2 6.6 7.5 1.24886 6.6 7.5 0.712745 6.9
7.8 0.87466 6.9 7.22534 0.9 6.9 7.2 0.942375 6.9
7.5 0.9 7.17466 7.82534 0.9 6.9 7.8 0.942375 6.9
7.09219 1.2 6.9 7.2 1.3159 6.9 7.2 1.2 7.04469
7.68927 1.2 6.9 7.5 1.39812 6.9 7.8 1.2 7.05966
7.8 0.744495 7.2 7.52633 0.9 7.2 7.5 0.95847 7.2
7.9766 0.9 7.2 7.8 0.9 7.34685 7.38371 1.2 7.2
7.5 1.3308 7.2 7.5 1.2 7.28278 7.90188 1.2 7.2
7.8 1.38519 7.2 7.8 1.2 7.31015 8.1 1.2 7.46402
7.8 0.9 7.65355 8.1 0.932908 7.5 8.1 0.9 7.50516
8.4 0.9 7.73076 7.5 1.2 7.74973 8.05547 1.2 7.5
7.8 1.2 7.63164 8.1398 1.2 7.5 8.1 1.2732 7.5
8.1 1.5 7.61599 7.8 0.736678 7.8 8.1 0.753153 7.8
8.4 0.84316 7.8 7.59959 0.9 7.8 7.5 1.10315 7.8
7.5 0.9 7.88907 8.45684 0.9 7.8 8.4 1.01352 7.8
7.44794 1.2 7.8 7.2 1.2 7.95904 7.5 1.27275 7.8
7.8 1.44913 7.8 8.31677 1.2 7.8 7.87007 1.5 7.8
8.22877 1.5 7.8 8.1 1.62036 7.8 8.1 1.5 8.05017
7.5 0.693369 8.1 7.8 0.720356 8.1 8.1 0.75 8.1
8.4 0.802898 8.1 7.22342 0.9 8.1 7.2 0.927185 8.1
7.5 0.9 8.31677 7.8 0.9 8.28418 8.1 0.9 8.25315
8.4971 0.9 8.1 8.4 1.067 8.1 8.4 0.9 8.1971
7.06218 1.2 8.1 7.2 1.39586 8.1 7.2 1.2 8.27559
7.5 1.38726 8.1 7.5 1.2 8.25865 7.8 1.46519 8.1
7.8 1.2 8.24685 8.29122 1.2 8.1 8.1 1.45017 8.1
8.1 1.2 8.22036 9.6 2.4 5.77634 9.6 2.17582 6
9.6 2.1 6.10204 9.41885 2.4 6 9.3 2.4 6.26014
9.75576 2.4 6 9.6 2.56198 6 9.6 1.98726 6.3
9.47902 2.1 6.3 9.3 2.37185 6.3 9.73078 2.1 6.3
9.27466 2.4 6.3 9.3 2.43024 6.3 9.67336 2.4 6.3
9.6 2.47336 6.3 9.6 2.4 6.3909 9.6 1.9497 6.6
9.42839 2.1 6.6 9.3 2.2792 6.6 9.72805 2.1 6.6
9.6 2.25 6.6 9.6 2.1 6.72497 9.22057 2.4 6.6
9.40058 2.4 6.6 9.3 2.47943 6.6 9.3 2.4 6.67943
9 1.2 7.14037 8.7 1.5 7.13584 9 1.5 7.00446
8.7 1.8 7.0579 9 1.8 7.12925 9 1.14913 7.2
8.4 1.2 7.47394 8.91704 1.2 7.2 8.7 1.39877 7.2
8.7 1.2 7.30734 9.05087 1.2 7.2 8.63584 1.5 7.2
8.4 1.5 7.37503 9.22437 1.5 7.2 8.56925 1.8 7.2
8.7 1.92766 7.2 9.0685 1.8 7.2 9 1.87075 7.2
9 1.8 7.32311 8.4 1.17106 7.5 8.7 1.03857 7.5
9 1.15795 7.5 8.37394 1.2 7.5 9.04205 1.2 7.5
9 1.2 7.54465 8.27195 1.5 7.5 8.4 1.66276 7.5
8.7 1.5 7.69219 9.17115 1.5 7.5 9 1.67065 7.5
9 1.5 7.60781 8.59174 1.8 7.5 8.83329 1.8 7.5
8.7 1.87611 7.5 8.7 1.8 7.57611 8.4 1.10663 7.8
8.7 1.11401 7.8 8.31677 1.2 7.8 8.4 1.2 7.90519
8.76723 1.2 7.8 8.7 1.29729 7.8 8.7 1.2 7.86363
8.28726 1.5 7.8 8.55531 1.5 7.8 8.4 1.62098 7.8
8.4 1.5 7.91274 9.6 2.4 5.38542 9.6 2.7 5.25594
9.9 2.7 5.29219 9.6 2.38542 5.4 9.58542 2.4 5.4
9.61518 2.4 5.4 9.9 2.58927 5.4 9.44181 2.7 5.4
9.3 2.7 5.59033 9.6 2.84406 5.4 10.0107 2.7 5.4
9.9 2.87115 5.4 9.6 3 5.6058 9.9 3 5.49647
10.2 3 5.53016 10.2 3.3 5.67394 9.6 2.36742 5.7
9.55943 2.4 5.7 9.3 2.59408 5.7 9.67309 2.4 5.7
9.6 2.4 5.73382 9.9 2.48487 5.7 9.9 2.4 5.90965
9.2105 2.7 5.7 9.3 2.80218 5.7 9.3 2.7 5.94878
10.1043 2.7 5.7 10.2 2.80943 5.7 9.5006 3 5.7
9.6 3.08952 5.7 9.9 3.29445 5.7 10.3348 3 5.7
10.2 3 5.90643 9.94501 3.3 5.7 9.9 3.3 5.7061
10.2354 3.3 5.7 10.2 3.32606 5.7 10.2 3.3 5.74555
9.9 2.35795 6 9.85641 2.4 6 9.6 2.56525 6
9.94205 2.4 6 9.9 2.4 6.04205 9.33021 2.7 6
9.6 2.7 6.17862 10.0843 2.7 6 9.9 2.7 6.14685
9.48802 3 6 9.6 3.10148 6 9.6 3 6.11198
10.1215 3 6 9.9 3 6.15 9.76275 3.3 6
10.081 3.3 6 9.9 3.43413 6 9.9 3.3 6.13413
6 1.2 9.09337 6.3 1.2 9.19186 6.3 1.5 9.18353
6.6 1.5 9.01357 6 1.01274 9.3 6.3 1.1215 9.3
5.85 1.2 9.3 6 1.41677 9.3 6.3785 1.2 9.3
6.6 1.4215 9.3 6.14237 1.5 9.3 6 1.5 9.45
6.3 1.5895 9.3 6.6785 1.5 9.3 6.6 1.61116 9.3
6.6 1.5 9.53652 6 1.01274 9.6 6.3 1.14913 9.6
5.85 1.2 9.6 6.35087 1.2 9.6 6.3 1.2 9.75
5.91677 1.5 9.6 6 1.58323 9.6 6.56746 1.5 9.6
6.3 1.63164 9.6 6.6 1.8 9.6228 6 1.05904 9.9
5.86218 1.2 9.9 6.24188 1.2 9.9 6.3 1.25087 9.9
5.87964 1.5 9.9 6 1.62036 9.9 6.54913 1.5 9.9
6.3 1.65865 9.9 6.6 1.65 9.9 6.54407 1.8 9.9
6.65087 1.8 9.9 6.6 1.85087 9.9 6 1.06218 10.2
5.86218 1.2 10.2 6.21171 1.2 10.2 6.3 1.2785 10.2
5.85 1.5 10.2 6 1.65 10.2 6.52844 1.5 10.2
6.3 1.67964 10.2 6.6 1.5808 10.2 6.43225 1.8 10.2
6.7524 1.8 10.2 6.6 1.93782 10.2 6 1.09554 10.5
5.89554 1.2 10.5 6.16755 1.2 10.5 6.3 1.28907 10.5
5.85 1.5 10.5 6 1.69219 10.5 6.5215 1.5 10.5
6.3 1.71677 10.5 6.6 1.58829 10.5 6.39337 1.8 10.5
6.3 1.8 10.6756 6.75 1.8 10.5 6.6 1.9524 10.5
6 1.10663 10.8 5.90663 1.2 10.8 6.12862 1.2 10.8
6.3 1.31274 10.8 5.85 1.5 10.8 6 1.70663 10.8
6.5215 1.5 10.8 6.6 1.5785 10.8 6.18726 1.8 10.8
6.3 1.86416 10.8 6.76836 1.8 10.8 6.6 1.99554 10.8
6 1.08386 11.1 5.88386 1.2 11.1 6.1536 1.2 11.1
6.3 1.31274 11.1 5.85 1.5 11.1 6 1.79286 11.1
6.5215 1.5 11.1 6.6 1.5785 11.1 6.0125 1.8 11.1
6.3 1.90781 11.1 6.3 1.8 11.3576 6.77503 1.8 11.1
6.6 1.98726 11.1 6 1.10663 11.4 5.90663 1.2 11.4
6.16813 1.2 11.4 6.3 1.2785 11.4 5.85 1.5 11.4
6 1.74913 11.4 6.5215 1.5 11.4 6.3 1.77466 11.4
6.6 1.59357 11.4 6.33166 1.8 11.4 6.76949 1.8 11.4
6.6 1.93164 11.4 6 1.14913 11.7 5.94913 1.2 11.7
6.10966 1.2 11.7 6.3 1.2785 11.7 5.85865 1.5 11.7
6 1.64135 11.7 6.5215 1.5 11.7 6.3 1.65865 11.7
6.6 1.69034 11.7 6.54407 1.8 11.7 6.65593 1.8 11.7
6.6 1.85087 11.7 6.6 1.8 11.783 6 1.18464 12
5.98464 1.2 12 6.03399 1.2 12 6 1.2 12.0396
6.3 1.31599 12 5.91677 1.5 12 6 1.58323 12
6 1.5 12.1168 6.46691 1.5 12 6.3 1.62036 12
6.3 1.46014 12.3 6.26014 1.5 12.3 6.33177 1.5 12.3
6.3 1.52534 12.3 6.3 1.5 12.3253 6 1.5 9.20965
6 1.8 9.15 6.3 1.8 9.14135 6 1.41677 9.3
5.91677 1.5 9.3 6.14237 1.5 9.3 6 1.5 9.45
6.3 1.5895 9.3 5.85 1.8 9.3 6 1.98726 9.3
6.50663 1.8 9.3 6.3 2.09505 9.3 6.3 2.1 9.30988
6 1.58323 9.6 6.3 1.63164 9.6 5.85 1.8 9.6
6 2.03584 9.6 6.49219 1.8 9.6 6.10668 2.1 9.6
6 2.1 9.73028 6.41015 2.1 9.6 6.3 2.19907 9.6
6 1.62036 9.9 6.3 1.65865 9.9 5.85 1.8 9.9
6.51463 1.8 9.9 5.9215 2.1 9.9 6 2.18538 9.9
6.50827 2.1 9.9 6.3 2.2766 9.9 6 1.65 10.2
6.3 1.67964 10.2 5.85 1.8 10.2 6.43225 1.8 10.2
5.86836 2.1 10.2 6 2.25 10.2 6.56468 2.1 10.2
6.3 2.30093 10.2 6.6 2.1 10.3186 6.3 2.4 10.3782
6 1.69219 10.5 6.3 1.71677 10.5 5.89219 1.8 10.5
6.39337 1.8 10.5 6.3 1.8 10.6756 6.6 2.04188 10.5
5.85315 2.1 10.5 6 2.34733 10.5 6.65087 2.1 10.5
6.6 2.15812 10.5 6.11317 2.4 10.5 6 2.4 10.583
6.3852 2.4 10.5 6.3 2.47563 10.5 6 1.70663 10.8
5.90663 1.8 10.8 6.18726 1.8 10.8 6.3 1.86416 10.8
6.6 2.02103 10.8 5.85 2.1 10.8 6.67897 2.1 10.8
6.6 2.23293 10.8 6.6 2.1 10.9452 5.89554 2.4 10.8
6 2.52429 10.8 6.50432 2.4 10.8 6.3 2.56782 10.8
6 2.7 10.9376 6.3 2.7 11.0362 6 1.79286 11.1
5.99286 1.8 11.1 6.0125 1.8 11.1 6 1.8 11.1071
6.3 1.91929 11.1 5.85 2.1 11.1 6 2.1 11.25
6.50711 2.1 11.1 6.3 2.1 11.2378 5.85 2.4 11.1
6 2.4 11.25 6.45531 2.4 11.1 6.3 2.4 11.2127
5.85865 2.7 11.1 6 2.84135 11.1 6 2.7 11.2413
6.35087 2.7 11.1 6.3 2.75087 11.1 6.3 2.7 11.1509
6 1.8 11.3491 6.3 1.8 11.3747 6 2.1 11.25
6.3 2.1 11.2378 6.6 2.1 11.105 6 2.4 11.25
6.3 2.4 11.2127 6.6 2.4 11.1716 6 1.74913 11.4
6.3 1.77466 11.4 5.94913 1.8 11.4 6.33166 1.8 11.4
6.6 1.93164 11.4 5.85 2.1 11.4 6.82894 2.1 11.4
6.9 2.1 11.581 5.85 2.4 11.4 6 2.55 11.4
6.3 2.55 11.4 6.76836 2.4 11.4 6.6 2.55 11.4
6.6 2.4 11.6491 6 1.64135 11.7 6.3 1.65865 11.7
5.85 1.8 11.7 6.54407 1.8 11.7 6.6 1.85087 11.7
6.6 1.8 11.783 6.9 2.04733 11.7 5.85 2.1 11.7
6.6 2.34913 11.7 6.95087 2.1 11.7 6.9 2.17228 11.7
6.9 2.1 11.7638 5.9215 2.4 11.7 6 2.4785 11.7
6 2.4 11.8255 6.46374 2.4 11.7 6.3 2.4591 11.7
6.3 2.4 11.7804 6 1.58323 12 6 1.5 12.1378
6.3 1.62036 12 6.6 1.69554 12 5.85 1.8 12
6.73309 1.8 12 5.85 2.1 12 6 2.30093 12
6.3 2.27123 12 6.3 2.1 12.1995 6.66314 2.1 12
6.6 2.15206 12 6.6 2.1 12.0521 6 1.40663 12.3
5.90663 1.5 12.3 6.24913 1.5 12.3 6.3 1.52534 12.3
6.3 1.5 12.3253 6.6 1.67026 12.3 5.85 1.8 12.3
6.3 2.00704 12.3 6.70339 1.8 12.3 6.6 1.90148 12.3
6.6 1.8 12.412 5.96468 2.1 12.3 6.06873 2.1 12.3
6 2.13532 12.3 6 2.1 12.3353 6 1.35385 12.6
6.3 1.28907 12.6 6.3 1.2 12.7571 5.86836 1.5 12.6
6.53584 1.5 12.6 5.86836 1.8 12.6 6 1.93164 12.6
6 1.8 12.7948 6.3827 1.8 12.6 6.3 1.87156 12.6
6.3 1.8 12.6827 6.3 1.11677 12.9 6.20119 1.2 12.9
6 1.41419 12.9 6.39035 1.2 12.9 6.3 1.2 13.0121
5.92844 1.5 12.9 6 1.62776 12.9 6 1.5 12.9894
6.45385 1.5 12.9 6.3 1.65 12.9 6.3 1.5 13.1128
6 2.7 11.25 6.3 2.7 11.1828 6 3 11.2622
6.3 3 11.2622 6 2.55 11.4 6.3 2.55 11.4
5.85 2.7 11.4 6.58542 2.7 11.4 5.86218 3 11.4
6 3.21171 11.4 6.48985 3 11.4 6.3 3.1842 11.4
6.3 3 11.6328 6 3.3 11.638 6 2.4785 11.7
6.3 2.48041 11.7 5.85 2.7 11.7 6 2.7 11.8922
6.43225 2.7 11.7 6.3 2.91959 11.7 6.3 2.7 11.8204
5.87234 3 11.7 6.22535 3 11.7 6 3 11.8277
5.97466 3.3 11.7 6.03631 3.3 11.7 6 3.32534 11.7
6 3.3 11.7253 7.5 3 11.3358 7.2 3.3 11.3066
7.5 3.3 11.3009 7.5 3.6 11.2646 7.2 2.4 11.6854
6.9 2.7 11.658 7.2 2.7 11.5555 7.5 2.92547 11.4
7.5 2.7 11.6255 6.9 3 11.4702 7.32862 3 11.4
7.2 3.09337 11.4 7.2 3 11.4509 7.58917 3 11.4
6.97572 3.3 11.4 6.9 3.3 11.4457 7.2 3.42862 11.4
7.75603 3.3 11.4 7.8 3.3 11.4598 7.32674 3.6 11.4
7.69367 3.6 11.4 7.5 3.75385 11.4 7.2 2.38482 11.7
7.18542 2.4 11.7 6.9 2.65795 11.7 7.21753 2.4 11.7
7.5 2.62547 11.7 6.85795 2.7 11.7 7.56416 2.7 11.7
6.75865 3 11.7 7.69554 3 11.7 7.8 3.18333 11.7
6.76218 3.3 11.7 6.9 3.43782 11.7 6.9 3.3 11.8378
7.2 3.45624 11.7 7.2 3.3 11.9148 7.87611 3.3 11.7
7.8 3.39437 11.7 7.8 3.3 11.8874 7.49369 3.6 11.7
7.50665 3.6 11.7 7.5 3.60555 11.7 7.5 3.6 11.7058
7.2 2.14141 12 7.2 2.1 12.0579 7.00781 2.4 12
6.9 2.61994 12 7.41722 2.4 12 7.5 2.53726 12
7.5 2.4 12.1953 6.84913 2.7 12 7.59337 2.7 12
6.77964 3 12 6.9 3.12036 12 6.9 3 12.1845
7.2 3.22437 12 7.67532 3 12 7.2852 3.3 12
7.74188 3.3 12 7.5 3.45 12 7.2 1.97964 12.3
7.02084 2.1 12.3 6.9 2.1 12.4622 7.32877 2.1 12.3
7.5 2.34407 12.3 6.99337 2.4 12.3 6.9 2.58726 12.3
6.9 2.4 12.5695 7.55087 2.4 12.3 6.83584 2.7 12.3
6.9 2.81803 12.3 6.9 2.7 12.3866 7.59337 2.7 12.3
7.02835 3 12.3 7.2 3.10781 12.3 7.2 3 12.4159
7.59907 3 12.3 7.5 3 12.5241 7.45795 3.3 12.3
7.54205 3.3 12.3 7.5 3.34205 12.3 7.5 3.3 12.342
6.9 1.93296 12.6 6.9 1.8 12.8272 7.2 1.95315 12.6
6.81677 2.1 12.6 7.38428 2.1 12.6 7.5 2.38833 12.6
6.88542 2.4 12.6 6.9 2.42126 12.6 6.9 2.4 12.6163
7.2 2.4 12.8172 7.50714 2.4 12.6 7.5 2.4 12.6091
7.09122 2.7 12.6 7.2 2.78988 12.6 7.2 2.7 12.6828
7.56416 2.7 12.6 7.5 2.88588 12.6 7.5 2.7 12.6642
6.9 1.77323 12.9 6.87323 1.8 12.9 6.93102 1.8 12.9
6.9 1.8 12.9335 7.2 1.95624 12.9 6.88542 2.1 12.9
6.9 2.11627 12.9 6.9 2.1 12.9146 7.36459 2.1 12.9
7.2 2.30169 12.9 7.2 2.1 13.0316 6.3 3 11.6808
6.3 2.4 11.9172 6 2.7 11.8922 6.3 2.9722 11.7
6.3 2.7 11.8732 6.27463 3 11.7 6 3 11.8308
6.32235 3 11.7 6.3 3.24087 11.7 6.3 3 11.7306
6 3.3 11.7509 6.3 2.31012 12 6.3 2.1 12.1995
6.1692 2.4 12 6 2.54034 12 6 2.4 12.0991
6.47581 2.4 12 5.89219 2.7 12 6.40148 2.7 12
6.3 2.83463 12 6.3 2.7 12.1156 5.85315 3 12
6.18428 3 12 5.90663 3.3 12 6.09337 3.3 12
6 3.39337 12 6 3.3 12.0961 6.3 2.00704 12.3
6.06873 2.1 12.3 6 2.13532 12.3 6 2.1 12.3353
6.42038 2.1 12.3 5.85 2.4 12.3 6.39568 2.4 12.3
6.3 2.50943 12.3 6.3 2.4 12.4158 5.86456 2.7 12.3
6.15385 2.7 12.3 5.95795 3 12.3 6.04205 3 12.3
6 3.04359 12.3 6 3 12.342 6 1.93164 12.6
6 1.8 12.8379 6.3 1.97581 12.6 5.85 2.1 12.6
6.36363 2.1 12.6 6.3 2.18214 12.6 6.3 2.1 12.6927
5.86456 2.4 12.6 6.16064 2.4 12.6 6 2.4 12.788
5.98464 2.7 12.6 6.01536 2.7 12.6 6 2.71536 12.6
6 2.7 12.6154 6 1.74913 12.9 5.94913 1.8 12.9
6.1294 1.8 12.9 6 1.8 12.9701 5.88726 2.1 12.9
6.15 2.1 12.9 6 2.26537 12.9 6 2.1 13.0157
6.6 2.7 11.6929 6.6 3 11.5244 6.6 3.3 11.5367
6.6 2.69286 11.7 6.6 2.4 11.9443 6.9 2.4 11.7087
6.59286 2.7 11.7 6.62166 2.7 11.7 6.44761 3 11.7
6.3 3 11.8733 6.74645 3 11.7 6.38829 3.3 11.7
6.3 3.3 11.8255 6.73782 3.3 11.7 6.6 3.43782 11.7
6.6 3.3 11.8842 6.6 2.33887 12 6.6 2.1 12.1759
6.9 2.10872 12 6.9 2.1 12.0107 6.54429 2.4 12
7.00781 2.4 12 6.9 2.61994 12 6.40148 2.7 12
6.3 2.83463 12 6.3 2.7 12.1156 6.84733 2.7 12
6.18428 3 12 6.74685 3 12 6.6 3.19266 12
6.6 3 12.2394 6.17282 3.3 12 6.44399 3.3 12
6.3 3.39907 12 6.3 3.3 12.1019 6.6 1.95922 12.3
6.6 1.8 12.5799 6.9 1.99905 12.3 6.48418 2.1 12.3
6.99337 2.1 12.3 6.9 2.1 12.4622 6.39568 2.4 12.3
6.3 2.50943 12.3 6.3 2.4 12.4158 6.99337 2.4 12.3
6.9 2.58726 12.3 6.9 2.4 12.4627 6.15385 2.7 12.3
6.3 2.7 12.5683 6.83584 2.7 12.3 6.6 2.94145 12.3
6.6 2.7 12.4873 6.13773 3 12.3 6.4948 3 12.3
6.3 3.09568 12.3 6.3 3 12.393 6.6 1.78542 12.6
6.58542 1.8 12.6 6.62126 1.8 12.6 6.36363 2.1 12.6
6.3 2.18214 12.6 6.3 2.1 12.7236 6.81677 2.1 12.6
6.16064 2.4 12.6 6.3 2.66567 12.6 6.3 2.4 12.7628
6.79122 2.4 12.6 6.6 2.558 12.6 6.6 2.4 12.7323
6.6 1.70663 12.9 6.47138 1.8 12.9 6.3 1.98318 12.9
6.70988 1.8 12.9 6.6 1.8 13.0166 6.21677 2.1 12.9
6.3 2.21682 12.9 6.3 2.1 12.9832 6.70814 2.1 12.9
6.6 2.18829 12.9 6.6 2.1 12.9785 9 3.9 10.4747
9.3 4.2 10.3931 9 3.87466 10.5 8.97466 3.9 10.5
9.05847 3.9 10.5 9 3.92633 10.5 9.3 4.0308 10.5
9.3 3.9 10.6418 9.19812 4.2 10.5 9.56705 4.2 10.5
9.3 4.29907 10.5 9.6 4.2 10.5187 8.4 3.6 10.9723
8.7 3.6 10.8404 9 3.72198 10.8 9 3.6 11.0002
9.3 3.8105 10.8 8.75971 3.9 10.8 8.7 3.9 10.9583
9 4.09515 10.8 9.44591 3.9 10.8 9.6 3.99856 10.8
9.13506 4.2 10.8 9.3 4.31274 10.8 9.75222 4.2 10.8
9.6 4.34671 10.8 9.6 4.2 11.0237 7.8 3 11.3409
8.1 3 11.3177 8.1 3.3 11.242 8.4 3.35333 11.1
8.4 3.3 11.1429 8.7 3.42468 11.1 9 3.52844 11.1
8.26925 3.6 11.1 8.4 3.76549 11.1 9.09173 3.6 11.1
9.3 3.73317 11.1 8.62403 3.9 11.1 8.7 3.95087 11.1
9 4.10093 11.1 9.56287 3.9 11.1 9.14034 4.2 11.1
9.4925 4.2 11.1 9.3 4.30781 11.1 9.3 4.2 11.245
7.8 2.92643 11.4 7.8 2.7 11.5542 8.1 2.92437 11.4
7.7409 3 11.4 7.8 3.06889 11.4 8.18235 3 11.4
8.4 3.1445 11.4 7.96538 3.3 11.4 8.1 3.4234 11.4
8.64178 3.3 11.4 8.7 3.35627 11.4 8.7 3.3 11.4832
9 3.45 11.4 8.28428 3.6 11.4 8.4 3.72441 11.4
9.21513 3.6 11.4 9.3 3.79483 11.4 8.64188 3.9 11.4
8.7 3.95087 11.4 9 4.10093 11.4 9 3.9 11.6105
9.35087 3.9 11.4 9.3 3.97624 11.4 9.3 3.9 11.4509
7.8 2.57503 11.7 7.58277 2.7 11.7 7.93936 2.7 11.7
8.1 2.83544 11.7 8.1 2.7 11.9698 7.7215 3 11.7
7.8 3.08096 11.7 8.35795 3 11.7 8.4 3.04205 11.7
8.4 3 11.7749 8.7 3.18428 11.7 7.98428 3.3 11.7
8.1 3.41572 11.7 8.842 3.3 11.7 8.7 3.3 11.9131
9 3.52993 11.7 8.2766 3.6 11.7 8.4 3.75 11.7
8.7 3.6 11.8684 9.05087 3.6 11.7 9 3.69733 11.7
9 3.6 11.7509 8.64929 3.9 11.7 8.77283 3.9 11.7
8.7 3.93598 11.7 8.7 3.9 11.7373 7.8 2.51572 12
7.8 2.4 12.2591 8.1 2.67466 12 7.59609 2.7 12
8.12534 2.7 12 8.4 2.90132 12 7.67964 3 12
7.8 3.15 12 8.50974 3 12 8.4 3 12.15
7.9234 3.3 12 8.1 3.48963 12 8.1 3.3 12.1981
8.63111 3.3 12 8.4 3.3 12.1386 8.33218 3.6 12
8.45175 3.6 12 8.4 3.6464 12 8.4 3.6 12.042
7.8 2.37394 12.3 7.75907 2.4 12.3 7.82606 2.4 12.3
8.1 2.58726 12.3 7.59337 2.7 12.3 8.21274 2.7 12.3
8.1 2.7 12.4842 7.60188 3 12.3 7.8 3.27566 12.3
7.8 3 12.522 8.2601 3 12.3 8.1 3.15966 12.3
8.1 3 12.4078 7.8 2.30663 12.6 7.64493 2.4 12.6
7.90095 2.4 12.6 7.8 2.4 12.7166 7.57744 2.7 12.6
8.00219 2.7 12.6 7.8 2.90963 12.6 7.8 2.7 12.7348
9.9 4.2 8.30663 9.9 4.5 8.22468 10.2 4.5 8.25
10.5 4.5 8.27934 10.2 4.8 8.31677 9.9 4.10663 8.4
9.74493 4.2 8.4 10.0712 4.2 8.4 10.2 4.27611 8.4
10.5 4.35415 8.4 9.6172 4.5 8.4 9.9 4.70093 8.4
10.6207 4.5 8.4 10.5 4.65032 8.4 10.0687 4.8 8.4
10.3093 4.8 8.4 10.2 4.88323 8.4 9.9 4.17466 8.7
9.80322 4.2 8.7 9.94729 4.2 8.7 9.9 4.2 8.77597
10.2 4.29907 8.7 10.5 4.38927 8.7 9.69337 4.5 8.7
9.9 4.74913 8.7 10.6078 4.5 8.7 10.5 4.61929 8.7
9.98785 4.8 8.7 10.3102 4.8 8.7 10.2 4.89907 8.7
9.9 4.26416 9 10.2 4.32036 9 10.5 4.41677 9
9.69337 4.5 9 9.9 4.77466 9 10.5832 4.5 9
10.5 4.58579 9 10.5 4.5 9.15056 9.99337 4.8 9
9.9 4.8 9.09337 10.2527 4.8 9 10.2 4.85087 9
9.6 4.2 9.53465 9.9 4.26416 9.3 10.2 4.33782 9.3
9.64141 4.5 9.3 9.6 4.5 9.3785 10.4172 4.5 9.3
9.84188 4.8 9.3 9.9 4.85087 9.3 10.2253 4.8 9.3
10.2 4.82534 9.3 10.2 4.8 9.36197 9.6 4.18464 9.6
9.58464 4.2 9.6 9.632 4.2 9.6 9.9 4.29337 9.6
10.2 4.34685 9.6 9.50663 4.5 9.6 9.6 4.62862 9.6
10.3646 4.5 9.6 10.2 4.7215 9.6 9.82403 4.8 9.6
10.0097 4.8 9.6 9.9 4.85087 9.6 9.6 4.13531 9.9
9.53531 4.2 9.9 9.70379 4.2 9.9 9.9 4.3026 9.9
10.2 4.42844 9.9 9.46836 4.5 9.9 9.6 4.65 9.9
10.2716 4.5 9.9 10.2 4.57804 9.9 10.2 4.5 9.9827
9.83788 4.8 9.9 9.95593 4.8 9.9 9.9 4.85087 9.9
9.9 4.8 10.0307 9.6 4.10663 10.2 9.47138 4.2 10.2
9.75 4.2 10.2 9.6 4.2 10.3778 9.9 4.29337 10.2
9.36416 4.5 10.2 9.6 4.68726 10.2 10.0646 4.5 10.2
9.9 4.73725 10.2 9.6 4.32659 10.5 9.9 4.44886 10.5
9.49996 4.5 10.5 9.6 4.60004 10.5 9.6 4.5 10.5895
9.92534 4.5 10.5 9.9 4.52815 10.5 9.9 4.5 10.5253
9.3 4.5 10.3622 9 4.2 10.758 9.3 4.32925 10.5
9.15355 4.5 10.5 9 4.5 10.7536 9.4937 4.5 10.5
9.3 4.63782 10.5 9.6 4.5 10.6651 8.1 3.9 11.0747
9 4.15795 10.8 8.95172 4.2 10.8 8.7 4.2 10.95
9.06392 4.2 10.8 9.3 4.31274 10.8 9.6 4.41722 10.8
8.95641 4.5 10.8 9 4.54205 10.8 9.3 4.65 10.8
9.68279 4.5 10.8 9.6 4.58278 10.8 9.6 4.5 10.8899
7.8 3.6 11.299 8.1 3.84651 11.1 8.1 3.6 11.1922
8.07062 3.9 11.1 7.8 3.9 11.3334 8.16826 3.9 11.1
8.1 3.93445 11.1 8.4 3.9 11.1808 8.7 3.9808 11.1
9 4.10093 11.1 8.44071 4.2 11.1 8.4 4.2 11.1498
8.7 4.37559 11.1 9.13506 4.2 11.1 9.3 4.35 11.1
8.89672 4.5 11.1 9 4.57205 11.1 9 4.5 11.236
9.42098 4.5 11.1 9.3 4.61274 11.1 9.3 4.5 11.2127
7.8 3.43726 11.4 8.1 3.4234 11.4 7.70663 3.6 11.4
8.28428 3.6 11.4 8.4 3.72441 11.4 7.74145 3.9 11.4
7.8 3.96418 11.4 7.8 3.9 11.4954 8.1 4.13584 11.4
8.64188 3.9 11.4 8.7 3.95087 11.4 9 4.10663 11.4
8.18664 4.2 11.4 8.4 4.32036 11.4 8.7 4.38726 11.4
9.10633 4.2 11.4 9 4.36274 11.4 9 4.2 11.4979
7.8 3.41289 11.7 8.1 3.41572 11.7 7.68386 3.6 11.7
7.8 3.76458 11.7 8.2766 3.6 11.7 8.4 3.75 11.7
7.93407 3.9 11.7 8.1 4.03161 11.7 8.60442 3.9 11.7
8.4 3.9 11.8728 8.7 4.05 11.7 8.34037 4.2 11.7
8.4 4.25087 11.7 8.4 4.2 11.7559 8.77546 4.2 11.7
8.7 4.27156 11.7 8.7 4.2 11.7716 7.8 3.361 12
8.1 3.50432 12 7.70093 3.6 12 7.8 3.71015 12
7.8 3.6 12.1102 8.20053 3.6 12 8.1 3.6 12.0957
8.09163 3.9 12 8.11414 3.9 12 8.1 3.90714 12
8.1 3.9 12.0071 7.2 1.2 5.32844 7.5 1.5 5.28626
6.9 0.9 5.62613 7.2 1.12844 5.4 7.07901 1.2 5.4
7.27156 1.2 5.4 7.2 1.3075 5.4 7.5 1.41677 5.4
7.37809 1.5 5.4 7.6093 1.5 5.4 7.5 1.58579 5.4
7.5 1.5 5.5093 6.9 0.828444 5.7 6.81709 0.9 5.7
6.97156 0.9 5.7 6.9 1.01655 5.7 7.2 1.18154 5.7
7.16479 1.2 5.7 7.21846 1.2 5.7 7.2 1.21846 5.7
6.9 0.753153 6 6.75315 0.9 6 7.04685 0.9 6
6.9 1.08428 6 7.2 1.17394 6 7.15907 1.2 6
7.22606 1.2 6 7.2 1.22606 6 6.9 0.720837 6.3
6.77964 0.9 6.3 7.03225 0.9 6.3 6.9 1.03225 6.3
7.2 1.19163 6.3 7.19163 1.2 6.3 7.20714 1.2 6.3
7.2 1.20714 6.3 7.2 1.2 6.3125 6.9 0.7561 6.6
6.9 0.6 6.87025 6.80663 0.9 6.6 7.06218 0.9 6.6
6.9 1.00988 6.6 7.2 0.9 6.84188 6.9 0.584643 6.9
6.88464 0.6 6.9 6.92752 0.6 6.9 6.9 0.6 6.92467
7.2 0.855818 6.9 6.89422 0.9 6.9 6.9 0.909485 6.9
6.9 0.9 6.91461 7.22534 0.9 6.9 7.2 0.939862 6.9
7.2 0.762526 7.2 7.03782 0.9 7.2 7.29337 0.9 7.2
7.2 1.06274 7.2 7.2 0.744925 7.5 7.05 0.9 7.5
7.29337 0.9 7.5 7.2 1.03385 7.5 7.2 0.830809 7.8
7.1215 0.9 7.8 6.9 0.9 7.95 7.24141 0.9 7.8
7.2 0.957875 7.8 7.2 0.9 7.93187 6.9 1.2 7.81251
6.9 0.762526 8.1 6.80663 0.9 8.1 7.10663 0.9 8.1
6.80663 1.2 8.1 7.00415 1.2 8.1 6.9 1.32084 8.1
6.9 0.74469 8.4 6.78726 0.9 8.4 7.042 0.9 8.4
6.78726 1.2 8.4 7.01274 1.2 8.4 6.9 1.38371 8.4
6.9 0.693369 8.7 6.6785 0.9 8.7 7.05 0.9 8.7
6.72805 1.2 8.7 7.04685 1.2 8.7 6.9 1.43569 8.7
6.9 1.2 8.86525 6.9 0.824028 9 6.66634 0.9 9
6.95087 0.9 9 6.9 0.962119 9 6.9 0.9 9.05087
7.2 1.5 5.33531 7.5 1.8 5.29219 7.8 1.8 5.37298
7.8 2.1 5.35602 8.1 2.1 5.37106 6.6 1.2 5.68542
6.9 1.2 5.59367 7.2 1.43531 5.4 7.12926 1.5 5.4
7.29404 1.5 5.4 7.2 1.57074 5.4 7.5 1.65531 5.4
7.5 1.5 5.63697 7.8 1.77466 5.4 7.3841 1.8 5.4
7.5 1.9159 5.4 7.82534 1.8 5.4 8.1 2.07466 5.4
7.75429 2.1 5.4 7.8 2.14294 5.4 7.8 2.1 5.44757
8.12534 2.1 5.4 8.1 2.13631 5.4 8.1 2.1 5.42947
6.6 1.17168 5.7 6.6 0.9 5.79868 6.9 1.10663 5.7
6.58482 1.2 5.7 6.6 1.21458 5.7 7.01656 1.2 5.7
6.9 1.33385 5.7 7.2 1.33317 5.7 7.5 1.45859 5.7
7.0159 1.5 5.7 7.2 1.65355 5.7 7.54571 1.5 5.7
7.8 1.74407 5.7 7.35 1.8 5.7 7.5 1.94096 5.7
7.5 1.8 5.87559 7.85087 1.8 5.7 7.8 1.85812 5.7
7.8 1.8 5.75267 6.6 0.75 6 6.32342 0.9 6
6.3 0.9 6.02931 6.75315 0.9 6 6.9 1.10784 6
6.51401 1.2 6 6.6 1.26363 6 6.6 1.2 6.09729
7.02935 1.2 6 6.9 1.30567 6 7.2 1.4719 6
7.5 1.43584 6 7.17929 1.5 6 7.2 1.51833 6
7.2 1.5 6.01833 7.56416 1.5 6 7.5 1.59337 6
7.5 1.5 6.07035 6.3 0.75 6.3 6.6 0.693369 6.3
6.6 0.6 6.48726 6.14972 0.9 6.3 6.3 1.03164 6.3
6.77964 0.9 6.3 6.6 1.09219 6.3 6.9 1.15384 6.3
6.84647 1.2 6.3 6.94388 1.2 6.3 6.9 1.23258 6.3
6.6 0.535838 6.6 6.45 0.6 6.6 6.3 0.717547 6.6
6.68664 0.6 6.6 6.20353 0.9 6.6 6.3 0.989072 6.6
6.80663 0.9 6.6 6.6 1.08726 6.6 6.9 1.09772 6.6
6.8161 1.2 6.6 6.95684 1.2 6.6 6.9 1.25684 6.6
6.6 0.506631 6.9 6.39337 0.6 6.9 6.3 0.833664 6.9
6.3 0.6 7.05 6.72862 0.6 6.9 6.9 0.6 7.17533
6.28356 0.9 6.9 6.3 0.916437 6.9 6.3 0.9 6.94685
6.89422 0.9 6.9 6.6 1.1215 6.9 6.9 0.980114 6.9
6.9 0.9 6.91461 6.86036 1.2 6.9 6.6 1.2 7.16036
6.91536 1.2 6.9 6.9 1.21536 6.9 6.3 0.549132 7.2
6.6 0.506631 7.2 6.9 0.584643 7.2 6.24733 0.6 7.2
6.3 0.718385 7.2 6.91536 0.6 7.2 6.37156 0.9 7.2
6.3 0.9 7.45315 6.98323 0.9 7.2 6.58464 1.2 7.2
6.6 1.21536 7.2 6.91536 1.2 7.2 6.9 1.21536 7.2
6.3 0.57466 7.5 6.6 0.506631 7.5 6.9 0.584643 7.5
6.27367 0.6 7.5 6.3 0.6 7.58198 6.91536 0.6 7.5
6.28356 0.9 7.5 6.3 0.916437 7.5 6.99337 0.9 7.5
6.57394 1.2 7.5 6.6 1.22606 7.5 6.93258 1.2 7.5
6.9 1.23258 7.5 6.6 0.506631 7.8 6.9 0.584643 7.8
6.40557 0.6 7.8 6.3 0.722725 7.8 6.91536 0.6 7.8
6.9 0.6 7.82975 6.21462 0.9 7.8 6.3 0.978501 7.8
6.99337 0.9 7.8 6.9 0.9 7.95 6.48726 1.2 7.8
6.6 1.31274 7.8 6.90578 1.2 7.8 6.9 1.20578 7.8
6.9 1.2 7.81251 6.6 0.506631 8.1 6.47138 0.6 8.1
6.3 0.76537 8.1 6.7439 0.6 8.1 6.6 0.6 8.30663
6.19026 0.9 8.1 6.3 1.00647 8.1 6.80663 0.9 8.1
6.45978 1.2 8.1 6.79012 1.2 8.1 6.6 1.33164 8.1
6.3 0.715719 8.4 6.6 0.650868 8.4 6.11073 0.9 8.4
6 0.9 8.66065 6.3 1.06525 8.4 6.78726 0.9 8.4
6.43475 1.2 8.4 6.78428 1.2 8.4 6.6 1.38428 8.4
6 0.87658 8.7 6.3 0.712745 8.7 6.6 0.791862 8.7
5.97658 0.9 8.7 6 0.924344 8.7 6 0.9 8.81647
6.3 1.16468 8.7 6.6785 0.9 8.7 6.6 0.9 8.78829
6.34724 1.2 8.7 6.3 1.2 8.87514 6.72497 1.2 8.7
6.6 1.43597 8.7 6.6 1.2 8.83698 6.3 0.794812 9
6.07737 0.9 9 6.39337 0.9 9 6.3 0.9 9.08323
6.2012 1.2 9 6.3302 1.2 9 6.3 1.22778 9
6.3 1.2 9.02606 6.3 1.2 6.11538 6.6 1.2 6.10687
6.6 1.5 6.26335 6.9 1.5 6.10173 7.2 1.5 6.02071
7.2 1.8 6.18903 6.3 1.03857 6.3 6.6 1.09219 6.3
6.1234 1.2 6.3 6.3 1.38428 6.3 6.80202 1.2 6.3
6.9 1.27453 6.3 7.2 1.36836 6.3 6.54558 1.5 6.3
6.3 1.5 6.43051 6.6 1.53532 6.3 6.9 1.64406 6.3
7.34615 1.5 6.3 7.2 1.5 6.51764 7.12982 1.8 6.3
6.9 1.8 6.48755 7.28277 1.8 6.3 7.2 1.86416 6.3
6 0.9 6.71737 6.3 0.989072 6.6 6.6 1.08726 6.6
6.02534 1.2 6.6 6 1.2 6.62815 6.76494 1.2 6.6
6.9 1.29907 6.6 6.13372 1.5 6.6 6 1.5 6.81007
6.3 1.64376 6.6 6.6 1.71093 6.6 7.1315 1.5 6.6
7.2 1.60361 6.6 6.3 1.8 6.75624 6.73245 1.8 6.6
6.6 1.8 6.69173 6.9 1.90446 6.6 7.30781 1.8 6.6
7.2 1.90781 6.6 7.2 1.8 6.7159 6 0.828444 6.9
5.92844 0.9 6.9 6.25315 0.9 6.9 6.3 0.916437 6.9
6.3 0.9 6.94685 6.6 1.1215 6.9 5.85865 1.2 6.9
6.6903 1.2 6.9 6.6 1.2 7.13652 6.9 1.45114 6.9
5.93637 1.5 6.9 6 1.60595 6.9 6.94141 1.5 6.9
6.9 1.5 6.94141 6.11601 1.8 6.9 6 1.8 7.05
6.3 1.94376 6.9 6.6 1.99852 6.9 6.6 1.8 7.14733
7.04645 1.8 6.9 6.9 1.97888 6.9 6.9 1.8 7.03782
6.3 2.1 7.10663 6 0.821499 7.2 6.3 0.828444 7.2
5.9215 0.9 7.2 6.37156 0.9 7.2 6.3 0.9 7.45315
5.85 1.2 7.2 6.57394 1.2 7.2 6.6 1.24876 7.2
5.85 1.5 7.2 6.69868 1.5 7.2 6.6 1.71178 7.2
6.6 1.5 7.32675 5.90093 1.8 7.2 6 1.92718 7.2
6 1.8 7.39332 6.54913 1.8 7.2 6.3 1.8 7.38726
6.1907 2.1 7.2 6.43178 2.1 7.2 6.3 2.18323 7.2
6.3 2.1 7.28579 6 0.828943 7.5 5.92894 0.9 7.5
6.25279 0.9 7.5 6.3 0.916437 7.5 5.85 1.2 7.5
6.5409 1.2 7.5 5.85 1.5 7.5 6 1.73584 7.5
6.47124 1.5 7.5 6.3 1.67902 7.5 6 0.87658 7.8
5.97658 0.9 7.8 6.05785 0.9 7.8 6 0.9 8.03294
6.3 0.978501 7.8 5.85 1.2 7.8 6.48726 1.2 7.8
5.85 1.5 7.8 6 1.65 7.8 6.45 1.5 7.8
6.3 1.63782 7.8 6 0.90714 8.1 6.3 1.00647 8.1
5.85 1.2 8.1 6.45978 1.2 8.1 5.85 1.5 8.1
6 1.68726 8.1 6.46775 1.5 8.1 6.3 1.64645 8.1
6 1.8 8.32403 6 0.971556 8.4 6.3 1.06525 8.4
5.85 1.2 8.4 6.43475 1.2 8.4 5.85 1.5 8.4
6.49219 1.5 8.4 6.3 1.69219 8.4 5.94913 1.8 8.4
6.08006 1.8 8.4 6 1.85087 8.4 6.3 1.8 8.57863
6 1.0445 8.7 6.3 1.16468 8.7 5.85315 1.2 8.7
6 1.2 8.91904 6.33532 1.2 8.7 6.3 1.2 8.74185
5.85 1.5 8.7 6.50093 1.5 8.7 5.86836 1.8 8.7
6 1.93164 8.7 6.38988 1.8 8.7 6.3 1.88278 8.7
6 1.29709 9 6.3 1.40457 9 5.87234 1.5 9
6 1.5 9.12766 6.39035 1.5 9 6.3 1.5 9.08323
5.85 1.8 9 6 1.95865 9 6 1.8 9.15
6.45652 1.8 9 6.3 1.9524 9 6.3 1.8 9.13782
10.2 2.7 5.98542 10.2 3 5.9215 9.9 2.4 6.15355
10.2 2.68542 6 9.6 2.7 6.21722 10.1848 2.7 6
9.9 2.7 6.14685 10.2146 2.7 6 10.1215 3 6
9.9 3 6.15315 10.3593 3 6 10.2 3.24215 6
10.5 3 6.16823 9.9 3.3 6.25795 10.2 3.3 6.02604
10.5 3.3 6.04869 9.9 2.22925 6.3 9.9 2.1 6.52772
9.68026 2.4 6.3 9.6 2.53465 6.3 9.6 2.4 6.3909
10.0677 2.4 6.3 10.2 2.5234 6.3 9.51467 2.7 6.3
9.6 2.79855 6.3 9.9 2.7 6.54913 10.35 2.7 6.3
10.2 2.7 6.45904 10.5 2.93887 6.3 9.73448 3 6.3
9.9 3 6.49812 10.2 3 6.48726 10.5591 3 6.3
10.5 3 6.3591 9.85795 3.3 6.3 9.9 3.34359 6.3
9.9 3.3 6.35851 10.2 3.45355 6.3 10.65 3.3 6.3
10.5 3.46836 6.3 10.2 3.6 6.54188 10.5 3.6 6.47468
9.9 2.04913 6.6 9.83615 2.1 6.6 9.6 2.2542 6.6
9.95087 2.1 6.6 9.9 2.1 6.65087 9.46064 2.4 6.6
9.6 2.4 6.74319 9.99495 2.4 6.6 9.9 2.59535 6.6
9.9 2.4 6.68278 9.52982 2.7 6.6 9.77138 2.7 6.6
9.6 2.76631 6.6 9.6 2.7 6.66416 10.2 3.27365 6.6
10.5 3.2215 6.6 10.1762 3.3 6.6 10.2 3.3 6.61833
10.581 3.3 6.6 10.5 3.3 6.71116 10.1473 3.6 6.6
10.2 3.65087 6.6 10.65 3.6 6.6 10.5 3.70781 6.6
10.2 3.44135 6.9 10.5 3.41274 6.9 10.0204 3.6 6.9
10.2 3.78726 6.9 10.7066 3.6 6.9 10.5 3.79219 6.9
10.2 3.47964 7.2 10.5 3.45865 7.2 10.016 3.6 7.2
9.9 3.6 7.43283 10.2 3.77916 7.2 10.699 3.6 7.2
10.5 3.79905 7.2 10.5 3.9 7.36218 9.9 3.56742 7.5
10.2 3.50663 7.5 10.5 3.50093 7.5 9.86742 3.6 7.5
9.9 3.65049 7.5 10.2 3.75 7.5 10.6403 3.6 7.5
9.9 3.9 7.67138 10.3622 3.9 7.5 10.2 3.9 7.65
10.6168 3.9 7.5 10.5 3.98323 7.5 9.9 3.50663 7.8
10.2 3.49219 7.8 10.5 3.46836 7.8 9.80663 3.6 7.8
10.684 3.6 7.8 9.80663 3.9 7.8 9.9 3.99337 7.8
10.2 3.99337 7.8 10.6597 3.9 7.8 10.5 4.00781 7.8
9.9 3.46836 8.1 10.2 3.45 8.1 10.5 3.45 8.1
9.74711 3.6 8.1 9.9 3.6 8.23164 10.2 3.6 8.27964
10.7066 3.6 8.1 10.5 3.6 8.30663 9.77622 3.9 8.1
9.9 3.99337 8.1 9.9 3.9 8.19337 10.2 3.99337 8.1
10.2 3.9 8.21394 10.6712 3.9 8.1 10.5 4.04135 8.1
10.5 3.9 8.29905 10.2 3.6 5.9409 10.2 3.53279 6
10.1311 3.6 6 10.3983 3.6 6 10.2 3.6591 6
10.2 3.6 6.06721 10.2 3.9 6.20663 10.5 3.9 6.28464
10.2 3.79586 6.3 10.5 3.88464 6.3 10.099 3.9 6.3
10.2 4.00415 6.3 10.2 3.9 6.50663 10.5154 3.9 6.3
10.5 3.91713 6.3 10.5 3.9 6.32752 10.5 4.2 6.58287
10.5 4.17248 6.6 10.463 4.2 6.6 10.2 4.2 6.71374
10.5154 4.2 6.6 10.5 4.21536 6.6 10.2 4.07007 6.9
10.5 4.08896 6.9 10.0592 4.2 6.9 10.2 4.31582 6.9
10.6226 4.2 6.9 10.5 4.31104 6.9 10.2 4.10663 7.2
10.5 4.11677 7.2 9.98096 4.2 7.2 9.9 4.2 7.33498
10.2 4.30095 7.2 10.2 4.2 7.44913 10.5904 4.2 7.2
10.5 4.32191 7.2 10.5 4.2 7.33782 10.5 4.5 7.34469
9.9 4.14913 7.5 9.84913 4.2 7.5 10.1066 4.2 7.5
9.9 4.26692 7.5 9.9 4.2 7.59337 10.5 4.32862 7.5
9.9 4.5 7.70242 10.2495 4.5 7.5 10.2 4.5 7.5319
10.6127 4.5 7.5 10.5 4.61274 7.5 9.9 4.37058 7.8
10.2 4.29337 7.8 10.5 4.34135 7.8 9.82341 4.5 7.8
9.9 4.57659 7.8 10.2 4.65865 7.8 10.65 4.5 7.8
10.5 4.66863 7.8 10.2 4.8 8.09201 9.9 4.36274 8.1
10.2 4.32497 8.1 10.5 4.35315 8.1 9.81722 4.5 8.1
9.9 4.59855 8.1 9.9 4.5 8.18279 10.2 4.5 8.25
10.6468 4.5 8.1 10.5 4.70827 8.1 10.5 4.5 8.25212
10.1909 4.8 8.1 10.2164 4.8 8.1 10.2 4.80714 8.1
10.2 4.8 8.10714 10.2 3.6 6.16217 10.5 3.6 6.13051
10.2 3.46805 6.3 10.5 3.46836 6.3 10.0437 3.6 6.3
10.2 3.76123 6.3 10.2 3.6 6.53222 10.6316 3.6 6.3
10.5 3.76949 6.3 10.5 3.6 6.47468 10.2 3.9 6.52403
10.5 3.9 6.47584 10.2 3.75 6.6 10.5 3.77065 6.6
10.1491 3.9 6.6 10.2 3.95087 6.6 10.6057 3.9 6.6
10.5 3.9895 6.6 10.2 3.8105 6.9 10.5 3.79219 6.9
10.1031 3.9 6.9 10.2 3.99216 6.9 10.6323 3.9 6.9
10.5 4.03671 6.9 10.2 3.80663 7.2 10.5 3.80663 7.2
10.0449 3.9 7.2 9.9 3.9 7.41645 10.2 4.05 7.2
10.6208 3.9 7.2 10.5 4.06218 7.2 10.5 3.9 7.36218
10.2 4.2 7.44913 10.5 4.2 7.33782 9.9 3.85795 7.5
10.2 3.80663 7.5 9.85795 3.9 7.5 9.9 3.97454 7.5
9.9 3.9 7.57953 10.3622 3.9 7.5 10.2 3.9 7.65
10.5 4.03782 7.5 10.1527 4.2 7.5 9.9 4.2 7.65654
10.2 4.22534 7.5 10.5934 4.2 7.5 10.5 4.29337 7.5
9.9 4.05 7.8 10.2 4.05 7.8 10.5 4.0159 7.8
9.80663 4.2 7.8 9.9 4.29337 7.8 10.2 4.29337 7.8
10.6413 4.2 7.8 10.5 4.34135 7.8 9.9 4.05 8.1
10.2 4.01627 8.1 10.5 4.04135 8.1 9.78987 4.2 8.1
9.9 4.29337 8.1 9.9 4.2 8.19337 10.2 4.32497 8.1
10.2 4.2 8.25477 10.6587 4.2 8.1 10.5 4.35 8.1
10.5 4.2 8.30663 6 3.3 12.2491 6 3.6 12.1532
6 3.9 12.15 6.3 3.9 12.2109 6 4.2 12.15
6.3 4.2 12.1955 6 4.5 12.1918 6.3 4.5 12.2491
6.3 2.7 12.5747 6 3.24407 12.3 6 3 12.499
6.3 3 12.4247 5.94913 3.3 12.3 6.10966 3.3 12.3
6.3 3.3 12.3883 5.85315 3.6 12.3 6.27367 3.6 12.3
6.3 3.65379 12.3 6.3 3.6 12.3253 5.85 3.9 12.3
6.38907 3.9 12.3 5.85 4.2 12.3 6.40446 4.2 12.3
5.89184 4.5 12.3 6 4.67152 12.3 6.35267 4.5 12.3
6.3 4.60415 12.3 6.6 4.5 12.4843 6.3 4.8 12.3885
6.3 2.67466 12.6 6.3 2.4 12.7873 6.26014 2.7 12.6
6 2.87138 12.6 6 2.7 12.824 6.39582 2.7 12.6
7.5 2.7 12.8739 5.90663 3 12.6 6.48418 3 12.6
6.6 3 12.8009 5.87964 3.3 12.6 6.45 3.3 12.6
6.6 3.3 12.8004 5.86218 3.6 12.6 6.48418 3.6 12.6
5.85315 3.9 12.6 6.50093 3.9 12.6 6.6 3.9 12.839
5.86836 4.2 12.6 6 4.2 12.8683 6.57394 4.2 12.6
6.6 4.24093 12.6 6.6 4.2 12.6261 6.9 4.2 12.7873
5.94973 4.5 12.6 6 4.57275 12.6 6 4.5 12.6792
6.75896 4.5 12.6 6.6 4.69734 12.6 6.12198 4.8 12.6
6.52366 4.8 12.6 6.3 4.94356 12.6 6.3 4.8 12.832
6.6 1.8 13.1284 6.9 1.8 13.1747 6.3 2.26949 12.9
6.3 2.1 13.0348 6.6 2.1 13.0941 7.2 2.1 13.1479
7.5 2.1 13.1147 6.15325 2.4 12.9 6 2.62646 12.9
6.46494 2.4 12.9 6.6 2.4 13.1264 7.5 2.62962 12.9
7.5 2.4 12.9852 5.94913 2.7 12.9 6 2.7 13.0681
6.50663 2.7 12.9 6.6 2.87784 12.9 6.6 2.7 13.0099
7.47106 2.7 12.9 7.2 2.7 13.0535 7.52606 2.7 12.9
7.5 2.7373 12.9 5.90663 3 12.9 6.67336 3 12.9
6.9 3 13.0555 7.2 3 13.0207 7.5 3 13.0792
5.90093 3.3 12.9 6.72367 3.3 12.9 6.6 3.44493 12.9
6.9 3.3 13.0127 7.2 3.3 12.9934 5.90663 3.6 12.9
6 3.6 13.1491 6.50663 3.6 12.9 6.6 3.83465 12.9
6.6 3.6 13.0166 6.9 3.6 13.027 7.2 3.6 13.0253
5.90663 3.9 12.9 6 4.14913 12.9 6 3.9 13.0622
6.75421 3.9 12.9 6.9 3.9495 12.9 6.9 3.9 12.9454
7.2 3.9 13.1698 6.02534 4.2 12.9 7.01274 4.2 12.9
6.9 4.46014 12.9 6.10781 4.5 12.9 6.3 4.73637 12.9
6.87466 4.5 12.9 6.6 4.71722 12.9 6.6 1.72844 13.2
6.9 1.77466 13.2 6.41737 1.8 13.2 6.3 1.85206 13.2
6.3 1.8 13.2521 7.08424 1.8 13.2 6.9 1.82534 13.2
7.2 1.86707 13.2 7.2 1.8 13.2164 7.5 2.01012 13.2
7.5 1.8 13.4536 6.10188 2.1 13.2 6.69296 2.1 13.2
7.14973 2.1 13.2 7.2 2.283 13.2 7.58278 2.1 13.2
6.09337 2.4 13.2 6.64141 2.4 13.2 6.9 2.4 13.464
7.2424 2.4 13.2 7.2 2.43946 13.2 7.2 2.4 13.2369
7.64022 2.4 13.2 6.04141 2.7 13.2 6 2.83187 13.2
6.84214 2.7 13.2 6.95408 2.7 13.2 6.9 2.75201 13.2
6.9 2.7 13.2489 7.61582 2.7 13.2 5.94913 3 13.2
6 3 13.2934 7.59337 3 13.2 7.5 3.12862 13.2
5.94913 3.3 13.2 6 3.50663 13.2 6 3.3 13.2934
7.38726 3.3 13.2 6.02534 3.6 13.2 7.33164 3.6 13.2
6.08323 3.9 13.2 7.22534 3.9 13.2 7.2 3.92815 13.2
7.2 3.9 13.2687 6.09337 4.2 13.2 7.05865 4.2 13.2
6.9 4.46468 13.2 6.15978 4.5 13.2 6.3 4.63475 13.2
6.3 4.5 13.4091 6.86468 4.5 13.2 6.6 4.66456 13.2
6.6 4.5 13.4929 6.3 1.63857 13.5 6.3 1.5 13.7698
6.6 1.55087 13.5 6.6 1.5 13.5621 6.9 1.55087 13.5
6.9 1.5 13.5621 7.2 1.62036 13.5 7.2 1.5 13.7637
7.5 1.75795 13.5 6.11572 1.8 13.5 6.9 1.96482 13.5
7.54205 1.8 13.5 6.08323 2.1 13.5 6 2.1 13.65
6.7562 2.1 13.5 7.06981 2.1 13.5 6.9 2.35725 13.5
6.9 2.1 13.6352 7.68428 2.1 13.5 6.08323 2.4 13.5
6 2.4 13.6756 7.70663 2.4 13.5 6.09337 2.7 13.5
7.65904 2.7 13.5 6.09337 3 13.5 7.55087 3 13.5
7.5 3.05267 13.5 7.5 3 13.5701 6.09337 3.3 13.5
7.3445 3.3 13.5 7.2 3.3 13.7561 6.09337 3.6 13.5
7.25627 3.6 13.5 7.2 3.72797 13.5 7.2 3.6 13.5563
6.09337 3.9 13.5 7.12894 3.9 13.5 6.11274 4.2 13.5
6.3 4.42389 13.5 6.6 4.49286 13.5 7.02908 4.2 13.5
6.9 4.33763 13.5 6.9 4.2 13.7074 6.3 1.47466 13.8
6.6 1.36836 13.8 6.9 1.36836 13.8 7.2 1.47466 13.8
6.27466 1.5 13.8 7.22534 1.5 13.8 7.2 1.5 14.0538
7.5 1.71677 13.8 6.08323 1.8 13.8 6 1.95 13.8
7.58323 1.8 13.8 7.5 1.8 14.0874 5.91677 2.1 13.8
7.67532 2.1 13.8 5.93584 2.4 13.8 6 2.51274 13.8
7.69219 2.4 13.8 6.09337 2.7 13.8 7.60781 2.7 13.8
7.5 2.83671 13.8 7.5 2.7 13.9597 6.09337 3 13.8
7.3766 3 13.8 7.2 3.25882 13.8 6.09337 3.3 13.8
7.16029 3.3 13.8 6.09337 3.6 13.8 7.04135 3.6 13.8
6.09337 3.9 13.8 7.03164 3.9 13.8 6.9 4.10963 13.8
6.9 3.9 13.9616 6.18071 4.2 13.8 6.3 4.31073 13.8
6.3 4.2 13.932 6.81283 4.2 13.8 6.6 4.33857 13.8
6.6 4.2 13.988 6.3 1.42844 14.1 6.6 1.35 14.1
6.9 1.36456 14.1 6.2192 1.5 14.1 6.3 1.5 14.2353
7.194 1.5 14.1 6.9 1.5 14.288 7.2 1.50495 14.1
6.05087 1.8 14.1 6 1.89337 14.1 7.49505 1.8 14.1
7.2 1.8 14.3586 7.5 1.80872 14.1 5.90663 2.1 14.1
7.60781 2.1 14.1 7.5 2.1 14.2193 5.90663 2.4 14.1
6 2.56218 14.1 7.57156 2.4 14.1 7.5 2.51655 14.1
7.5 2.4 14.1808 6.08323 2.7 14.1 6 2.7 14.2378
7.40093 2.7 14.1 6.09337 3 14.1 6 3 14.3695
6.6 3 14.3929 7.27611 3 14.1 7.2 3.07611 14.1
7.2 3 14.1931 6.09337 3.3 14.1 7.04135 3.3 14.1
6.09337 3.6 14.1 6.3 3.6 14.3759 6.94141 3.6 14.1
6.9 3.65788 14.1 6.9 3.6 14.1457 6.14615 3.9 14.1
6.3 4.06064 14.1 6.3 3.9 14.2654 6.77123 3.9 14.1
6.6 4.09353 14.1 6.6 3.9 14.2598 6.6 1.47394 14.4
6.54008 1.5 14.4 6.3 1.58278 14.4 6.64876 1.5 14.4
6.6 1.5 14.4261 6.9 1.60148 14.4 6.06416 1.8 14.4
6 1.91274 14.4 6.3 1.8 14.5922 6.6 1.8 14.6009
7.15706 1.8 14.4 6.9 1.8 14.5614 7.2 1.84757 14.4
5.90663 2.1 14.4 6 2.1 14.5208 6.3 2.1 14.6066
6.6 2.1 14.5922 6.9 2.1 14.5796 7.35 2.1 14.4
7.2 2.1 14.5378 5.88896 2.4 14.4 6 2.4 14.514
6.3 2.4 14.5622 6.6 2.4 14.5587 6.9 2.4 14.55
7.35 2.4 14.4 7.2 2.4 14.5527 5.90663 2.7 14.4
6 2.7 14.4934 6.3 2.7 14.55 6.6 2.98833 14.4
6.6 2.7 14.5127 6.9 2.7 14.5316 7.30781 2.7 14.4
7.2 2.82786 14.4 7.2 2.7 14.5078 5.98542 3 14.4
6 3.03238 14.4 6 3 14.4146 6.58464 3 14.4
6.3 3 14.4934 6.61049 3 14.4 6.6 3.06535 14.4
7.04135 3 14.4 6.9 3 14.5207 6.15713 3.3 14.4
6.3 3.5443 14.4 6.3 3.3 14.4832 6.6 3.3 14.4241
6.91458 3.3 14.4 6.9 3.31627 14.4 6.9 3.3 14.4146
6.53465 3.6 14.4 6.60799 3.6 14.4 6.6 3.60907 14.4
6.6 3.6 14.4071 6.9 2.4 12.8299 6.9 2.30222 12.9
6.80222 2.4 12.9 6.95963 2.4 12.9 6.9 2.45087 12.9
6.9 2.4 12.9509 6.9 2.1 13.4284 6.9 2.02844 13.5
6.82844 2.1 13.5 6.97387 2.1 13.5 6.9 2.2915 13.5
6.9 2.1 13.5716 6.9 2.7 12.7781 6.9 2.1 13.1491
6.9 2.57813 12.9 6.9 2.4 13.0781 6.67765 2.7 12.9
6.9989 2.7 12.9 6.9 2.75855 12.9 6.9 2.7 12.9585
6.9 2.04913 13.2 6.81964 2.1 13.2 6.9623 2.1 13.2
6.9 2.1 13.276 6.77448 2.4 13.2 6.96418 2.4 13.2
6.9 2.45855 13.2 6.9 2.4 13.2585 8.1 5.7 8.89585
7.8 6 8.99235 8.1 6 8.84135 8.1 5.60663 9
7.94493 5.7 9 7.8 5.98363 9 8.22862 5.7 9
7.79286 6 9 7.8 6.00714 9 7.8 6 9.01804
8.25 6 9 8.1 6.15 9 8.1 5.65795 9.3
8.04825 5.7 9.3 8.14359 5.7 9.3 8.1 5.7 9.34205
8.04153 6 9.3 8.12534 6 9.3 8.1 6.02534 9.3
8.1 6 9.32534 7.5 4.8 11.3573 6.6 3.9 11.599
6.3 4.2 11.4904 6.6 4.2 11.5641 6.3 4.5 11.5495
6.6 4.5 11.5532 6.9 4.5 11.6747 7.5 4.75732 11.4
6.6 4.8 11.5378 6.9 4.8 11.5622 7.4095 4.8 11.4
7.54268 4.8 11.4 7.5 4.85674 11.4 7.5 4.8 11.4427
6.6 5.1 11.5399 6.9 5.1 11.6502 7.2 3.3 11.9681
6.6 3.80663 11.7 7.2 3.6 11.9066 6 3.9 11.958
6.48373 3.9 11.7 6.3 4.08418 11.7 6.3 3.9 11.8775
6.70657 3.9 11.7 6.20704 4.2 11.7 6 4.2 11.8646
6.74854 4.2 11.7 6.9 4.46723 11.7 6.17916 4.5 11.7
6 4.5 11.8728 6.3 4.70754 11.7 6.3 4.5 11.8622
6.92633 4.5 11.7 6.35027 4.8 11.7 7.04645 4.8 11.7
6.44645 5.1 11.7 6.3 5.1 11.9524 6.6 5.25978 11.7
6.93532 5.1 11.7 6.9 5.13532 11.7 6.9 5.1 11.7902
6.6 3 12.2479 6.9 3 12.2334 7.2 3.2681 12
6.6 3.3 12.2294 7.13748 3.3 12 6.9 3.3 12.0934
7.23534 3.3 12 6 3.85795 12 6.3 3.79313 12
6.3 3.6 12.2718 6.6 3.84794 12 7.02282 3.6 12
6.9 3.6 12.1027 7.48925 3.6 12 7.2 3.75 12
7.5 3.6 12.0078 5.95795 3.9 12 6 3.9 12.042
6.3 3.9 12.1616 6.67275 3.9 12 6.6 3.9 12.1032
6.9 3.9 12.1188 7.2 3.9 12.101 5.86456 4.2 12
6 4.2 12.1354 6.3 4.41247 12 6.3 4.2 12.1907
6.80523 4.2 12 6.9 4.30149 12 6.9 4.2 12.0414
7.2 4.2 12.188 5.90093 4.5 12 6.16865 4.5 12
6 4.63506 12 6 4.5 12.116 6.38323 4.5 12
6.99975 4.5 12 6.37611 4.8 12 6.3 5.00393 12
6.3 4.8 12.1409 6.99907 4.8 12 6.9 4.9841 12
6.9 4.8 12.157 6.25429 5.1 12 6.3 5.15115 12
6.3 5.1 12.063 6.79796 5.1 12 6.6 5.21572 12
6.6 5.1 12.121 6.6 2.94973 12.3 6.9 2.94145 12.3
6.53839 3 12.3 6.99055 3 12.3 7.2 3.10781 12.3
7.2 3 12.4216 6.39893 3.3 12.3 6.3 3.47474 12.3
6.6 3.49724 12.3 7.39219 3.3 12.3 7.5 3.44144 12.3
6.27466 3.6 12.3 6.4211 3.6 12.3 6.3 3.65379 12.3
6.3 3.6 12.3253 6.65538 3.6 12.3 7.62413 3.6 12.3
7.5 3.83824 12.3 7.5 3.6 12.4241 6.68579 3.9 12.3
6.6 4.0093 12.3 6.6 3.9 12.5214 7.4536 3.9 12.3
7.2 3.9 12.4624 6.43309 4.2 12.3 7.26576 4.2 12.3
7.2 4.26961 12.3 7.2 4.2 12.3636 6.35267 4.5 12.3
6.3 4.60415 12.3 6.6 4.5 12.4843 7.03346 4.5 12.3
6.9 4.68418 12.3 6.9 4.5 12.437 6.20119 4.8 12.3
6.3 4.91682 12.3 6.3 4.8 12.3832 6.7722 4.8 12.3
6.6 4.92132 12.3 6.6 4.8 12.4213 6.6 2.91309 12.6
6.9 2.85 12.6 7.2 2.86143 12.6 6.51309 3 12.6
6.6 3 12.7093 7.3579 3 12.6 6.48071 3.3 12.6
6.6 3.44433 12.6 6.6 3.3 12.7218 7.39219 3.3 12.6
6.71606 3.6 12.6 6.6 3.84484 12.6 7.32413 3.6 12.6
7.2 3.7363 12.6 7.2 3.6 12.8935 6.56402 3.9 12.6
6.6 3.9 12.6398 7.06782 3.9 12.6 6.9 3.9 12.7843
6.57394 4.2 12.6 6.6 4.24093 12.6 6.6 4.2 12.6261
6.95571 4.2 12.6 6.9 4.26347 12.6 6.9 4.2 12.6557
6.9 2.89184 12.9 7.2 2.9536 12.9 6.76734 3 12.9
6.9 3 13.0082 7.26392 3 12.9 7.2 3 12.942
6.78363 3.3 12.9 6.9 3.3 13.0026 7.26778 3.3 12.9
7.2 3.58539 12.9 7.2 3.3 12.9642 6.79481 3.6 12.9
7.1895 3.6 12.9 6.9 3.71682 12.9 6.9 3.6 12.9832
8.1 6.3 8.98154 8.1 6.28464 9 8.05592 6.3 9
8.11536 6.3 9 8.1 6.31536 9 8.1 6.3 9.02765
9.3 5.4 6.49219 9.6 5.4 6.50663 9.9 5.4 6.55795
9.3 5.7 6.45865 9.6 5.7 6.50093 9.3 5.2841 6.6
9.6 5.29586 6.6 9.9 5.35641 6.6 9.16329 5.4 6.6
9.9464 5.4 6.6 9.9 5.51315 6.6 9.9 5.4 6.65411
9.15 5.7 6.6 9.3 5.86683 6.6 9.79405 5.7 6.6
9.6 5.79907 6.6 9.9 5.7 6.7706 9.3 6 6.78823
9.3 5.28428 6.9 9.6 5.2842 6.9 9.07517 5.4 6.9
9.3 5.4 7.08371 9.7257 5.4 6.9 9.6 5.4 7.04634
9.9 5.63517 6.9 9.12877 5.7 6.9 9.6 5.98542 6.9
9.6 5.7 7.10663 9.95087 5.7 6.9 9.9 5.75267 6.9
9.9 5.7 6.96692 9.21093 6 6.9 9.56762 6 6.9
9.3 6.08907 6.9 9.6 6 7.01289 9.3 5.51321 7.2
9.15171 5.7 7.2 9.47456 5.7 7.2 9.3 5.7 7.34078
9.6 5.95265 7.2 9.13782 6 7.2 9.3 6.17964 7.2
9.3 6 7.40663 9.62434 6 7.2 9.6 6.02434 7.2
9.6 6 7.22931 6 3 11.0353 6 3.3 10.95
6.3 3.3 10.9918 6 3.6 11.0239 6 2.93531 11.1
5.93531 3 11.1 6.24776 3 11.1 6 3 11.1647
6.3 3.02797 11.1 5.85 3.3 11.1 6 3.3 11.2684
6.41108 3.3 11.1 6.3 3.42196 11.1 6.3 3.3 11.2451
5.92389 3.6 11.1 6.08769 3.6 11.1 6 3.69676 11.1
6.3 3.6 11.2513 6.6 3.6 11.3854 6 3.9 11.228
6 4.2 11.3513 6 3.44376 11.4 6.3 3.42804 11.4
6.6 3.55704 11.4 5.86218 3.6 11.4 6 3.6 11.6066
6.3 3.8775 11.4 6.3 3.6 11.5925 6.61458 3.6 11.4
6.6 3.61753 11.4 6.6 3.6 11.4245 5.85315 3.9 11.4
6.2808 3.9 11.4 6.3 3.9 11.4252 5.95131 4.2 11.4
6.05957 4.2 11.4 6 4.34606 11.4 6 4.5 11.4701
6 4.8 11.4991 6.3 4.8 11.6497 6 5.1 11.6062
6.3 5.1 11.5622 6.3 5.4 11.692 6 3.68323 11.7
6 3.6 11.7858 6.3 3.71627 11.7 6.3 3.6 11.801
6.6 3.6 11.9585 5.85 3.9 11.7 6 3.9 11.958
6.4503 3.9 11.7 6.3 4.08418 11.7 6.3 3.9 11.8775
5.85 4.2 11.7 6.20704 4.2 11.7 6 4.2 11.8646
5.87964 4.5 11.7 6.17916 4.5 11.7 6 4.5 11.8728
6.3 4.70754 11.7 6.3 4.5 11.8622 5.85 4.8 11.7
6.35027 4.8 11.7 5.9215 5.1 11.7 6 5.18829 11.7
6 5.1 11.894 6.44645 5.1 11.7 6.3 5.1 11.9425
6.29068 5.4 11.7 6.30796 5.4 11.7 6.3 5.40796 11.7
6.3 5.4 11.7089 6 3.43475 12 6.3 3.4159 12
6.6 3.57367 12 5.85315 3.6 12 6 3.85641 12
6 3.6 12.1468 6.3 3.79313 12 6.3 3.6 12.1413
6.62534 3.6 12 6.6 3.62823 12 6.6 3.6 12.0263
6.3 4.41247 12 6.16865 4.5 12 6 4.6828 12
6.38323 4.5 12 6.3 4.5 12.0832 5.92795 4.8 12
6 4.986 12 6 4.8 12.0721 6.37611 4.8 12
6.3 4.98842 12 6.3 4.8 12.0761 8.1 6 8.45529
8.4 6 8.58823 8.1 6.3 8.63902 8.4 6.3 8.59812
8.1 5.80197 8.7 8.4 5.91093 8.7 7.85423 6 8.7
8.1 6 8.84135 8.50173 6 8.7 8.06266 6.3 8.7
8.1 6.33598 8.7 8.1 6.3 8.80013 8.52283 6.3 8.7
8.4 6.40687 8.7 8.4 5.85 9 8.25 6 9
8.57964 6 9 8.4 6 9.24373 8.19368 6.3 9
8.51538 6.3 9 8.4 6.41241 9 8.4 6.3 9.13016
8.1 6 9.55592 8.1 5.97993 9.6 8.08464 6 9.6
8.12975 6 9.6 8.1 6.01846 9.6 8.1 6 9.61536
8.7 5.7 6.88464 9 5.7 6.80663 8.7 6 6.80663
9 6 6.75315 8.7 5.68464 6.9 9 5.60205 6.9
8.46156 5.7 6.9 8.4 5.7 6.9105 9.10095 5.7 6.9
8.41075 6 6.9 8.4 6 6.90631 8.7 6.10095 6.9
9.14685 6 6.9 9 6.16143 6.9 8.4 5.61677 7.2
8.7 5.51572 7.2 9 5.57282 7.2 8.3012 5.7 7.2
8.1 5.7 7.4012 9.09907 5.7 7.2 9 5.7 7.3185
8.25978 6 7.2 8.4 6.13164 7.2 8.7 6.25859 7.2
9.13782 6 7.2 9 6.22725 7.2 9 6 7.41171
8.1 5.61677 7.5 8.4 5.57902 7.5 8.7 5.61722 7.5
7.95713 5.7 7.5 8.1 5.86943 7.5 8.80062 5.7 7.5
8.7 5.7 7.6044 8.1685 6 7.5 8.1 6 7.60694
8.4 6.17964 7.5 8.89621 6 7.5 8.7 6.29266 7.5
8.1 5.56601 7.8 8.4 5.55681 7.8 7.92775 5.7 7.8
8.1 5.7 7.92758 8.55 5.7 7.8 8.4 5.7 8.05505
8.7 5.90794 7.8 7.9842 6 7.8 8.1 6.10446 7.8
8.4 6.20093 7.8 8.77205 6 7.8 8.7 6.10328 7.8
8.7 6 7.88876 8.1 5.84645 8.1 8.4 5.73353 8.1
7.92877 6 8.1 8.1 6.1445 8.1 8.1 6 8.25
8.5712 6 8.1 8.4 6.20196 8.1 8.4 6.3 8.23572
8.4 5.94558 8.4 8.36092 6 8.4 8.44594 6 8.4
8.4 6 8.43908 8.28601 6.3 8.4 8.514 6.3 8.4
8.4 6.41104 8.4 8.4 6.3 8.55714 9 6 7.4215
9 6.3 7.4409 9 5.89621 7.5 8.89621 6 7.5
9.0785 6 7.5 8.91314 6.3 7.5 8.7 6.3 7.66494
9.11893 6.3 7.5 9 6.3591 7.5 9.3 6.3 7.76039
9 5.90663 7.8 8.84543 6 7.8 8.7 6.13891 7.8
8.7 6 7.98294 9.14934 6 7.8 9 6 7.89337
9.3 6.26675 7.8 8.57688 6.3 7.8 8.7 6.39907 7.8
9 6.43619 7.8 9 6.3 7.94594 9.31804 6.3 7.8
9.3 6.31613 7.8 9.3 6.3 7.81613 8.7 5.93584 8.1
8.63584 6 8.1 8.76416 6 8.1 8.47106 6.3 8.1
8.86836 6.3 8.1 8.7 6.46218 8.1 8.7 6.3 8.37394
8.7 5.98542 8.4 8.68542 6 8.4 8.71458 6 8.4
8.7 6.10482 8.4 8.7 6 8.41458 8.7 6.3 8.51055
8.7 6.25795 8.7 8.65795 6.3 8.7 8.78314 6.3 8.7
8.7 6.35871 8.7 8.7 6.3 8.74205 6 3.3 11.364
6.3 3.3 11.3602 6 3.25853 11.4 6.3 3.25853 11.4
5.96402 3.3 11.4 6 3.34147 11.4 6 3.3 11.436
6.37903 3.3 11.4 6.3 3.33734 11.4 6.3 3.3 11.4373
6 3.6 11.6066 6.3 3.6 11.6039 6.6 3.6 11.5669
6 3.51677 11.7 6.3 3.50391 11.7 6.6 3.48755 11.7
5.91677 3.6 11.7 6 3.68323 11.7 6 3.6 11.7832
6.3 3.69337 11.7 6.3 3.6 11.7934 6.7093 3.6 11.7
6.6 3.7093 11.7 6.6 3.6 11.8045 9.6 5.7 7.10663
9.9 5.7 7.15795 10.2 4.8 7.47466 9.9 5.1 7.40663
10.2 5.1 7.40663 9.6 5.43261 7.2 9.6 5.4 7.22683
9.9 5.61645 7.2 9.9 5.4 7.29173 10.2 5.4 7.47292
9.48987 5.7 7.2 9.6 5.89739 7.2 9.94359 5.7 7.2
9.9 5.7464 7.2 9.3 6 7.40663 9.6 6 7.26931
10.2 4.77466 7.5 9.9462 4.8 7.5 9.9 4.81075 7.5
9.9 4.8 7.51401 10.2282 4.8 7.5 9.76213 5.1 7.5
9.6 5.24594 7.5 10.3166 5.1 7.5 9.4841 5.4 7.5
10.2261 5.4 7.5 10.2 5.4302 7.5 9.34294 5.7 7.5
9.3 5.7785 7.5 9.3 5.7 7.64557 10.05 5.7 7.5
9.9 5.85 7.5 9.20663 6 7.5 9.3 6.15507 7.5
9.74376 6 7.5 9.6 6.14615 7.5 9.9 4.71664 7.8
10.2 4.70093 7.8 9.82341 4.8 7.8 10.3272 4.8 7.8
10.2 4.8 8.00032 9.70446 5.1 7.8 9.6 5.2093 7.8
10.3622 5.1 7.8 9.41271 5.4 7.8 9.3 5.63026 7.8
10.2253 5.4 7.8 10.2 5.42938 7.8 10.2 5.4 7.84729
9.25644 5.7 7.8 10.05 5.7 7.8 9.9 5.86057 7.8
9.19525 6 7.8 9 6 8.08084 9.3 6.2063 7.8
9.77263 6 7.8 9.6 6.19554 7.8 9 6.3 7.95624
9.3 6.3 7.85877 9.9 4.74913 8.1 9.84913 4.8 8.1
10.0363 4.8 8.1 10.2 4.87165 8.1 9.71274 5.1 8.1
9.6 5.21274 8.1 10.3316 5.1 8.1 10.2 5.28399 8.1
9.41274 5.4 8.1 9.3 5.51572 8.1 10.1009 5.4 8.1
9.15 5.7 8.1 9 5.9829 8.1 9 5.7 8.32613
9.98907 5.7 8.1 9.9 5.79959 8.1 8.98356 6 8.1
9.76218 6 8.1 9.6 6.19554 8.1 8.86836 6.3 8.1
8.7 6.3 8.38464 9 6.46628 8.1 9.4842 6.3 8.1
9.3 6.43782 8.1 9.9 4.70093 8.4 9.80093 4.8 8.4
10.0687 4.8 8.4 10.2 4.97559 8.4 9.65087 5.1 8.4
9.6 5.15087 8.4 9.6 5.1 8.50517 10.2642 5.1 8.4
10.2 5.17744 8.4 10.2 5.1 8.58884 9 5.62844 8.4
9.34205 5.4 8.4 9.3 5.44359 8.4 9.3 5.4 8.56496
10.0684 5.4 8.4 8.92844 5.7 8.4 9 5.7 8.56055
9.95027 5.7 8.4 9.9 5.75206 8.4 9.9 5.7 8.49287
8.84135 6 8.4 8.7 6.28287 8.4 9.7234 6 8.4
9.6 6.13225 8.4 8.68464 6.3 8.4 8.7 6.32116 8.4
8.7 6.3 8.42959 9 6.47841 8.4 9.44376 6.3 8.4
9.3 6.43164 8.4 9.9 4.74913 8.7 9.83308 4.8 8.7
9.6 4.99584 8.7 9.97597 4.8 8.7 9.51059 5.1 8.7
9.3 5.36092 8.7 10.1586 5.1 8.7 9.26468 5.4 8.7
10.0354 5.4 8.7 9.9 5.59411 8.7 9.06631 5.7 8.7
9 5.77018 8.7 9 5.7 8.81706 9.80704 5.7 8.7
8.85 6 8.7 8.7 6 8.8841 9.65027 6 8.7
9.6 6.05206 8.7 9.6 6 8.78698 8.86109 6.3 8.7
8.7 6.3 8.80188 9 6.40004 8.7 9.35267 6.3 8.7
9.3 6.35087 8.7 9.3 6.3 8.80966 9.9 4.77466 9
9.83126 4.8 9 9.6 4.87336 9 9.6 4.8 9.1967
9.92938 4.8 9 9.9 4.8 9.09337 9.36631 5.1 9
9.3 5.16416 9 9.3 5.1 9.15862 10.0722 5.1 9
9.14685 5.4 9 9 5.60784 9 9 5.4 9.14685
9.94141 5.4 9 9.9 5.44293 9 9.9 5.4 9.051
8.80676 5.7 9 8.7 5.78855 9 8.7 5.7 9.10261
9.73857 5.7 9 9.6 5.88761 9 8.59219 6 9
8.4 6 9.24373 9.50093 6 9 9.3 6.2215 9
8.51538 6.3 9 8.4 6.3 9.23584 8.7 6.49812 9
9.2215 6.3 9 9 6.45315 9 9.6 4.75795 9.3
9.55795 4.8 9.3 9.3 5.04145 9.3 9.73318 4.8 9.3
9.9 4.86671 9.3 9.21787 5.1 9.3 9 5.21744 9.3
10.025 5.1 9.3 9.9 5.24319 9.3 8.85 5.4 9.3
8.7 5.60663 9.3 9.76525 5.4 9.3 8.60663 5.7 9.3
8.4 5.94373 9.3 9.63532 5.7 9.3 9.6 5.73665 9.3
9.6 5.7 9.34724 8.34373 6 9.3 9.4234 6 9.3
9.3 6.13462 9.3 9.3 6 9.53068 8.35795 6.3 9.3
8.4 6.34205 9.3 8.4 6.3 9.35326 8.7 6.44685 9.3
8.7 6.3 9.52613 9.1421 6.3 9.3 9 6.42766 9.3
9 6.3 9.46549 9.6 4.74913 9.6 9.54407 4.8 9.6
9.3 4.95978 9.6 9.75 4.8 9.6 9.9 4.95 9.6
9.03166 5.1 9.6 9 5.12534 9.6 9 5.1 9.63618
9.95087 5.1 9.6 9.9 5.15087 9.6 9.9 5.1 9.7294
8.79868 5.4 9.6 8.7 5.50647 9.6 8.7 5.4 9.79365
9.72497 5.4 9.6 9.6 5.55 9.6 8.41833 5.7 9.6
8.4 5.7437 9.6 8.4 5.7 9.6787 9.46064 5.7 9.6
9.3 5.94104 9.6 8.32389 6 9.6 8.4 6.09312 9.6
8.4 6 9.67611 8.7 6.22844 9.6 9.24973 6 9.6
9 6.18726 9.6 9 6 9.81722 9.6 4.67234 9.9
9 4.97934 9.9 9.44248 4.8 9.9 9.3 4.92036 9.9
9.3 4.8 10.0996 9.80291 4.8 9.9 8.87092 5.1 9.9
8.7 5.33039 9.9 9.83637 5.1 9.9 8.62606 5.4 9.9
8.4 5.65041 9.9 8.4 5.4 10.0476 9.63532 5.4 9.9
9.6 5.43665 9.9 9.6 5.4 9.96419 8.35795 5.7 9.9
8.4 5.74205 9.9 8.4 5.7 10.0124 9 5.91722 9.9
9.38533 5.7 9.9 9.3 5.78278 9.9 9.3 5.7 10.0088
8.6215 6 9.9 8.84455 6 9.9 8.7 6.0785 9.9
8.7 6 9.9785 9.3 4.72437 10.2 9.6 4.68726 10.2
9.22437 4.8 10.2 9 4.95 10.2 9.75896 4.8 10.2
8.4 5.2476 10.2 8.4 5.1 10.388 8.70714 5.1 10.2
8.7 5.10714 10.2 8.7 5.1 10.2071 9.75594 5.1 10.2
9.6 5.29353 10.2 8.25904 5.4 10.2 8.4 5.62725 10.2
9.49353 5.4 10.2 9.3 5.57124 10.2 9.3 5.4 10.4304
8.51755 5.7 10.2 8.7 5.78907 10.2 8.7 5.7 10.3157
9.03631 5.7 10.2 9 5.72534 10.2 9 5.7 10.2282
9.3 4.65 10.5 9.6 4.66587 10.5 8.4 4.99353 10.5
8.7 4.94473 10.5 8.7 4.8 10.756 9.04141 4.8 10.5
9 4.84141 10.5 9 4.8 10.5429 9.73936 4.8 10.5
9.6 4.8 10.6864 8.30132 5.1 10.5 9.3 5.33637 10.5
9.64141 5.1 10.5 9.6 5.14294 10.5 9.6 5.1 10.5457
8.25693 5.4 10.5 8.4 5.57559 10.5 8.7 5.57092 10.5
9.18321 5.4 10.5 9 5.49647 10.5 9 5.4 10.616
8.7 4.75429 10.8 8.7 4.5 10.999 9 4.57387 10.8
9.3 4.65865 10.8 8.1 4.8 10.9978 8.63081 4.8 10.8
8.4 4.90446 10.8 8.4 4.8 10.9218 9.49313 4.8 10.8
9.3 4.8 11.0225 7.8 5.1 11.0284 8.14141 5.1 10.8
8.1 5.1 10.8414 9 5.27964 10.8 9.37018 5.1 10.8
9.3 5.16416 10.8 9.3 5.1 10.8642 8.20711 5.4 10.8
8.4 5.55279 10.8 8.4 5.4 11.0402 8.76932 5.4 10.8
8.7 5.45027 10.8 8.7 5.4 10.8553 8.7 4.40663 11.1
8.1 4.7105 11.1 8.1 4.5 11.3105 8.57138 4.5 11.1
8.4 4.63051 11.1 8.4 4.5 11.2127 8.87652 4.5 11.1
9 4.57205 11.1 7.94949 4.8 11.1 7.8 4.97224 11.1
7.8 4.8 11.1917 9.22894 4.8 11.1 9 4.8 11.2922
7.72196 5.1 11.1 7.8 5.17804 11.1 8.1 5.36468 11.1
8.4 5.34973 11.1 8.7 5.25 11.1 8.7 5.1 11.3035
9.05571 5.1 11.1 9 5.15571 11.1 9 5.1 11.1557
7.5 3.9 11.5793 7.8 3.9 11.5974 7.5 4.2 11.5955
7.8 4.2 11.5413 8.1 4.29486 11.4 8.1 4.2 11.4578
8.4 4.32036 11.4 8.7 4.38726 11.4 7.5 4.5 11.5386
7.89641 4.5 11.4 7.8 4.55206 11.4 7.8 4.5 11.4503
8.89899 4.5 11.4 8.7 4.5 11.624 7.2 4.8 11.5587
7.58144 4.8 11.4 7.5 4.8 11.4814 8.4 4.8 11.6747
8.8841 4.8 11.4 8.7 5.00353 11.4 8.7 4.8 11.55
7.2 5.1 11.6239 7.58045 5.1 11.4 7.5 5.1 11.6525
7.8 5.24022 11.4 7.8 5.1 11.6148 8.1 5.25978 11.4
8.1 5.1 11.5559 8.4732 5.1 11.4 8.4 5.13598 11.4
8.4 5.1 11.436 6.6 3.3 11.9234 6.9 3.3 11.899
6.9 3.6 11.9574 7.5 3.60731 11.7 7.8 3.78947 11.7
7.33238 3.9 11.7 7.2 3.9 11.8621 7.93407 3.9 11.7
8.1 4.03161 11.7 7.37823 4.2 11.7 7.2 4.2 11.8901
8.34037 4.2 11.7 8.4 4.25087 11.7 7.25267 4.5 11.7
7.2 4.55593 11.7 7.2 4.5 11.7846 7.8 4.5 11.9105
8.1 4.5 11.8873 8.64913 4.5 11.7 8.4 4.77466 11.7
8.4 4.5 11.8532 7.04645 4.8 11.7 7.2 4.8 11.9447
7.5 4.8 11.8614 7.8 5.01475 11.7 7.8 4.8 11.8316
8.33174 4.8 11.7 8.1 4.8827 11.7 8.1 4.8 11.7716
7.07306 5.1 11.7 7.2 5.17611 11.7 7.2 5.1 11.7829
7.54443 5.1 11.7 7.5 5.11536 11.7 7.5 5.1 11.7154
6.6 3.22341 12 6.9 3.19343 12 6.51933 3.3 12
6.6 3.45745 12 6.6 3.3 12.0766 7.00988 3.3 12
6.9 3.3 12.0934 6.80846 3.6 12 6.96952 3.6 12
6.9 3.65265 12 6.9 3.6 12.036 7.2 3.75 12
7.5 3.6639 12 7.8 3.73292 12 7.07589 3.9 12
7.2 3.9 12.0934 7.5 3.9 12.0991 7.98678 3.9 12
7.8 3.9 12.1341 8.1 4.11178 12 6.99002 4.2 12
7.2 4.2 12.0934 7.5 4.2 12.0991 7.8 4.37584 12
7.8 4.2 12.1127 8.15593 4.2 12 8.1 4.27597 12
8.1 4.2 12.0509 7.01281 4.5 12 7.2 4.71624 12
7.2 4.5 12.1026 7.59641 4.5 12 7.5 4.55896 12
7.5 4.5 12.0503 9.3 3.6 6.21266 9.3 3.9 6.23584
9.3 4.2 6.24034 8.7 2.4 6.52795 8.7 2.7 6.46587
9 2.7 6.45 9.3 2.7 6.57394 9 3 6.43229
9.3 3 6.44135 9.3 3.38416 6.3 9.3 3.3 6.34141
9.6 3.3 6.42766 9.21266 3.6 6.3 9.48046 3.6 6.3
9.6 3.6 6.36416 9.9 3.6 6.52148 9.23584 3.9 6.3
9.47138 3.9 6.3 9.3 3.9 6.42441 9.6 3.9 6.35087
9.9 3.9 6.50391 9.24034 4.2 6.3 9.41832 4.2 6.3
9.3 4.48099 6.3 9.6 4.2 6.38278 9.9 4.2 6.50663
9.3 4.5 6.30496 9.6 4.5 6.47225 9 4.8 6.40148
9.3 4.8 6.55859 8.1 2.1 6.87466 8.4 2.1 6.76525
8.7 2.32562 6.6 8.5828 2.4 6.6 8.4 2.4 6.70188
8.886 2.4 6.6 9 2.44869 6.6 9 2.4 6.714
9.3 2.67394 6.6 8.52769 2.7 6.6 8.7 2.85512 6.6
9.32606 2.7 6.6 8.8545 3 6.6 9 3.14289 6.6
9.58542 3 6.6 9.6 3.01458 6.6 9.13164 3.3 6.6
9.76836 3.3 6.6 9.9 3.50909 6.6 9.29504 3.6 6.6
9.3 3.61257 6.6 9.97611 3.6 6.6 9.38323 3.9 6.6
9.3 4.00268 6.6 9.99337 3.9 6.6 9.17263 4.2 6.6
9.99337 4.2 6.6 9.9 4.32862 6.6 9.9 4.2 6.84913
9.11274 4.5 6.6 9 4.61572 6.6 9.76246 4.5 6.6
9.6 4.64289 6.6 8.80734 4.8 6.6 9 4.99852 6.6
9.351 4.8 6.6 9.3 4.84141 6.6 9.6 4.8 6.8816
8.7 5.1 6.84733 9 5.1 6.70974 7.5 1.8 7.17466
7.8 1.8 7.06925 8.1 2.06369 6.9 8.1 1.8 7.14213
8.4 1.96525 6.9 7.5 2.1 7.19286 8.07062 2.1 6.9
7.8 2.1 7.05239 8.1 2.30387 6.9 8.61419 2.1 6.9
8.7 2.17156 6.9 8.7 2.1 7.13174 9 2.32795 6.9
8.11302 2.4 6.9 8.4 2.56143 6.9 9.07205 2.4 6.9
9.3 2.63584 6.9 8.58192 2.7 6.9 8.7 2.80446 6.9
9.36416 2.7 6.9 8.88726 3 6.9 9 3.11274 6.9
9.54913 3 6.9 9.6 3.05087 6.9 9.15 3.3 6.9
9.76218 3.3 6.9 9.9 3.55243 6.9 9.24913 3.6 6.9
9.3 3.74172 6.9 9.3 3.6 6.96212 9.94141 3.6 6.9
9.9 3.6 6.951 9.35571 3.9 6.9 9.3 3.98671 6.9
9.99337 3.9 6.9 9.9 4.14913 6.9 9.9 3.9 7.02862
9.19219 4.2 6.9 9.3 4.2 7.02532 9.87466 4.2 6.9
9.11274 4.5 6.9 9 4.61572 6.9 9.3 4.5 7.14373
9.77964 4.5 6.9 8.7171 4.8 6.9 8.7 4.86634 6.9
9 4.8 7.16689 9.3 5.0829 6.9 9.61458 4.8 6.9
9.6 4.81458 6.9 9.6 4.8 6.91627 8.64913 5.1 6.9
8.7 5.15087 6.9 9.28084 5.1 6.9 9 5.23782 6.9
7.5 1.77466 7.2 7.8 1.67234 7.2 8.1 1.75859 7.2
7.47185 1.8 7.2 7.2 1.8 7.3445 8.14757 1.8 7.2
8.4 1.93782 7.2 8.7 2.07466 7.2 7.49201 2.1 7.2
7.2 2.1 7.39905 7.5 2.10714 7.2 7.8 2.24406 7.2
8.1 2.30093 7.2 8.72534 2.1 7.2 8.7 2.1 7.29337
9 2.32389 7.2 8.21601 2.4 7.2 8.4 2.53164 7.2
9.07611 2.4 7.2 9.3 2.65795 7.2 8.62844 2.7 7.2
8.7 2.77156 7.2 8.7 2.7 7.32776 9.34205 2.7 7.2
9.3 2.7 7.25326 8.94913 3 7.2 9 3.05087 7.2
9 3 7.25087 9.48927 3 7.2 9.3 3 7.3766
9.6 3.14144 7.2 9.2443 3.3 7.2 9.3 3.36774 7.2
9.3 3.3 7.25571 9.71582 3.3 7.2 9.6 3.3 7.31582
9.44376 3.6 7.2 9.75624 3.6 7.2 9.6 3.6 7.33782
9.45 3.9 7.2 9.77559 3.9 7.2 9.6 3.9 7.33782
9.44748 4.2 7.2 9.74867 4.2 7.2 9.6 4.2 7.33413
9.42196 4.5 7.2 9.3 4.61592 7.2 9.67563 4.5 7.2
9.6 4.58235 7.2 9.6 4.5 7.27563 8.7 4.93451 7.2
9.0735 4.8 7.2 9 4.87777 7.2 9.38747 4.8 7.2
9.3 4.92249 7.2 9.3 4.8 7.28049 8.57234 5.1 7.2
8.7 5.22766 7.2 8.7 5.1 7.33284 9.11705 5.1 7.2
9 5.17611 7.2 9 5.1 7.27611 7.2 1.65 7.5
7.5 1.64135 7.5 7.8 1.65315 7.5 8.1 1.69219 7.5
7.00148 1.8 7.5 6.9 1.8 7.62212 8.21929 1.8 7.5
8.4 1.93782 7.5 6.3 2.1 7.7105 6.6 2.1 7.60781
6.95087 2.1 7.5 6.9 2.1 7.53024 7.2 2.19337 7.5
7.5 2.16416 7.5 7.5 2.1 7.61274 7.8 2.19337 7.5
8.1 2.27964 7.5 8.64913 2.1 7.5 8.7 2.15087 7.5
9 2.37394 7.5 6.3 2.4 7.73222 8.25801 2.4 7.5
8.4 2.51274 7.5 8.7 2.61093 7.5 9.02606 2.4 7.5
9 2.4 7.53108 8.85 2.7 7.5 9.10759 2.7 7.5
9 2.78907 7.5 9 2.7 7.58907 6.9 1.67503 7.8
7.2 1.59907 7.8 7.5 1.60781 7.8 7.8 1.65 7.8
8.1 1.72844 7.8 6.3 2.0105 7.8 6.73724 1.8 7.8
6.6 1.91274 7.8 6.6 1.8 8.02403 7.5 2.00663 7.8
8.1808 1.8 7.8 8.1 1.8 7.95 8.4 1.94096 7.8
6.18353 2.1 7.8 6.6 2.33584 7.8 6.9 2.25 7.8
7.21536 2.1 7.8 7.2 2.10714 7.8 7.2 2.1 7.81536
7.70663 2.1 7.8 7.8 2.15087 7.8 8.1 2.28428 7.8
8.58428 2.1 7.8 8.4 2.1 8.08698 8.7 2.3317 7.8
6.22725 2.4 7.8 6.45 2.4 7.8 6.3 2.46416 7.8
6.3 2.4 7.95 8.34558 2.4 7.8 8.4 2.43532 7.8
8.4 2.4 7.84071 8.75321 2.4 7.8 8.7 2.44522 7.8
8.7 2.4 7.84686 6.6 1.74913 8.1 6.9 1.65 8.1
7.2 1.62036 8.1 7.5 1.64135 8.1 7.8 1.67964 8.1
6.54913 1.8 8.1 6.3 1.96218 8.1 6.6 1.8 8.25106
7.2 2.00663 8.1 7.5 2.05859 8.1 8.00443 1.8 8.1
7.8 1.8 8.33068 8.1 1.88581 8.1 6.12441 2.1 8.1
6.3 2.32725 8.1 6.6 2.28418 8.1 7.05654 2.1 8.1
6.9 2.19907 8.1 7.2 2.1 8.33048 7.56663 2.1 8.1
7.8 2.20781 8.1 7.8 2.1 8.2601 8.38419 2.1 8.1
8.1 2.24022 8.1 8.1 2.1 8.24022 6.9 1.68418 8.4
7.2 1.66218 8.4 7.5 1.69219 8.4 6.3 1.97964 8.4
6.67275 1.8 8.4 6.6 1.85027 8.4 6.9 1.8 8.59186
7.2 1.8 8.61171 7.72077 1.8 8.4 7.5 2.04235 8.4
7.5 1.8 8.52532 6.15447 2.1 8.4 6.3 2.27916 8.4
6.3 2.1 8.56367 6.6 2.25865 8.4 6.6 2.1 8.67466
6.9 2.19337 8.4 6.9 2.1 8.5439 7.35159 2.1 8.4
7.2 2.13598 8.4 7.2 2.1 8.44147 9.3 3.6 7.18947
9.3 4.2 7.11684 9.3 4.5 7.14373 9 4.8 7.16688
8.7 2.7 7.44373 9 3 7.43697 9.3 3 7.45795
9.3 3.57977 7.2 9.29286 3.6 7.2 9.30837 3.6 7.2
9.3 3.63241 7.2 9.3 3.6 7.21536 9.6 3.6 7.45171
9.3 4.03974 7.2 9.24373 4.2 7.2 9.3641 4.2 7.2
9.3 4.2 7.27689 9.22311 4.5 7.2 9 4.75476 7.2
9.35627 4.5 7.2 9.3 4.55822 7.2 9.3 4.5 7.28748
8.962 4.8 7.2 9.03312 4.8 7.2 9 4.8319 7.2
9 4.8 7.2495 8.7 2.64373 7.5 8.64178 2.7 7.5
8.80605 2.7 7.5 8.7 2.76174 7.5 8.7 2.7 7.60605
9 2.91751 7.5 9 2.7 7.64211 9.3 2.95795 7.5
8.95429 3 7.5 9 3.04141 7.5 9 3 7.54293
9.34205 3 7.5 9.3 3.19157 7.5 9.3 3 7.5464
9.6 3.52986 7.5 9.52047 3.6 7.5 9.64205 3.6 7.5
9.6 3.8213 7.5 9.6 3.6 7.54205 9 2.60419 7.8
8.84211 2.7 7.8 9.09581 2.7 7.8 9 2.79857 7.8
9 2.7 7.89581 7.8 2.1 8.33369 8.1 2.1 8.33719
7.8 2.03584 8.4 8.1 2.04854 8.4 6.6 2.1 8.68542
6.9 2.1 8.64373 7.2 2.1 8.66532 7.57121 2.1 8.4
7.8 2.17018 8.4 7.8 2.1 8.49337 8.1603 2.1 8.4
8.1 2.15146 8.4 8.1 2.1 8.45146 6.6 2.08542 8.7
6.9 2.04178 8.7 7.2 2.06238 8.7 6.51476 2.1 8.7
6.6 2.12011 8.7 6.6 2.1 8.72207 6.9 2.15956 8.7
6.9 2.1 8.76839 7.34318 2.1 8.7 7.2 2.13258 8.7
7.2 2.1 8.73762 8.7 3.9 6.57394 8.7 4.2 6.51677
8.4 4.5 6.55795 8.7 4.5 6.55795 8.4 4.8 6.52341
8.7 3.3 6.80093 8.7 3.77085 6.6 8.7 3.6 6.661
9 3.6 6.75496 8.67394 3.9 6.6 8.76348 3.9 6.6
9 3.9 6.69357 8.58786 4.2 6.6 8.4 4.43935 6.6
8.4 4.2 6.87679 8.80491 4.2 6.6 9 4.2 6.75477
8.35795 4.5 6.6 8.74205 4.5 6.6 8.7 4.5464 6.6
8.30242 4.8 6.6 8.48336 4.8 6.6 8.4 4.89758 6.6
8.1 5.1 6.65497 8.4 3 7.05385 8.7 3.18398 6.9
8.7 3 7.17069 8.56983 3.3 6.9 8.81602 3.3 6.9
9 3.46949 6.9 9 3.3 7.10169 8.60093 3.6 6.9
9.11274 3.6 6.9 8.58726 3.9 6.9 8.4 4.18464 6.9
9.13164 3.9 6.9 9.3 3.9 7.18542 8.38464 4.2 6.9
8.4 4.2 6.91846 9.12036 4.2 6.9 9 4.43271 6.9
8.29219 4.5 6.9 8.95131 4.5 6.9 8.7 4.75859 6.9
9 4.5 6.96729 8.21274 4.8 6.9 8.1 4.95531 6.9
8.65859 4.8 6.9 8.4 5.04973 6.9 8.7 4.8 6.98249
7.98071 5.1 6.9 8.32077 5.1 6.9 8.1 5.22159 6.9
8.4 5.1 6.97517 7.8 5.4 7.06974 8.1 5.4 7.16976
8.1 2.7 7.42562 8.4 2.86525 7.2 8.4 2.7 7.39812
8.7 2.97658 7.2 8.26836 3 7.2 8.4 3.1844 7.2
8.72434 3 7.2 9 3.21467 7.2 8.50148 3.3 7.2
9.08988 3.3 7.2 9.3 3.3 7.48373 8.60663 3.6 7.2
8.7 3.6 7.33747 9.24145 3.6 7.2 9.3 3.84779 7.2
9.3 3.6 7.30477 8.60093 3.9 7.2 8.7 3.9 7.33506
9.31458 3.9 7.2 9.3 3.93065 7.2 8.54406 4.2 7.2
8.4 4.45114 7.2 8.7 4.2 7.42249 9.20704 4.2 7.2
9.3 4.2 7.4201 8.35859 4.5 7.2 8.4 4.5 7.24141
9.12036 4.5 7.2 9 4.62036 7.2 8.24096 4.8 7.2
8.1 4.97559 7.2 8.78907 4.8 7.2 8.7 4.88907 7.2
7.97559 5.1 7.2 7.8 5.27208 7.2 8.1 5.1 7.44558
8.51274 5.1 7.2 8.4 5.21572 7.2 7.66308 5.4 7.2
7.8 5.53837 7.2 8.12633 5.4 7.2 8.1 5.42633 7.2
8.1 5.4 7.25114 8.1 2.62795 7.5 8.4 2.60093 7.5
8.02562 2.7 7.5 8.1 2.77205 7.5 8.50188 2.7 7.5
8.7 2.8555 7.5 8.7 2.7 7.70827 8.30093 3 7.5
8.4 3.09907 7.5 8.4 3 7.739 8.95429 3 7.5
9 3.04141 7.5 9 3 7.55588 9.3 3.28542 7.5
8.59219 3.3 7.5 8.7 3.45366 7.5 8.7 3.3 7.63974
9.31458 3.3 7.5 9.3 3.3 7.52346 8.80446 3.6 7.5
9 3.6 7.68419 9.39337 3.6 7.5 9.3 3.6 7.62084
8.81275 3.9 7.5 9 3.9 7.65 9.39337 3.9 7.5
9.3 3.9 7.59337 8.80204 4.2 7.5 8.7 4.35987 7.5
9 4.2 7.61274 9.34205 4.2 7.5 9.3 4.24465 7.5
9.3 4.2 7.54205 8.63584 4.5 7.5 8.4 4.7681 7.5
8.7 4.5 7.56416 9.09795 4.5 7.5 9 4.60095 7.5
9 4.5 7.59337 8.36689 4.8 7.5 8.4 4.8 7.5319
8.79035 4.8 7.5 8.7 4.89035 7.5 8.7 4.8 7.58323
7.8 5.28909 7.5 8.27514 5.1 7.5 8.42894 5.1 7.5
8.4 5.12606 7.5 8.4 5.1 7.52606 7.6606 5.4 7.5
7.96136 5.4 7.5 7.8 5.57404 7.5 7.8 5.4 7.60297
7.8 2.4 8.04913 8.1 2.60827 7.8 8.1 2.4 8.04733
8.4 2.55315 7.8 8.4 2.4 8.05795 8.7 2.61093 7.8
7.99479 2.7 7.8 8.1 2.78907 7.8 8.1 2.7 8.01751
8.4 2.96519 7.8 8.80759 2.7 7.8 9 2.85574 7.8
8.44159 3 7.8 8.7 3.16459 7.8 8.7 3 7.94376
9.13195 3 7.8 9 3 7.92348 8.92772 3.3 7.8
9.07597 3.3 7.8 9 3.37354 7.8 9 3.3 7.85087
7.8 2.34913 8.1 8.1 2.34913 8.1 8.4 2.35795 8.1
7.2 2.4 8.30391 7.69535 2.4 8.1 7.5 2.4 8.20878
7.8 2.49337 8.1 8.1 2.56813 8.1 8.44959 2.4 8.1
8.4 2.4 8.26763 8.7 2.59782 8.1 8.151 2.7 8.1
8.4 2.83164 8.1 8.4 2.7 8.24376 8.7895 2.7 8.1
8.7 2.80004 8.1 8.7 2.7 8.1895 7.2 2.30663 8.4
7.5 2.2766 8.4 7.5 2.1 8.67367 7.8 2.24022 8.4
8.1 2.21274 8.4 7.08344 2.4 8.4 6.9 2.4 8.54289
7.2 2.49609 8.4 7.5 2.53225 8.4 7.8 2.55355 8.4
7.8 2.4 8.65429 8.36579 2.4 8.4 8.1 2.56218 8.4
8.1 2.4 8.55865 7.5 2.07466 8.7 6.6 2.1 8.99286
6.9 2.25978 8.7 6.9 2.1 8.91664 7.43174 2.1 8.7
7.2 2.17387 8.7 7.59582 2.1 8.7 7.5 2.1 8.73177
6.3 2.4 8.97062 6.64373 2.4 8.7 6.6 2.4 8.75442
6.9 2.56156 8.7 7.2 2.54685 8.7 7.2 2.4 8.88428
7.73697 2.4 8.7 7.5 2.51274 8.7 7.5 2.4 8.81572
6.6 2.09286 9 6.9 2.02341 9 6.5875 2.1 9
6.3 2.35763 9 6.6 2.1 9.00714 7.11944 2.1 9
6.9 2.1 9.07659 6.27367 2.4 9 6.3 2.42534 9
6.3 2.4 9.02534 6.6 2.51274 9 6.6 2.4 9.11274
6.99269 2.4 9 6.9 2.46363 9 6.9 2.4 9.06363
8.4 3 6.29204 8.4 3.3 6.1974 8.7 3.3 6.20132
9 3.3 6.27466 9 3.6 6.2315 8.4 4.5 6.2979
9 4.5 6.20093 8.7 4.8 6.22844 8.4 2.99204 6.3
8.4 2.7 6.53637 8.38828 3 6.3 8.1 3 6.4907
8.41456 3 6.3 8.4 3 6.31571 8.7 3.15645 6.3
8.7 3 6.47977 9 3.27466 6.3 8.2974 3.3 6.3
8.4 3.46048 6.3 8.7 3.57025 6.3 8.7 3.3 6.40148
9.02534 3.3 6.3 8.74626 3.6 6.3 9.07075 3.6 6.3
9 3.77751 6.3 9 3.6 6.38236 9.3 3.9 6.4907
8.4 4.41128 6.3 9 4.24852 6.3 8.3979 4.5 6.3
8.40461 4.5 6.3 8.4 4.50661 6.3 8.4 4.5 6.30284
8.84346 4.5 6.3 8.7 4.67718 6.3 9.09907 4.5 6.3
9 4.59907 6.3 8.55 4.8 6.3 8.77156 4.8 6.3
8.7 4.87387 6.3 8.4 5.1 6.43498 7.8 2.4 6.86335
8.4 2.63637 6.6 7.8 2.7 6.81245 8.12491 2.7 6.6
8.1 2.71791 6.6 8.46576 2.7 6.6 8.4 2.80595 6.6
8.7 2.91856 6.6 7.9907 3 6.6 8.23135 3 6.6
8.1 3.09035 6.6 8.57395 3 6.6 8.4 3.13151 6.6
8.80032 3 6.6 8.7 3.08144 6.6 9 3.16734 6.6
8.27554 3.3 6.6 8.51915 3.3 6.6 8.4 3.47489 6.6
8.88892 3.3 6.6 9.10816 3.3 6.6 9 3.42569 6.6
9.3 3.61257 6.6 9.21677 3.9 6.6 9.38323 3.9 6.6
9.3 4.00268 6.6 9.3 3.9 6.72546 9 4.34956 6.6
8.89313 4.5 6.6 8.7 4.72144 6.6 9.09907 4.5 6.6
9 4.59907 6.6 9 4.5 6.72718 8.62144 4.8 6.6
8.4 5.04407 6.6 8.77205 4.8 6.6 8.7 4.87856 6.6
8.7 4.8 6.68134 8.32621 5.1 6.6 8.45593 5.1 6.6
8.4 5.15087 6.6 8.4 5.1 6.67007 7.8 2.36335 6.9
7.74346 2.4 6.9 7.5 2.4 7.16286 7.92262 2.4 6.9
7.8 2.4 7.03948 8.1 2.4 6.99246 8.4 2.58394 6.9
7.75172 2.7 6.9 7.85411 2.7 6.9 7.8 2.75871 6.9
8.26513 2.7 6.9 8.1 2.8763 6.9 8.55932 2.7 6.9
8.4 2.82476 6.9 8.7 2.95465 6.9 7.96894 3 6.9
8.21385 3 6.9 8.1 3.11053 6.9 8.1 3 7.08198
8.6698 3 6.9 8.4 3.24188 6.9 8.74093 3 6.9
8.7 3.02606 6.9 8.7 3 7.02915 9 3.17633 6.9
8.34407 3.3 6.9 8.45087 3.3 6.9 8.4 3.45 6.9
8.4 3.3 6.95828 8.91093 3.3 6.9 9.08907 3.3 6.9
9 3.41177 6.9 9 3.3 7.01177 7.5 2.36634 7.2
8.1 2.30663 7.2 7.44546 2.4 7.2 7.2 2.4 7.35769
7.60376 2.4 7.2 7.5 2.42718 7.2 7.5 2.4 7.27064
7.8785 2.4 7.2 7.8 2.46068 7.2 8.20988 2.4 7.2
8.1 2.50988 7.2 8.4 2.66834 7.2 7.67208 2.7 7.2
7.93406 2.7 7.2 7.8 2.81614 7.2 7.8 2.7 7.46454
8.36834 2.7 7.2 8.46826 2.7 7.2 8.4 2.72633 7.2
8.4 2.7 7.23763 7.2 2.27672 7.5 7.5 2.1 7.61274
8.1 2.30663 7.5 6.6 2.4 7.76742 6.98169 2.4 7.5
7.36673 2.4 7.5 7.2 2.47921 7.5 7.2 2.4 7.61403
7.93782 2.4 7.5 8.22862 2.4 7.5 8.1 2.50095 7.5
7.5 2.00663 7.8 6.6 2.36742 7.8 7.21536 2.1 7.8
7.2 2.1 7.81536 7.70663 2.1 7.8 7.5 2.22053 7.8
8.1 2.32099 7.8 6.56618 2.4 7.8 6.67915 2.4 7.8
6.6 2.49954 7.8 7.93274 2.4 7.8 8.19758 2.4 7.8
8.1 2.47659 7.8 8.1 2.4 7.88336 6.6 2.7 7.93457
6.9 2.7 7.93877 7.2 2.00663 8.1 7.5 2.05859 8.1
6.6 2.33855 8.1 7.05654 2.1 8.1 7.2 2.23385 8.1
7.2 2.1 8.30663 7.56303 2.1 8.1 7.5 2.17355 8.1
7.5 2.1 8.14886 6.39846 2.4 8.1 6.70893 2.4 8.1
6.9 2.57652 8.1 6.475 2.7 8.1 6.3 2.7 8.31751
6.6 2.76952 8.1 7.02348 2.7 8.1 6.9 2.77205 8.1
6.6 2.35795 8.4 6.53935 2.4 8.4 6.3 2.6402 8.4
6.67953 2.4 8.4 6.6 2.4 8.50435 6.9 2.62047 8.4
6.25859 2.7 8.4 6.3 2.74141 8.4 6.6 2.78323 8.4
6.95594 2.7 8.4 6.9 2.74205 8.4 6.9 2.7 8.50435
6.3 2.58987 8.7 6.6 2.55872 8.7 6.19905 2.7 8.7
6.3 2.79337 8.7 6.3 2.7 8.96589 6.74128 2.7 8.7
6.6 2.76416 8.7 6.6 2.7 8.81755 8.7 3.3 6.55429
9 3.9 6.55907 8.4 3 6.85841 8.7 3.25429 6.6
8.65859 3.3 6.6 8.74141 3.3 6.6 8.7 3.37388 6.6
8.7 3.3 6.66303 9 3.63832 6.6 8.95907 3.9 6.6
9.02606 3.9 6.6 9 3.9988 6.6 9 3.9 6.62606
8.4 2.96266 6.9 8.36402 3 6.9 8.43734 3 6.9
8.4 3.03598 6.9 8.4 3 6.93598 7.5 2.4 7.7612
7.5 2.36742 7.8 7.44338 2.4 7.8 7.2 2.4 7.98132
7.57675 2.4 7.8 7.5 2.43258 7.8 7.5 2.4 7.87799
7.2 2.32341 8.1 7.06558 2.4 8.1 7.34913 2.4 8.1
7.2 2.47659 8.1 7.2 2.4 8.17659 8.4 3 6.51231
8.1 2.7 6.65475 8.4 2.92389 6.6 8.29174 3 6.6
8.49703 3 6.6 8.4 3.09091 6.6 8.4 3 6.72694
7.8 2.4 7.18099 8.1 2.59184 6.9 7.90715 2.7 6.9
8.22196 2.7 6.9 8.1 2.81965 6.9 7.8 2.38542 7.2
7.71338 2.4 7.2 7.5 2.4 7.37086 7.81518 2.4 7.2
7.8 2.41701 7.2 7.8 2.4 7.31289 8.1 2.68482 7.2
8.08299 2.7 7.2 8.15221 2.7 7.2 8.1 2.71458 7.2
8.1 2.7 7.21458 7.5 2.37394 7.5 6.9 2.4 7.75535
7.43501 2.4 7.5 7.2 2.4 7.74074 7.65872 2.4 7.5
7.5 2.42606 7.5 7.5 2.4 7.55245 6.9 2.35795 7.8
7.2 2.37658 7.8 6.8536 2.4 7.8 6.9 2.44205 7.8
6.9 2.4 7.9693 7.2476 2.4 7.8 7.2 2.42342 7.8
7.2 2.4 7.82798 6.3 2.4 8.37106 6.3 2.37394 8.4
6.27222 2.4 8.4 6.37772 2.4 8.4 6.3 2.4302 8.4
6.3 2.38464 8.7 6.28359 2.4 8.7 6.31791 2.4 8.7
6.3 2.41791 8.7 6.3 2.4 8.72331 9 3 5.89219
9.3 3 5.99256 9 3.3 5.87934 9.3 3.3 5.83518
9.6 3.3 5.96468 9.3 3.6 5.85 9.6 3.6 5.86218
9.3 3.9 5.85865 9.6 3.9 5.86218 9.3 4.2 5.88726
9.6 4.2 5.86218 9.3 4.5 5.90663 9.6 4.5 5.97394
9.3 4.8 5.94373 8.4 2.4 6.22844 8.4 2.7 6.17234
8.7 2.7 6.09868 9 2.8841 6 9 2.7 6.1445
9.3 2.99286 6 8.77701 3 6 8.7 3 6.2012
9.30744 3 6 9.6 3.26335 6 8.87934 3.3 6
9 3.45832 6 9 3.3 6.16361 9.63532 3.3 6
9.11274 3.6 6 9.3 3.6 6.20663 9.74645 3.6 6
9.15865 3.9 6 9.3 3.9 6.17902 9.75 3.9 6
9.9 3.9 6.21377 9.18726 4.2 6 9.3 4.2 6.17584
9.74096 4.2 6 9.20391 4.5 6 9.62606 4.5 6
9.6 4.52894 6 9.02034 4.8 6 9 4.8 6.00994
9.36174 4.8 6 9.3 4.85822 6 9.6 4.8 6.23522
8.7 5.1 6.15315 9 5.1 6.08907 9.3 5.1 6.24178
8.7 5.4 6.17964 7.8 2.1 6.49219 8.1 2.1 6.4766
8.4 2.32613 6.3 8.4 2.1 6.55707 7.8 2.4 6.56647
8.27224 2.4 6.3 8.1 2.4 6.38907 8.68473 2.4 6.3
8.7 2.40495 6.3 9 2.55 6.3 8.26925 2.7 6.3
8.4 2.82766 6.3 8.4 2.7 6.45752 8.7 2.7 6.46218
9.19851 2.7 6.3 9 2.7 6.44685 9.3 2.80974 6.3
8.67394 3 6.3 8.7 3.02606 6.3 8.7 3 6.32606
9 3.15 6.3 9 3 6.40781 9.50711 3 6.3
9.3 3 6.43782 9.6 3.10192 6.3 9.23337 3.3 6.3
9.3 3.3785 6.3 9.3 3.3 6.34141 9.73972 3.3 6.3
9.6 3.3 6.42766 9.48726 3.6 6.3 9.88256 3.6 6.3
9.6 3.6 6.36416 9.9 3.61401 6.3 9.52403 3.9 6.3
9.6 3.9 6.35087 9.97659 3.9 6.3 9.9 4.08802 6.3
9.9 3.9 6.37659 9.45819 4.2 6.3 9.3 4.4886 6.3
9.79535 4.2 6.3 9.6 4.2 6.38278 9.29445 4.5 6.3
9 4.69353 6.3 9.3 4.5 6.30496 9.7766 4.5 6.3
9.6 4.5 6.47225 8.87026 4.8 6.3 8.7 4.92045 6.3
9 4.8 6.40148 9.3 4.8 6.55859 9.6591 4.8 6.3
9.6 4.8591 6.3 8.53857 5.1 6.3 9 5.34913 6.3
9.35627 5.1 6.3 9.3 5.15627 6.3 8.51599 5.4 6.3
8.4 5.4 6.39959 8.92993 5.4 6.3 8.7 5.53844 6.3
7.8 1.99219 6.6 8.1 1.97964 6.6 8.4 2.05859 6.6
7.2 2.1 6.75 7.62137 2.1 6.6 7.5 2.1 6.68278
8.1 2.1 6.86369 8.44571 2.1 6.6 8.4 2.1 6.64294
7.75505 2.4 6.6 7.8 2.43481 6.6 7.8 2.4 6.66852
8.1 2.56218 6.6 8.1 2.4 6.77092 8.55 2.4 6.6
8.4 2.52718 6.6 8.4 2.4 6.69907 9.6 4.75175 6.6
8.7 4.96218 6.6 9 4.99852 6.6 9.46207 4.8 6.6
9.3 4.89337 6.6 9.63598 4.8 6.6 9.6 4.83598 6.6
9.6 4.8 6.63734 8.52441 5.1 6.6 8.4 5.22441 6.6
8.7 5.1 6.84188 9 5.35248 6.6 9 5.1 6.70974
9.3785 5.1 6.6 9.3 5.1785 6.6 9.3 5.1 6.71116
8.25693 5.4 6.6 8.1 5.4 6.89235 8.4 5.58071 6.6
8.97367 5.4 6.6 8.7 5.56925 6.6 7.2 1.94685 6.9
7.5 1.89296 6.9 7.8 1.86721 6.9 6.6 2.1 7.1681
7.02737 2.1 6.9 6.9 2.1 7.04181 7.2 2.30093 6.9
7.5 2.31677 6.9 7.5 2.1 7.1215 8.07062 2.1 6.9
7.8 2.29996 6.9 7.8 2.1 7.03782 8.1 5.39286 6.9
8.4 5.13787 6.9 8.7 5.25106 6.9 8.09256 5.4 6.9
8.1 5.4125 6.9 8.1 5.4 6.92491 8.4 5.5841 6.9
8.4 5.4 7.17185 8.77151 5.4 6.9 8.7 5.45027 6.9
8.7 5.4 6.95896 6.6 2.0681 7.2 6.9 1.96456 7.2
7.2 1.90974 7.2 6.55318 2.1 7.2 6.3 2.1 7.37622
6.6 2.1495 7.2 6.9 2.29367 7.2 7.41171 2.1 7.2
7.2 2.28985 7.2 7.2 2.1 7.34096 6.3 2.00663 7.5
6.6 2.06742 7.5 6.9 2.07367 7.5 6.19343 2.1 7.5
6.3 2.24346 7.5 6.3 2.1 7.59337 6.6 2.15972 7.5
6.6 2.1 7.53258 6.92633 2.1 7.5 6.9 2.13631 7.5
6.9 2.1 7.52534 8.7 3.3 5.55209 8.7 3.6 5.52925
8.7 3.9 5.61677 8.7 3.18115 5.7 8.54383 3.3 5.7
8.78734 3.3 5.7 8.7 3.3 5.78734 8.4666 3.6 5.7
8.86775 3.6 5.7 8.7 3.6 5.92725 8.61421 3.9 5.7
8.79543 3.9 5.7 8.7 4.07559 5.7 9 3.9 5.83544
8.7 4.2 5.76416 9 4.2 5.86456 8.7 4.5 5.81572
9 4.5 5.86218 8.7 3.66416 6 9 3.64205 6
8.50957 3.9 6 8.7 3.9 6.15 9.15865 3.9 6
9 3.9 6.15 8.55 4.2 6 8.7 4.2 6.15
9.16094 4.2 6 9 4.2 6.13544 8.55315 4.5 6
8.7 4.72613 6 8.7 4.5 6.14685 9.13782 4.5 6
9 4.64096 6 9 4.5 6.13782 9 2.7 5.00132
9.3 2.7 4.97934 9.6 3 4.99219 9 2.60132 5.1
9.3 2.57934 5.1 8.90132 2.7 5.1 9 2.80148 5.1
9.5762 2.7 5.1 9.3 2.87313 5.1 9.6 2.7281 5.1
9.44034 3 5.1 9.3 3 5.19907 9.75966 3 5.1
9.6 3.16615 5.1 9.9 3 5.26159 9.3 3.3 5.27936
9.6 3.3 5.19337 9.9 3.3 5.19337 10.2 3.3 5.33887
9.6 3.6 5.26005 9.9 3.6 5.19337 10.2 3.6 5.25624
9.9 3.9 5.23164 10.2 3.9 5.25 9.9 4.2 5.27486
10.2 4.2 5.26525 9.9 4.5 5.36029 10.2 4.5 5.36468
9 2.57532 5.4 9.3 2.68542 5.4 8.86683 2.7 5.4
9 2.86246 5.4 9.31753 2.7 5.4 9.3 2.7 5.41753
9.6 2.84406 5.4 9.9 2.91093 5.4 9.11274 3 5.4
9.6 3 5.6058 10.0052 3 5.4 9.9 3 5.49647
10.2 3.22835 5.4 9.18759 3.3 5.4 9.3 3.44132 5.4
10.2591 3.3 5.4 10.2 3.3 5.53177 9.43903 3.6 5.4
9.6 3.84809 5.4 10.3316 3.6 5.4 9.3 3.9 5.69286
9.64205 3.9 5.4 9.6 3.9 5.44205 10.35 3.9 5.4
10.5 3.9 5.69163 9.3 4.2 5.67394 9.74232 4.2 5.4
9.6 4.2 5.51572 10.3402 4.2 5.4 10.5 4.2 5.64407
9.83935 4.5 5.4 9.6 4.5 5.52441 9.9 4.57922 5.4
10.2353 4.5 5.4 10.2 4.53665 5.4 9.3 4.8 5.63048
9.6 4.8 5.57559 9.9 4.8 5.4895 10.2 4.8 5.57195
9.3 5.1 5.5809 9.6 5.1 5.55904 9.9 5.1 5.58927
9 2.6681 5.7 8.96466 2.7 5.7 9.03789 2.7 5.7
9 2.76559 5.7 9 2.7 5.7319 9.3 2.86806 5.7
9.11906 3 5.7 9.48392 3 5.7 9.3 3 5.81775
9.6 3.08952 5.7 9.9 3.29445 5.7 9.2829 3.3 5.7
9.3 3.45946 5.7 9.3 3.3 5.71644 9.6 3.3 5.84685
9.91527 3.3 5.7 9.9 3.3 5.70516 10.2 3.37156 5.7
9.31458 3.6 5.7 9.3 3.80309 5.7 9.6 3.6 5.85
10.3842 3.6 5.7 10.2 3.6 5.91093 10.5 3.8888 5.7
9.29286 3.9 5.7 9.3 3.9 5.70714 9.6 3.9 5.85865
10.5071 3.9 5.7 9.27394 4.2 5.7 9.3 4.25515 5.7
9.3 4.2 5.72606 9.6 4.2 5.85904 10.5509 4.2 5.7
10.5 4.35106 5.7 9.39959 4.5 5.7 9.3 4.675 5.7
9.6 4.5 5.9698 10.4497 4.5 5.7 10.5 4.5 5.77923
9.21934 4.8 5.7 9.3 4.8 5.80491 10.328 4.8 5.7
10.2 4.972 5.7 9.1809 5.1 5.7 9.3 5.34944 5.7
9.6 5.29026 5.7 10.0541 5.1 5.7 9.9 5.21073 5.7
10.2 5.1 5.84064 9 5.4 5.88729 9.3 5.4 5.73532
9.6 5.4 5.81198 9.9 3.51856 6 9.82103 3.6 6
10.0375 3.6 6 9.9 3.6 6.07897 10.2 3.68907 6
10.5 3.79812 6 9.75978 3.9 6 9.9 3.9 6.14022
10.2 3.9 6.16218 10.5991 3.9 6 10.5 3.9 6.11015
9.74096 4.2 6 10.6468 4.2 6 9.62606 4.5 6
9.6 4.52894 6 10.6078 4.5 6 10.5 4.6925 6
9.4159 4.8 6 9.3 4.91073 6 9.6 4.8 6.23522
10.4284 4.8 6 9.1445 5.1 6 9 5.2841 6
9.3 5.1 6.19852 9.9 5.34973 6 10.3127 5.1 6
10.2 5.21572 6 8.89219 5.4 6 9 5.57863 6
9 5.4 6.10781 9.3 5.61677 6 9.3 5.4 6.2577
9.84104 5.4 6 9.6 5.55 6 9.9 5.4 6.05896
9.9 4.14407 6.3 10.2 4.05 6.3 10.5 4.05624 6.3
9.84913 4.2 6.3 9.9 4.2 6.37597 10.6316 4.2 6.3
10.5 4.2 6.53788 9.77964 4.5 6.3 10.6468 4.5 6.3
10.5 4.77367 6.3 9.6591 4.8 6.3 9.6 4.86113 6.3
10.4747 4.8 6.3 10.5 4.8 6.39337 9.40149 5.1 6.3
10.359 5.1 6.3 10.2 5.29852 6.3 9.42466 5.4 6.3
9.6 5.46174 6.3 9.6 5.4 6.40145 10.088 5.4 6.3
9.9 5.55 6.3 9.9 5.4 6.55041 10.2 4.11677 6.6
10.0832 4.2 6.6 9.9 4.37138 6.6 10.3959 4.2 6.6
10.2 4.2 6.7093 10.5 4.25087 6.6 9.80663 4.5 6.6
10.65 4.5 6.6 9.6785 4.8 6.6 9.6 4.88829 6.6
10.5509 4.8 6.6 10.5 4.87597 6.6 9.40588 5.1 6.6
9.6 5.29586 6.6 9.9 5.35641 6.6 10.3873 5.1 6.6
10.2 5.31093 6.6 9.9 5.4 6.65411 10.2 5.4 6.77224
9.9 4.342 6.9 10.2 4.32036 6.9 10.5 4.34685 6.9
9.77964 4.5 6.9 10.65 4.5 6.9 9.62534 4.8 6.9
9.6 4.82938 6.9 9.6 4.8 7.04771 10.5716 4.8 6.9
10.5 4.90266 6.9 9.43943 5.1 6.9 9.6 5.27559 6.9
10.3873 5.1 6.9 9.73451 5.4 6.9 9.9 5.55275 6.9
10.2716 5.4 6.9 10.2 5.4808 6.9 9.9 4.37123 7.2
10.2 4.35865 7.2 10.5 4.39219 7.2 9.77124 4.5 7.2
9.6 4.77106 7.2 9.9 4.5 7.36691 10.6078 4.5 7.2
10.5 4.5 7.34469 9.57292 4.8 7.2 9.6 4.8 7.22606
9.9 4.8 7.42613 10.2 4.8 7.47466 10.5891 4.8 7.2
10.5 4.92367 7.2 9.4842 5.1 7.2 9.6 5.23309 7.2
9.6 5.1 7.32599 9.9 5.1 7.40663 10.3873 5.1 7.2
10.2 5.1 7.40663 9.78401 5.4 7.2 9.9 5.52367 7.2
9.9 5.4 7.29173 10.242 5.4 7.2 10.2 5.4464 7.2
10.2 5.4 7.2464 10.2 4.4681 7.5 10.1454 4.5 7.5
10.2495 4.5 7.5 10.2 4.66897 7.5 10.2 4.5 7.5319
10.5 4.70663 7.5 10.276 4.8 7.5 10.5642 4.8 7.5
10.5 4.87018 7.5 10.5 4.8 7.61168 9.3 3 5.00663
9.3 3.3 5.04973 9.6 3.3 5.00663 9.6 3.6 4.96836
9.6 3.9 5.02844 8.7 2.7 5.29174 9.3 2.89367 5.1
8.7 3 5.31336 9.12282 3 5.1 9 3 5.20266
9.42084 3 5.1 9.3 3 5.19337 9.6 3.17916 5.1
8.7 3.3 5.36402 9.21302 3.3 5.1 9 3.3 5.19907
9.3 3.44894 5.1 9.3 3.3 5.17544 9.73787 3.3 5.1
9.6 3.3 5.19337 9 3.6 5.25 9.36212 3.6 5.1
9.3 3.6 5.16984 9.84043 3.6 5.1 9.6 3.6 5.25028
9 3.9 5.29219 9.48345 3.9 5.1 9.3 3.9 5.19907
9.83616 3.9 5.1 9.6 4.02282 5.1 9.3 4.2 5.23782
9.6 4.2 5.22862 9.3 4.5 5.26525 9.6 4.5 5.24469
9.3 4.8 5.30093 9.6 4.8 5.31677 8.7 2.63048 5.4
8.63048 2.7 5.4 8.76952 2.7 5.4 9 2.88726 5.4
8.63584 3 5.4 9.11274 3 5.4 8.66402 3.3 5.4
8.7 3.3802 5.4 8.7 3.3 5.44662 9.18759 3.3 5.4
9.3 3.44132 5.4 8.78411 3.6 5.4 9.43903 3.6 5.4
9.6 3.84809 5.4 8.86329 3.9 5.4 9 4.15763 5.4
9.3 3.9 5.69286 9.64205 3.9 5.4 9.6 3.9 5.44205
9.02534 4.2 5.4 9 4.2 5.42534 9.3 4.2 5.67394
9.74232 4.2 5.4 9.6 4.2 5.51572 9.12532 4.5 5.4
9 4.5 5.50781 9.82697 4.5 5.4 9.6 4.5 5.52441
9.18985 4.8 5.4 9 4.8 5.60041 9.3 4.91015 5.4
9.3 4.8 5.58613 9.7096 4.8 5.4 9.6 4.89035 5.4
9.6 4.8 5.51682 9 5.1 5.61677 8.7 2.59184 5.7
8.58035 2.7 5.7 8.81627 2.7 5.7 8.7 2.7 5.80816
9 2.90309 5.7 8.65859 3 5.7 8.7 3.05333 5.7
8.7 3 5.74141 9.09397 3 5.7 9 3 5.7895
8.83075 3.3 5.7 9.24039 3.3 5.7 9 3.3 5.84685
9.3 3.54694 5.7 8.86775 3.6 5.7 9 3.6 5.82036
9.31458 3.6 5.7 9.3 3.80309 5.7 9.3 3.6 5.71458
8.81808 3.9 5.7 9.29137 3.9 5.7 9 3.9 5.83544
8.78794 4.2 5.7 9.27394 4.2 5.7 9 4.2 5.86456
9.3 4.25515 5.7 8.8288 4.5 5.7 9 4.5 5.85865
9.39959 4.5 5.7 9.3 4.675 5.7 9.3 4.5 5.82367
8.87633 4.8 5.7 8.7 4.8 5.97533 9.175 4.8 5.7
9 4.8 5.98363 8.91421 5.1 5.7 8.7 5.1 5.91421
9.09659 5.1 5.7 9 5.2093 5.7 8.7 4.78464 6
8.68464 4.8 6 8.90663 4.8 6 8.7 4.8 6.01536
9 4.82166 6 8.61677 5.1 6 8.7 5.36065 6
8.7 5.1 6.08323 9.07156 5.1 6 9 5.20266 6
9 5.1 6.07156 9 5.4 6.25907 9.3 5.4 6.2577
8.7 5.7 6.26674 9 5.7 6.18726 9.3 5.7 6.25071
9 5.37394 6.3 9.3 5.34558 6.3 8.9627 5.4 6.3
8.7 5.65292 6.3 9 5.4 6.32606 9.42466 5.4 6.3
9.3 5.4 6.3423 8.66674 5.7 6.3 8.7 5.73326 6.3
8.7 5.7 6.33326 9 5.81274 6.3 9 5.7 6.41274
9.38552 5.7 6.3 9.3 5.74929 6.3 9.3 5.7 6.35104
8.7 5.7 6.44248 9 5.7 6.42098 8.7 6 6.51048
9 6 6.47092 8.7 5.56925 6.6 9 5.47663 6.6
8.42077 5.7 6.6 8.7 5.7 6.76549 9.14661 5.7 6.6
9 5.7 6.75 8.6058 6 6.6 8.7 6.08691 6.6
8.7 6 6.74232 9.12066 6 6.6 9 6.12066 6.6
9 6 6.72371 8.1 2.4 5.30603 8.4 2.7 5.34799
7.8 2.1 5.56381 8.1 2.30309 5.4 8.1 2.1 5.61012
7.99782 2.4 5.4 8.23935 2.4 5.4 8.1 2.50806 5.4
8.4 2.6172 5.4 8.3405 2.7 5.4 8.44723 2.7 5.4
8.4 2.74723 5.4 8.4 2.7 5.45201 7.8 1.96029 5.7
8.1 2.01722 5.7 7.64694 2.1 5.7 7.5 2.1 5.93308
7.8 2.29808 5.7 8.18706 2.1 5.7 7.92137 2.4 5.7
7.8 2.4 5.80848 8.22814 2.4 5.7 8.1 2.53229 5.7
8.1 2.7 5.94486 7.5 1.97138 6 7.5 1.8 6.14921
7.8 1.85855 6 8.1 2.06468 6 7.44913 2.1 6
7.5 2.15593 6 8.13532 2.1 6 8.1 2.1 6.03665
7.67092 2.4 6 7.8 2.55832 6 7.8 2.4 6.16926
8.22558 2.4 6 8.1 2.4 6.15 8.03697 2.7 6
8.18249 2.7 6 8.1 2.74571 6 8.1 2.7 6.06303
7.5 1.73531 6.3 7.43315 1.8 6.3 7.58007 1.8 6.3
7.5 1.8 6.38007 7.8 2.03615 6.3 7.38086 2.1 6.3
7.5 2.23406 6.3 7.85267 2.1 6.3 7.8 2.18461 6.3
7.8 2.1 6.35593 7.5 2.02055 6.6 7.3563 2.1 6.6
7.57018 2.1 6.6 7.5 2.18301 6.6 7.5 2.1 6.66416
8.4 2.4 5.62235 8.1 2.7 5.69256 8.4 2.7 5.54971
8.4 3 5.55355 8.4 2.33584 5.7 8.30202 2.4 5.7
8.1 2.6875 5.7 8.47018 2.4 5.7 8.4 2.4 5.78301
8.09286 2.7 5.7 8.1 2.70994 5.7 8.1 2.7 5.72491
8.5421 2.7 5.7 8.23668 3 5.7 8.5842 3 5.7
8.4 3.27996 5.7 8.7 3 5.92016 8.4 3.3 5.72004
8.7 3.3 5.82036 8.4 3.6 5.90663 8.7 3.6 5.93584
7.8 2.4 6.20012 8.4 2.58823 6 8.21679 2.7 6
8.1 2.7 6.09729 8.51177 2.7 6 8.4 2.7 6.09647
8.7 2.93577 6 8.22877 3 6 8.4 3 6.18755
8.75043 3 6 8.7 3 6.05358 8.26218 3.3 6
8.4 3.3 6.13782 8.86836 3.3 6 8.7 3.3 6.15
8.30663 3.6 6 8.4 3.71656 6 8.4 3.6 6.09337
8.861 3.6 6 8.7 3.66416 6 8.7 3.6 6.06416
7.8 2.26714 6.3 7.68584 2.4 6.3 7.98308 2.4 6.3
7.8 2.56645 6.3 7.8 2.4 6.44937 8.1 2.50581 6.3
7.92191 2.7 6.3 8.2159 2.7 6.3 8.1 2.99128 6.3
8.1 2.7 6.40781 9.6 4.5 8.69621 9.6 4.49499 8.7
9.59621 4.5 8.7 9.60379 4.5 8.7 9.6 4.50379 8.7
9.6 4.41065 9 9.53048 4.5 9 9.66952 4.5 9
9.6 4.56952 9 9.6 4.49453 9.3 9.59545 4.5 9.3
9.60295 4.5 9.3 9.6 4.50295 9.3 9.6 4.5 9.30644
9.3 4.5 9.84558 9.3 4.4098 9.9 9.3 4.2 10.1556
9.26468 4.5 9.9 9.34373 4.5 9.9 9.3 4.53532 9.9
9.3 4.5 10.1091 9.3 4.18464 10.2 9.28287 4.2 10.2
9 4.2 10.3638 9.31536 4.2 10.2 9.3 4.34462 10.2
9.3 4.2 10.2171 9 4.07234 10.5 8.86028 4.2 10.5
8.7 4.2 10.6803 9.13619 4.2 10.5 9 4.3743 10.5
9 4.2 10.6575 8.7 4.02765 10.8 8.58694 4.2 10.8
8.83709 4.2 10.8 8.7 4.33266 10.8 8.7 4.2 10.9197
9.9 4.5 7.48947 9.6 4.8 7.32102 9.6 5.1 7.48839
9.9 4.49286 7.5 9.88947 4.5 7.5 9.6 4.65476 7.5
9.90714 4.5 7.5 9.9 4.51053 7.5 9.9 4.5 7.51536
9.47587 4.8 7.5 9.74524 4.8 7.5 9.59368 5.1 7.5
9.60632 5.1 7.5 9.6 5.11108 7.5 9.6 4.68318 7.8
9.51677 4.8 7.8 9.73782 4.8 7.8 9.58464 5.1 7.8
9.61536 5.1 7.8 9.6 5.11536 7.8 9.6 4.67138 8.1
9.50663 4.8 8.1 9.74346 4.8 8.1 9.53584 5.1 8.1
9.66416 5.1 8.1 9.6 5.16416 8.1 9.6 4.63995 8.4
9.45 4.8 8.4 9.74135 4.8 8.4 9.54188 5.1 8.4
9.65087 5.1 8.4 9.6 5.15087 8.4 9.6 5.1 8.50517
9 5.7 8.6377 9.6 4.68726 8.7 9.42862 4.8 8.7
9.71274 4.8 8.7 9.6 4.98425 8.7 9.3 5.1 8.91013
9 5.63788 8.7 9 5.4 8.87468 8.94913 5.7 8.7
9.05267 5.7 8.7 9 5.75087 8.7 9 5.7 8.79733
9.6 4.75243 9 9.47714 4.8 9 9.3 4.97585 9
9.3 4.8 9.0641 9.64141 4.8 9 9.6 4.84294 9
9.6 4.8 9.10149 9.25795 5.1 9 9 5.29219 9
9.34359 5.1 9 9.3 5.14205 9 9.3 5.1 9.1206
8.8841 5.4 9 8.7 5.4 9.2536 9.10781 5.4 9
9 5.57065 9 9 5.4 9.10781 9.3 4.65 9.3
9.16218 4.8 9.3 9.5192 4.8 9.3 9.3 5.0334 9.3
8.7 5.35795 9.3 8.65795 5.4 9.3 8.74205 5.4 9.3
8.7 5.47454 9.3 9.3 4.62877 9.6 9.15551 4.8 9.6
9.47902 4.8 9.6 9.3 4.95978 9.6 8.7 5.35795 9.6
8.62513 5.4 9.6 8.74205 5.4 9.6 8.7 5.4464 9.6
8.7 5.4 9.70331 9.3 4.64695 9.9 9.16156 4.8 9.9
9 4.8 10.1096 9.4234 4.8 9.9 9.3 4.92036 9.9
9.3 4.8 10.0996 9 4.69685 10.2 9 4.5 10.3957
8.92437 4.8 10.2 8.7 4.8 10.4066 9.15 4.8 10.2
9 4.87563 10.2 9 4.42341 10.5 8.88235 4.5 10.5
8.7 4.66213 10.5 8.7 4.5 10.6517 9.07659 4.5 10.5
9 4.5 10.5834 8.60663 4.8 10.5 8.4 4.8 10.7739
8.7 4.89337 10.5 8.7 4.8 10.7215 9.04141 4.8 10.5
9 4.84141 10.5 9 4.8 10.5429 8.7 4.3974 10.8
8.1 4.5 11.0409 8.52163 4.5 10.8 8.4 4.73652 10.8
8.4 4.5 10.9112 8.81053 4.5 10.8 8.7 4.72934 10.8
8.7 4.5 10.9139 8.37394 4.8 10.8 8.51179 4.8 10.8
8.4 4.82606 10.8 8.4 4.8 10.8325 6.9 3.6 11.3168
7.2 3.6 11.3846 7.5 3.9 11.2918 7.5 4.2 11.3013
7.8 4.2 11.2562 8.1 4.27697 11.1 8.4 4.36949 11.1
7.5 4.5 11.2869 8.03279 4.5 11.1 7.8 4.5 11.3425
8.1 4.58041 11.1 8.1 4.5 11.2098 8.52441 4.5 11.1
8.4 4.63051 11.1 8.4 4.5 11.2127 6.9 3.47993 11.4
7.2 3.58464 11.4 6.80965 3.6 11.4 6.9 3.69337 11.4
7.21763 3.6 11.4 7.2 3.7107 11.4 7.2 3.6 11.5446
7.5 3.78156 11.4 6.9 3.9 11.6197 7.24219 3.9 11.4
7.2 3.9 11.4444 7.69348 3.9 11.4 7.5 3.9 11.5257
7.8 3.98525 11.4 7.38053 4.2 11.4 7.2 4.2 11.5528
7.5 4.2 11.5436 7.97862 4.2 11.4 7.8 4.2 11.5316
7.34395 4.5 11.4 7.2 4.5 11.6322 7.5 4.61606 11.4
7.5 4.5 11.5161 7.89641 4.5 11.4 7.8 4.55206 11.4
7.8 4.5 11.4503 6.9 3.46782 11.7 6.76782 3.6 11.7
7.17861 3.6 11.7 6.9 3.6 11.8291 7.2 3.62951 11.7
6.81974 3.9 11.7 6.9 3.98525 11.7 6.9 3.9 11.7803
7.32138 3.9 11.7 7.2 3.9 11.8041 7.05681 4.2 11.7
7.37161 4.2 11.7 7.2 4.2 11.825 7.15239 4.5 11.7
7.24359 4.5 11.7 7.2 4.54205 11.7 7.2 4.5 11.742
9.6 4.2 7.78287 9.3 4.5 7.77069 9.6 4.5 7.66101
9.3 4.8 7.55391 9.6 4.18464 7.8 9.58209 4.2 7.8
9.3 4.47282 7.8 9.61536 4.2 7.8 9.6 4.2 7.86535
9.27658 4.5 7.8 9.3 4.5 7.88794 9.7026 4.5 7.8
9.6 4.67253 7.8 9.09895 4.8 7.8 9.51247 4.8 7.8
9.3 4.97915 7.8 9.6 4.29002 8.1 9.39337 4.5 8.1
9.3 4.55267 8.1 9.69337 4.5 8.1 9.6 4.65 8.1
9.6 4.5 8.25507 9.13831 4.8 8.1 9.50391 4.8 8.1
9.3 5.00391 8.1 9.3 4.67274 8.4 9.22844 4.8 8.4
9.37804 4.8 8.4 9.3 4.89558 8.4 9.3 4.8 8.51189
9 5.1 7.70704 9 4.95048 7.8 8.87668 5.1 7.8
9.09296 5.1 7.8 9 5.19296 7.8 9 4.89691 8.1
8.81245 5.1 8.1 9.14135 5.1 8.1 9 5.29353 8.1
9.3 5.1 8.38464 9 5.4 8.20974 9 4.8785 8.4
9.3 5.06601 8.4 8.83782 5.1 8.4 9.31536 5.1 8.4
9.3 5.14039 8.4 8.80974 5.4 8.4 9.21305 5.4 8.4
9 5.53782 8.4 9 4.93346 8.7 9.3 4.95987 8.7
8.85865 5.1 8.7 9.36416 5.1 8.7 9.3 5.16631 8.7
9.3 5.1 8.77018 8.87195 5.4 8.7 9.12805 5.4 8.7
9 5.52497 8.7 9 5.4 8.86276 9 5.01715 9
8.92389 5.1 9 9.08285 5.1 9 9 5.20826 9
9 5.1 9.07611 9.3 5.4 7.13935 9 5.1 7.44212
9.3 5.20256 7.2 9.3 5.1 7.22534 9.23608 5.4 7.2
9.34205 5.4 7.2 9.3 5.4464 7.2 9 5.05243 7.5
9.3 4.95644 7.5 8.95859 5.1 7.5 9 5.15788 7.5
9 5.1 7.57388 9.46485 5.1 7.5 9.17916 5.4 7.5
9.39337 5.4 7.5 9.3 5.50095 7.5 9.3 4.97915 7.8
9.13142 5.1 7.8 9.42413 5.1 7.8 9.15794 5.4 7.8
9.38067 5.4 7.8 9.3 5.47659 7.8 9.3 5.00663 8.1
9.19905 5.1 8.1 9.39337 5.1 8.1 9.3 5.1 8.22862
9.10159 5.4 8.1 9.38323 5.4 8.1 9.3 5.48323 8.1
9.3 5.4 8.20519 9 5.4 7.17394 9 5.37394 7.2
8.92962 5.4 7.2 8.7 5.4 7.3159 9.02606 5.4 7.2
9 5.4302 7.2 8.7 5.26983 7.5 9 5.26771 7.5
8.60093 5.4 7.5 8.7 5.56159 7.5 9.10781 5.4 7.5
9 5.55 7.5 9 5.4 7.69419 8.7 5.7 7.62333
8.7 5.22578 7.8 8.48941 5.4 7.8 8.92337 5.4 7.8
8.56657 5.7 7.8 8.81919 5.7 7.8 8.7 5.81308 7.8
8.7 5.27234 8.1 8.47399 5.4 8.1 8.84622 5.4 8.1
8.41309 5.7 8.1 8.4 5.7 8.1125 8.80446 5.7 8.1
8.7 5.81038 8.1 8.7 5.3681 8.4 8.58586 5.4 8.4
8.4 5.47702 8.4 8.7319 5.4 8.4 8.7 5.4 8.43534
8.2841 5.7 8.4 8.4 5.87115 8.4 8.87225 5.7 8.4
8.7 5.90827 8.4 8.7 6 8.51149 8.4 5.57124 8.7
8.7 5.57902 8.7 8.22632 5.7 8.7 8.4 5.86731 8.7
8.81275 5.7 8.7 8.7 5.7 8.90663 8.528 6 8.7
8.82497 6 8.7 8.7 6.12497 8.7 8.7 6 8.83346
8.4 5.67466 9 8.37466 5.7 9 8.47597 5.7 9
8.4 5.72534 9 8.4 5.65795 9.3 8.3536 5.7 9.3
8.44359 5.7 9.3 8.4 5.74205 9.3 8.4 5.7 9.35891
9 5.7 7.50449 9 5.47634 7.8 8.84778 5.7 7.8
9.14356 5.7 7.8 9 5.88115 7.8 9 5.50734 8.1
8.80734 5.7 8.1 9.14685 5.7 8.1 9 5.9829 8.1
9 5.7 8.26143 8.4 5.4 7.18373 8.4 5.38542 7.2
8.38247 5.4 7.2 8.1 5.4 7.39411 8.44296 5.4 7.2
8.4 5.43523 7.2 8.1 5.30704 7.5 8.4 5.25865 7.5
7.97993 5.4 7.5 8.1 5.56171 7.5 8.1 5.4 7.64952
8.56683 5.4 7.5 8.4 5.57902 7.5 8.4 5.4 7.65978
9.3 3.9 7.70132 9.6 3.9 7.71677 9.3 4.2 7.66587
9.3 3.3 7.93309 9.3 3.70708 7.8 9.3 3.6 7.86416
9.6 3.74944 7.8 9.20132 3.9 7.8 9.68323 3.9 7.8
9.6 3.99337 7.8 9.14488 4.2 7.8 9 4.2 8.02708
9.44628 4.2 7.8 9.3 4.47156 7.8 9.3 4.5 7.88794
8.7 2.7 8.32844 8.7 3 8.35795 9 3 8.10516
9.3 3.142 8.1 9.17124 3.3 8.1 9 3.3 8.31462
9.42877 3.3 8.1 9.14135 3.6 8.1 9 3.6 8.31462
9.51677 3.6 8.1 9.6 3.73782 8.1 9.11582 3.9 8.1
9 4.11651 8.1 9 3.9 8.30025 9.69337 3.9 8.1
9.6 4.05507 8.1 9.6 3.9 8.3215 8.94145 4.2 8.1
9 4.36286 8.1 9.50827 4.2 8.1 9.15 4.5 8.1
9.35087 4.5 8.1 9.3 4.55087 8.1 8.7 2.62844 8.4
8.62844 2.7 8.4 8.4 2.7 8.56836 8.84075 2.7 8.4
9 2.78096 8.4 8.65795 3 8.4 8.7 3.04205 8.4
9.16525 3 8.4 9.3 3.16949 8.4 8.9215 3.3 8.4
9.41274 3.3 8.4 8.9215 3.6 8.4 8.7 3.6 8.68542
9.4922 3.6 8.4 8.92844 3.9 8.4 9.55859 3.9 8.4
8.88256 4.2 8.4 9 4.41083 8.4 9.53584 4.2 8.4
9.11706 4.5 8.4 9 4.5 8.46416 9.3895 4.5 8.4
9.3 4.5895 8.4 8.1 2.4 8.98542 8.4 2.49831 8.7
8.4 2.4 8.89535 8.7 2.5445 8.7 8.25978 2.7 8.7
8.1 2.7 8.85355 8.4 2.99369 8.7 8.86143 2.7 8.7
9 2.84406 8.7 8.1 3 8.9979 8.40631 3 8.7
8.4 3 8.70692 8.7 3.27929 8.7 9.1445 3 8.7
9.3 3.20391 8.7 8.4 3.3 8.98464 8.71644 3.3 8.7
8.7 3.45946 8.7 8.7 3.3 8.71644 9.39337 3.3 8.7
8.68542 3.6 8.7 8.7 3.62003 8.7 9.47964 3.6 8.7
8.82497 3.9 8.7 8.7 3.9 8.85477 9.50663 3.9 8.7
8.83164 4.2 8.7 8.7 4.2 8.86949 9.50663 4.2 8.7
8.78907 4.5 8.7 8.7 4.5 8.82367 9 4.66836 8.7
9.41274 4.5 8.7 9.3 4.61572 8.7 9 4.8 8.97929
8.1 2.38542 9 8.4 2.34913 9 8.08373 2.4 9
7.8 2.4 9.20965 8.45087 2.4 9 8.4 2.4 9.13626
8.7 2.56218 9 7.5 2.7 9.24145 7.89959 2.7 9
7.8 2.7 9.08907 8.83782 2.7 9 9 2.87964 9
8.09745 3 9 7.8 3 9.15385 8.1 3.0021 9
9.12036 3 9 9.3 3.24913 9 8.38464 3.3 9
8.1 3.3 9.19219 8.4 3.32975 9 9.35087 3.3 9
9.3 3.3 9.10966 8.50148 3.6 9 8.4 3.6 9.11198
9.46525 3.6 9 8.5766 3.9 9 8.4 3.9 9.21467
9.50663 3.9 9 8.58726 4.2 9 8.4 4.2 9.28464
9.50093 4.2 9 8.58726 4.5 9 8.7 4.67138 9
9.41274 4.5 9 9.3 4.642 9 8.4 4.8 9.13724
8.96589 4.8 9 8.7 4.8 9.09337 9.02389 4.8 9
9 4.81756 9 8.7 5.1 9.24609 9 5.1 9.28359
7.8 2.31677 9.3 8.1 2.30663 9.3 7.70457 2.4 9.3
7.5 2.63173 9.3 7.5 2.4 9.47326 8.29443 2.4 9.3
8.4 2.4591 9.3 8.7 2.59554 9.3 7.44145 2.7 9.3
7.2 2.7 9.49554 7.5 2.91732 9.3 8.80446 2.7 9.3
9 2.88726 9.3 7.2 3 9.45865 7.53166 3 9.3
7.5 3 9.32534 7.8 3.16156 9.3 9.11274 3 9.3
7.2 3.3 9.54913 7.5 3.3 9.47964 7.96329 3.3 9.3
7.8 3.3 9.4234 8.1 3.50271 9.3 9.2215 3.3 9.3
9.3 3.39357 9.3 7.8 3.6 9.48927 8.17394 3.6 9.3
8.1 3.6 9.36576 9.43475 3.6 9.3 8.31467 3.9 9.3
8.1 3.9 9.4766 9.50093 3.9 9.3 8.38464 4.2 9.3
8.1 4.2 9.49554 8.4 4.26341 9.3 9.4766 4.2 9.3
8.1 4.5 9.5215 8.45027 4.5 9.3 8.4 4.56598 9.3
8.4 4.5 9.35027 9.39907 4.5 9.3 9.3 4.61015 9.3
8.27503 4.8 9.3 8.4 4.97788 9.3 9.16218 4.8 9.3
8.61178 5.1 9.3 8.7 5.15087 9.3 9.01536 5.1 9.3
9 5.11536 9.3 9 5.1 9.44462 7.5 2.28726 9.6
7.8 2.25644 9.6 8.1 2.30663 9.6 7.36692 2.4 9.6
7.2 2.57571 9.6 7.2 2.4 9.7815 8.26813 2.4 9.6
8.4 2.4785 9.6 8.7 2.6215 9.6 7.09554 2.7 9.6
8.7785 2.7 9.6 8.7 2.7 9.8246 9 2.94429 9.6
7.04645 3 9.6 6.9 3 9.80711 9.05571 3 9.6
9 3 9.68975 7.14188 3.3 9.6 6.9 3.3 9.77559
7.2 3.35087 9.6 7.5 3.49122 9.6 9.16836 3.3 9.6
9.3 3.49012 9.6 6.9 3.6 9.87466 7.2 3.6 9.77532
7.62137 3.6 9.6 7.5 3.6 9.68279 7.8 3.81994 9.6
9.39337 3.6 9.6 9.3 3.6 9.80754 7.2 3.9 9.81093
7.5 3.9 9.73782 7.87007 3.9 9.6 7.8 3.9 9.65087
9.43782 3.9 9.6 7.2 4.2 9.82844 7.5 4.2 9.75
7.95366 4.2 9.6 7.8 4.2 9.70781 9.41582 4.2 9.6
7.5 4.5 9.75315 7.98884 4.5 9.6 7.8 4.5 9.71274
8.1 4.74215 9.6 9.36416 4.5 9.6 9.3 4.56416 9.6
9.3 4.5 9.70708 8.12342 4.8 9.6 8.1 4.8 9.62931
8.4 5.00459 9.6 9.14685 4.8 9.6 9 5.0829 9.6
8.55236 5.1 9.6 8.4 5.1 9.80065 8.96589 5.1 9.6
8.7 5.19337 9.6 7.2 2.30093 9.9 7.5 2.25315 9.9
7.8 2.28418 9.9 8.1 2.30663 9.9 7.10093 2.4 9.9
8.22084 2.4 9.9 8.4 2.52036 9.9 6.97156 2.7 9.9
6.9 2.83534 9.9 6.9 2.7 9.98916 8.6681 2.7 9.9
8.7 2.7319 9.9 6.81722 3 9.9 8.89554 3 9.9
9 3.11808 9.9 6.78726 3.3 9.9 9.13544 3.3 9.9
6.87466 3.6 9.9 6.9 3.62815 9.9 9.24973 3.6 9.9
9.3 3.69246 9.9 7.10353 3.9 9.9 6.9 3.9 10.0995
9.39337 3.9 9.9 9.3 3.9 10.0041 7.12844 4.2 9.9
7.2 4.3359 9.9 9.34141 4.2 9.9 9.3 4.27388 9.9
9.3 4.2 9.94293 7.28487 4.5 9.9 7.2 4.5 9.9924
7.5 4.66143 9.9 7.8 4.77466 9.9 9.20132 4.5 9.9
7.5 4.8 10.0609 7.83166 4.8 9.9 7.8 4.8 9.92534
8.1 4.93475 9.9 9.13164 4.8 9.9 9 4.94615 9.9
9 4.8 10.1096 8.34178 5.1 9.9 8.4 5.15627 9.9
8.80633 5.1 9.9 8.7 5.19337 9.9 8.7 5.1 10.1892
7.2 2.30663 10.2 7.5 2.29219 10.2 7.8 2.30663 10.2
8.1 2.3681 10.2 7.02216 2.4 10.2 6.9 2.48859 10.2
7.8 2.4 10.3718 8.13311 2.4 10.2 8.1 2.4 10.2331
8.4 2.55 10.2 6.77234 2.7 10.2 8.5766 2.7 10.2
8.4 2.7 10.4737 8.7 2.83462 10.2 6.73164 3 10.2
6.6 3 10.4226 8.83857 3 10.2 8.7 3 10.4123
9 3.24794 10.2 6.72468 3.3 10.2 6.6 3.3 10.417
9.05027 3.3 10.2 9 3.3 10.2553 6.75 3.6 10.2
9.15 3.6 10.2 9 3.6 10.3843 6.80704 3.9 10.2
6.9 4.02815 10.2 9.16218 3.9 10.2 9 3.9 10.4109
7.01274 4.2 10.2 6.9 4.2 10.3973 9.1445 4.2 10.2
9 4.2 10.3598 7.06218 4.5 10.2 7.2 4.72783 10.2
9.11274 4.5 10.2 9 4.69233 10.2 9 4.5 10.3157
7.28238 4.8 10.2 7.5 4.93317 10.2 7.8 4.97503 10.2
8.1 5.09505 10.2 8.92437 4.8 10.2 8.7 5.09505 10.2
8.7 4.8 10.3974 8.11075 5.1 10.2 8.68925 5.1 10.2
8.4 5.19337 10.2 8.4 5.1 10.3238 7.2 2.30663 10.5
7.5 2.31677 10.5 7.0367 2.4 10.5 6.9 2.48233 10.5
7.2 2.4 10.6041 7.65976 2.4 10.5 7.5 2.4 10.5934
7.8 2.47563 10.5 8.1 2.54685 10.5 6.74135 2.7 10.5
6.6 2.92982 10.5 8.37466 2.7 10.5 8.4 2.72534 10.5
6.53584 3 10.5 8.62389 3 10.5 8.4 3 10.7929
8.7 3.09703 10.5 6.53584 3.3 10.5 6.6 3.38638 10.5
8.83317 3.3 10.5 8.7 3.3 10.6545 6.72066 3.6 10.5
6.6 3.6 10.691 8.88726 3.6 10.5 8.7 3.6 10.6873
6.73782 3.9 10.5 8.91093 3.9 10.5 8.7 3.9 10.6796
6.82844 4.2 10.5 6.9 4.27156 10.5 6.9 4.2 10.6075
8.85624 4.2 10.5 8.7 4.2 10.65 7.11093 4.5 10.5
7.2 4.59959 10.5 7.2 4.5 10.5996 8.80149 4.5 10.5
8.7 4.64561 10.5 8.7 4.5 10.6015 7.35624 4.8 10.5
7.5 4.93164 10.5 7.5 4.8 10.7604 7.8 4.95315 10.5
8.1 5.00132 10.5 8.58947 4.8 10.5 8.4 4.97422 10.5
8.4 4.8 10.6841 6.9 2.56456 10.8 7.2 2.53782 10.8
7.5 2.53782 10.8 7.8 2.55315 10.8 8.1 2.6315 10.8
6.75594 2.7 10.8 6.6 2.89905 10.8 6.9 2.7 11.0128
7.8 2.7 11.0496 8.17075 2.7 10.8 8.1 2.7 10.8708
6.50663 3 10.8 6.6 3 11.0316 8.39286 3 10.8
8.1 3 11.0647 8.4 3.01053 10.8 6.50663 3.3 10.8
8.55 3.3 10.8 8.4 3.3 10.9288 6.51677 3.6 10.8
6.6 3.78527 10.8 8.56949 3.6 10.8 8.4 3.6 10.9438
6.65763 3.9 10.8 6.9 4.09219 10.8 8.1 3.9 11.0747
8.542 3.9 10.8 8.4 3.9 10.9157 7.04469 4.2 10.8
7.2 4.32441 10.8 7.2 4.2 11.0601 8.1 4.2 11.0491
8.52441 4.2 10.8 8.4 4.2 10.9127 7.36332 4.5 10.8
7.5 4.757 10.8 8.1 4.5 11.0409 8.48096 4.5 10.8
8.4 4.61616 10.8 8.4 4.5 10.8785 7.5319 4.8 10.8
7.8 4.95 10.8 7.8 4.8 11.0658 8.27841 4.8 10.8
8.1 4.93544 10.8 8.1 4.8 10.9565 7.2 2.56836 11.1
7.5 2.57503 11.1 6.99037 2.7 11.1 6.9 2.77563 11.1
7.2 2.7 11.2316 7.73597 2.7 11.1 7.5 2.7 11.225
7.8 2.7557 11.1 6.63532 3 11.1 6.6 3.06839 11.1
6.9 3 11.25 7.2 3 11.25 7.5 3 11.25
8.05929 3 11.1 7.8 3 11.2378 8.1 3.11857 11.1
6.50663 3.3 11.1 6.6 3.3 11.1934 6.9 3.3 11.2532
7.2 3.3 11.2622 7.5 3.3 11.25 7.8 3.3 11.2378
8.15593 3.3 11.1 8.1 3.3 11.1509 6.50663 3.6 11.1
6.6 3.72862 11.1 6.6 3.6 11.2066 6.9 3.6 11.3009
7.2 3.6 11.3066 7.5 3.6 11.2532 7.8 3.6 11.2378
8.15812 3.6 11.1 8.1 3.80663 11.1 8.1 3.6 11.1509
6.75531 3.9 11.1 6.9 4.01073 11.1 6.9 3.9 11.2107
7.2 4.17466 11.1 7.2 3.9 11.2684 7.5 3.9 11.2684
8.07062 3.9 11.1 7.8 3.9 11.2378 7.22534 4.2 11.1
7.5 4.2 11.2553 8.04188 4.2 11.1 7.8 4.2 11.2378
7.40093 4.5 11.1 7.5 4.61239 11.1 7.5 4.5 11.2038
8.03279 4.5 11.1 7.8 4.76054 11.1 7.8 4.5 11.2378
6.6 4.5 10.4066 6.6 4.8 10.4168 6.9 4.8 10.3873
7.2 4.8 10.3535 6.9 5.1 10.3922 7.2 5.1 10.3468
7.5 5.1 10.3413 7.8 5.1 10.3234 8.1 5.1 10.3903
7.2 5.4 10.3955 7.5 5.4 10.3462 7.8 5.4 10.3436
8.1 5.4 10.3331 6.6 4.26839 10.5 6.6 4.2 10.5353
6.9 4.2 10.6633 6.43187 4.5 10.5 6.3 4.5 10.5971
6.69609 4.5 10.5 6.9 4.68428 10.5 7.2 4.59959 10.5
7.2 4.5 10.6757 6.4907 4.8 10.5 6.3 4.8 10.6323
6.6 5.0147 10.5 7.35624 4.8 10.5 7.5 4.93164 10.5
7.5 4.8 10.7604 7.8 4.95315 10.5 8.1 5.00132 10.5
6.3 5.1 10.7491 6.66415 5.1 10.5 6.6 5.1 10.5397
6.9 5.25 10.5 8.20998 5.1 10.5 6.6 5.4 10.758
7.05366 5.4 10.5 6.9 5.4 10.6078 7.2 5.5158 10.5
7.5 5.5841 10.5 7.8 5.60663 10.5 8.23218 5.4 10.5
8.1 5.54739 10.5 8.1 5.4 10.6819 6.6 3.99296 10.8
6.6 3.9 10.9495 6.9 4.09219 10.8 6.35027 4.2 10.8
6.3 4.26411 10.8 6.3 4.2 10.9489 7.04469 4.2 10.8
6.9 4.41994 10.8 7.2 4.4005 10.8 7.2 4.2 11.0765
6.17234 4.5 10.8 6.84913 4.5 10.8 7.02179 4.5 10.8
6.9 4.55087 10.8 6.9 4.5 10.8735 7.28875 4.5 10.8
7.2 4.5 10.9194 7.5 4.757 10.8 6.15693 4.8 10.8
7.5319 4.8 10.8 7.8 4.95 10.8 8.1 5.05859 10.8
6.24913 5.1 10.8 6.3 5.15087 10.8 7.8 5.1 11.0215
8.14141 5.1 10.8 8.1 5.17388 10.8 8.1 5.1 10.8414
6.55795 5.4 10.8 6.6 5.44205 10.8 6.9 5.57964 10.8
7.2 5.60663 10.8 7.5 5.60663 10.8 7.99353 5.4 10.8
7.8 5.57587 10.8 7.8 5.4 10.9742 6.6 3.80663 11.1
6.49586 3.9 11.1 6.3 4.14188 11.1 6.73385 3.9 11.1
6.9 4.01073 11.1 6.9 3.9 11.2229 7.2 4.18542 11.1
6.24913 4.2 11.1 6.3 4.2 11.183 7.21458 4.2 11.1
7.2 4.23047 11.1 6.15865 4.5 11.1 6.3 4.5 11.3817
7.07456 4.5 11.1 7.2 4.59337 11.1 7.5 4.62254 11.1
6.14135 4.8 11.1 7.66311 4.8 11.1 7.5 4.8 11.237
6.14289 5.1 11.1 6.3 5.24376 11.1 7.71171 5.1 11.1
7.5 5.1 11.25 6.54188 5.4 11.1 6.6 5.45087 11.1
6.6 5.4 11.1559 6.9 5.51572 11.1 6.9 5.4 11.2244
7.2 5.52877 11.1 7.2 5.4 11.2288 7.5598 5.4 11.1
7.5 5.44141 11.1 7.5 5.4 11.1414 6.6 3.75415 11.4
6.9 3.76064 11.4 6.47629 3.9 11.4 6.6 3.9 11.5237
7.1596 3.9 11.4 6.9 3.9 11.5427 7.2 4.11338 11.4
6.41245 4.2 11.4 6.6 4.2 11.5641 6.9 4.2 11.5654
7.22516 4.2 11.4 7.2 4.21518 11.4 7.2 4.2 11.4146
6.31644 4.5 11.4 6.3 4.53935 11.4 6.6 4.5 11.5532
7.03475 4.5 11.4 6.9 4.5 11.5402 7.2 4.71421 11.4
6.21421 4.8 11.4 6.3 4.8 11.4832 6.6 4.8 11.5378
6.9 4.8 11.55 7.29337 4.8 11.4 7.2 4.8 11.4832
6.22144 5.1 11.4 6.3 5.17205 11.4 6.3 5.1 11.4721
6.6 5.23995 11.4 6.6 5.1 11.5314 6.9 5.21385 11.4
6.9 5.1 11.5026 7.27275 5.1 11.4 7.2 5.17018 11.4
7.2 5.1 11.4642 7.8 6.3 9.58464 7.2 6 9.82099
7.5 6 9.77138 7.8 6.27533 9.6 7.8 6 9.77138
8.1 6 9.71929 8.4 6 9.73782 7.75557 6.3 9.6
7.5 6.3 9.69498 7.84443 6.3 9.6 7.8 6.31536 9.6
8.1 6.3 9.70204 7.2 5.92341 9.9 7.5 5.90663 9.9
7.8 5.90663 9.9 8.1 5.85693 9.9 8.4 5.80781 9.9
8.4 5.7 10.1875 7.11664 6 9.9 6.9 6 10.099
7.2 6.28008 9.9 8.55 6 9.9 8.4 6.16836 9.9
7.21053 6.3 9.9 7.2 6.3 9.91536 7.5 6.42036 9.9
7.8 6.45 9.9 8.23051 6.3 9.9 8.1 6.41274 9.9
8.4 5.69286 10.2 6.9 5.90663 10.2 7.2 5.87234 10.2
7.5 5.90663 10.2 7.8 5.90663 10.2 8.39286 5.7 10.2
8.1 5.86456 10.2 8.40799 5.7 10.2 6.79367 6 10.2
6.6 6 10.3654 6.9 6.15457 10.2 8.56218 6 10.2
8.4 6.16218 10.2 7.04543 6.3 10.2 7.2 6.39337 10.2
7.5 6.43782 10.2 7.8 6.45 10.2 8.2158 6.3 10.2
8.1 6.40446 10.2 8.4 5.61677 10.5 6.3 5.7 10.7929
6.6 5.85 10.5 6.6 5.7 10.7299 6.9 5.81274 10.5
7.2 5.85 10.5 7.5 5.86218 10.5 7.8 5.8555 10.5
8.291 5.7 10.5 8.1 5.82066 10.5 8.1 5.7 10.6636
8.48579 5.7 10.5 6.47964 6 10.5 6.6 6.13225 10.5
6.9 6.20663 10.5 8.47563 6 10.5 8.4 6.07803 10.5
8.4 6 10.5872 7.06218 6.3 10.5 7.2 6.38323 10.5
7.2 6.3 10.65 7.5 6.42766 10.5 7.8 6.43164 10.5
7.8 6.3 10.7386 8.12633 6.3 10.5 8.1 6.32534 10.5
8.1 6.3 10.5302 6 5.4 11.0491 6.3 5.69006 10.8
6.3 5.4 10.9882 6.6 5.64913 10.8 8.1 5.5841 10.8
8.1 5.4 11.092 8.4 5.67062 10.8 6.29286 5.7 10.8
6.3 5.71421 10.8 6.70414 5.7 10.8 6.9 5.78323 10.8
6.9 5.7 10.9378 7.2 5.82036 10.8 7.2 5.7 11.0299
7.5 5.82497 10.8 7.5 5.7 10.9775 7.89729 5.7 10.8
7.8 5.76363 10.8 7.8 5.7 10.8739 8.42534 5.7 10.8
8.4 5.73024 10.8 8.4 5.7 10.8302 6.39868 6 10.8
6.6 6.15315 10.8 6.9 6.18726 10.8 7.2 6.21677 10.8
7.8 6.24973 10.8 8.25594 6 10.8 8.1 6.15594 10.8
8.1 6 10.9665 7.39585 6.3 10.8 7.65106 6.3 10.8
7.5 6.35087 10.8 7.5 6.3 10.8559 6 5.31178 11.1
6.3 5.30041 11.1 8.1 5.39286 11.1 5.94913 5.4 11.1
6 5.47007 11.1 6 5.4 11.1934 6.39173 5.4 11.1
6.6 5.5766 11.1 6.9 5.60663 11.1 7.2 5.64913 11.1
7.2 5.4 11.3409 7.5 5.59812 11.1 7.5 5.4 11.2766
8.08579 5.4 11.1 7.8 5.51198 11.1 7.8 5.4 11.2264
8.10799 5.4 11.1 8.1 5.4 11.1117 6.1234 5.7 11.1
6.3 5.86143 11.1 6.3 5.7 11.3848 7.8 5.7 11.341
8.24355 5.7 11.1 8.1 5.8542 11.1 8.1 5.7 11.2322
6.47326 6 11.1 6.6 6.11274 11.1 6.6 6 11.221
6.9 6.13164 11.1 6.9 6 11.2438 7.2 6.1445 11.1
7.2 6 11.2535 7.5 6.14406 11.1 7.5 6 11.2441
7.9044 6 11.1 7.8 6.08278 11.1 7.8 6 11.1828
6.3 5.22159 11.4 7.2 5.33887 11.4 7.5 5.26775 11.4
7.8 5.27092 11.4 6.10633 5.4 11.4 6.55114 5.4 11.4
6.3 5.68247 11.4 6.3 5.4 11.5819 6.6 5.451 11.4
6.6 5.4 11.5621 7.07727 5.4 11.4 6.9 5.49734 11.4
6.9 5.4 11.5903 7.2 5.4 11.5637 7.5 5.4 11.55
7.95868 5.4 11.4 7.8 5.63091 11.4 7.8 5.4 11.5237
6.3184 5.7 11.4 6.6 5.84022 11.4 6.6 5.7 11.5438
6.9 5.83943 11.4 6.9 5.7 11.5394 7.2 5.85 11.4
7.2 5.7 11.5378 7.71789 5.7 11.4 7.5 5.81245 11.4
7.5 5.7 11.5045 6.6 5.36402 11.7 6.9 5.33308 11.7
6.53902 5.4 11.7 6.6 5.44147 11.7 6.6 5.4 11.736
7.05 5.4 11.7 6.9 5.45812 11.7 6.9 5.4 11.7509
6 2.4 9.57106 6.3 2.4 9.47138 6.3 2.7 9.49353
6.6 2.7 9.46925 6 2.37394 9.6 6.3 2.30663 9.6
5.97394 2.4 9.6 6 2.43356 9.6 6 2.4 9.63254
6.42862 2.4 9.6 6.3 2.4 9.80754 6.6 2.53451 9.6
6.18192 2.7 9.6 6.3 2.80148 9.6 6.72766 2.7 9.6
6.6 2.85752 9.6 6.6 3 9.76329 6.3 2.45529 9.9
6.6 2.56246 9.9 6.12132 2.7 9.9 6.3 2.85355 9.9
6.71274 2.7 9.9 6.6 2.7 10.05 6.48071 3 9.9
6.72184 3 9.9 6.6 3.10781 9.9 6.3 2.56218 10.2
6.1158 2.7 10.2 6.47559 2.7 10.2 6.3 2.86302 10.2
6.3 2.7 10.3565 6.6 2.88318 10.2 6.49509 3 10.2
6.68323 3 10.2 6.6 3.08323 10.2 6.6 3 10.2904
6 3.3 10.7234 6 3.21664 10.8 5.92341 3.3 10.8
6.07659 3.3 10.8 6 3.37659 10.8 6 3.3 10.8766
8.4 5.1 7.70663 7.8 5.4 7.71677 8.1 5.4 7.74373
7.8 5.7 7.73531 9 4.5 8.04913 8.4 4.98987 7.8
8.7 4.8 8.03961 9 4.8 8.00838 7.8 5.30663 7.8
8.23726 5.1 7.8 8.1 5.28682 7.8 8.62428 5.1 7.8
8.4 5.31803 7.8 8.7 5.1 7.86664 7.69481 5.4 7.8
8.27283 5.4 7.8 8.1 5.46859 7.8 8.4 5.4 7.92359
7.70596 5.7 7.8 7.87826 5.7 7.8 7.8 5.76469 7.8
8.1 5.7 7.94348 9 4.44913 8.1 8.89535 4.5 8.1
8.7 4.6856 8.1 8.7 4.5 8.24181 9.05087 4.5 8.1
8.45938 4.8 8.1 8.4 4.81644 8.1 8.4 4.8 8.12635
9.0591 4.8 8.1 9 4.8591 8.1 7.8 5.28428 8.1
8.1591 5.1 8.1 8.1 5.1591 8.1 8.80446 5.1 8.1
8.7 5.2158 8.1 7.67902 5.4 8.1 7.8 5.4 8.32403
8.4666 5.4 8.1 8.4 5.4666 8.1 7.59337 5.7 8.1
7.8 5.9215 8.1 8.25 5.7 8.1 8.1 5.84645 8.1
7.8 6 8.2035 8.1 6 8.37185 8.7 4.4105 8.4
9 4.43584 8.4 8.59758 4.5 8.4 8.4 4.673 8.4
8.7 4.5 8.61969 9.06416 4.5 8.4 9 4.5 8.46416
8.28726 4.8 8.4 9.0785 4.8 8.4 9 4.8785 8.4
8.12534 5.1 8.4 8.1 5.12534 8.4 8.1 5.1 8.45379
8.83782 5.1 8.4 8.7 5.26775 8.4 7.85087 5.4 8.4
7.8 5.45812 8.4 7.8 5.4 8.49733 8.46729 5.4 8.4
8.4 5.45043 8.4 8.7 5.4 8.53225 7.62441 5.7 8.4
8.23857 5.7 8.4 8.1 5.7 8.64037 7.66743 6 8.4
7.8 6.12066 8.4 7.8 6 8.65035 8.12534 6 8.4
8.1 6.02534 8.4 8.1 6 8.42534 8.4 4.71093 8.7
8.7 4.54035 8.7 9 4.70055 8.7 8.30353 4.8 8.7
8.1 5.00353 8.7 8.4 4.8 8.88321 9.09945 4.8 8.7
9 4.90727 8.7 9 4.8 8.92442 7.98851 5.1 8.7
7.8 5.28804 8.7 7.8 5.1 8.9901 8.85865 5.1 8.7
7.7105 5.4 8.7 8.1 5.64913 8.7 8.4 5.57124 8.7
8.84307 5.4 8.7 8.7 5.57559 8.7 7.62098 5.7 8.7
8.04407 5.7 8.7 7.8 5.96092 8.7 8.7 4.70663 9
7.8 5.09286 9 8.1 4.96456 9 8.512 4.8 9
8.4 4.86363 9 8.91904 4.8 9 8.7 4.8 9.09337
7.79286 5.1 9 7.8 5.1 9.00938 8.88765 5.1 9
8.7 5.1 9.23749 7.56902 5.4 9 7.8 5.4 9.2808
8.1 5.60663 9 8.4 5.60132 9 8.84135 5.4 9
8.7 5.55978 9 8.7 5.4 9.2536 7.59778 5.7 9
7.94493 5.7 9 7.8 5.79173 9 7.5 6 9.20687
8.1 5.05859 9.3 8.4 5.02196 9.3 8.04751 5.1 9.3
8.1 5.1 9.34141 8.56823 5.1 9.3 8.4 5.1 9.39173
7.81846 5.4 9.3 7.8 5.4257 9.3 8.1 5.63584 9.3
8.65795 5.4 9.3 8.4 5.60663 9.3 7.61293 5.7 9.3
7.5 5.875 9.3 8.016 5.7 9.3 7.8 5.93419 9.3
7.8 5.7 9.48952 8.1 5.7 9.41097 7.43048 6 9.3
7.68162 6 9.3 7.5 6.06952 9.3 7.5 6 9.38935
7.8 6 9.40159 8.1 5.32341 9.6 8.4 5.28389 9.6
8.02341 5.4 9.6 8.1 5.4 9.70884 8.52007 5.4 9.6
8.4 5.50711 9.6 8.4 5.4 9.72038 7.94042 5.7 9.6
7.8 5.85452 9.6 8.2093 5.7 9.6 8.1 5.84536 9.6
8.1 5.7 9.71546 7.69481 6 9.6 7.93135 6 9.6
7.8 6.09337 9.6 7.8 6 9.68579 6.3 3 9.85795
6.3 3.3 9.87466 6.6 3.3 9.85859 6 2.7 9.92847
6.3 2.9536 9.9 6.24331 3 9.9 6 3 10.0265
6.3464 3 9.9 6.6 3.25429 9.9 6.26161 3.3 9.9
6 3.3 10.1094 6.3 3.39337 9.9 6.64398 3.3 9.9
6.6 3.46365 9.9 6.3 3.6 9.9546 6.6 3.6 9.93532
6.3 3.9 10.02 6.6 3.9 10.0668 6 2.65859 10.2
5.95859 2.7 10.2 6.04141 2.7 10.2 6 2.7 10.2429
6.3 2.87503 10.2 5.85315 3 10.2 6.46276 3 10.2
6.6 3.13754 10.2 5.93584 3.3 10.2 6 3.38082 10.2
6.72468 3.3 10.2 6.6 3.3 10.417 6.13371 3.6 10.2
6 3.6 10.3903 6.75 3.6 10.2 6.18118 3.9 10.2
6.3 4.06815 10.2 6.72468 3.9 10.2 6.6 4.03668 10.2
6 2.87955 10.5 6.3 2.9215 10.5 5.88256 3 10.5
6 3 10.6205 6.38538 3 10.5 6.3 3 10.5938
5.85315 3.3 10.5 6 3.3 10.7039 6.53584 3.3 10.5
6.6 3.38638 10.5 5.9105 3.6 10.5 6 3.73295 10.5
6.72066 3.6 10.5 6.6 3.6 10.691 6.1158 3.9 10.5
6 3.9 10.6093 6.3 4.08985 10.5 6.73782 3.9 10.5
6.6 4.06775 10.5 6.6 3.9 10.7192 6.3 4.2 10.713
6.3 3.13137 10.8 6.09337 3.3 10.8 6 3.39337 10.8
6.46836 3.3 10.8 6.3 3.3 10.9793 5.85 3.6 10.8
6 3.6 11.0239 6.51677 3.6 10.8 5.85527 3.9 10.8
6 4.18441 10.8 6.52844 3.9 10.8 6.06072 4.2 10.8
6 4.2 10.8175 6.35027 4.2 10.8 6.3 4.26411 10.8
6.3 4.2 10.9489 6 4.5 11.0199 6 4.8 11.0729
6.3 3.43494 11.1 6.08769 3.6 11.1 6 3.69676 11.1
6.49367 3.6 11.1 6.3 3.6 11.2476 5.87503 3.9 11.1
6 3.9 11.228 6.45 3.9 11.1 6.3 4.14188 11.1
6.3 3.9 11.3192 5.86456 4.2 11.1 6.24037 4.2 11.1
6 4.2 11.3428 5.94913 4.5 11.1 6.05593 4.5 11.1
5.97394 4.8 11.1 6.02606 4.8 11.1 6 4.83573 11.1
6 4.34606 11.4 5.94913 4.5 11.4 6.07597 4.5 11.4
6 4.5 11.4509 5.94373 4.8 11.4 6.06174 4.8 11.4
6 4.87045 11.4 6 4.8 11.4563 6.3 3.9 9.88373
6.3 3.88373 9.9 6.28441 3.9 9.9 6.36072 3.9 9.9
6.3 3.98662 9.9 6.3 3.9 9.91458 6 3 9.79476
6 2.87425 9.9 5.90251 3 9.9 6.14865 3 9.9
6 3.12929 9.9 6 3 9.99749 8.1 5.1 9.74229
8.4 5.4 9.81677 8.1 4.99777 9.9 7.5 5.1 10.0986
7.9132 5.1 9.9 7.8 5.1 10.0348 8.28098 5.1 9.9
8.1 5.29726 9.9 8.1 5.1 10.1384 8.4 5.24088 9.9
7.8 5.4 10.0812 8.22364 5.4 9.9 8.1 5.4 9.99729
8.48323 5.4 9.9 8.4 5.48323 9.9 8.4 5.4 9.99035
7.5 4.98299 10.2 7.8 5.01677 10.2 7.40622 5.1 10.2
7.5 5.24437 10.2 7.5 5.1 10.2938 8.02263 5.1 10.2
7.8 5.1 10.2832 8.1 5.15765 10.2 7.63142 5.4 10.2
7.8 5.52993 10.2 7.8 5.4 10.3158 8.2159 5.4 10.2
8.1 5.55366 10.2 8.1 5.4 10.3078 8.7 4.2 8.31309
8.7 4.0836 8.4 8.7 3.9 8.54663 8.61309 4.2 8.4
8.4 4.2 8.68542 8.8164 4.2 8.4 8.7 4.33581 8.4
8.4 4.5 8.63167 8.4 3.6 8.96391 8.7 3.75415 8.7
8.51568 3.9 8.7 8.4 4.16762 8.7 8.4 3.9 8.79455
8.82066 3.9 8.7 8.7 3.9 8.85032 8.38542 4.2 8.7
8.1 4.2 8.93584 8.83164 4.2 8.7 8.7 4.39479 8.7
8.7 4.2 8.86949 8.33531 4.5 8.7 8.1 4.5 8.91093
8.5183 4.5 8.7 8.4 4.56469 8.7 8.4 3.56742 9
8.36391 3.6 9 8.1 3.6 9.27185 8.43382 3.6 9
8.4 3.6 9.03868 7.8 3.9 9.18726 8.17634 3.9 9
8.1 4.06055 9 8.1 3.9 9.07387 8.5734 3.9 9
8.4 3.9 9.21197 8.02055 4.2 9 7.8 4.2 9.13218
8.58726 4.2 9 8.4 4.2 9.28464 7.99107 4.5 9
7.8 4.5 9.13075 8.1 4.59173 9 8.58726 4.5 9
8.4 4.65865 9 8.1 3.57466 9.3 8.05562 3.6 9.3
7.8 3.74064 9.3 8.13024 3.6 9.3 8.1 3.6 9.32633
7.67326 3.9 9.3 7.5 3.9 9.47804 8.31467 3.9 9.3
8.1 3.9 9.4766 7.58533 4.2 9.3 7.5 4.2 9.38533
8.38464 4.2 9.3 8.1 4.2 9.49554 8.4 4.26341 9.3
7.56631 4.5 9.3 7.5 4.5 9.37744 7.8 4.68927 9.3
8.1 4.70663 9.3 8.1 4.5 9.5215 8.45027 4.5 9.3
8.4 4.55529 9.3 8.4 4.5 9.35027 7.5 3.78373 9.6
7.8 3.82993 9.6 7.38892 3.9 9.6 7.5 3.9 9.70816
7.87007 3.9 9.6 7.8 3.9 9.65087 7.34096 4.2 9.6
7.5 4.2 9.74685 7.95366 4.2 9.6 7.8 4.2 9.70781
7.35978 4.5 9.6 7.5 4.63164 9.6 7.5 4.5 9.73164
7.98884 4.5 9.6 7.8 4.65 9.6 7.8 4.5 9.71274
7.8 4.8 8.29219 7.8 4.6841 8.4 8.1 4.5 8.50521
7.65531 4.8 8.4 8.09128 4.8 8.4 7.8 4.91073 8.4
8.1 4.36836 8.7 7.89357 4.5 8.7 7.8 4.58096 8.7
7.8 4.5 8.82123 8.3012 4.5 8.7 8.1 4.76834 8.7
8.1 4.5 8.89479 7.59609 4.8 8.7 8.07367 4.8 8.7
7.8 4.94685 8.7 7.8 4.8 8.92613 7.8 4.39703 9
7.66854 4.5 9 7.96593 4.5 9 7.8 4.68757 9
7.8 4.5 9.10297 6.6 3.9 9.53584 6.9 3.9 9.52103
6.6 4.2 9.46315 6.9 4.2 9.45 6.6 4.5 9.40781
6.9 4.5 9.43782 7.2 4.5 9.58464 6.6 4.8 9.39337
6.9 4.8 9.46197 6.6 5.1 9.41274 6.6 3.82982 9.6
6.9 3.77874 9.6 6.53222 3.9 9.6 6.97897 3.9 9.6
6.46836 4.2 9.6 7.07902 4.2 9.6 7.2 4.47533 9.6
6.38278 4.5 9.6 6.6 4.5 9.79554 7.21536 4.5 9.6
7.2 4.51846 9.6 7.2 4.5 9.62632 6.30496 4.8 9.6
7.02993 4.8 9.6 6.9 5.00025 9.6 6.37106 5.1 9.6
6.82844 5.1 9.6 6.6 5.38749 9.6 6.6 5.1 9.81677
6.6 3.87466 9.9 6.9 3.74246 9.9 6.57185 3.9 9.9
6.6 3.9 9.93445 7.01104 3.9 9.9 6.9 3.9 10.0636
6.38533 4.2 9.9 6.6 4.39266 9.9 7.0555 4.2 9.9
6.89238 4.5 9.9 6.6 4.6414 9.9 6.90727 4.5 9.9
6.45868 4.8 9.9 6.6 4.98284 9.9 7.04685 4.8 9.9
6.9 5.06519 9.9 6.6 4.03668 10.2 6.9 4.03463 10.2
6.43668 4.2 10.2 6.6 4.41171 10.2 6.6 4.2 10.4436
7.01274 4.2 10.2 6.9 4.2 10.345 6.80549 4.5 10.2
6.6 4.58829 10.2 6.94829 4.5 10.2 6.9 4.5 10.242
6.45355 4.8 10.2 6.6 4.94096 10.2 6.6 4.8 10.3807
7.14293 4.8 10.2 6.9 4.95865 10.2 6.9 4.8 10.3873
7.8 5.4 9.50641 7.8 5.7 9.51435 7.8 5.31677 9.6
7.6907 5.4 9.6 7.89035 5.4 9.6 7.8 5.4 9.69035
7.66514 5.7 9.6 7.5 5.7 9.70371 7.88469 5.7 9.6
7.8 5.78747 9.6 7.5 5.55904 9.9 7.8 5.68373 9.9
7.27121 5.7 9.9 7.5 5.88985 9.9 7.5 5.7 10.0633
7.81458 5.7 9.9 7.8 5.71753 9.9 7.8 5.7 9.91458
7.8 5.1 8.59273 7.8 4.99773 8.7 7.8 4.8 8.93369
8.1 4.8 8.70689 7.69582 5.1 8.7 7.96203 5.1 8.7
7.8 5.19945 8.7 7.8 5.1 8.85087 7.2 4.5 9.18927
7.5 4.5 9.21699 7.8 4.73584 9 8.1 4.67503 9
7.62758 4.8 9 7.5 4.8 9.05206 7.8 4.90708 9
8.32506 4.8 9 8.1 4.93936 9 7.8 5.1 9.16066
7.2 4.39219 9.3 7.5 4.43584 9.3 7.09219 4.5 9.3
7.2 4.6601 9.3 7.2 4.5 9.51994 7.56631 4.5 9.3
7.5 4.5 9.37744 7.8 4.68927 9.3 8.1 4.70663 9.3
7.30149 4.8 9.3 7.2 4.8 9.41198 7.5 4.99266 9.3
8.19795 4.8 9.3 8.1 4.988 9.3 8.1 4.8 9.45558
7.2 5.1 9.48419 7.66705 5.1 9.3 7.5 5.1 9.40446
7.98369 5.1 9.3 7.8 5.19216 9.3 8.1 5.1 9.41631
7.2 4.55963 9.6 7.5 4.63164 9.6 7.8 4.70093 9.6
7.02993 4.8 9.6 7.9621 4.8 9.6 7.8 4.8 9.7185
8.1 4.94898 9.6 7.06628 5.1 9.6 7.2 5.21582 9.6
7.5 5.30093 9.6 7.8 5.31677 9.6 8.19216 5.1 9.6
8.1 5.23891 9.6 8.1 5.1 9.69216 7.2 5.4 9.83637
7.5 5.4 9.70188 7.8 5.4 9.69659 8.1 5.7 9.77934
7.2 4.60097 9.9 7.5 4.70827 9.9 7.06143 4.8 9.9
7.2 4.8 10.0579 7.60759 4.8 9.9 7.5 4.8 9.98907
7.8 5.01205 9.9 6.6 5.1 10.0793 7.02578 5.1 9.9
6.9 5.1 10.0258 7.5 5.1 10.0709 7.87387 5.1 9.9
7.8 5.1 9.97156 6.6 5.4 10.1586 7.11149 5.4 9.9
6.9 5.4 10.0174 7.2 5.47394 9.9 7.5 5.55904 9.9
8.0588 5.4 9.9 7.8 5.66928 9.9 7.8 5.4 10.0596
8.1 5.44817 9.9 7.5 5.7 10.0633 7.83618 5.7 9.9
7.8 5.7 9.93166 8.24585 5.7 9.9 8.1 5.82908 9.9
6.6 4.97092 10.2 6.9 4.95865 10.2 7.2 4.93075 10.2
6.44968 5.1 10.2 6.9 5.1 10.3841 7.37629 5.1 10.2
7.2 5.1 10.3468 7.5 5.29987 10.2 6.55707 5.4 10.2
6.6 5.44141 10.2 6.9 5.57964 10.2 7.2 5.64373 10.2
7.2 5.4 10.3955 7.59647 5.4 10.2 7.5 5.4 10.2823
7.8 5.54289 10.2 8.1 5.60093 10.2 7.27353 5.7 10.2
7.2 5.7 10.2684 7.5 5.86771 10.2 7.8 5.89012 10.2
8.21877 5.7 10.2 8.1 5.81239 10.2 6.6 5.05882 10.5
6.46892 5.1 10.5 6.66415 5.1 10.5 6.6 5.1 10.5397
6.9 5.25 10.5 6.49266 5.4 10.5 6.6 5.51245 10.5
6.6 5.4 10.6676 7.05366 5.4 10.5 6.9 5.62077 10.5
6.9 5.4 10.6078 7.2 5.52177 10.5 7.5 5.5841 10.5
7.8 5.61266 10.5 8.1 5.59324 10.5 6.96143 5.7 10.5
6.9 5.7 10.7366 7.2 5.83164 10.5 7.5 5.81929 10.5
7.8 5.79466 10.5 7.8 5.7 10.7403 8.21032 5.7 10.5
8.1 5.79378 10.5 8.1 5.7 10.6291 6.9 5.68464 10.8
7.2 5.66742 10.8 7.5 5.65732 10.8 7.8 5.4 11.092
6.87764 5.7 10.8 6.9 5.71536 10.8 6.9 5.7 10.8296
7.2 5.73258 10.8 7.2 5.7 10.884 7.68576 5.7 10.8
7.5 5.74268 10.8 7.5 5.7 10.8755 7.8 5.39256 11.1
6.6 5.4 11.3483 6.9 5.4 11.324 7.76759 5.4 11.1
7.80799 5.4 11.1 7.8 5.40863 11.1 7.8 5.4 11.1071
6.6 5.38542 11.4 6.9 5.34188 11.4 6.58247 5.4 11.4
6.6 5.41458 11.4 6.6 5.4 11.4146 7.00966 5.4 11.4
6.9 5.45087 11.4 6.9 5.4 11.4509 6 3.6 9.86402
6 3.55738 9.9 5.96402 3.6 9.9 6.03598 3.6 9.9
6 3.78267 9.9 6 3.9 9.9251 6 4.2 10.0598
6 3.38082 10.2 5.87263 3.6 10.2 6.13371 3.6 10.2
6 3.6 10.3903 5.85315 3.9 10.2 6.18118 3.9 10.2
5.86836 4.2 10.2 6.14376 4.2 10.2 6 4.39012 10.2
6 4.5 10.2934 6 3.73295 10.5 5.89554 3.9 10.5
6.1158 3.9 10.5 6 3.9 10.6093 5.86456 4.2 10.5
6.1476 4.2 10.5 6 4.2 10.7602 5.85 4.5 10.5
6.17263 4.5 10.5 6 4.71677 10.5 6 4.5 10.6873
6 3 9.48386 6 2.73823 9.6 5.88386 3 9.6
6.15928 3 9.6 6 3.17489 9.6 6 3 9.72446
7.5 5.7 9.5681 7.2 6 9.46587 7.5 6 9.53584
7.5 5.6681 9.6 7.42753 5.7 9.6 7.2 5.79479 9.6
7.53311 5.7 9.6 7.5 5.7 9.6319 6.6 6 9.81677
7.05727 6 9.6 6.9 6 9.86391 7.2 6.13413 9.6
7.2 6 9.78637 7.57018 6 9.6 7.5 6.06416 9.6
7.5 6 9.66631 6.3 5.7 10.107 6.6 5.84887 9.9
6.6 5.7 9.98233 6.9 5.89968 9.9 6.9 5.7 10.1204
6.50119 6 9.9 6.6 6.08323 9.9 6.95944 6 9.9
6.9 6.03258 9.9 6.9 6 9.94057 6 4.8 10.4279
6 5.1 10.3468 6 5.4 10.3019 6.3 5.563 10.2
6.3 5.4 10.3073 6.6 5.52036 10.2 6.9 5.67585 10.2
6.19057 5.7 10.2 6.3 5.90622 10.2 6.93288 5.7 10.2
6.9 5.73031 10.2 6.9 5.7 10.2924 6.36212 6 10.2
6.75028 6 10.2 6.6 6.13164 10.2 6.6 6 10.3616
6 4.72795 10.5 6 4.5 10.758 5.92795 4.8 10.5
6.08134 4.8 10.5 5.85 5.1 10.5 6.22844 5.1 10.5
6.3 5.17387 10.5 5.85315 5.4 10.5 6 5.62613 10.5
6.49266 5.4 10.5 6.6 5.54634 10.5 6.07156 5.7 10.5
6.3 5.9409 10.5 6.3 5.7 10.7647 6.82214 5.7 10.5
6.6 5.83671 10.5 6.6 5.7 10.6537 6 4.45041 10.8
5.95795 4.5 10.8 6.04205 4.5 10.8 6 4.5 10.9332
5.87503 4.8 10.8 6.13346 4.8 10.8 6 4.8 11.0333
5.85 5.1 10.8 6.24913 5.1 10.8 6 5.1 11.0284
6.3 5.18006 10.8 5.90132 5.4 10.8 6 5.52675 10.8
6 5.4 10.8987 6.42928 5.4 10.8 6.3 5.64235 10.8
6.3 5.4 10.9078 6.9 3.9 8.33584 6.9 3.82982 8.4
6.9 3.6 8.62196 7.2 3.6 8.52468 6.81083 3.9 8.4
6.6 3.9 8.67679 6.98277 3.9 8.4 6.9 4.08884 8.4
7.2 3.9 8.53346 7.2 4.2 8.55648 6.9 3.52844 8.7
7.2 3.40781 8.7 6.82844 3.6 8.7 6.6 3.88464 8.7
6.9 3.6 8.8359 7.44973 3.6 8.7 7.5 3.6 8.86577
6.58464 3.9 8.7 6.6 3.92467 8.7 6.6 3.9 8.71536
6.9 4.10391 8.7 7.35978 3.9 8.7 7.5 3.9 8.94825
7.1215 4.2 8.7 7.47153 4.2 8.7 7.2 4.24141 8.7
7.2 4.2 8.78208 7.2 3.4266 9 7.5 3.52957 9
6.98757 3.6 9 6.9 3.74175 9 7.2 3.6 9.14356
7.54205 3.6 9 7.5 3.6 9.04205 6.81093 3.9 9
6.9 4.00893 9 6.9 3.9 9.09354 7.2 4.1105 9
7.2 3.9 9.15 7.54205 3.9 9 7.5 3.96065 9
7.5 3.9 9.04205 6.6 4.5 7.66218 6.9 4.5 7.65315
7.2 4.5 7.74316 6.6 4.36218 7.8 6.9 4.35315 7.8
7.2 4.44316 7.8 6.46218 4.5 7.8 6.6 4.66775 7.8
6.9 4.68428 7.8 7.25684 4.5 7.8 7.2 4.55684 7.8
6.6 4.28907 8.1 6.9 4.30149 8.1 6.9 4.2 8.32612
7.2 4.40093 8.1 6.41744 4.5 8.1 6.6 4.69219 8.1
6.9 4.70391 8.1 7.31263 4.5 8.1 7.2 4.59907 8.1
6.9 4.15859 8.4 6.78068 4.2 8.4 6.6 4.30477 8.4
6.6 4.2 8.6454 6.94293 4.2 8.4 7.2 4.3555 8.4
6.50663 4.5 8.4 6.6 4.62862 8.4 6.9 4.68419 8.4
7.36265 4.5 8.4 7.2 4.64135 8.4 6.6 4.18464 8.7
6.9 4.10663 8.7 6.58464 4.2 8.7 6.6 4.2 8.72
7.10754 4.2 8.7 7.2 4.30369 8.7 6.50663 4.5 8.7
6.6 4.59795 8.7 6.6 4.5 8.83747 6.9 4.64685 8.7
6.9 4.5 8.87629 7.28706 4.5 8.7 7.2 4.58278 8.7
7.2 4.5 8.78278 6.9 4.14316 9 6.82909 4.2 9
7.01547 4.2 9 6.9 4.27735 9 6.9 4.2 9.05684
8.1 3.9 7.63757 8.1 3.78985 7.8 7.96494 3.9 7.8
8.20687 3.9 7.8 8.1 4.01239 7.8 7.8 4.2 8.00838
8.1 4.2 8.06976 8.1 3.81904 8.1 8.01171 3.9 8.1
7.8 4.13279 8.1 8.23187 3.9 8.1 7.73887 4.2 8.1
7.8 4.26478 8.1 8.12815 4.2 8.1 8.1 4.22534 8.1
8.1 4.2 8.22264 7.8 3.3 8.69642 8.1 3.77559 8.4
8.1 3.6 8.6698 7.958 3.9 8.4 7.8 4.07962 8.4
7.8 3.9 8.61736 8.23051 3.9 8.4 8.1 4.14558 8.4
8.1 3.9 8.62483 7.69057 4.2 8.4 8.03127 4.2 8.4
7.8 4.32815 8.4 7.8 3.29705 8.7 7.79307 3.3 8.7
7.80376 3.3 8.7 7.8 3.30684 8.7 7.8 3.3 8.7033
8.1 3.56746 8.7 8.04515 3.6 8.7 7.8 3.7876 8.7
8.12606 3.6 8.7 8.1 3.69627 8.7 8.1 3.6 8.72606
7.7333 3.9 8.7 7.96757 3.9 8.7 7.8 3.9 8.78264
7.72226 4.2 8.7 7.84893 4.2 8.7 7.8 4.24723 8.7
7.8 4.2 8.74893 7.8 3.6 7.47394 7.8 3.9 7.44854
7.8 3.57106 7.5 7.77394 3.6 7.5 7.98641 3.6 7.5
8.1 3.6 7.52007 7.66958 3.9 7.5 7.5 3.9 7.59269
7.87106 3.9 7.5 7.8 3.96765 7.5 7.2 4.2 7.73369
7.5 4.2 7.76014 7.8 3.36631 7.8 8.1 3.42287 7.8
8.1 3.3 7.96381 7.61882 3.6 7.8 7.5 3.75325 7.8
7.5 3.6 8.06161 8.23413 3.6 7.8 8.1 3.76406 7.8
7.37559 3.9 7.8 7.2 4.12725 7.8 7.942 3.9 7.8
7.8 4.03051 7.8 7.13584 4.2 7.8 7.2 4.26416 7.8
7.53166 4.2 7.8 7.5 4.22534 7.8 8.1 3.20459 8.1
7.5 3.57185 8.1 7.83111 3.3 8.1 7.8 3.31536 8.1
7.8 3.3 8.15408 8.19541 3.3 8.1 8.1 3.3 8.28946
7.47466 3.6 8.1 8.25212 3.6 8.1 8.1 3.81904 8.1
7.29568 3.9 8.1 7.2 3.99296 8.1 7.2 3.9 8.27606
8.01171 3.9 8.1 7.8 4.11171 8.1 7.04473 4.2 8.1
7.2 4.38256 8.1 7.71904 4.2 8.1 7.5 4.36552 8.1
7.8 3.2409 8.4 7.73279 3.3 8.4 7.5 3.45624 8.4
7.94226 3.3 8.4 7.8 3.3 8.46721 8.1 3.37275 8.4
7.35978 3.6 8.4 7.2 3.82144 8.4 8.23782 3.6 8.4
8.1 3.77559 8.4 8.1 3.6 8.55 7.12795 3.9 8.4
7.2 3.9 8.47856 7.958 3.9 8.4 7.8 4.07325 8.4
7.8 3.9 8.60809 7.16468 4.2 8.4 7.2 4.23665 8.4
7.2 4.2 8.43665 7.68053 4.2 8.4 7.5 4.33075 8.4
7.5 4.2 8.5711 7.5 3.55429 8.7 7.8 3.49996 8.7
7.45859 3.6 8.7 7.5 3.6 8.74141 7.90004 3.6 8.7
7.8 3.77689 8.7 7.8 3.6 8.7895 7.37092 3.9 8.7
7.70836 3.9 8.7 7.5 4.06399 8.7 7.5 3.9 8.82066
8.4 3.6 6.28464 8.4 3.58287 6.3 8.38464 3.6 6.3
8.41536 3.6 6.3 8.4 3.61943 6.3 8.4 3.9 6.56735
8.4 3.49586 6.6 8.132 3.6 6.6 8.1 3.6 6.61536
8.49337 3.6 6.6 8.3565 3.9 6.6 8.1 3.9 6.75571
8.42606 3.9 6.6 8.4 3.92606 6.6 8.1 3.42066 6.9
8.4 3.54188 6.9 7.88323 3.6 6.9 7.8 3.6 7.07559
8.45087 3.6 6.9 8.4 3.6 6.96671 7.95206 3.9 6.9
8.1 4.0026 6.9 8.46469 3.9 6.9 8.4 3.96469 6.9
8.4 3.9 6.97512 7.8 3.53584 7.2 8.1 3.43448 7.2
7.73584 3.6 7.2 7.8 3.73028 7.2 7.8 3.6 7.29337
8.27195 3.6 7.2 8.1 3.6 7.38428 7.93187 3.9 7.2
8.20633 3.9 7.2 8.1 3.99337 7.2 8.1 3.9 7.31656
8.1 3.3 7.15859 8.1 3.22612 7.2 8.1 3 7.30149
8.05859 3.3 7.2 8.21116 3.3 7.2 8.1 3.34294 7.2
8.4 3.3 7.30123 8.1 2.85315 7.5 7.91073 3 7.5
8.27195 3 7.5 8.4 3.17161 7.5 7.9445 3.3 7.5
8.1 3.49852 7.5 8.50446 3.3 7.5 8.4 3.42177 7.5
8.1 2.79868 7.8 8.1 2.7 8.05248 7.88323 3 7.8
8.38464 3 7.8 8.4 3.0756 7.8 7.9841 3.3 7.8
8.1 3.41073 7.8 8.1 3.3 7.92159 8.44141 3.3 7.8
8.4 3.34141 7.8 8.4 3.3 7.84571 8.1 2.67466 8.1
8.04621 2.7 8.1 8.12534 2.7 8.1 8.1 2.7 8.16447
7.90004 3 8.1 8.28985 3 8.1 8.1 3.1524 8.1
8.1 3 8.29026 7.8 3.3 6.79481 8.1 3.3 6.81971
7.8 3.13478 6.9 7.8 3 6.99824 8.1 3.21271 6.9
7.71677 3.3 6.9 7.8 3.38323 6.9 8.16469 3.3 6.9
8.1 3.36469 6.9 8.1 3.3 7.0023 7.8 2.88256 7.2
7.58917 3 7.2 7.5 3 7.27275 7.92578 3 7.2
7.67138 3.3 7.2 7.5 3.3 7.40596 7.93787 3.3 7.2
7.8 3.39337 7.2 7.2 2.7 7.69905 7.5 2.81015 7.5
7.5 2.7 7.69332 7.8 2.86771 7.5 6.6 3 7.68386
6.9 3 7.67934 7.31929 3 7.5 7.2 3 7.64469
7.90781 3 7.5 7.42469 3.3 7.5 7.5 3.36469 7.5
7.5 3.3 7.56685 7.90297 3.3 7.5 7.8 3.40297 7.5
7.8 3.3 7.61091 7.2 2.60663 7.8 7.5 2.63584 7.8
6.6 2.73546 7.8 6.96535 2.7 7.8 6.9 2.74727 7.8
7.64128 2.7 7.8 7.8 2.83296 7.8 6.47882 3 7.8
6.6 3.11614 7.8 6.9 3.12066 7.8 7.2 3.11274 7.8
7.2 3 7.98371 7.5 3.13857 7.8 7.5 3 8.03173
7.88323 3 7.8 7.8 3.09035 7.8 7.8 3 7.96773
7.2 2.60663 8.1 7.5 2.60663 8.1 6.6 2.98287 8.1
7.04543 2.7 8.1 6.9 2.80004 8.1 7.2 2.86274 8.1
7.2 2.7 8.19337 7.73465 2.7 8.1 7.5 2.89523 8.1
7.5 2.7 8.19337 6.58464 3 8.1 6.6 3.01536 8.1
6.6 3 8.13964 7.10711 3 8.1 6.9 3.13782 8.1
6.9 2.89353 8.4 6.72589 3 8.4 6.99868 3 8.4
6.9 3.17569 8.4 6.9 3 8.49868 7.2 3.6 7.35
7.5 3.6 7.35 7.2 3.9 7.44973 6.9 3.3 7.74188
7.2 3.35087 7.5 7.2 3.3 7.55087 7.5 3.38323 7.5
7.5 3.3 7.58579 7.8 3.3 7.78209 7.02737 3.6 7.5
7.70093 3.6 7.5 7.5 3.86579 7.5 7.14104 3.9 7.5
7.383 3.9 7.5 7.2 3.95027 7.5 6.9 3.24188 7.8
7.2 3.11274 7.8 7.2 3 8.08833 7.5 3.13857 7.8
7.8 3.28464 7.8 6.84913 3.3 7.8 6.9 3.40415 7.8
7.81536 3.3 7.8 7.8 3.31598 7.8 6.98323 3.6 7.8
6.9 3.6 7.93782 7.61882 3.6 7.8 7.5 3.75325 7.8
7.5 3.6 8.06161 7.00415 3.9 7.8 6.9 3.9 7.93385
7.37559 3.9 7.8 7.2 4.05 7.8 7.2 2.99286 8.1
7.19163 3 8.1 6.9 3.19586 8.1 7.21536 3 8.1
7.2 3 8.10837 7.5 3.10095 8.1 7.8 3.27764 8.1
6.80663 3.3 8.1 6.9 3.3 8.25507 7.5 3.57185 8.1
7.81536 3.3 8.1 7.8 3.31536 8.1 7.8 3.3 8.13111
6.80663 3.6 8.1 6.9 3.6 8.27718 7.47466 3.6 8.1
6.79219 3.9 8.1 6.9 4.06615 8.1 6.9 3.9 8.24469
7.29568 3.9 8.1 7.2 3.99296 8.1 7.2 3.9 8.22815
7.2 3.17559 8.4 7.5 3.15727 8.4 7.02367 3.3 8.4
7.2 3.3 8.51274 7.69027 3.3 8.4 7.5 3.45252 8.4
7.5 3.3 8.54273 7.00266 3.6 8.4 7.33051 3.6 8.4
7.2 3.75 8.4 7.2 3.6 8.51274 6.9 3.3 8.85594
6.9 3.6 8.93039 6.9 3.15594 9 6.71769 3.3 9
7.1173 3.3 9 7.2 3.3 9.14387 6.81401 3.6 9
6.6 3.6 9.2627 6.96576 3.6 9 6.9 3.66363 9
6.9 3.12468 9.3 7.2 3.20297 9.3 6.71274 3.3 9.3
6.6 3.55907 9.3 6.9 3.3 9.46863 7.27611 3.3 9.3
7.2 3.38285 9.3 7.2 3.3 9.37611 6.57394 3.6 9.3
6.6 3.62606 9.3 6.6 3.6 9.32606 7.04645 3.6 9.3
6.9 3.76775 9.3 6.9 3.6 9.47075 6.3 3.9 8.93308
6.6 3.9 8.8445 6.6 4.2 8.90741 6.3 3.84913 9
6.6 3.62434 9 6.24609 3.9 9 6.3 4.05 9
6.3 3.9 9.05593 6.80827 3.9 9 6.39689 4.2 9
6.70264 4.2 9 6.6 4.28992 9 6.6 3.68278 9.3
6.44135 3.9 9.3 6.8828 3.9 9.3 6.6 3.9 9.45
6.52982 4.2 9.3 6.67275 4.2 9.3 6.6 4.26416 9.3
6.6 4.2 9.36416 6.6 3 8.90663 6.6 2.90663 9
6.50663 3 9 6.73385 3 9 6.6 3.16973 9
6.6 3 9.15508 7.2 2.7 8.30663 7.5 2.7 8.30663
7.8 2.7 8.38464 7.2 3 8.22925 7.5 3 8.17663
7.8 3 8.22098 7.2 2.60663 8.4 7.5 2.60663 8.4
7.8 2.68464 8.4 7.07622 2.7 8.4 7.81536 2.7 8.4
7.8 2.7 8.42321 7.00974 3 8.4 6.9 3 8.49868
7.2 3.17559 8.4 7.5 3.1445 8.4 7.95 3 8.4
7.8 3.14135 8.4 6.9 3.3 8.60784 7.2 3.3 8.55531
7.2 2.60093 8.7 7.5 2.62341 8.7 6.9989 2.7 8.7
6.9 2.75855 8.7 7.2 2.7 8.85044 7.6043 2.7 8.7
7.5 2.7 8.77901 7.8 2.91083 8.7 6.65855 3 8.7
7.5 3.2829 8.7 7.87018 3 8.7 7.8 3.06416 8.7
7.8 3 8.76416 6.8105 3.3 8.7 6.9 3.3895 8.7
6.9 3.3 8.80218 7.4719 3.3 8.7 7.2 3.40781 8.7
7.2 3.3 8.9719 6.9 2.84493 9 7.2 2.80647 9
7.5 2.97367 9 6.80663 3 9 6.9 3.10633 9
6.9 3 9.09337 7.2 3.28167 9 7.2 3 9.14135
7.52534 3 9 7.5 3.03024 9 7.5 3 9.02534
6 3.6 7.76742 6 3.9 7.78464 6 3.53283 7.8
5.96742 3.6 7.8 6.03258 3.6 7.8 6 3.6 7.91211
5.98464 3.9 7.8 6.01536 3.9 7.8 6 3.92116 7.8
6 3.9 8.02879 6.6 3.3 8.05815 6 3.6 8.04188
6.3 3.6 7.89337 6.6 3.6 7.94675 6.3 3.9 7.89337
6.6 3.26468 8.1 6 3.53308 8.1 6.50128 3.3 8.1
6.3 3.36416 8.1 6.3 3.3 8.16416 6.63532 3.3 8.1
5.94913 3.6 8.1 6 3.72862 8.1 6.71582 3.6 8.1
6.6 3.82646 8.1 6.06416 3.9 8.1 6.54913 3.9 8.1
6.3 4.10663 8.1 6.3 3.15 8.4 6.6 3.16836 8.4
6.05087 3.3 8.4 6 3.39337 8.4 6.73164 3.3 8.4
5.90663 3.6 8.4 6 3.75507 8.4 6.74356 3.6 8.4
6.6 3.76872 8.4 6.6 3.6 8.62685 6.15 3.9 8.4
6.41149 3.9 8.4 6.3 3.98907 8.4 6.3 3.9 8.51599
6.3 3.12766 8.7 6.6 3.24471 8.7 6.05087 3.3 8.7
6 3.45 8.7 6.65027 3.3 8.7 6.6 3.42146 8.7
6.6 3.3 8.77923 5.94913 3.6 8.7 6 3.65593 8.7
6 3.6 8.78822 6.5252 3.6 8.7 6.3 3.77123 8.7
6.3 3.12625 9 6.09609 3.3 9 6.48927 3.3 9
6.3 3.3 9.16525 6.19292 3.6 9 6.36631 3.6 9
6.3 3.66416 9 6.3 3.6 9.06416 6.3 4.2 8.32725
6.3 4.5 8.12884 6.3 4.13584 8.4 6.21336 4.2 8.4
6.38664 4.2 8.4 6.10633 4.5 8.4 6.47007 4.5 8.4
6.3 4.63544 8.4 6.3 4.14854 8.7 6.23235 4.2 8.7
6.37082 4.2 8.7 6.3 4.2 8.75146 6.25041 4.5 8.7
6.34205 4.5 8.7 6.3 4.54205 8.7 6.3 4.5 8.74205
6 3.3 7.79286 6 3.29006 7.8 5.99286 3.3 7.8
6.00714 3.3 7.8 6 3.30714 7.8 6 3.15 8.1
5.89219 3.3 8.1 6.12956 3.3 8.1 6 3.40781 8.1
6 3.268 8.4 5.98464 3.3 8.4 6.01536 3.3 8.4
6 3.31536 8.4 6 3.22403 8.7 5.94913 3.3 8.7
6.05087 3.3 8.7 6 3.35087 8.7 6 3.18987 9
5.90663 3.3 9 6.09337 3.3 9 6 3.52428 9
6 3.3 9.13787 6 3.6 9.07572 6 3.9 9.23584
6 3.46213 9.3 5.90663 3.6 9.3 6.09337 3.6 9.3
6 3.6 9.40415 5.93584 3.9 9.3 6.06416 3.9 9.3
6 4.12879 9.3 6 3.9 9.39798 6.3 3.6 9.18085
6.3 3.9 9.15355 6.3 4.2 9.18419 6.3 3.48085 9.3
6.1411 3.6 9.3 6.41614 3.6 9.3 6.3 3.6 9.42446
6.07275 3.9 9.3 6.43782 3.9 9.3 6.3 3.9 9.58084
6.12102 4.2 9.3 6.41882 4.2 9.3 6.3 4.31582 9.3
6.3 4.2 9.45325 6 4.8 7.95865 6 4.53713 8.1
6 4.5 8.18056 5.85865 4.8 8.1 6.1445 4.8 8.1
6 4.94135 8.1 6 4.42341 8.4 5.92341 4.5 8.4
6.07659 4.5 8.4 5.85315 4.8 8.4 6.1766 4.8 8.4
6 4.94685 8.4 6 4.33462 8.7 6.3 4.2 8.93308
5.86456 4.5 8.7 6.20505 4.5 8.7 6.3 4.5 8.78278
5.92844 4.8 8.7 6.18536 4.8 8.7 6 4.87156 8.7
6 4.8 8.81655 6.3 4.14913 9 6.032 4.2 9
6 4.20714 9 6.35812 4.2 9 6.3 4.2 9.06502
5.85 4.5 9 6 4.70093 9 6.50663 4.5 9
6.3 4.65865 9 6.3 4.5 9.26468 6 4.31947 9.3
5.87234 4.5 9.3 6.25421 4.5 9.3 6 4.62766 9.3
6 4.5 9.42766 6.6 3.9 8.08464 6.6 3.88464 8.1
6.58464 3.9 8.1 6.62116 3.9 8.1 6.6 3.9627 8.1
6.6 3.82562 8.4 6.6 3.6 8.69781 6.47157 3.9 8.4
6.3 3.9 8.63283 6.68325 3.9 8.4 6.6 3.99206 8.4
6.6 3.9 8.58227 6.6 3.5979 8.7 6.5979 3.6 8.7
6.3 3.86742 8.7 6.60295 3.6 8.7 6.6 3.61002 8.7
6.6 3.6 8.7021 6.2612 3.9 8.7 6.41211 3.9 8.7
6.3 3.93609 8.7 6.3 3.9 8.73258 6.9 3.6 8.34783
6.9 3.52228 8.4 6.87292 3.6 8.4 6.92606 3.6 8.4
6.9 3.63029 8.4 6.9 3.6 8.43539 6 4.2 7.94826
6 4.05578 8.1 5.8809 4.2 8.1 6.14709 4.2 8.1
6 4.32748 8.1 6 4.2 8.31228 6.3 3.3 7.72613
6.6 3.3 7.6524 6.6 3.6 7.60826 6.9 3.6 7.66453
6.3 3.9 7.6828 6.6 3.9 7.61015 6.9 3.9 7.67916
6.3 3.21709 7.8 6.6 3.13936 7.8 6.19734 3.3 7.8
6.3 3.51402 7.8 6.3 3.3 7.87156 6.84037 3.3 7.8
6.6 3.3 7.93544 6.9 3.40415 7.8 6.35186 3.6 7.8
6.3 3.68543 7.8 6.6 3.6 7.91274 6.98323 3.6 7.8
6.9 3.6 7.88323 6.20769 3.9 7.8 6.3 3.99231 7.8
6.3 3.9 7.87205 6.6 4.08071 7.8 6.6 3.9 7.93782
6.99337 3.9 7.8 6.9 4.00988 7.8 6.9 3.9 7.89337
8.4 3.6 7.96836 8.4 3.9 7.98344 8.1 3.3 8.32772
8.4 3.38581 8.1 8.26836 3.6 8.1 8.54376 3.6 8.1
8.30663 3.9 8.1 8.53385 3.9 8.1 8.4 4.02862 8.1
8.1 3.21214 8.4 8.04733 3.3 8.4 8.18786 3.3 8.4
8.1 3.35087 8.4 8.4 3.40687 8.4 8.25865 3.6 8.4
8.56005 3.6 8.4 8.4 3.6 8.62196 8.38542 3.9 8.4
8.41518 3.9 8.4 8.4 3.91627 8.4 8.4 3.9 8.41753
8.1 3.19367 8.7 7.5 3.3 8.92613 7.89246 3.3 8.7
7.8 3.3 8.84067 8.20415 3.3 8.7 8.1 3.49443 8.7
8.1 3.3 8.83385 7.8 3.6 8.93048 8.1 3.6 8.9483
7.5 4.2 8.91664 6.9 4.5 8.88086 7.2 4.5 8.82441
7.5 3.20827 9 7.8 3.23492 9 7.42613 3.3 9
7.5 3.45 9 7.5 3.3 9.09975 7.88671 3.3 9
7.8 3.3 9.06113 8.1 3.57496 9 7.2 3.6 9.15551
7.65283 3.6 9 7.5 3.6 9.10234 7.8 3.86951 9
7.8 3.6 9.10526 8.11458 3.6 9 8.1 3.61901 9
8.1 3.6 9.01458 7.2 3.9 9.15 7.5 4.04324 9
6.9 4.35441 9 6.9 4.2 9.15442 7.31099 4.2 9
7.2 4.25746 9 7.2 4.2 9.05529 7.59028 4.2 9
7.5 4.32988 9 7.5 4.2 9.09731 6.64889 4.5 9
6.9 4.61614 9 6.9 4.5 9.1536 7.39629 4.5 9
7.2 4.63782 9 7.2 4.5 9.16775 7.2 3.40053 9.3
7.5 3.4529 9.3 7.0555 3.6 9.3 7.2 3.6 9.44135
7.65605 3.6 9.3 7.5 3.83721 9.3 7.5 3.6 9.41308
6.97563 3.9 9.3 6.9 4.00439 9.3 7.45859 3.9 9.3
7.2 3.9 9.45 6.7464 4.2 9.3 6.9 4.3536 9.3
6.9 4.2 9.41614 7.36654 4.2 9.3 7.2 4.37123 9.3
7.2 4.2 9.44135 8.4 3.6 7.48149 8.4 3.59201 7.5
8.39201 3.6 7.5 8.40714 3.6 7.5 8.4 3.60799 7.5
8.4 3.6 7.50907 8.4 3.9 7.08386 8.4 3.76974 7.2
8.28386 3.9 7.2 8.5536 3.9 7.2 8.4 4.04112 7.2
8.4 3.6989 7.5 8.4 3.6 7.57399 8.30093 3.9 7.5
8.56865 3.9 7.5 8.4 4.139 7.5 8.4 3.42928 7.8
8.27234 3.6 7.8 8.61941 3.6 7.8 8.4 3.6 7.92766
8.33584 3.9 7.8 8.48059 3.9 7.8 8.4 3.98917 7.8
8.4 3.9 7.86416 6 2.7 8.01215 6 2.64913 8.1
5.94913 2.7 8.1 6.07597 2.7 8.1 6 2.85394 8.1
6 2.67466 8.4 5.97466 2.7 8.4 6.03986 2.7 8.4
6 2.8269 8.4 6 2.7 8.44238 6.3 3 7.77394
6.3 2.97292 7.8 6.27106 3 7.8 6.32708 3 7.8
6.3 3.02606 7.8 6.3 2.84096 8.1 6.12045 3 8.1
6.50391 3 8.1 6.3 3.15 8.1 6.3 2.85644 8.4
6.14159 3 8.4 6.4734 3 8.4 6.3 3.14356 8.4
6.3 2.9426 8.7 6.2426 3 8.7 6.35938 3 8.7
6.3 3.0574 8.7 6.3 3 8.76074 6.3 4.5 7.65329
6.3 4.26114 7.8 6.07634 4.5 7.8 6.44356 4.5 7.8
6.3 4.7373 7.8 6.3 4.5 7.98999 6.3 4.8 8.04779
6.3 4.77368 8.1 6.28373 4.8 8.1 6.31458 4.8 8.1
6.3 4.81458 8.1 6.3 4.8 8.11458 7.8 4.2 6.78077
8.1 4.2 6.82725 7.8 3.97521 6.9 8.1 4.09692 6.9
7.67101 4.2 6.9 7.5 4.2 7.08987 7.8 4.31104 6.9
7.8 4.2 7.12072 8.17453 4.2 6.9 8.1 4.26416 6.9
8.1 4.2 6.97765 7.5 4.06213 7.2 6.9 4.2 7.38692
7.33027 4.2 7.2 7.2 4.2 7.35087 7.70449 4.2 7.2
7.5 4.29337 7.2 7.5 4.2 7.40754 6.9 4.04929 7.5
7.2 4.01099 7.5 6.7621 4.2 7.5 6.9 4.31308 7.5
6.9 4.2 7.61308 7.38901 4.2 7.5 7.2 4.27659 7.5
7.2 4.2 7.57659 6 3.6 7.44913 6 3.9 7.44913
6 3.54392 7.5 5.94913 3.6 7.5 6.05087 3.6 7.5
6 3.6 7.57007 5.94913 3.9 7.5 6.05087 3.9 7.5
6 4.05284 7.5 6 3.9 7.58786 6.6 4.2 7.71677
6.9 4.2 7.68862 6.6 4.11677 7.8 6.9 4.08862 7.8
6.47809 4.2 7.8 6.6 4.28579 7.8 6.6 4.2 7.95207
7.01981 4.2 7.8 6.9 4.31138 7.8 6.9 4.2 8.0473
7.8 3.6 6.81124 7.8 3.50383 6.9 7.70794 3.6 6.9
7.87205 3.6 6.9 7.8 3.73657 6.9 7.8 3.6 7.0172
7.5 3.9 7.11314 7.8 3.9 7.05488 7.5 3.6517 7.2
7.8 3.77454 7.2 7.43887 3.9 7.2 7.5 3.96478 7.2
7.5 3.9 7.2591 7.90379 3.9 7.2 7.8 4.05312 7.2
7.8 3.9 7.29978 6 5.1 7.78464 6 5.7 7.74913
6 6 7.68692 6 6.3 7.6359 6.3 6.3 7.63703
6 5.07235 7.8 5.98464 5.1 7.8 6.01536 5.1 7.8
6 5.17838 7.8 6 5.1 8.00663 6 5.52829 7.8
5.94913 5.7 7.8 6.05087 5.7 7.8 5.88692 6 7.8
6.13113 6 7.8 6.3 6.16161 7.8 5.91767 6.3 7.8
6 6.4367 7.8 6.42514 6.3 7.8 6.3 6.42005 7.8
6 5.1 8.27764 6 5.55 8.1 6 5.4 8.19337
5.94913 5.7 8.1 6.05087 5.7 8.1 5.87503 6 8.1
6.14347 6 8.1 6.3 6.16129 8.1 5.87562 6.3 8.1
6 6.43876 8.1 6.42036 6.3 8.1 6.3 6.42036 8.1
6.3 6.3 8.27325 6 5.09505 8.4 5.99505 5.1 8.4
6.00516 5.1 8.4 5.90663 5.4 8.4 6.09337 5.4 8.4
5.90663 5.7 8.4 6.09337 5.7 8.4 5.86218 6 8.4
6.15 6 8.4 5.88726 6.3 8.4 6.16537 6.3 8.4
6 6.41274 8.4 6 6.3 8.53754 6 4.93451 8.7
6 4.8 8.95907 6.3 4.8 8.90119 5.87234 5.1 8.7
6.1743 5.1 8.7 5.94913 5.4 8.7 6.05087 5.4 8.7
6 5.4 8.77007 5.94913 5.7 8.7 6.05087 5.7 8.7
6 5.7 8.75963 5.98464 6 8.7 6.01536 6 8.7
6 6.02116 8.7 6 6 8.71536 6 4.77394 9
6.3 4.71677 9 5.97394 4.8 9 6.38323 4.8 9
6.3 4.9093 9 6.3 4.8 9.24188 5.95795 5.1 9
6.05871 5.1 9 6 5.15871 9 6 5.1 9.09646
6 4.69313 9.3 5.90093 4.8 9.3 6.25271 4.8 9.3
6 4.97672 9.3 6 4.8 9.43017 6 5.4 8.93076
6 5.7 8.79362 6 6 8.79337 6 5.34734 9
6 5.1 9.29308 5.96055 5.4 9 6.05026 5.4 9
6.6 5.4 9.2681 5.88386 5.7 9 6.13406 5.7 9
6.6 5.7 9.23584 5.85 6 9 6.15865 6 9
6 6.15 9 6.3 6 9.20309 6 5.09505 9.3
6 4.8 9.54913 5.99505 5.1 9.3 6.00914 5.1 9.3
6.3 5.1 9.50634 6.6 5.36316 9.3 5.92341 5.4 9.3
6.13928 5.4 9.3 6.53064 5.4 9.3 6.6319 5.4 9.3
5.91266 5.7 9.3 6.25871 5.7 9.3 6.35825 5.7 9.3
6.3 5.74008 9.3 6.71803 5.7 9.3 6.6 5.94175 9.3
5.94973 6 9.3 6 6.05027 9.3 6 6 9.35529
6.55992 6 9.3 6.3 6.0895 9.3 6.3 6 9.47274
6.6 6 9.32439 6 4.2 9.88148 6 4.73308 9.6
5.94913 4.8 9.6 6.11257 4.8 9.6 6.3 4.9751 9.6
6.3 4.8 9.73586 5.9105 5.1 9.6 6.35855 5.1 9.6
6.3 5.18895 9.6 6.6 5.3993 9.6 5.98464 5.4 9.6
6.02572 5.4 9.6 6.59879 5.4 9.6 6.3 5.4 9.74164
6.6007 5.4 9.6 5.94373 5.7 9.6 6.06839 5.7 9.6
6 5.76174 9.6 6.43475 5.7 9.6 6.3 5.7 9.73164
6.75 5.7 9.6 6.38916 6 9.6 6.75029 6 9.6
6.6 6.12766 9.6 6.6 6 9.7906 6 4.17522 9.9
5.98464 4.2 9.9 6.01536 4.2 9.9 6 4.22752 9.9
6 4.2 9.91536 6 4.60734 9.9 6.3 4.71266 9.9
5.85315 4.8 9.9 6 4.8 10.1337 6.422 4.8 9.9
6.3 4.8 9.99775 5.86218 5.1 9.9 6.46741 5.1 9.9
6.3 5.1 10.0864 6.6 5.28755 9.9 5.89219 5.4 9.9
6.68323 5.4 9.9 6.6 5.4 9.98323 5.89219 5.7 9.9
6 5.80781 9.9 6.3 5.89591 9.9 6.3 5.7 10.107
6.68487 5.7 9.9 6.6 5.84124 9.9 6.6 5.7 9.98233
6 4.87275 10.2 5.86218 5.1 10.2 6.18985 5.1 10.2
6 5.1 10.3378 6.3 5.31214 10.2 5.90093 5.4 10.2
6 5.4 10.2991 6.35087 5.4 10.2 6.3 5.49378 10.2
6.3 5.4 10.2509 5.97394 5.7 10.2 6.05245 5.7 10.2
6 5.72606 10.2 6 5.7 10.2261 6.9 5.7 7.15216
6.9 5.64364 7.2 6.85216 5.7 7.2 6.94784 5.7 7.2
6.9 5.74784 7.2 6.9 5.7 7.26833 6 5.4 6.72036
6.3 5.4 6.77629 6 5.7 6.72441 6.3 5.7 6.75447
6 5.23518 6.9 6.3 5.27934 6.9 5.85 5.4 6.9
6.42908 5.4 6.9 5.86218 5.7 6.9 6 5.83782 6.9
6.59266 5.7 6.9 6.3 5.82036 6.9 6.6 5.7 6.90495
6 5.27964 7.2 6.3 5.27234 7.2 5.87964 5.4 7.2
6 5.4 7.32877 6.52535 5.4 7.2 6.3 5.4 7.35306
6.6 5.4591 7.2 5.85 5.7 7.2 6 5.87964 7.2
6 5.7 7.39043 6.3 5.88726 7.2 6.3 5.7 7.35865
6.75 5.7 7.2 6.6 5.85865 7.2 6.6 5.7 7.39219
8.1 4.2 7.13584 7.8 4.5 7.14429 8.1 4.12982 7.2
7.98681 4.2 7.2 7.8 4.39896 7.2 7.8 4.2 7.36227
8.18664 4.2 7.2 8.1 4.28301 7.2 6.9 4.5 7.45859
7.2 4.5 7.40663 7.67361 4.5 7.2 7.5 4.5 7.27156
7.87284 4.5 7.2 7.8 4.55571 7.2 6.9 4.8 7.43584
7.2 4.8 7.4409 7.5 4.8 7.44145 6.6 5.1 7.44733
6.9 5.1 7.38726 6.9 5.4 7.29907 7.2 5.4 7.3841
6.9 5.7 7.4808 7.2 5.7 7.37841 7.8 4.11722 7.5
8.1 3.9785 7.5 6.9 4.45859 7.5 7.2 4.40663 7.5
7.70711 4.2 7.5 7.5 4.33782 7.5 8.30663 4.2 7.5
8.1 4.4409 7.5 6.8215 4.5 7.5 6.9 4.5 7.54141
7.2 4.5 7.63385 8.0409 4.5 7.5 7.8 4.68726 7.5
6.65825 4.8 7.5 6.6 4.87291 7.5 6.6 4.8 7.57291
7.2 4.96374 7.5 7.58613 4.8 7.5 7.5 4.8989 7.5
7.8 4.8 7.72403 6.54913 5.1 7.5 6.6 5.28298 7.5
7.12403 5.1 7.5 7.2 5.18006 7.5 7.2 5.1 7.55087
7.5 5.1 7.62718 6.63465 5.4 7.5 7.33229 5.4 7.5
6.87226 5.7 7.5 6.6 5.7 7.71083 6.9 5.72674 7.5
7.41145 5.7 7.5 7.2 5.8159 7.5 7.5 5.7 7.71353
6.6 6 7.67234 6.9 6 7.6234 7.8 4.17466 7.8
8.1 4.05 7.8 7.77062 4.2 7.8 7.5 4.34096 7.8
7.8 4.2 7.82815 8.37202 4.2 7.8 8.1 4.4097 7.8
8.1 4.2 8.02606 6.6 4.74407 7.8 6.9 4.68726 7.8
7.31073 4.5 7.8 7.2 4.60781 7.8 8.0215 4.5 7.8
6.54913 4.8 7.8 7.85087 4.8 7.8 7.8 4.85812 7.8
6.58749 5.1 7.8 6.6 5.12013 7.8 7.63225 5.1 7.8
7.5 5.33068 7.8 6.71308 5.4 7.8 6.6 5.60694 7.8
6.6 5.4 8.00694 7.44973 5.4 7.8 7.5 5.60373 7.8
7.5 5.4 7.86411 6.53584 5.7 7.8 6.6 5.7 8.08256
7.2 5.96468 7.8 7.52606 5.7 7.8 7.5 5.72606 7.8
6.47234 6 7.8 6.6 6.19943 7.8 6.6 6 7.92766
7.16335 6 7.8 6.9 6.19303 7.8 7.2 6 7.97736
6.6 6.3 7.92931 7.5 4.44913 8.1 7.8 4.35 8.1
6.6 4.78464 8.1 6.9 4.70663 8.1 7.44913 4.5 8.1
7.2 4.65 8.1 7.5 4.5 8.3772 7.97124 4.5 8.1
7.8 4.5 8.28792 6.58464 4.8 8.1 7.85087 4.8 8.1
7.8 4.85267 8.1 7.8 4.8 8.16692 6.52844 5.1 8.1
7.57387 5.1 8.1 6.53584 5.4 8.1 6.6 5.68256 8.1
6.6 5.4 8.2876 7.63619 5.4 8.1 6.60602 5.7 8.1
7.58323 5.7 8.1 7.5 5.78323 8.1 6.79219 6 8.1
6.6 6.20093 8.1 6.6 6 8.31677 6.9 6.20871 8.1
7.22534 6 8.1 7.2 6.02534 8.1 7.2 6 8.19337
6.48123 6.3 8.1 6.80032 6.3 8.1 6.6 6.39907 8.1
6.6 4.71677 8.4 6.9 4.68419 8.4 7.2 4.65 8.4
7.5 4.50814 8.4 6.47415 4.8 8.4 7.63754 4.8 8.4
6.53584 5.1 8.4 6.6 5.2876 8.4 7.69353 5.1 8.4
6.65343 5.4 8.4 7.64376 5.4 8.4 6.63277 5.7 8.4
6.6 5.75812 8.4 7.2 5.94913 8.4 7.53076 5.7 8.4
7.5 5.7341 8.4 7.5 5.7 8.44009 6.50965 6 8.4
6.3 6 8.55 7.14733 6 8.4 6.9 6.19266 8.4
6.33935 6.3 8.4 6.72546 6.3 8.4 6.6 6.38323 8.4
6.6 6.3 8.55 6.6 4.70459 8.7 6.9 4.65527 8.7
7.2 4.63137 8.7 7.5 4.57405 8.7 6.46343 4.8 8.7
7.58323 4.8 8.7 6.44923 5.1 8.7 6.6 5.39132 8.7
6.6 5.1 8.83709 7.65693 5.1 8.7 6.61291 5.4 8.7
7.67326 5.4 8.7 7.5 5.5579 8.7 6.3 5.8555 8.7
6.73854 5.7 8.7 6.6 5.80117 8.7 7.31322 5.7 8.7
7.2 5.80371 8.7 7.2 5.7 8.92113 6.12098 6 8.7
6.3 6.24407 8.7 6.6 6.20944 8.7 7.00371 6 8.7
6.9 6.10053 8.7 6.9 6 8.80943 6.6 4.65978 9
6.9 4.64685 9 6.9 4.5 9.23369 7.2 4.6445 9
7.5 4.789 9 6.42177 4.8 9 6.6 4.96156 9
6.6 4.8 9.25841 7.50744 4.8 9 7.5 4.8 9.00744
6.75 5.1 9 7.66659 5.1 9 6.8215 5.4 9
7.2 5.65859 9 7.56902 5.4 9 7.5 5.48987 9
6.3 5.85693 9 6.79303 5.7 9 6.6 5.87195 9
7.13052 5.7 9 6.9 5.82138 9 7.2 5.7 9.14352
6.16218 6 9 6.3 6.14307 9 6.3 6 9.13782
6.74319 6 9 6.6 6.12805 9 6.6 6 9.12805
7.2 6 9.173 6.9 4.43584 9.3 6.69339 4.5 9.3
6.97018 4.5 9.3 6.9 4.5 9.36416 7.2 4.69353 9.3
6.64371 4.8 9.3 6.9 4.8 9.42737 7.30149 4.8 9.3
7.2 4.8 9.39868 7.5 4.99266 9.3 6.77234 5.1 9.3
7.2 5.1 9.48419 7.63309 5.1 9.3 7.5 5.1 9.40446
6.75865 5.4 9.3 7.76579 5.4 9.3 7.5 5.69286 9.3
6.80398 5.7 9.3 6.9 5.84898 9.3 7.46324 5.7 9.3
7.02416 6 9.3 6.9 6 9.42102 7.35531 6 9.3
7.2 6.11274 9.3 7.2 6 9.42441 6.9 5.07394 9.6
6.87394 5.1 9.6 6.6 5.1 9.89286 6.93942 5.1 9.6
6.9 5.1 9.68754 7.2 5.21582 9.6 7.5 5.35795 9.6
6.74685 5.4 9.6 7.2 5.4 9.83637 7.54205 5.4 9.6
7.5 5.45871 9.6 7.5 5.4 9.64205 6.75 5.7 9.6
7.30739 5.7 9.6 7.2 5.7916 9.6 7.2 5.7 9.76385
6.78418 6 9.6 7.02758 6 9.6 6.9 6.11582 9.6
6.9 6 9.72413 6.3 4.2 10.1846 6 4.5 10.0792
6.3 4.5 10.1192 6 4.8 10.1729 6.3 4.8 10.076
6.6 5.09286 9.9 6.59256 5.1 9.9 6.3 5.1 10.1564
6.62865 5.1 9.9 6.6 5.11414 9.9 6.6 5.1 9.90991
6.9 5.17924 9.9 6.73017 5.4 9.9 7.11149 5.4 9.9
6.9 5.4 10.0174 6.88542 5.7 9.9 6.9424 5.7 9.9
6.9 5.71627 9.9 6.9 5.7 9.91458 6.3 4.18464 10.2
6.28287 4.2 10.2 6 4.39905 10.2 6.31536 4.2 10.2
5.90663 4.5 10.2 6 4.5 10.2934 6.37156 4.5 10.2
5.97394 4.8 10.2 6 4.82894 10.2 6 4.8 10.2278
6.4026 4.8 10.2 6.2536 5.1 10.2 6.35576 5.1 10.2
6.3 5.15594 10.2 6.3 5.1 10.2749 6.3 4.14316 10.5
6.23985 4.2 10.5 6.35684 4.2 10.5 6.3 4.2 10.5568
6.27466 4.5 10.5 6.32534 4.5 10.5 6.3 4.5 10.5253
6.20205 4.8 10.5 6.403 4.8 10.5 6.3 4.9439 10.5
6.3 4.8 10.5934 6.3 5.4 8.53137 6.6 5.4 8.69505
6.3 5.7 8.62844 6.6 5.7 8.60663 6.3 5.19907 8.7
6.3 5.1 8.89332 6.6 5.39335 8.7 6.6 5.1 8.99335
6.12348 5.4 8.7 6.60555 5.4 8.7 6.22366 5.7 8.7
6.3 5.77156 8.7 6.73854 5.7 8.7 6.6 5.80117 8.7
6.3 5.03369 9 6.6 5.09505 9 6.23369 5.1 9
6.606 5.1 9 6.14455 5.4 9 6.3 5.4 9.18743
6.8215 5.4 9 6.6 5.4 9.23584 6.17195 5.7 9
6.3 5.82497 9 6.3 5.7 9.21891 6.79303 5.7 9
6.6 5.84685 9 6.6 5.7 9.21467 6.3 5.07784 9.3
6.6 4.99905 9.3 6.29256 5.1 9.3 6.3 5.11536 9.3
6.3 5.1 9.30714 6.70095 5.1 9.3 6.6 5.28726 9.3
6.6 5.1 9.39337 6.3 5.4 9.37984 6.3 5.7 9.43844
6.3 5.2907 9.6 6.13747 5.4 9.6 6.40446 5.4 9.6
6.3 5.4 9.73611 6.12532 5.7 9.6 6.43164 5.7 9.6
6.3 5.85028 9.6 6.3 5.7 9.73164 6.6 5.4 7.15738
6.6 5.34755 7.2 6.55673 5.4 7.2 6.64825 5.4 7.2
6.6 5.43598 7.2 6.6 5.4 7.27383 6.3 5.7 8.01722
6.3 6 7.84254 6.6 6 7.92766 6.3 5.61467 8.1
6.13534 5.7 8.1 6.49631 5.7 8.1 6.6 5.75027 8.1
6.14347 6 8.1 6.3 6.13448 8.1 6.79219 6 8.1
6.6 6.15 8.1 6.6 6 8.31677 6.3 5.51572 8.4
6.09609 5.7 8.4 6.59484 5.7 8.4 6.3 5.7 8.57225
6.16028 6 8.4 6.49758 6 8.4 6.3 6.12766 8.4
6.3 6 8.52766 6 4.8 7.01582 6.3 5.1 7.11933
6 4.55571 7.2 6 4.5 7.26774 6.3 4.5 7.44407
5.85 4.8 7.2 6.2215 4.8 7.2 6 5.08154 7.2
6.3 4.9525 7.2 6.04816 5.1 7.2 6 5.1 7.21846
6.38355 5.1 7.2 6.3 5.17659 7.2 6 5.4 7.39219
6 4.32494 7.5 6.3 4.41081 7.5 5.86836 4.5 7.5
6 4.5 7.73973 6.35087 4.5 7.5 6.3 4.768 7.5
6.3 4.5 7.55087 5.85 4.8 7.5 6.29286 4.8 7.5
6.3 4.81791 7.5 6.3 4.8 7.53241 5.85 5.1 7.5
6 5.1 7.78464 6.38323 5.1 7.5 6.3 5.23829 7.5
5.89219 5.4 7.5 6.16662 5.4 7.5 6 5.52558 7.5
6 5.4 7.6925 6.3 5.4 7.68607 6.6 5.4 7.70622
6 4.63345 7.8 6.3 4.74973 7.8 5.9409 4.8 7.8
6 5.04592 7.8 6 4.8 7.8591 6.35668 4.8 7.8
6.3 4.8 7.93521 6.01713 5.1 7.8 6.5405 5.1 7.8
6.3 5.1 8.05614 6.6 5.19795 7.8 6.15977 5.4 7.8
6.3 5.48389 7.8 6.3 5.4 7.86469 6.69378 5.4 7.8
6.6 5.52457 7.8 6.6 5.4 7.89378 6.6 6 7.41677
6.6 5.7105 7.5 6.3105 6 7.5 6.71682 6 7.5
6.6 6.09056 7.5 6.6 6 7.58323 6 6 7.19204
6.3 6 7.16402 6 5.99204 7.2 6.3 5.96402 7.2
5.99204 6 7.2 6 6.00932 7.2 6.34147 6 7.2
6.3 6.03598 7.2 6 6.3 7.44188 6 5.85531 7.5
6.3 5.99475 7.5 6.3 5.7 7.66984 5.89219 6 7.5
6 6 7.62532 6.30499 6 7.5 6.3 6.0299 7.5
6.3 6 7.53935 5.94913 6.3 7.5 6.1856 6.3 7.5
6 6.35087 7.5 6 6.3 7.55087 6 5.1 8.09286
6.3 5.1 8.06029 6 5.4 8.02986 6.3 5.51716 7.8
6.3 5.4 7.88579 6.09368 5.7 7.8 6.42406 5.7 7.8
6.3 5.95997 7.8 6.3 5.7 7.98337 6 5.09286 8.1
6.3 5.06029 8.1 5.99286 5.1 8.1 6 5.1 8.27764
6.35042 5.1 8.1 5.95795 5.4 8.1 6 5.4464 8.1
6 5.4 8.15594 6.53369 5.4 8.1 6.3 5.61467 8.1
6.6 5.4 8.2876 6.3 4.95315 8.4 6.00516 5.1 8.4
6.53369 5.1 8.4 6.3 5.1 8.54685 6.6 5.2876 8.4
6.20297 5.4 8.4 6.3 5.47611 8.4 6.3 5.4 8.47611
6.64205 5.4 8.4 6.6 5.4464 8.4 6.6 5.4 8.44205
6 1.8 5.90592 6 1.77106 6 5.97394 1.8 6
6.04093 1.8 6 6 1.82606 6 6 1.8 6.07833
6.3 2.1 6.87533 6.3 2.08464 6.9 6.24397 2.1 6.9
6.44842 2.1 6.9 6.3 2.11536 6.9 6.3 2.1 6.91598
6 1.5 5.09286 6.3 1.5 5.0105 6 1.49286 5.1
6.3 1.4105 5.1 5.99286 1.5 5.1 6 1.50714 5.1
6.43935 1.5 5.1 6.3 1.5895 5.1 6.6 1.5 5.20974
6 1.36805 5.4 6.3 1.35 5.4 6.6 1.35904 5.4
5.87652 1.5 5.4 6 1.63195 5.4 6.3 1.62036 5.4
6.85929 1.5 5.4 6.6 1.64645 5.4 6.9 1.5 5.50568
7.2 1.8 5.62747 6 1.36454 5.7 6.3 1.35 5.7
6.6 1.35 5.7 6.9 1.4409 5.7 5.87652 1.5 5.7
6 1.63546 5.7 6.3 1.59337 5.7 6.6 1.63782 5.7
6.9591 1.5 5.7 6.9 1.58686 5.7 7.2 1.74913 5.7
7.12403 1.8 5.7 7.25087 1.8 5.7 7.2 1.85087 5.7
6 1.41722 6 6.3 1.36494 6 6.6 1.35329 6
6.9 1.44913 6 5.91722 1.5 6 6 1.59831 6
6.3 1.59907 6 6.6 1.65815 6 6.6 1.5 6.26192
6.95087 1.5 6 6.9 1.70663 6 6.9 1.5 6.05963
7.2 1.72844 6 6 1.8 6.2816 6.6 1.8 6.25815
6.96826 1.8 6 6.9 1.8 6.03433 7.27156 1.8 6
7.2 1.87387 6 7.2 1.8 6.15 6 1.49286 6.3
6.3 1.39554 6.3 5.99286 1.5 6.3 6 1.5 6.30799
6.54004 1.5 6.3 6.3 1.64104 6.3 6.3 1.5 6.42177
6.6 1.65 6.3 6.9 1.66064 6.3 5.98542 1.8 6.3
6.02346 1.8 6.3 6 1.81458 6.3 6.54558 1.8 6.3
6.3 1.8 6.46101 6.6 1.83532 6.3 7.10852 1.8 6.3
6.9 1.92805 6.3 6.9 1.8 6.47161 7.2 2.1 6.59553
6 1.74799 6.6 6.3 1.68021 6.6 6.6 1.71722 6.6
5.95277 1.8 6.6 6 1.85333 6.6 6 1.8 6.65201
6.3 1.9026 6.6 6.3 1.8 6.71979 6.72491 1.8 6.6
6.6 1.90878 6.6 6.6 1.8 6.68533 7.2 2.0979 6.6
7.11128 2.1 6.6 7.2021 2.1 6.6 7.2 2.10225 6.6
7.2 2.1 6.6021 6.3 1.5 4.41421 6.6 1.5 4.39012
6.9 1.5 4.45429 6 1.8 4.38256 6.3 1.8 4.33164
6.6 1.8 4.29337 6.9 1.8 4.29337 7.2 1.8 4.32045
6 2.1 4.38726 6.3 2.1 4.32775 6.6 2.1 4.29337
6.9 2.1 4.29337 7.2 2.1 4.35 6.3 2.4 4.41722
6.6 2.4 4.35 6.9 2.4 4.32036 7.2 2.4 4.39219
6.9 2.7 4.48542 6.3 1.41677 4.5 6.6 1.40663 4.5
6.9 1.45859 4.5 6.16822 1.5 4.5 6 1.62974 4.5
6.95514 1.5 4.5 7.2 1.62775 4.5 5.88256 1.8 4.5
7.38428 1.8 4.5 7.5 1.8 4.73608 5.88726 2.1 4.5
6 2.23051 4.5 6 2.1 4.72403 7.42613 2.1 4.5
7.5 2.1 4.57156 6.20169 2.4 4.5 6.3 2.48278 4.5
6.6 2.57902 4.5 7.33199 2.4 4.5 7.2 2.62077 4.5
7.5 2.4 4.62497 7.8 2.4 4.72844 6.87654 2.7 4.5
6.6 2.7 4.61572 6.96072 2.7 4.5 6.9 2.71458 4.5
7.2 2.7 4.55027 7.5 2.7 4.65865 7.8 2.7 4.77394
6.9 3 4.68419 7.2 3 4.65865 7.5 3 4.70093
6.3 1.40663 4.8 6.6 1.40663 4.8 6.9 1.40663 4.8
6.13187 1.5 4.8 6 1.5785 4.8 6.3 1.5 4.90633
6.6 1.5 5.06589 7.04346 1.5 4.8 6.9 1.5 4.97784
7.2 1.59907 4.8 7.5 1.75795 4.8 5.85 1.8 4.8
6 2.04913 4.8 6 1.8 5.0215 7.54205 1.8 4.8
7.5 1.8 4.87487 6.05267 2.1 4.8 7.71093 2.1 4.8
7.8 2.27224 4.8 6.14376 2.4 4.8 6.3 2.58071 4.8
6.3 2.4 4.96332 7.87156 2.4 4.8 6.41073 2.7 4.8
6.6 2.92664 4.8 7.82606 2.7 4.8 7.8 2.74876 4.8
6.69914 3 4.8 6.9 3.11582 4.8 7.2 3.16683 4.8
7.65044 3 4.8 7.5 3.13506 4.8 7.8 3 4.89868
7.5 3.3 4.98371 7.8 3.3 4.98225 6.3 1.70457 5.1
6.6 1.53411 5.1 6.9 1.58525 5.1 7.2 1.66525 5.1
6.14399 1.8 5.1 6.3 1.8 5.18323 6.6 1.8 5.19337
6.9 1.8 5.23164 7.3844 1.8 5.1 7.2 1.8 5.25
7.5 1.90148 5.1 6.2536 2.1 5.1 6.3 2.15594 5.1
6.3 2.1 5.14205 6.6 2.1 5.19337 6.9 2.1 5.25355
7.69852 2.1 5.1 7.8 2.22212 5.1 6.48344 2.4 5.1
6.6 2.4 5.19337 6.9 2.4 5.25693 7.92497 2.4 5.1
6.58464 2.7 5.1 6.6 2.71598 5.1 6.6 2.7 5.11536
6.9 2.7 5.27964 8.00093 2.7 5.1 6.78428 3 5.1
6.9 3.11274 5.1 7.2 3.21677 5.1 8.02844 3 5.1
7.35056 3.3 5.1 7.2 3.3 5.23135 7.5 3.38988 5.1
7.9887 3.3 5.1 7.8 3.42282 5.1 7.2 2.00119 5.4
7.5 2.05707 5.4 7.10663 2.1 5.4 7.2 2.1 5.48323
7.54293 2.1 5.4 7.5 2.1 5.44141 7.8 2.38482 5.4
7.07559 2.4 5.4 7.2 2.4 5.51274 7.5 2.4 5.60459
7.81458 2.4 5.4 7.8 2.4 5.41753 7.0234 2.7 5.4
6.9 2.98947 5.4 7.2 2.7 5.58927 7.95 2.7 5.4
6.89286 3 5.4 6.9 3.00837 5.4 6.9 3 5.40744
8.00663 3 5.4 7.08985 3.3 5.4 7.2 3.39907 5.4
7.2 3.3 5.6011 7.5 3.43995 5.4 8.07679 3.3 5.4
7.8 3.44376 5.4 7.8 3.6 5.54645 8.1 3.6 5.51462
7.8 3.9 5.64913 7.5 2.53094 5.7 7.8 2.59782 5.7
7.34469 2.7 5.7 7.2 2.90271 5.7 7.5 2.7 5.81572
7.8895 2.7 5.7 7.8 2.7 5.81225 7.13424 3 5.7
7.2 3.15783 5.7 7.2 3 5.76363 8.00093 3 5.7
7.27102 3.3 5.7 7.5 3.4844 5.7 8.02795 3.3 5.7
8.1 3.40813 5.7 7.60647 3.6 5.7 7.8 3.6 5.92982
8.20781 3.6 5.7 8.1 3.75 5.7 7.71393 3.9 5.7
7.88006 3.9 5.7 7.8 3.95087 5.7 8.1 3.9 5.92077
7.5 2.91513 6 7.8 2.84289 6 7.41767 3 6
7.5 3 6.08941 7.94376 3 6 7.8 3 6.14376
7.43584 3.3 6 7.5 3.38664 6 7.5 3.3 6.07744
8.05544 3.3 6 7.8 3.52982 6 8.1 3.40907 6
7.95 3.6 6 7.8 3.68059 6 8.16416 3.6 6
7.61947 3.9 6 7.8 4.03284 6 7.8 3.9 6.12766
8.15027 3.9 6 8.1 3.95027 6 7.8 3.18071 6.3
7.67468 3.3 6.3 7.9925 3.3 6.3 7.8 3.45966 6.3
7.8 3.3 6.43229 8.1 3.48162 6.3 8.01215 3.6 6.3
8.15087 3.6 6.3 8.1 3.6 6.53624 8.09286 3.9 6.3
8.10799 3.9 6.3 8.1 3.90938 6.3 8.1 3.69343 6.6
8.06391 3.9 6.6 8.13258 3.9 6.6 8.1 3.94388 6.6
8.1 3.9 6.63258 6 2.1 4.74913 6 2.4 4.69518
6.3 2.7 4.70663 6.9 3.3 4.77466 6 2.04913 4.8
5.94913 2.1 4.8 6.05267 2.1 4.8 6 2.1 4.87597
5.89518 2.4 4.8 6.11618 2.4 4.8 6 2.51618 4.8
6.3 2.59585 4.8 6.3 2.4 4.98985 6.19586 2.7 4.8
6.39609 2.7 4.8 6.3 2.82378 4.8 6.3 3 4.95496
6.6 3 4.83551 6.9 3.26555 4.8 6.3 3.3 4.99591
6.86834 3.3 4.8 6.6 3.3 4.93164 7.05643 3.3 4.8
6.9 3.32534 4.8 7.2 3.3 4.8542 6 3.6 4.90053
6.3 3.6 4.85087 6.6 3.6 4.89541 6.3 4.2 5.03584
6 2.21572 5.1 6.3 2.29313 5.1 5.85315 2.4 5.1
6 2.68482 5.1 6.39907 2.4 5.1 6.01458 2.7 5.1
6 2.7 5.12003 6.54373 2.7 5.1 6.6 2.75822 5.1
6.6 2.7 5.21834 6.17559 3 5.1 6.78428 3 5.1
6.9 3.13754 5.1 7.2 3.21677 5.1 6.16294 3.3 5.1
6 3.42446 5.1 6 3.3 5.23026 6.9 3.45415 5.1
7.31214 3.3 5.1 7.2 3.38323 5.1 7.2 3.3 5.23135
5.85865 3.6 5.1 6 3.82196 5.1 6.3 3.75644 5.1
6.77934 3.6 5.1 6.6 3.80093 5.1 6.9 3.6 5.22066
7.2 3.6 5.25315 6 3.9 5.17634 6.3 4.1314 5.1
6.3 3.9 5.28115 6.6 3.9 5.31214 6.9 3.9 5.32103
6.22256 4.2 5.1 6 4.2 5.31475 6.36416 4.2 5.1
6.3 4.36099 5.1 6 2.29219 5.4 6.3 2.30663 5.4
5.89219 2.4 5.4 6.39337 2.4 5.4 6.6 2.6215 5.4
5.87503 2.7 5.4 6 2.89509 5.4 6.6785 2.7 5.4
6.08323 3 5.4 6 3.09543 5.4 6 3 5.52546
6.87466 3 5.4 6.9 3.02938 5.4 5.86456 3.3 5.4
7.08985 3.3 5.4 7.2 3.40188 5.4 7.2 3.3 5.6011
5.85315 3.6 5.4 7.37225 3.6 5.4 7.2 3.80184 5.4
5.85644 3.9 5.4 6 3.9 5.67259 6.6 3.95593 5.4
7.03014 3.9 5.4 6.9 4.00463 5.4 7.2 3.9 5.51999
7.5 3.9 5.66892 5.92894 4.2 5.4 6 4.28525 5.4
6.40095 4.2 5.4 6.3 4.32544 5.4 7.5 4.2 5.64316
6 2.30663 5.7 6.3 2.30663 5.7 5.90663 2.4 5.7
6.39337 2.4 5.7 6.3 2.4 5.90754 6.6 2.62844 5.7
5.86456 2.7 5.7 6.67156 2.7 5.7 6.6 2.7 5.88162
5.89554 3 5.7 6.79219 3 5.7 6.9 3.11073 5.7
7.2 3.23807 5.7 5.86218 3.3 5.7 7.2666 3.3 5.7
5.92389 3.6 5.7 6 3.83596 5.7 7.47566 3.6 5.7
7.5 3.74128 5.7 7.5 3.6 5.73366 7.8 3.6 5.9536
6.02823 3.9 5.7 6 3.94752 5.7 6.3 3.9 5.94392
6.6 4.1112 5.7 6.9 4.14913 5.7 7.2 4.05629 5.7
7.52894 3.9 5.7 5.90132 4.2 5.7 6 4.3156 5.7
6 4.2 5.86822 6.31126 4.2 5.7 6.3 4.2065 5.7
6.6 4.2 5.78587 6.9 4.2 5.77007 7.42004 4.2 5.7
7.2 4.2 5.84695 7.56235 4.2 5.7 7.5 4.25684 5.7
7.5 4.5 5.89219 6 2.30663 6 5.90663 2.4 6
6.20754 2.4 6 6 2.4 6.12862 6.3 2.45027 6
5.85 2.7 6 6.54913 2.7 6 6.6 2.75087 6
5.88726 3 6 6.75865 3 6 6.9 3.14135 6
7.2 3.09337 6 5.85315 3.3 6 7.43584 3.3 6
7.5 3.38664 6 7.5 3.3 6.17138 7.8 3.5536 6
5.91677 3.6 6 6 3.72191 6 6.3 3.83788 6
7.8464 3.6 6 7.8 3.65175 6 6 3.9 6.1159
6.35087 3.9 6 6.3 3.95087 6 6.3 3.9 6.05087
7.6156 3.9 6 7.8 3.9 6.13164 6.08323 4.2 6
6.3 4.38418 6 6.6 4.37123 6 6.9 4.32036 6
7.2 4.41959 6 7.73584 4.2 6 7.8 4.2 6.08664
8.1 4.2 6.29204 6.3 4.5 6.18626 6.6 4.5 6.12036
6.9 4.5 6.15315 7.29129 4.5 6 7.2 4.5 6.08686
7.6159 4.5 6 7.5 4.60781 6 7.8 4.5 6.22982
7.2 4.8 6.29422 7.5 4.8 6.20663 6 2.51274 6.3
6.3 2.5555 6.3 5.85 2.7 6.3 6.45594 2.7 6.3
6.3 2.7 6.51765 6.6 2.92606 6.3 5.85 3 6.3
6.66363 3 6.3 6.6 3 6.38993 6.9 3.15865 6.3
7.2 3.19554 6.3 7.5 3.24913 6.3 5.85 3.3 6.3
6.9 3.3 6.58373 7.2 3.3 6.44634 7.56692 3.3 6.3
7.5 3.3 6.37354 7.8 3.47717 6.3 5.85 3.6 6.3
7.92283 3.6 6.3 5.85865 3.9 6.3 6 4.10965 6.3
7.98726 3.9 6.3 8.1 4.18701 6.3 6.08323 4.2 6.3
8.10796 4.2 6.3 8.1 4.21299 6.3 8.1 4.2 6.3101
6.21677 4.5 6.3 6.3 4.65541 6.3 6.6 4.7105 6.3
6.9 4.7829 6.3 7.89337 4.5 6.3 7.8 4.67242 6.3
8.1 4.5 6.47138 6.3 4.8 6.39787 6.6 4.8 6.45051
7.12403 4.8 6.3 7.2 4.84053 6.3 7.70754 4.8 6.3
7.5 4.91231 6.3 7.8 4.8 6.35529 6.9 5.1 6.56861
7.2 5.1 6.36535 7.5 5.1 6.49888 6 2.59554 6.6
5.89554 2.7 6.6 6.18394 2.7 6.6 6 2.7 6.71245
6.3 2.77563 6.6 5.85865 3 6.6 6.48418 3 6.6
6.3 3 6.86468 6.6 3.12413 6.6 5.85 3.3 6.6
6.88373 3.3 6.6 6.6 3.3 6.7841 6.9 3.31458 6.6
7.2 3.40781 6.6 7.5 3.41582 6.6 7.8 3.5198 6.6
5.85 3.6 6.6 7.2 3.6 6.83584 7.5 3.6 6.79219
7.83598 3.6 6.6 7.8 3.6 6.63598 5.87532 3.9 6.6
6 4.14406 6.6 7.90687 3.9 6.6 7.8 3.9 6.70687
6.04205 4.2 6.6 6 4.2 6.64205 7.86143 4.2 6.6
7.8 4.2 6.67275 8.1 4.39012 6.6 6.15275 4.5 6.6
6 4.5 6.79808 6.9 4.72437 6.6 8.19337 4.5 6.6
8.1 4.62862 6.6 6.14723 4.8 6.6 6.3 4.98025 6.6
6.76683 4.8 6.6 6.6 4.91568 6.6 7.00315 4.8 6.6
6.9 5.05116 6.6 6.9 4.8 6.77804 7.97902 4.8 6.6
7.8 4.99353 6.6 8.1 4.8 6.82403 6.3 5.1 6.82025
6.87337 5.1 6.6 6.6 5.1 6.72577 6.9 5.13178 6.6
7.2 5.19337 6.6 7.63178 5.1 6.6 7.5 5.18323 6.6
7.8 5.1 6.87025 6.6 5.4 6.75326 6 2.90534 6.9
5.91266 3 6.9 6.22643 3 6.9 6 3 7.02165
6.3 3.05154 6.9 5.87964 3.3 6.9 6.46026 3.3 6.9
6.3 3.3 7.06983 6.6 3.40781 6.9 6.9 3.45 6.9
5.85 3.6 6.9 7.13369 3.6 6.9 6.9 3.6 7.08462
7.2 3.67453 6.9 7.5 3.81994 6.9 5.85 3.9 6.9
7.55593 3.9 6.9 7.5 3.9 6.95963 5.85 4.2 6.9
7.66601 4.2 6.9 7.5 4.2 7.06922 7.8 4.33019 6.9
8.1 4.40093 6.9 5.91722 4.5 6.9 6 4.60468 6.9
7.8 4.5 7.13474 8.19907 4.5 6.9 6.13668 4.8 6.9
8.15087 4.8 6.9 8.1 4.85087 6.9 8.1 4.8 7.08143
6.25478 5.1 6.9 6.3 5.15183 6.9 6.3 5.1 6.94983
6.9 5.34733 6.9 7.2 5.26218 6.9 7.5 5.24068 6.9
7.81536 5.1 6.9 7.8 5.11536 6.9 6.48382 5.4 6.9
6.82169 5.4 6.9 6.6 5.52908 6.9 6.6 5.4 7.00482
6 3.142 7.2 5.87964 3.3 7.2 6.17282 3.3 7.2
6 3.3 7.41959 6.3 3.49526 7.2 6.3 3.3 7.33185
6.6 3.57323 7.2 5.85 3.6 7.2 6 3.6 7.39554
6.64216 3.6 7.2 6.6 3.6 7.22677 6.9 3.72406 7.2
7.2 3.85795 7.2 5.85 3.9 7.2 6 3.9 7.40093
6.3 3.9 7.41722 6.9 3.9 7.43441 7.24959 3.9 7.2
7.2 3.9 7.24205 5.85 4.2 7.2 6 4.2 7.39591
6.3 4.2 7.37442 6.9 4.2 7.37503 7.27384 4.2 7.2
7.2 4.2 7.24929 7.5 4.42483 7.2 8.1 4.45795 7.2
5.94429 4.5 7.2 6 4.55571 7.2 6 4.5 7.25897
6.3 4.5 7.3274 6.9 4.5 7.28882 7.2 4.5 7.37282
7.64067 4.5 7.2 7.5 4.5 7.25027 7.97494 4.5 7.2
7.8 4.55571 7.2 8.14205 4.5 7.2 8.1 4.66496 7.2
8.1 4.5 7.30435 6.23584 4.8 7.2 6.3 4.87018 7.2
6.3 4.8 7.27744 6.9 4.8 7.43584 7.2 4.8 7.43366
7.5 4.8 7.40541 8.06468 4.8 7.2 6.49353 5.1 7.2
6.6 5.19868 7.2 6.6 5.1 7.33463 6.9 5.35965 7.2
6.9 5.1 7.38726 7.2 5.35612 7.2 7.5 5.26587 7.2
7.84205 5.1 7.2 7.8 5.14205 7.2 7.8 5.1 7.29451
6.3 3.12498 7.5 6.0842 3.3 7.5 6.43658 3.3 7.5
6.3 3.3 7.61582 6.24536 3.6 7.5 6.3319 3.6 7.5
6.3 3.67137 7.5 6.3 3.6 7.5319 6.6 3.84854 7.5
6.49439 3.9 7.5 6.73964 3.9 7.5 6.6 3.9 7.55146
6.44469 4.2 7.5 6.73724 4.2 7.5 6.6 4.2 7.61274
6.43187 4.5 7.5 6.80754 4.5 7.5 6.6 4.5 7.59337
7.8 4.70093 7.5 6.59093 4.8 7.5 6.62467 4.8 7.5
6.6 4.81167 7.5 6.6 4.8 7.50714 7.2 4.96374 7.5
7.5989 4.8 7.5 7.5 4.92429 7.5 7.97454 4.8 7.5
7.8 4.97454 7.5 7.8 4.8 7.59907 7.12403 5.1 7.5
7.2 5.16483 7.5 7.2 5.1 7.55087 7.6475 5.1 7.5
7.5 5.17659 7.5 7.5 5.1 7.57659 6 2.1 5.31645
6.3 2.1 5.26494 6.6 2.4 5.25325 6.9 2.4 5.31933
6.9 2.7 5.32389 6 2.05795 5.4 6.3 2.00093 5.4
5.95795 2.1 5.4 6 2.14205 5.4 6.41602 2.1 5.4
6.3 2.22017 5.4 6.6 2.26949 5.4 6.9 2.32341 5.4
6.4652 2.4 5.4 6.6 2.51274 5.4 6.97659 2.4 5.4
6.82389 2.7 5.4 6.97852 2.7 5.4 6.9 2.78017 5.4
7.2 2.7 5.63369 6.9 3 5.61983 6 2.05859 5.7
6.3 2.01677 5.7 5.95859 2.1 5.7 6 2.16303 5.7
6 2.1 5.77355 6.39337 2.1 5.7 6.3 2.22191 5.7
6.3 2.1 5.87559 6.6 2.3192 5.7 6.9 2.38542 5.7
6.4925 2.4 5.7 6.6 2.47156 5.7 6.91458 2.4 5.7
6.9 2.4 5.71518 7.2 2.63584 5.7 6.75315 2.7 5.7
7.26416 2.7 5.7 7.2 2.83399 5.7 7.2 2.7 5.83399
6.82389 3 5.7 7.05063 3 5.7 6.9 3.07611 5.7
7.2 3 5.82818 6.6 2.30391 6 6.43782 2.4 6
6.3 2.4 6.19586 6.69609 2.4 6 6.6 2.52084 6
6.6 2.4 6.12862 6.9 2.55 6 6.7234 2.7 6
6.6 2.7 6.17282 7.12197 2.7 6 6.9 2.7 6.22925
7.2 2.82818 6 6.75865 3 6 6.9 3.14135 6
7.29337 3 6 7.2 3.09337 6 7.2 3 6.16274
6.3 2.34913 6.3 6.08794 2.4 6.3 6.37597 2.4 6.3
6.3 2.45087 6.3 6.3 2.4 6.38822 6.6 2.56494 6.3
6.50093 2.7 6.3 6.78748 2.7 6.3 6.6 2.81015 6.3
6.6 2.7 6.47757 6.9 2.77075 6.3 6.74096 3 6.3
6.6 3 6.55171 7.11467 3 6.3 6.9 3.1555 6.3
6.9 3 6.47195 6.6 2.90277 6.6 6.55795 3 6.6
6.65576 3 6.6 6.6 3.04205 6.6 6.6 3 6.64359
6.6 2.1 5.22532 6.9 2.1 5.27092 6.6 1.92532 5.4
6.9 1.97934 5.4 6.41602 2.1 5.4 6.6 2.23164 5.4
7.02908 2.1 5.4 6.9 2.27313 5.4 7.2 2.4 5.51572
6.6 1.94376 5.7 6.9 1.99219 5.7 6.39337 2.1 5.7
6.3 2.1 5.87559 6.6 2.26332 5.7 7.03671 2.1 5.7
6.9 2.37496 5.7 6.9 2.1 5.92077 7.2 2.2234 5.7
6.91518 2.4 5.7 6.9 2.4 5.71518 7.39852 2.4 5.7
7.2 2.57225 5.7 7.2 2.7 5.90353 7.5 2.7 5.82441
6.3 2.02725 6 6.6 1.97964 6 6.19292 2.1 6
6.3 2.16416 6 6.83068 2.1 6 6.6 2.27282 6
6.6 2.1 6.16329 6.9 2.15206 6 7.2 2.30093 6
6.70188 2.4 6 6.6 2.4 6.14034 6.9 2.55 6
7.32254 2.4 6 7.2 2.4 6.13017 7.5 2.53698 6
7.12197 2.7 6 6.9 2.7 6.22925 7.2 2.77563 6
7.63782 2.7 6 7.5 2.90759 6 7.2 3 6.21722
7.5 3 6.08941 6.3 2.04913 6.3 6.23329 2.1 6.3
6.38006 2.1 6.3 6.3 2.18006 6.3 6.3 2.1 6.35391
6.6 2.25 6.3 6.9 2.28927 6.3 6.45 2.4 6.3
6.3 2.4 6.55763 6.6 2.50781 6.3 7.03974 2.4 6.3
6.9 2.4 6.42786 7.2 2.51744 6.3 7.5 2.6681 6.3
6.8315 2.7 6.3 6.6 2.7 6.52389 6.9 2.77075 6.3
7.5319 2.7 6.3 7.5 2.7 6.33312 7.11467 3 6.3
6.9 3 6.47195 7.2 3.11629 6.3 7.64135 3 6.3
7.5 3.19353 6.3 7.5 3 6.59445 6.9 3.3 6.58542
7.2 3.3 6.47138 6.3 2.37298 6.6 6.6 2.34913 6.6
6.24886 2.4 6.6 6.3 2.42534 6.6 6.3 2.4 6.63986
6.66385 2.4 6.6 6.6 2.4 6.65087 6.9 2.53218 6.6
7.2 2.68542 6.6 6.52389 2.7 6.6 6.6 2.80826 6.6
6.6 2.7 6.87993 6.9 2.7 6.7766 7.21518 2.7 6.6
7.2 2.7 6.61458 6.73724 3 6.6 6.6 3 6.89514
6.9 3 6.78373 7.49505 3 6.6 7.2 3 6.75
6.88373 3.3 6.6 6.9 3.31458 6.6 6.9 3.3 6.61701
7.43465 3.3 6.6 7.2 3.39337 6.6 7.2 3.3 6.69337
6.6 2.91326 6.9 6.59705 3 6.9 6.60644 3 6.9
6.6 3.00307 6.9 6.6 3 6.90295 6 1.8 5.36735
6.3 1.8 5.26253 6.6 1.8 5.34406 6 1.77394 5.4
6.3 1.70663 5.4 6.6 1.75795 5.4 5.97394 1.8 5.4
6 1.82606 5.4 6 1.8 5.55229 6.3 1.89337 5.4
6.73318 1.8 5.4 6.6 1.84205 5.4 7.2 2.1 5.56253
6.3 1.70663 5.7 6.6 1.71677 5.7 6.05087 1.8 5.7
6.3 1.89337 5.7 6.79586 1.8 5.7 6.6 1.88323 5.7
7.2 2.00663 5.7 7.06615 2.1 5.7 6.9 2.1 5.92077
7.32084 2.1 5.7 7.2 2.19609 5.7 7.5 2.4 5.80547
7.8 2.7 5.97394 6.3 1.70663 6 6.6 1.74973 6
6.12282 1.8 6 6.3 1.89337 6 6.3 1.8 6.17718
6.67517 1.8 6 6.6 1.86619 6 6.6 1.8 6.06143
6.9 2.02483 6 7.2 2.00093 6 6 2.1 6.0081
6.83381 2.1 6 6.6 2.1 6.17332 6.9 2.15027 6
7.33506 2.1 6 7.2 2.25 6 7.2 2.1 6.18345
7.5 2.25493 6 7.33996 2.4 6 7.2 2.4 6.13017
7.61965 2.4 6 7.5 2.51627 6 7.8 2.6698 6
7.77106 2.7 6 7.82606 2.7 6 7.8 2.72708 6
7.8 3 6.17629 6 1.96914 6.3 6.6 1.98021 6.3
6.9 1.97934 6.3 5.88692 2.1 6.3 6.2243 2.1 6.3
6 2.21606 6.3 6.38461 2.1 6.3 6.3 2.1 6.38296
6.6 2.20546 6.3 6.6 2.1 6.57315 7.1047 2.1 6.3
6.9 2.26361 6.3 6.9 2.1 6.45832 7.2 2.19824 6.3
7.5 2.2974 6.3 7.03974 2.4 6.3 6.9 2.4 6.43199
7.2 2.51744 6.3 7.60546 2.4 6.3 7.5 2.64412 6.3
7.8 2.61421 6.3 7.57096 2.7 6.3 7.5 2.7 6.33443
7.88323 2.7 6.3 7.8 2.7 6.46522 7.67934 3 6.3
7.5 3 6.59505 7.93519 3 6.3 7.8 3.12908 6.3
6 2.09505 6.6 6.3 1.99554 6.6 5.99505 2.1 6.6
6 2.10988 6.6 6 2.1 6.60581 6.57381 2.1 6.6
6.3 2.24104 6.6 6.3 2.1 6.74104 6.9 2.23724 6.6
7.2 2.29219 6.6 7.5 2.38464 6.6 6 2.4 6.7692
6.3 2.4 6.75 6.66671 2.4 6.6 6.6 2.4 6.65087
6.9 2.52805 6.6 7.2 2.67496 6.6 7.51536 2.4 6.6
7.5 2.4 6.62322 6.6 2.7 6.89286 6.9 2.7 6.7766
7.21582 2.7 6.6 7.2 2.7 6.62817 7.72366 2.7 6.6
7.8 2.80266 6.6 6.3 3 6.88542 6.9 3 6.82341
7.49505 3 6.6 7.2 3 6.81677 7.5 3.01922 6.6
7.92098 3 6.6 7.8 3.17633 6.6 7.8 3 6.72098
6.6 3.3 6.7974 6.9 3.3 6.81266 6 2.30711 6.9
6.3 2.25 6.9 6.6 2.22766 6.9 6.9 2.27964 6.9
7.2 2.31677 6.9 5.91722 2.4 6.9 6 2.57504 6.9
6 2.4 7.00878 6.3 2.59174 6.9 6.3 2.4 7.09174
6.6 2.4 7.07964 6.9 2.4 7.02036 7.31214 2.4 6.9
7.2 2.4 6.98323 7.5 2.67678 6.9 6.57993 2.7 6.9
6.3 2.9608 6.9 6.6 2.7627 6.9 6.6 2.7 6.91536
6.9 2.7 7.07325 7.2 2.7 6.99907 7.51536 2.7 6.9
7.5 2.7 6.91536 6.28482 3 6.9 6.40692 3 6.9
6.3 3.02207 6.9 6.66362 3 6.9 6.6 3.04523 6.9
6.6 3 6.93986 6.9 3 6.98624 7.2 3.12191 6.9
7.2 3 6.98323 7.55593 3 6.9 7.5 3.07354 6.9
7.5 3 6.95087 6.46593 3.3 6.9 6.6 3.4026 6.9
7.02681 3.3 6.9 6.9 3.38734 6.9 6.9 3.3 7.00701
6.3 2.94913 7.2 6.6 2.82862 7.2 6.26976 3 7.2
6.3 3.03445 7.2 6.3 3 7.22534 6.72441 3 7.2
6.6 3 7.31274 6.43317 3.3 7.2 6.76381 3.3 7.2
6.6 3.51413 7.2 6.6 3.3 7.34135 7.2 3.3 6.79219
7.5 3.3 6.80663 7.2 3.6 6.83584 7.5 3.6 6.83531
6.9 2.7 7.12844 7.2 2.7 7.08726 6.9 3 7.05355
7.2 3.12191 6.9 7.2 3 6.98323 7.5 3.12282 6.9
7.5 3 7.06055 7.05531 3.3 6.9 6.9 3.3 7.03451
7.59795 3.3 6.9 7.13369 3.6 6.9 6.9 3.6 7.18482
7.2 3.67453 6.9 7.56833 3.6 6.9 7.5 3.68364 6.9
6.9 2.62844 7.2 7.2 2.58726 7.2 6.82844 2.7 7.2
6.6 2.7 7.44913 7.35 2.7 7.2 7.5 2.90663 7.2
6.76218 3 7.2 7.56416 3 7.2 7.5 3 7.27275
6.77234 3.3 7.2 7.58323 3.3 7.2 7.5 3.3 7.29035
6.88542 3.6 7.2 6.9 3.61458 7.2 6.9 3.6 7.21753
7.2 3.80093 7.2 7.2 3.6 7.35 7.51458 3.6 7.2
7.5 3.61627 7.2 7.5 3.6 7.21458 6.6 2.6402 7.5
6.9 2.55 7.5 7.2 2.61677 7.5 6.54913 2.7 7.5
6.6 2.86375 7.5 6.6 2.7 7.56692 6.9 2.7 7.68726
7.28323 2.7 7.5 7.2 2.7 7.58323 6.64356 3 7.5
6.9 3 7.65 7.31929 3 7.5 7.2 3 7.60781
6.81677 3.3 7.5 6.9 3.39544 7.5 6.9 3.3 7.58323
7.20799 3.3 7.5 7.2 3.30714 7.5 7.2 3.3 7.50714
6 4.2 5.97394 6 4.15907 6 5.97394 4.2 6
6.02606 4.2 6 6 4.2373 6 6 4.2 6.03108
6 4.5 6.14968 6 4.8 6.19219 6 5.1 6.15865
6 4.36506 6.3 5.87934 4.5 6.3 6.13494 4.5 6.3
6 4.5 6.42371 5.89219 4.8 6.3 6.10781 4.8 6.3
5.85865 5.1 6.3 6.20353 5.1 6.3 6 5.27902 6.3
6.3 5.1 6.45769 6 5.4 6.45531 6.3 5.4 6.5006
6 4.67225 6.6 5.87532 4.8 6.6 6.13098 4.8 6.6
6.3 5.01197 6.6 5.85 5.1 6.6 6.38278 5.1 6.6
6.3 5.1 6.75545 5.89219 5.4 6.6 6 5.53258 6.6
6 5.4 6.70781 6.40309 5.4 6.6 6.3 5.48952 6.6
6.3 5.4 6.6942 6 4.73141 6.9 5.94373 4.8 6.9
6.06174 4.8 6.9 6 4.8 6.95627 5.93584 5.1 6.9
6.13028 5.1 6.9 6 5.16416 6.9 6 5.1 6.96416
6.6 4.2 5.38464 7.2 4.2 5.35859 7.5 4.2 5.34913
6.6 4.18464 5.4 7.2 4.00144 5.4 7.5 4.04606 5.4
6.58464 4.2 5.4 6.62312 4.2 5.4 6.6 4.22975 5.4
6.6 4.2 5.42227 7.14041 4.2 5.4 6.9 4.2 5.6615
7.2 4.28829 5.4 7.55087 4.2 5.4 7.5 4.30414 5.4
7.5 4.2 5.50415 6.9 4.5 5.56374 7.2 4.5 5.6895
6.9 4.17394 5.7 7.2 4.0842 5.7 6.86284 4.2 5.7
6.9 4.2 5.7373 7.37454 4.2 5.7 7.2 4.2 5.83309
6.84407 4.5 5.7 6.9 4.55087 5.7 7.21461 4.5 5.7
7.2 4.5043 5.7 6.9 4.32876 6 7.2 4.43717 6
6.67663 4.5 6 6.9 4.64135 6 6.9 4.5 6.14135
7.24522 4.5 6 7.2 4.54522 6 7.2 4.5 6.04522
6 2.7 7.18464 6 2.68464 7.2 5.98464 2.7 7.2
6.02478 2.7 7.2 6 2.72322 7.2 6 2.7 7.24109
6.3 2.7 7.41656 6.3 2.64373 7.5 6.17866 2.7 7.5
6.35627 2.7 7.5 6.3 2.8199 7.5 6.3 2.7 7.55627
6.6 2.4 7.13584 6.9 2.4 7.12341 6.6 2.33369 7.2
6.9 2.32341 7.2 6.52528 2.4 7.2 6.6 2.47018 7.2
6.6 2.4 7.27765 7.0043 2.4 7.2 6.9 2.48821 7.2
6.9 2.4 7.28336 6.3 3.3 7.17394 6.3 3.26256 7.2
6.6 3 7.46579 6.27394 3.3 7.2 6.32894 3.3 7.2
6.3 3.37936 7.2 6.3 3.3 7.2373 6.6 3.3 7.37902
6.6 3.6 7.40563 6.6 2.96579 7.5 6.51263 3 7.5
6.63421 3 7.5 6.6 3 7.53421 6.458 3.3 7.5
6.72098 3.3 7.5 6.6 3.3 7.61274 6.50538 3.6 7.5
6.7911 3.6 7.5 6.6 3.69676 7.5 6.6 3.6 7.57611
6.6 2.7 7.12341 6.6 2.62341 7.2 6.50242 2.7 7.2
6.67659 2.7 7.2 6.6 2.80884 7.2 6.6 2.7 7.3043
8.1 4.2 6.55156 8.1 4.15156 6.6 7.98513 4.2 6.6
8.16114 4.2 6.6 8.1 4.24845 6.6 8.1 4.2 6.66373
7.8 3.9 5.27652 8.1 3.9 5.39621 7.8 4.2 5.32389
8.1 4.2 5.29219 8.1 4.5 5.30663 7.8 3.75545 5.4
8.1 3.89563 5.4 7.65123 3.9 5.4 7.8 3.9 5.5942
8.10379 3.9 5.4 8.1 3.9 5.40705 7.71983 4.2 5.4
7.8 4.30826 5.4 8.20781 4.2 5.4 7.97138 4.5 5.4
7.8 4.5 5.55531 8.19337 4.5 5.4 8.1 4.59337 5.4
8.1 4.8 5.68542 7.8 4.02137 5.7 8.1 4.04594 5.7
7.69219 4.2 5.7 7.8 4.2 5.8159 8.20781 4.2 5.7
8.1 4.2 5.82159 7.69219 4.5 5.7 7.8 4.7475 5.7
7.8 4.5 5.85966 8.24685 4.5 5.7 8.1 4.5 5.88428
8.00988 4.8 5.7 7.8 4.8 5.7493 8.11458 4.8 5.7
8.1 4.81627 5.7 8.1 4.8 5.74207 7.5 5.1 5.92389
7.8 5.1 5.83225 7.5 5.4 5.85339 7.2 5.7 5.97503
7.5 5.7 5.74835 7.2 6 5.9373 7.5 6 5.89686
7.8 4.63471 6 7.67868 4.8 6 7.5 5.01715 6
7.99766 4.8 6 7.8 4.8 6.11308 7.42389 5.1 6
7.5 5.1 6.08285 7.9842 5.1 6 7.8 5.37062 6
7.8 5.1 6.15652 7.32877 5.4 6 7.2 5.67503 6
7.77185 5.4 6 7.1828 5.7 6 7.2 5.7 6.0179
7.63225 5.7 6 7.5 5.7 6.17325 7.14145 6 6
7.2 6.06056 6 7.2 6 6.05855 7.54141 6 6
7.5 6.04293 6 7.5 6 6.04141 7.5 5.34407 6.3
7.44392 5.4 6.3 7.57228 5.4 6.3 7.5 5.48822 6.3
7.5 5.4 6.35087 7.8 5.4 4.47466 7.8 5.7 4.38418
7.8 4.8 4.74373 8.1 4.8 4.79286 7.8 5.36823 4.5
7.8 5.1 4.63448 7.76014 5.4 4.5 7.83024 5.4 4.5
7.63185 5.7 4.5 7.95326 5.7 4.5 7.8 5.89473 4.5
8.1 5.7 4.69672 7.8 4.74044 4.8 8.1 4.79201 4.8
7.74373 4.8 4.8 8.10744 4.8 4.8 8.1 4.83903 4.8
8.4 4.8 5.06335 7.63475 5.1 4.8 8.05641 5.1 4.8
8.1 5.1 4.84205 7.58907 5.4 4.8 8.04913 5.4 4.8
8.1 5.51773 4.8 8.1 5.4 4.88006 7.5895 5.7 4.8
7.8 5.91677 4.8 8.17205 5.7 4.8 8.1 5.77856 4.8
7.8 4.74913 5.1 8.1 4.65 5.1 8.4 4.76468 5.1
7.74913 4.8 5.1 7.8 4.8 5.18786 8.43532 4.8 5.1
8.4 4.8778 5.1 8.4 4.8 5.18962 7.74913 5.1 5.1
7.8 5.1 5.19337 8.31722 5.1 5.1 8.4 5.1 5.21629
7.67964 5.4 5.1 8.20781 5.4 5.1 7.62036 5.7 5.1
7.8 5.87263 5.1 8.18323 5.7 5.1 8.1 5.78323 5.1
8.1 4.66456 5.4 7.91239 4.8 5.4 8.3173 4.8 5.4
8.1 4.8 5.56094 8.4 4.90266 5.4 7.89337 5.1 5.4
7.8 5.24764 5.4 8.1 5.1 5.6681 8.51274 5.1 5.4
8.4 5.22098 5.4 8.4 5.1 5.542 7.70459 5.4 5.4
8.2555 5.4 5.4 7.66782 5.7 5.4 7.8 5.82908 5.4
8.17156 5.7 5.4 8.1 5.77156 5.4 7.8 5.27072 5.7
8.1 5.13684 5.7 7.69219 5.4 5.7 7.8 5.4 5.80781
8.24096 5.4 5.7 8.1 5.4 5.83782 7.74913 5.7 5.7
7.8 5.75087 5.7 7.8 5.7 5.75087 8.12534 5.7 5.7
8.1 5.72534 5.7 8.1 5.7 5.72534 7.2 6.3 4.71266
7.2 6.21266 4.8 6.97037 6.3 4.8 7.30983 6.3 4.8
7.2 6.38734 4.8 7.2 6.20663 5.1 6.94735 6.3 5.1
6.9 6.3 5.24128 7.32084 6.3 5.1 7.2 6.40415 5.1
6.9 6.27394 5.4 7.2 6.1076 5.4 7.2 6 5.46174
6.87394 6.3 5.4 6.9 6.32606 5.4 6.9 6.3 5.44369
7.2895 6.3 5.4 7.2 6.39691 5.4 7.2 6.3 5.62834
7.2 5.85644 5.7 7.05117 6 5.7 7.36485 6 5.7
7.2 6.26192 5.7 7.2 6 5.84356 6.6 6.3 4.74373
6.6 6.24373 4.8 6.54373 6.3 4.8 6.84565 6.3 4.8
6.6 6.35627 4.8 6.9 6.3 4.91289 6.6 6.28542 5.1
6.9 6.23616 5.1 6.9 6 5.23478 6.58542 6.3 5.1
6.6 6.31458 5.1 6.6 6.3 5.11753 6.92342 6.3 5.1
6.9 6.32342 5.1 6.9 6.3 5.1542 6.9 5.91677 5.4
6.81677 6 5.4 7.00519 6 5.4 6.9 6.15 5.4
6.9 6 5.5093 7.2 6 4.92546 7.5 6 4.86535
7.2 5.90093 5.1 7.5 5.90663 5.1 7.10093 6 5.1
7.2 6.15654 5.1 7.2 6 5.27757 7.59337 6 5.1
7.5 6.23465 5.1 7.5 5.91677 5.4 7.34088 6 5.4
7.58323 6 5.4 7.5 6.22263 5.4 7.5 6 5.51682
6 4.5 4.13584 6.6 3.9 4.48464 6 4.42982 4.2
6 4.2 4.39905 6.3 4.2 4.47658 6.6 4.2 4.40093
5.93584 4.5 4.2 6.10708 4.5 4.2 6 4.74731 4.2
6.3 4.5 4.29868 6.6 4.5 4.40093 6 5.1 4.40663
6.3 5.1 4.40663 6 5.4 4.38418 6.3 5.4 4.40663
6.6 5.4 4.43584 6 5.7 4.35865 6.3 5.7 4.36836
6.6 5.7 4.40663 6.9 5.7 4.47466 6.6 6 4.35865
6.6 3.88464 4.5 6 4.06253 4.5 6 3.9 4.68333
6.5454 3.9 4.5 6.3 4.12235 4.5 6.3 3.9 4.64217
6.61536 3.9 4.5 5.90663 4.2 4.5 6.70687 4.2 4.5
5.85 4.5 4.5 6 4.72389 4.5 6 4.5 4.78464
6.3 4.73531 4.5 6.73506 4.5 4.5 6.6 4.75477 4.5
6.9 4.5 4.65896 7.2 4.5 4.77394 6 4.9288 4.5
6.3 4.91348 4.5 6.3 4.8 4.57333 6.6 4.8 4.52415
6.9 4.8 4.64685 7.2 4.8 4.66218 7.5 4.8 4.68419
5.90663 5.1 4.5 6.49443 5.1 4.5 6.6 5.24226 4.5
6.6 5.1 4.5591 6.9 5.1 4.64685 7.2 5.1 4.65
7.5 5.1 4.66836 5.88418 5.4 4.5 6.72441 5.4 4.5
6.9 5.64188 4.5 6.9 5.4 4.58323 7.2 5.4 4.65339
7.5 5.4 4.71093 5.85865 5.7 4.5 6 5.92982 4.5
6.3 5.88021 4.5 6.94238 5.7 4.5 6.9 5.73445 4.5
7.2 5.7 4.62184 7.5 5.7 4.75315 6 6 4.62551
6.41053 6 4.5 6.3 6 4.6026 6.76683 6 4.5
6.6 6.14661 4.5 6.9 6 4.64289 6 3.82389 4.8
6.3 3.83637 4.8 6.6 3.87466 4.8 5.92389 3.9 4.8
6 3.9 5.08588 6.3 3.9 4.86961 6.62534 3.9 4.8
6.6 3.9 4.82815 5.85315 4.2 4.8 6 4.48402 4.8
6.3 4.2 4.97171 6.71263 4.2 4.8 6.6 4.2 4.90687
6.9 4.38167 4.8 7.2 4.47394 4.8 6.14842 4.5 4.8
6.9 4.5 5.02986 7.38641 4.5 4.8 7.5 4.52532 4.8
7.5 4.5 4.82177 6.0808 4.8 4.8 6 4.88603 4.8
7.61882 4.8 4.8 5.86863 5.1 4.8 7.63475 5.1 4.8
5.85 5.4 4.8 7.58907 5.4 4.8 5.85865 5.7 4.8
7.2 5.86038 4.8 7.54522 5.7 4.8 7.5 5.74798 4.8
7.5 5.7 4.945 5.91767 6 4.8 6 6.158 4.8
6 6 4.99483 6.3 6.19219 4.8 6.6 6.15315 4.8
7.05681 6 4.8 6.9 6.13164 4.8 6 3.9081 5.1
5.88692 4.2 5.1 6.15972 4.2 5.1 6 4.42838 5.1
6 4.2 5.23113 6.3 4.42825 5.1 6.6 4.42196 5.1
7.2 4.33668 5.1 7.5 4.37234 5.1 6.15954 4.5 5.1
6.79732 4.5 5.1 6.94829 4.5 5.1 6.9 4.54205 5.1
6.9 4.5 5.23318 7.2 4.5 5.3613 7.68053 4.5 5.1
7.5 4.5 5.23619 6.14622 4.8 5.1 6 4.96549 5.1
6.3 4.8 5.28987 6.6 4.8 5.31677 7.73584 4.8 5.1
5.88726 5.1 5.1 6 5.1 5.22098 6.3 5.1 5.28726
6.6 5.1 5.29219 6.9 5.1 5.33584 7.74913 5.1 5.1
7.8 5.1 5.19337 5.87503 5.4 5.1 6.3 5.4 5.31475
6.6 5.4 5.25 6.9 5.4 5.30663 7.2 5.4 5.31677
7.67964 5.4 5.1 7.5 5.65216 5.1 5.90663 5.7 5.1
6 5.90663 5.1 6 5.7 5.27652 6.3 5.7 5.25048
6.6 5.7 5.24135 6.9 5.7 5.25865 7.45216 5.7 5.1
7.2 5.90093 5.1 7.2 5.7 5.30663 6.09337 6 5.1
6.3 6.11656 5.1 6.3 6 5.19337 6.6 6.11263 5.1
6.6 6 5.19907 7.01655 6 5.1 6.9 6.07156 5.1
6.9 6 5.17156 6.3 4.40205 5.4 6.6 4.41012 5.4
6.9 4.44733 5.4 6.18633 4.5 5.4 6.3 4.65 5.4
6.3 4.5 5.49337 6.6 4.64944 5.4 6.6 4.5 5.48278
7.0856 4.5 5.4 6.9 4.5 5.45087 7.2 4.57405 5.4
7.5 4.76092 5.4 6.75 4.8 5.4 6.9 4.97559 5.4
6.9 4.8 5.48323 7.2 4.8 5.48323 7.5778 4.8 5.4
7.5 4.8 5.43532 7.8 4.93726 5.4 6 5.32412 5.4
7.01274 5.1 5.4 7.2 5.26218 5.4 7.2 5.1 5.49337
7.5 5.1 5.54641 7.89337 5.1 5.4 7.8 5.24764 5.4
7.8 5.1 5.51656 5.93048 5.4 5.4 6.14786 5.4 5.4
6 5.54649 5.4 6.3 5.4 5.4947 7.33135 5.4 5.4
7.65418 5.4 5.4 7.5 5.58345 5.4 7.5 5.4 5.50687
6 5.7 5.52284 6.3 5.7 5.49296 6.6 5.7 5.63637
6 6 5.51773 6.3 6 5.58256 6.6 6 5.63584
6.3 6.3 5.62469 6.6 6.3 5.60157 6 5.27263 5.7
6.3 5.27934 5.7 5.87263 5.4 5.7 6.44135 5.4 5.7
6.6 5.62116 5.7 6.6 5.4 5.94751 5.90606 5.7 5.7
6.67394 5.7 5.7 6.9 5.7 5.84406 5.85527 6 5.7
6 6.25602 5.7 6.75079 6 5.7 6.9 6 5.76363
6.11043 6.3 5.7 6.3 6.36469 5.7 6.3 6.3 5.85079
6.86312 6.3 5.7 6.6 6.38777 5.7 6.9 6.3 5.75269
6 5.27092 6 6.3 5.27934 6 6.6 5.35859 6
5.87092 5.4 6 6.3 5.4 6.24232 6.65514 5.4 6
6.6 5.4 6.13187 6.9 5.53317 6 6.9 5.4 6.26555
5.86456 5.7 6 7.04135 5.7 6 7.2 5.7 6.18386
5.85 6 6 6 6.18419 6 6.3 6.23584 6
7.14145 6 6 6.48884 6.3 6 6.6 6.34141 6
6.6 6.3 6.04571 6.98917 6.3 6 6.9 6.36416 6
6.9 6.3 6.07018 6 5.28726 6.3 6.9 5.37466 6.3
5.88726 5.4 6.3 6.23697 5.4 6.3 6 5.4 6.42098
6.3 5.44141 6.3 6.80663 5.4 6.3 6.6 5.45593 6.3
7.00675 5.4 6.3 6.9 5.4 6.36197 7.2 5.46274 6.3
5.85 5.7 6.3 6 5.7 6.55071 7.31614 5.7 6.3
7.2 5.91035 6.3 7.2 5.7 6.42446 5.96468 6 6.3
6 6.03532 6.3 6 6 6.33532 6.3 6.11274 6.3
6.3 6 6.41274 6.6 6.1555 6.3 6.6 6 6.4555
7.13637 6 6.3 6.9 6.15865 6.3 6.9 6 6.46218
6.3 5.59292 6.6 6.6 5.55925 6.6 6.9 5.57813 6.6
6.12585 5.7 6.6 6.3 5.76416 6.6 6.3 5.7 6.66416
6.6 5.77804 6.6 6.6 5.7 6.67156 6.96418 5.7 6.6
6.9 5.7666 6.6 6.9 5.7 6.65855 6 4.5 4.78464
6 4.48464 4.8 5.98464 4.5 4.8 6.14842 4.5 4.8
6 4.59002 4.8 6 4.5 4.86535 6 4.8 4.86535
6 4.59002 5.1 6 4.5 5.18113 5.90663 4.8 5.1
6.09337 4.8 5.1 6 4.92862 5.1 6.3 4.8 5.33584
6.6 4.8 5.31677 6 5.1 5.22098 6.3 5.1 5.28726
6.6 5.1 5.29219 6.9 5.1 5.33584 6.3 5.4 5.31475
6.6 5.4 5.25 6.9 5.4 5.30663 7.2 5.4 5.31677
6.3 5.7 5.25048 6.6 5.7 5.24135 6.9 5.7 5.25865
7.2 5.7 5.30663 7.5 5.7 5.33584 6.3 6 5.25868
6 4.39703 5.4 5.89703 4.5 5.4 6.11651 4.5 5.4
6.3 4.72547 5.4 6.3 4.5 5.57007 6.6 4.71677 5.4
6.6 4.5 5.62341 5.86218 4.8 5.4 6.75 4.8 5.4
6.9 4.97559 5.4 6.9 4.8 5.48323 7.2 4.8 5.50188
5.85865 5.1 5.4 6 5.32412 5.4 7.01274 5.1 5.4
7.2 5.26218 5.4 7.2 5.1 5.49337 7.5 5.1 5.69093
6.14786 5.4 5.4 6.3 5.4 5.4947 7.33135 5.4 5.4
7.5 5.59332 5.4 6.0476 5.7 5.4 6.3 5.7 5.49296
6.6 5.95216 5.4 6.6 5.7 5.63637 6.9 5.90965 5.4
7.2 5.81013 5.4 7.57018 5.7 5.4 7.5 5.77018 5.4
7.5 5.7 5.53336 6.00818 6 5.4 6.52786 6 5.4
6.3 6.11241 5.4 6.3 6 5.51739 6 4.36836 5.7
6.3 4.38418 5.7 6.6 4.42341 5.7 5.86836 4.5 5.7
6.69758 4.5 5.7 6.6 4.5 5.98008 6.9 4.62468 5.7
7.2 4.5043 5.7 5.85 4.8 5.7 7.49484 4.8 5.7
7.5 4.92236 5.7 5.85 5.1 5.7 6 5.25644 5.7
6.3 5.27629 5.7 7.2 5.1 5.95795 7.50799 5.1 5.7
7.5 5.11053 5.7 7.5 5.1 5.70714 6.44135 5.4 5.7
6.6 5.62116 5.7 6.6 5.4 5.94751 7.3147 5.4 5.7
7.2 5.4 5.92894 6.67394 5.7 5.7 6.9 5.95943 5.7
6.9 5.7 5.83544 7.38679 5.7 5.7 7.2 5.80781 5.7
7.2 5.7 5.8159 6 4.3974 6 6.3 4.38418 6
5.8974 4.5 6 6 4.5 6.1026 6.5888 4.5 6
6.3 4.5 6.11582 6.6 4.50714 6 6.9 4.64135 6
7.2 4.65339 6 5.85 4.8 6 6 4.8 6.17964
6.6 4.8 6.27466 6.9 4.8 6.24913 7.38446 4.8 6
7.2 5.0536 6 7.2 4.8 6.24577 5.85315 5.1 6
6 5.24685 6 6 5.1 6.1555 6.3 5.24289 6
6.3 5.1 6.18344 6.6 5.35859 6 7.15026 5.1 6
6.67355 5.4 6 7.1379 5.4 6 6.9 5.49907 6
6.9 5.4 6.11015 6.3 4.76402 6.3 6.24929 4.8 6.3
6.4789 4.8 6.3 6.3 4.86952 6.3 6.3 4.8 6.33598
6.6 5.0373 6.3 6.9 4.92862 6.3 6.58464 5.1 6.3
6.6 5.10837 6.3 6.6 5.1 6.30714 6.98301 5.1 6.3
6.9 5.17275 6.3 6.9 5.1 6.36416 6.9 3.6 4.7215
7.2 3.9 4.6648 6.9 4.2 4.66921 7.2 4.2 4.70646
6.9 3.51736 4.8 6.78348 3.6 4.8 7.03639 3.6 4.8
6.9 3.83652 4.8 7.2 3.71616 4.8 7.2 3.6 4.8895
7.5 3.6 4.94406 6.93716 3.9 4.8 6.9 3.95642 4.8
7.34555 3.9 4.8 7.5 3.9 4.9956 6.81004 4.2 4.8
6.9 4.3169 4.8 7.44621 4.2 4.8 7.2 4.31889 4.8
7.5 4.2 4.84752 7.8 4.5 4.92262 8.1 4.5 5.08287
6.9 3.45415 5.1 7.2 3.45 5.1 7.5 3.43995 5.1
6.77934 3.6 5.1 6.9 3.87883 5.1 6.9 3.6 5.22066
7.2 3.6 5.25315 7.66683 3.6 5.1 7.5 3.6 5.29313
6.91458 3.9 5.1 6.9 3.92198 5.1 7.2 3.9 5.30663
7.58706 3.9 5.1 7.5 3.9 5.2308 6.77923 4.2 5.1
6.9 4.32611 5.1 6.9 4.2 5.35109 7.2 4.28026 5.1
7.2 4.2 5.24318 7.76827 4.2 5.1 7.5 4.31947 5.1
7.5 4.2 5.29292 7.8 4.2343 5.1 8.1 4.48464 5.1
7.68678 4.5 5.1 7.5 4.5 5.31879 7.8 4.59753 5.1
8.11536 4.5 5.1 8.1 4.51536 5.1 8.1 4.5 5.12322
7.5 4.34921 5.4 7.8 4.38399 5.4 7.3922 4.5 5.4
7.5 4.64092 5.4 7.5 4.5 5.46469 7.93017 4.5 5.4
7.8 4.739 5.4 7.8 4.5 5.50188 6.3 3.9 4.89561
6.6 4.2 4.95727 6.9 4.5 5.08464 6.3 3.76587 5.1
6.13594 3.9 5.1 6.46708 3.9 5.1 6.3 4.05657 5.1
6.3 3.9 5.25962 6.6 4.03292 5.1 6.44343 4.2 5.1
6.74867 4.2 5.1 6.6 4.39708 5.1 6.6 4.2 5.23413
6.9 4.48154 5.1 6.86601 4.5 5.1 6.91536 4.5 5.1
6.9 4.51536 5.1 6.9 4.5 5.11536 7.8 4.5 3.74289
8.1 4.5 3.89286 8.1 4.8 3.75978 7.8 4.36836 3.9
8.1 4.49286 3.9 7.59357 4.5 3.9 7.8 4.65681 3.9
7.8 4.5 4.07468 8.10714 4.5 3.9 7.94319 4.8 3.9
8.27823 4.8 3.9 8.1 4.93685 3.9 8.1 4.8 4.14825
8.4 4.8 4.02839 8.4 5.1 4.02531 8.1 4.42196 4.2
7.9979 4.5 4.2 8.17355 4.5 4.2 8.1 4.6919 4.2
8.1 4.5 4.26955 8.4 4.66654 4.2 8.15576 4.8 4.2
8.52497 4.8 4.2 8.26381 5.1 4.2 8.52766 5.1 4.2
8.4 5.25306 4.2 8.4 4.65904 4.5 8.25 4.8 4.5
8.55 4.8 4.5 8.4 4.8 4.72064 8.34188 5.1 4.5
8.49337 5.1 4.5 8.4 5.15087 4.5 8.4 5.1 4.55087
8.4 5.4 4.08985 8.4 5.28399 4.2 8.23841 5.4 4.2
8.49907 5.4 4.2 8.4 5.67183 4.2 8.4 5.7 4.21582
8.4 5.15267 4.5 8.4 5.1 4.58296 8.25315 5.4 4.5
8.58927 5.4 4.5 8.4 5.4 4.73424 8.7 5.4 4.63199
8.25644 5.7 4.5 8.56198 5.7 4.5 8.4 5.88115 4.5
8.4 5.7 4.68115 8.7 5.7 4.79369 8.4 4.88211 4.8
8.29554 5.1 4.8 8.55601 5.1 4.8 8.4 5.29948 4.8
8.4 5.1 5.09086 8.7 5.22254 4.8 8.48214 5.4 4.8
8.82497 5.4 4.8 8.69186 5.7 4.8 8.70496 5.7 4.8
8.7 5.70496 4.8 8.7 5.17438 5.1 8.55315 5.4 5.1
8.84685 5.4 5.1 8.69984 5.7 5.1 8.70016 5.7 5.1
8.7 5.70016 5.1 8.7 5.7 5.10018 8.7 5.39722 5.4
8.6979 5.4 5.4 8.7021 5.4 5.4 8.7 5.40236 5.4
8.7 5.4 5.4021 6.3 5.1 1.71266 6.3 4.99669 1.8
6.6 4.8 1.89337 6.1999 5.1 1.8 6.43633 5.1 1.8
6.3 5.20983 1.8 6.3 5.1 1.89466 6.6 4.64685 2.1
6.3895 4.8 2.1 6.78726 4.8 2.1 6.6 5.07466 2.1
6.6 4.50692 2.4 6.46094 4.8 2.4 6.82305 4.8 2.4
6.6 4.93317 2.4 6.6 4.8 2.53906 6 4.8 1.77394
6 4.77394 1.8 5.97394 4.8 1.8 6.06029 4.8 1.8
6 4.87121 1.8 6 4.8 1.84876 6.9 4.5 2.6945
6.9 4.49705 2.7 6.89705 4.5 2.7 6.94382 4.5 2.7
6.9 4.50295 2.7 6.9 4.5 2.70413 7.2 4.5 2.73935
7.2 4.41677 3 7.09481 4.5 3 7.28579 4.5 3
7.2 4.63782 3 7.2 4.5 3.10519 6.6 6 5.35045
6.6 5.95216 5.4 6.52786 6 5.4 6.64784 6 5.4
6.6 6.04784 5.4 6.6 6 5.45636 7.2 6.3 1.75732
7.2 4.8 2.04373 6.9 5.1 2.05763 7.2 5.1 1.95
7.5 5.1 2.09286 7.2 5.4 1.96839 7.5 5.4 1.96836
7.5 5.7 1.9555 7.2 6.21945 1.8 7.2 6 1.99523
7.5 6 1.91274 7.15732 6.3 1.8 7.25953 6.3 1.8
7.2 6.34709 1.8 7.2 6.3 1.85933 7.5 6.3 1.97916
7.2 4.74373 2.1 6.96634 4.8 2.1 6.9 4.92461 2.1
7.26174 4.8 2.1 7.5 5.09201 2.1 6.87466 5.1 2.1
6.9 5.12534 2.1 6.9 5.1 2.13433 7.50714 5.1 2.1
7.08256 5.4 2.1 7.2 5.62772 2.1 7.2 5.4 2.26983
7.64376 5.4 2.1 7.8 5.4 2.37062 7.25593 5.7 2.1
7.2 5.83714 2.1 7.67124 5.7 2.1 7.8 5.7 2.32993
7.14145 6 2.1 7.2 6.07948 2.1 7.2 6 2.20477
7.68726 6 2.1 7.8 6 2.32403 7.37947 6.3 2.1
7.59337 6.3 2.1 7.5 6.39337 2.1 7.5 6.3 2.27718
7.2 4.70663 2.4 7.09013 4.8 2.4 7.3439 4.8 2.4
7.2 4.8 2.52862 7.5 4.91198 2.4 7.03346 5.1 2.4
7.2 5.29313 2.4 7.64406 5.1 2.4 7.8 5.37185 2.4
7.29907 5.4 2.4 7.82534 5.4 2.4 7.8 5.4 2.46197
7.33782 5.7 2.4 7.85087 5.7 2.4 7.8 5.7 2.48296
7.29337 6 2.4 7.5 6.22844 2.4 7.5 6 2.60132
7.85087 6 2.4 7.8 6.05593 2.4 7.8 6 2.45267
7.2 4.95531 2.7 7.5 4.93161 2.7 7.09219 5.1 2.7
7.2 5.25038 2.7 7.2 5.1 2.80781 7.69193 5.1 2.7
7.5 5.1 2.83544 7.33161 5.4 2.7 7.70049 5.4 2.7
7.5 5.4 2.82497 7.44913 5.7 2.7 7.58296 5.7 2.7
7.5 5.78822 2.7 7.5 5.7 2.75087 7.2 4.8 2.68464
7.8 5.4 2.66402 7.8 5.7 2.60093 7.8 6 2.57234
7.2 4.78464 2.7 7.18464 4.8 2.7 7.23786 4.8 2.7
7.2 4.82467 2.7 7.5 4.8 2.90998 7.2 5.1 2.83051
7.5 5.1 2.83544 7.8 5.3602 2.7 7.8 5.1 2.86683
7.75191 5.4 2.7 7.5 5.4 2.82497 7.84262 5.4 2.7
7.65 5.7 2.7 7.5 5.7 2.83506 7.93506 5.7 2.7
8.1 5.7 2.90663 7.5729 6 2.7 7.93619 6 2.7
7.8 6.12766 2.7 7.2 4.70663 3 7.5 4.75859 3
7.10663 4.8 3 7.2 4.8 3.1633 7.551 4.8 3
7.5 4.8 3.08876 7.8 4.95711 3 7.06836 5.1 3
7.2 5.24376 3 7.2 5.1 3.19012 7.93317 5.1 3
7.8 5.1 3.26461 7.33782 5.4 3 8.05859 5.4 3
8.1 5.51116 3 7.38726 5.7 3 7.5 5.92403 3
8.16416 5.7 3 8.1 5.79337 3 7.55087 6 3
7.98726 6 3 7.8 6.15865 3 7.5 4.88278 3.3
7.29337 5.1 3.3 7.77394 5.1 3.3 7.5 5.1 3.48726
7.8 5.12606 3.3 7.35 5.4 3.3 7.5 5.4 3.44135
8.04973 5.4 3.3 7.8 5.4 3.46092 8.1 5.51672 3.3
7.45795 5.7 3.3 7.5 5.77014 3.3 7.5 5.7 3.34205
7.8 5.7 3.44685 8.17205 5.7 3.3 8.1 5.78637 3.3
8.1 5.7 3.37205 7.65601 6 3.3 7.91602 6 3.3
7.8 6.09907 3.3 7.8 6 3.39907 7.5 5.4 3.50093
7.8 5.4 3.48225 7.8 5.7 3.44685 7.8 6 3.45
7.5 5.21547 3.6 7.8 5.25719 3.6 7.40093 5.4 3.6
7.5 5.56865 3.6 7.5 5.4 3.85271 7.92611 5.4 3.6
7.58323 5.7 3.6 7.98726 5.7 3.6 7.62862 6 3.6
7.91572 6 3.6 7.8 6.11274 3.6 7.8 5.28985 3.9
7.54729 5.4 3.9 7.89907 5.4 3.9 7.59337 5.7 3.9
7.95 5.7 3.9 7.65966 6 3.9 7.89907 6 3.9
7.8 6.09907 3.9 7.8 5.25476 4.2 7.61374 5.4 4.2
7.91582 5.4 4.2 7.8 5.4 4.4348 7.61274 5.7 4.2
8.00093 5.7 4.2 7.8 5.7 4.37964 7.75815 6 4.2
7.83908 6 4.2 7.8 6.03532 4.2 7.8 6 4.23532
6 5.4 1.76742 6.3 5.4 1.78464 6 5.7 1.77585
6.3 5.7 1.72341 6.6 5.7 1.75795 6.6 6 1.71266
6.9 6.3 1.78387 6 6.6 1.68726 6.3 6.6 1.7105
6.9 6.6 1.7105 6 5.35612 1.8 6 5.1 1.97332
6.3 5.38464 1.8 5.96742 5.4 1.8 6.31852 5.4 1.8
6.3 5.4 1.91676 6.6 5.65026 1.8 5.97585 5.7 1.8
6 5.72415 1.8 6 5.7 1.83182 6.3 5.79366 1.8
6.3 5.7 1.88821 6.65191 5.7 1.8 6.49432 6 1.8
6.82963 6 1.8 6.6 6.11722 1.8 6.6 6 1.91401
6.9 6.20669 1.8 6 6.36303 1.8 6 6.3 1.86303
6.3 6.50784 1.8 6.87555 6.3 1.8 6.91798 6.3 1.8
5.88726 6.6 1.8 6 6.73051 1.8 6.50267 6.6 1.8
6.3 6.80267 1.8 6.69733 6.6 1.8 6.6 6.6 2.01206
7.13148 6.6 1.8 6.9 6.70567 1.8 7.2 6.6 1.83481
6 4.9974 2.1 5.8974 5.1 2.1 6.12258 5.1 2.1
6.3 5.1 2.2852 5.88862 5.4 2.1 6.26238 5.4 2.1
6 5.53336 2.1 6.6 5.6536 2.1 6.6 5.4 2.35429
6.55041 5.7 2.1 6.64359 5.7 2.1 6.6 5.75871 2.1
6.9 5.7 2.39256 6 6.12367 2.1 6.9 6.10843 2.1
6.9 6 2.13072 7.2 6 2.38464 5.88726 6.3 2.1
6.12098 6.3 2.1 6.3 6.45978 2.1 6.85795 6.3 2.1
6.6 6.57658 2.1 6.94359 6.3 2.1 6.9 6.3 2.20268
7.2 6.45 2.1 7.2 6.3 2.30784 5.90663 6.6 2.1
6 6.69337 2.1 6.3 6.84043 2.1 6.6 6.68794 2.1
6.9 6.80391 2.1 7.34685 6.6 2.1 7.2 6.76143 2.1
6 4.87023 2.4 6 4.8 2.54816 6.3 4.98119 2.4
5.85 5.1 2.4 6.40307 5.1 2.4 6.3 5.3851 2.4
6.6 5.35429 2.4 6.6 5.1 2.67185 6.9 5.1 2.65795
5.89219 5.4 2.4 6.2875 5.4 2.4 6 5.51073 2.4
6.33964 5.4 2.4 6.3 5.4 2.40714 6.64294 5.4 2.4
6.9 5.69256 2.4 6.9 5.4 2.54685 7.2 5.4 2.64429
6.49219 5.7 2.4 6.3 5.7 2.55 6.6 5.81929 2.4
6.90714 5.7 2.4 7.2 5.98464 2.4 7.2 5.7 2.55315
6 6.20827 2.4 6.3 6 2.55865 6.75372 6 2.4
6.6 6 2.53782 6.9 6.21624 2.4 7.21536 6 2.4
5.91093 6.3 2.4 6.12367 6.3 2.4 6.3 6.42441 2.4
6.3 6.3 2.52098 6.6 6.47007 2.4 6.6 6.3 2.53544
7.02726 6.3 2.4 6.9 6.37156 2.4 7.31647 6.3 2.4
7.5 6.3 2.62993 5.91677 6.6 2.4 6 6.68323 2.4
6.3 6.75 2.4 6.6 6.82646 2.4 6.9 6.80663 2.4
7.35 6.6 2.4 7.2 6.76836 2.4 7.2 6.6 2.61722
6 4.72844 2.7 5.92844 4.8 2.7 6.16055 4.8 2.7
6.3 4.87018 2.7 6.6 5.07466 2.7 6.9 5.05795 2.7
5.85 5.1 2.7 6.94205 5.1 2.7 7.2 5.34429 2.7
5.91093 5.4 2.7 6 5.54493 2.7 7.25571 5.4 2.7
6.09337 5.7 2.7 6 5.7 2.80988 7.37225 5.7 2.7
6.12098 6 2.7 6 6.11274 2.7 6 6 2.82674
6.9 6.25859 2.7 7.43584 6 2.7 7.5 6.17138 2.7
7.5 6 2.87138 5.85 6.3 2.7 6.85859 6.3 2.7
7.09624 6.3 2.7 6.9 6.46365 2.7 7.2 6.35454 2.7
7.2 6.3 2.72342 7.55087 6.3 2.7 7.5 6.35087 2.7
7.5 6.3 2.75812 5.90663 6.6 2.7 6 6.69337 2.7
6.3 6.75 2.7 6.6 6.84913 2.7 6.9778 6.6 2.7
6.9 6.64071 2.7 6.9 6.6 2.75442 6 4.69184 3
5.89184 4.8 3 6.14012 4.8 3 6 4.8 3.14543
6.3 4.96389 3 6.6 5.00663 3 6.9 5.09422 3
5.90663 5.1 3 6 5.1 3.13385 6.6 5.1 3.22047
6.90648 5.1 3 7.2 5.25355 3 5.88692 5.4 3
7.33782 5.4 3 5.86836 5.7 3 7.38726 5.7 3
7.5 5.92403 3 5.86456 6 3 6.9 6.13995 3
7.2 6.14135 3 7.55087 6 3 7.5 6.05812 3
5.85 6.3 3 6.74406 6.3 3 6.6 6.3 3.17841
5.86218 6.6 3 6 6.75912 3 6.3 6.72441 3
6.78726 6.6 3 6.6 6.80093 3 6.6 6.6 3.26468
6.3 4.96246 3.3 6.9 5.03584 3.3 7.5 4.8 3.48734
6.14469 5.1 3.3 6 5.23671 3.3 6.53608 5.1 3.3
6.7124 5.1 3.3 6.6 5.14205 3.3 6.6 5.1 3.34959
7.00123 5.1 3.3 7.2 5.21245 3.3 7.2 5.1 3.44104
5.87964 5.4 3.3 7.35 5.4 3.3 5.90093 5.7 3.3
7.43584 5.7 3.3 7.5 5.82441 3.3 7.5 5.7 3.42441
5.87964 6 3.3 6.6 6.19219 3.3 6.9 6.12468 3.3
7.2 6.03353 3.3 7.2 6 3.37405 7.58323 6 3.3
7.5 6.08323 3.3 5.85 6.3 3.3 6.49219 6.3 3.3
5.87503 6.6 3.3 6 6.72497 3.3 6 6.6 3.54424
6.54004 6.6 3.3 6.3 6.71245 3.3 6.3 6.6 3.52986
7.5 4.6974 3.6 6.3 5.06647 3.6 6.6 4.96456 3.6
6.9 5.00093 3.6 7.36894 4.8 3.6 7.2 4.958 3.6
7.6026 4.8 3.6 7.5 4.97363 3.6 7.5 4.8 3.76095
6.23465 5.1 3.6 6 5.20117 3.6 7.38425 5.1 3.6
7.5 5.1 3.7641 5.85889 5.4 3.6 7.40093 5.4 3.6
7.5 5.56865 3.6 7.5 5.4 3.85271 5.85315 5.7 3.6
7.2 5.91677 3.6 7.58323 5.7 3.6 5.85865 6 3.6
6.6 6.15 3.6 7.08786 6 3.6 6.9 6.11744 3.6
7.34496 6 3.6 7.2 6 3.68579 7.58734 6 3.6
7.5 6.08734 3.6 5.85527 6.3 3.6 6 6.55535 3.6
6.45 6.3 3.6 6.3 6.5536 3.6 6.9 6.3 3.77234
7.2 6.3 3.75865 6.3 5.06647 3.9 6.6 4.95 3.9
6.9 4.95 3.9 7.2 4.9766 3.9 7.5 4.97672 3.9
6.23465 5.1 3.9 6 5.19337 3.9 6 5.1 4.02862
7.58291 5.1 3.9 5.85 5.4 3.9 7.52534 5.4 3.9
5.85315 5.7 3.9 7.59337 5.7 3.9 5.85 6 3.9
6.6 6.15355 3.9 7.51329 6 3.9 7.5 6.10615 3.9
5.88341 6.3 3.9 6 6.45937 3.9 6.45355 6.3 3.9
6.3 6.4841 3.9 6.76028 6.3 3.9 6.6 6.3 4.07559
6.9 6.43971 3.9 7.47396 6.3 3.9 7.2 6.45 3.9
7.5 6.3 3.96384 6 4.96246 4.2 6.3 4.90647 4.2
6.6 4.95212 4.2 6.9 4.95 4.2 7.2 4.97964 4.2
7.5 4.96925 4.2 5.88726 5.1 4.2 6 5.1 4.37138
6.3 5.1 4.39905 7.70291 5.1 4.2 7.5 5.1 4.38678
5.85 5.4 4.2 6 5.4 4.38418 6.3 5.4 4.40663
6.6 5.4 4.43584 7.58323 5.4 4.2 5.85 5.7 4.2
6 5.7 4.35865 6.3 5.7 4.36836 6.6 5.7 4.40663
6.9 5.7 4.47466 7.61274 5.7 4.2 5.85 6 4.2
6.6 6 4.35865 7.59337 6 4.2 5.98433 6.3 4.2
6 6.31827 4.2 6 6.3 4.22683 6.3 6.43075 4.2
6.6 6.45 4.2 6.9 6.49219 4.2 7.2 6.45315 4.2
7.57156 6.3 4.2 7.5 6.37156 4.2 6.6 5.06266 4.5
6.9 5.01093 4.5 7.2 4.95 4.5 6.53048 5.1 4.5
6.6 5.20013 4.5 6.6 5.1 4.53598 6.9 5.1 4.58907
7.40704 5.1 4.5 7.2 5.1 4.65 7.5 5.24299 4.5
6.72441 5.4 4.5 6.9 5.64188 4.5 6.9 5.4 4.58323
7.2 5.4 4.64473 7.60188 5.4 4.5 7.5 5.4 4.59907
6 5.92982 4.5 6.3 5.88021 4.5 6.94238 5.7 4.5
6.9 5.73445 4.5 7.2 5.7 4.60781 7.59609 5.7 4.5
7.5 5.7 4.59337 5.93584 6 4.5 6 6.09798 4.5
6 6 4.56631 6.41053 6 4.5 6.3 6 4.6026
6.76683 6 4.5 6.6 6.15 4.5 6.9 6 4.63317
7.2 6 4.78749 7.60781 6 4.5 7.5 6 4.65038
6.27368 6.3 4.5 6.3 6.31536 4.5 6.3 6.3 4.51536
6.6 6.44135 4.5 6.6 6.3 4.64135 6.9 6.45 4.5
6.9 6.3 4.65 7.2 6.45 4.5 7.2 6.3 4.66218
7.5785 6.3 4.5 7.5 6.3785 4.5 7.5 6.3 4.58538
7.2 6 3.54397 7.2 5.98464 3.6 7.18464 6 3.6
7.21536 6 3.6 7.2 6.01536 3.6 7.2 6 3.61536
6 4.8 3.26293 6 4.76742 3.3 5.96742 4.8 3.3
6.03258 4.8 3.3 6 4.83258 3.3 6 4.70663 3.6
5.90663 4.8 3.6 6.09337 4.8 3.6 6 4.89337 3.6
6 4.68315 3.9 5.90663 4.8 3.9 6.11013 4.8 3.9
6 4.89337 3.9 6 4.8 4.02862 7.2 4.5 3.99337
7.5 4.5 4.12993 7.2 4.32066 4.2 7.5 4.44913 4.2
7.04135 4.5 4.2 7.2 4.65865 4.2 7.2 4.5 4.35
7.55391 4.5 4.2 7.5 4.57007 4.2 7.5 4.5 4.25087
6.3 4.5 2.95795 6.3 4.45795 3 6.25041 4.5 3
6.36755 4.5 3 6.3 4.56176 3 6.6 4.5 3.15966
6.3 4.8 3.22646 6.3 4.35 3.3 6.6 4.40093 3.3
6.09907 4.5 3.3 6.69907 4.5 3.3 6.6 4.71214 3.3
6.23788 4.8 3.3 6.45 4.8 3.3 6.3 4.85087 3.3
6.6 4.8 3.35593 6.3 4.31274 3.6 6.6 4.30781 3.6
6.9 4.2 3.88542 6.09337 4.5 3.6 6.75 4.5 3.6
6.18927 4.8 3.6 6.3 4.90781 3.6 6.77902 4.8 3.6
6.6 4.94135 3.6 6.9 4.8 3.77185 6.9 4.18441 3.9
6.3 4.31274 3.9 6.81137 4.2 3.9 6.6 4.23258 3.9
6.6 4.2 3.99954 6.91458 4.2 3.9 6.9 4.24207 3.9
6.09337 4.5 3.9 6.82844 4.5 3.9 6.9 4.62328 3.9
6.9 4.5 3.97804 6.21722 4.8 3.9 6.3 4.88278 3.9
6.3 4.8 4.05 6.6 4.95 3.9 6.99296 4.8 3.9
6.9 4.89296 3.9 7.2 4.8 4.13584 6.6 4.1409 4.2
6.9 4.14429 4.2 6.51959 4.2 4.2 6.3 4.37325 4.2
6.6 4.2 4.26721 6.95571 4.2 4.2 6.9 4.2 4.26113
6.19026 4.5 4.2 6.3 4.66877 4.2 6.3 4.5 4.29868
6.6 4.5 4.40093 7.04135 4.5 4.2 7.2 4.73584 4.2
6.38533 4.8 4.2 6.6 4.94685 4.2 6.6 4.8 4.40827
6.9 4.94685 4.2 7.27453 4.8 4.2 7.2 4.88664 4.2
7.5 4.8 4.40456 7.5 5.1 4.43826 6.9 4.47185 4.5
6.85271 4.5 4.5 6.93024 4.5 4.5 6.9 4.5 4.52534
7.2 4.63544 4.5 7.5 4.71677 4.5 6.69173 4.8 4.5
6.9 4.94685 4.5 6.9 4.8 4.64685 7.2 4.95 4.5
7.2 4.8 4.65 7.58579 4.8 4.5 7.5 4.8 4.58323
7.44373 5.1 4.5 7.57353 5.1 4.5 7.5 5.15627 4.5
7.5 5.1 4.55627 6.6 4.5 2.95795 6.6 4.45795 3
6.55795 4.5 3 6.87198 4.5 3 6.6 4.54465 3
6.6 4.5 3.07454 6.9 4.5 3.00495 6.9 4.8 3.20663
6.9 4.35 3.3 6.69907 4.5 3.3 7.17658 4.5 3.3
7.2 4.5 3.33699 6.83584 4.8 3.3 7.18256 4.8 3.3
6.9 4.86416 3.3 7.2 4.8 3.30734 6.9 4.32036 3.6
7.2 4.38726 3.6 6.75 4.5 3.6 7.33051 4.5 3.6
6.80093 4.8 3.6 6.9 4.89907 3.6 6.9 4.8 3.75701
7.3234 4.8 3.6 7.2 4.92036 3.6 7.5 4.8 3.81048
6.9 4.44188 3.9 7.2 4.38344 3.9 6.84913 4.5 3.9
6.9 4.59378 3.9 6.9 4.5 3.95087 7.37895 4.5 3.9
7.2 4.5 3.99337 7.5 4.62852 3.9 6.99568 4.8 3.9
7.2 4.94685 3.9 7.2 4.8 4.11467 7.59131 4.8 3.9
7.5 4.88691 3.9 7.5 4.70663 4.2 7.33726 4.8 4.2
7.79103 4.8 4.2 7.5 4.89337 4.2 7.5 4.8 4.29337
7.2 4.2 4.08386 7.5 4.2 4.13855 7.2 4.03706 4.2
7.5 4.13855 4.2 6.97957 4.2 4.2 7.2 4.31614 4.2
7.59019 4.2 4.2 7.5 4.30335 4.2 7.2 4.5 4.36456
7.5 4.5 4.29868 7.8 4.5 4.37916 7.2 4.01387 4.5
7.5 4.14577 4.5 6.93053 4.2 4.5 7.2 4.2 4.58323
7.60704 4.2 4.5 7.5 4.2 4.54929 7.8 4.33187 4.5
7.01198 4.5 4.5 7.2 4.63544 4.5 7.2 4.5 4.69367
7.5 4.70093 4.5 7.5 4.5 4.73584 7.89337 4.5 4.5
7.8 4.67718 4.5 7.8 4.48542 4.8 7.75257 4.5 4.8
7.81458 4.5 4.8 7.8 4.54743 4.8 7.8 4.5 4.81458
6.3 5.1 2.04733 6.3 5.01178 2.1 6.3 4.8 2.25374
6.21994 5.1 2.1 6.35391 5.1 2.1 6.3 5.15087 2.1
6.3 5.1 2.15963 6.3 4.69693 2.4 6.3 4.5 2.64407
6.11054 4.8 2.4 6.41881 4.8 2.4 6.3 4.9085 2.4
6.6 4.8 2.53906 6.3 4.44913 2.7 6.20622 4.5 2.7
6.38822 4.5 2.7 6.3 4.5 2.7623 6.6 4.61198 2.7
6.22982 4.8 2.7 6.3 4.87018 2.7 6.87202 4.8 2.7
6.6 5.04104 2.7 6.9 4.8 2.73935 6.3 4.74809 3
6.6 4.70093 3 6.9 4.69219 3 6.25795 4.8 3
6.3 4.85594 3 6.3 4.8 3.06392 6.6 4.95654 3
7.00781 4.8 3 6.9 5.08984 3 6.9 4.8 3.20202
6.6 5.1 3.22047 6.6 4.74913 3.3 6.52403 4.8 3.3
6.72862 4.8 3.3 6.6 4.8 3.35593 6.55795 5.1 3.3
6.7124 5.1 3.3 6.6 5.14205 3.3 6.6 5.1 3.34959
6 5.1 3.21266 6 5.01004 3.3 5.91266 5.1 3.3
6.10983 5.1 3.3 6 5.18996 3.3 6 4.95654 3.6
5.90663 5.1 3.6 6.23465 5.1 3.6 6 5.19337 3.6
6 5.068 3.9 5.98464 5.1 3.9 6.09002 5.1 3.9
6 5.11536 3.9 6 5.1 3.92322 7.2 6.6 2.64373
6.9 6.3 2.72071 7.2 6.3805 2.7 7.2 6.3 2.72342
7.00988 6.6 2.7 6.9 6.6 2.75765 7.25627 6.6 2.7
7.2 6.65627 2.7 6.9 6.14972 3 7.2 6.14135 3
6.75385 6.3 3 6.6 6.3 3.17841 7.39554 6.3 3
6.79219 6.6 3 6.6 6.6 3.26468 6.9 6.70781 3
7.29907 6.6 3 7.2 6.69907 3 7.2 6.6 3.18345
6.6 6.19219 3.3 6.9 6.12468 3.3 7.2 6.14135 3.3
6.49219 6.3 3.3 7.44913 6.3 3.3 7.2 6.52844 3.3
6.56468 6.6 3.3 6.6 6.63532 3.3 7.0925 6.6 3.3
6.9 6.70781 3.3 6.6 6.15 3.6 6.9 6.11744 3.6
7.2 6.12468 3.6 6.45 6.3 3.6 6.9 6.3 3.77234
7.40093 6.3 3.6 7.2 6.48726 3.6 7.2 6.3 3.75865
6.53099 6.6 3.6 6.6 6.66901 3.6 6.6 6.6 3.6885
6.99337 6.6 3.6 6.9 6.66416 3.6 6.9 6.6 3.70123
6.6 6.15355 3.9 6.45355 6.3 3.9 6.76028 6.3 3.9
6.6 6.46302 3.9 6.6 6.3 4.07559 6.9 5.4 1.90188
7.2 5.7 2.04913 6.6 5.1 2.13353 6.9 5.12633 2.1
6.9 5.1 2.13433 6.67075 5.4 2.1 7.07955 5.4 2.1
6.9 5.62613 2.1 7.2 5.62772 2.1 7.2 5.4 2.26983
7.08162 5.7 2.1 7.25087 5.7 2.1 7.2 5.76404 2.1
6.6 4.97934 2.4 6.9 4.80574 2.4 6.47934 5.1 2.4
6.6 5.26399 2.4 6.6 5.1 2.52908 7.03346 5.1 2.4
6.9 5.1 2.56801 7.2 5.29313 2.4 6.71345 5.4 2.4
6.9 5.60545 2.4 6.9 5.4 2.54356 7.29907 5.4 2.4
7.2 5.4 2.52718 6.99959 5.7 2.4 7.33782 5.7 2.4
7.2 5.84307 2.4 7.2 5.7 2.54096 6 6 1.68726
6.3 6 1.67092 6.3 6.3 1.68726 6.6 6.3 1.69591
6.6 6.6 1.74913 6.3 5.4 2.08603 6.6 5.4 2.05107
6 5.75284 1.8 6.3 5.83308 1.8 6.3 5.7 1.93724
6.9 5.7 2.01699 5.88726 6 1.8 6 6.29186 1.8
6 6 1.91572 6.44116 6 1.8 6.6 6.18458 1.8
6.6 6 1.96775 6.9 6 2.04621 6.00814 6.3 1.8
6.3 6.47584 1.8 6.3 6.3 1.95 6.74028 6.3 1.8
7.2 6.3 2.09922 6.50267 6.6 1.8 6.65963 6.6 1.8
6.6 6.65087 1.8 6.6 6.6 1.90603 6.3 5.38171 2.1
6.6 5.34799 2.1 6.28067 5.4 2.1 6.64893 5.4 2.1
6.6 5.56022 2.1 6.6 5.4 2.17105 6.9 5.63369 2.1
6.12254 5.7 2.1 6 5.7 2.35271 6.54424 5.7 2.1
6.7124 5.7 2.1 6.6 5.75871 2.1 6.96416 5.7 2.1
6.9 5.7 2.19337 6.29484 6 2.1 6.3 6.00814 2.1
6.94752 6 2.1 6.9 6.10843 2.1 6.9 6 2.13072
7.2 6.29858 2.1 6.52483 6.3 2.1 6.3 6.3 2.32403
6.76577 6.3 2.1 6.6 6.40506 2.1 7.19577 6.3 2.1
6.9 6.3 2.20268 7.2007 6.3 2.1 7.2 6.3007 2.1
7.2 6.3 2.1013 6.3 5.38905 2.4 6.28947 5.4 2.4
6 5.66369 2.4 6.31167 5.4 2.4 6.3 5.4 2.40714
5.97466 5.7 2.4 6 5.73986 2.4 6 5.7 2.42534
6.49219 5.7 2.4 6.3 5.7 2.55 6.6 5.81929 2.4
6.12098 6 2.4 6.3 6 2.54135 6.75372 6 2.4
6.6 6 2.53782 6.9 6.21624 2.4 6.24913 6.3 2.4
6.3 6.35087 2.4 6.3 6.3 2.45593 6.6 6.47007 2.4
6.6 6.3 2.53544 7.01089 6.3 2.4 6.9 6.37156 2.4
6.9 6.3 2.47156 8.4 4.8 3.45 9.3 5.4 3.50663
9.3 5.7 3.50663 8.4 4.58988 3.6 8.4 4.5 3.7308
8.7 4.5 3.80093 8.25865 4.8 3.6 8.57123 4.8 3.6
8.4 4.96005 3.6 8.7 4.8 3.83068 9.3 4.8 3.81093
9.6 4.8 3.82844 9 5.1 3.77123 9.3 5.19337 3.6
9.3 5.1 3.65087 9.6 5.1 3.74376 9.14493 5.4 3.6
9 5.4 3.69959 9.42862 5.4 3.6 9.6 5.4 3.71274
9.18373 5.7 3.6 9 5.7 3.77746 9.45508 5.7 3.6
9.3 5.80414 3.6 9.6 5.7 3.69173 9.3 6 3.77559
9.6 6 3.84236 8.4 4.40093 3.9 8.7 4.38761 3.9
8.30093 4.5 3.9 8.4 4.5 4.02718 8.80687 4.5 3.9
9 4.5 4.07902 9.3 4.71093 3.9 9.6 4.72844 3.9
9.6 4.5 4.18464 8.30459 4.8 3.9 8.4 4.94626 3.9
8.4 4.8 4.00004 8.76598 4.8 3.9 8.7 4.91737 3.9
9.18851 4.8 3.9 9 4.95477 3.9 9 4.8 4.04725
9.6827 4.8 3.9 9.9 4.8 4.06064 8.79558 5.1 3.9
8.7 5.1 4.04324 9.81171 5.1 3.9 9.9 5.1 3.98829
8.86218 5.4 3.9 9.8215 5.4 3.9 9.9 5.4 3.98829
8.90093 5.7 3.9 9 5.80687 3.9 9.79266 5.7 3.9
9.9 5.7 4.02177 9.17902 6 3.9 9.3 6.11274 3.9
9.65764 6 3.9 9.6 6.05571 3.9 8.7 4.32876 4.2
9 4.22635 4.2 9 4.2 4.23411 9.3 4.2 4.45535
9.6 4.48464 4.2 8.52876 4.5 4.2 8.7 4.5 4.38717
9.21387 4.5 4.2 9.5454 4.5 4.2 9.3 4.5666 4.2
9.3 4.5 4.25855 9.62 4.5 4.2 9.9 4.6542 4.2
9.9 4.5 4.46644 8.55 4.8 4.2 8.7 4.8 4.42506
10.028 4.8 4.2 8.62341 5.1 4.2 8.7 5.18067 4.2
8.7 5.1 4.27659 9 5.1 4.35 10.05 5.1 4.2
10.2 5.1 4.44188 8.89071 5.4 4.2 9 5.4 4.30446
9.3 5.4 4.4681 10.05 5.4 4.2 10.2 5.4 4.49163
8.94973 5.7 4.2 9 5.75206 4.2 9 5.7 4.25328
10.0348 5.7 4.2 9.9 5.86949 4.2 9.16143 6 4.2
9.3 6.13544 4.2 9.3 6 4.36064 9.78726 6 4.2
9.6 6.15 4.2 9.6 6 4.44913 9 4.10663 4.5
9.3 4.15795 4.5 8.90391 4.2 4.5 9.34205 4.2 4.5
9.6 4.35 4.5 9.9 4.47394 4.5 8.94305 4.5 4.5
8.7 4.5 4.68312 9.92606 4.5 4.5 9.9 4.5 4.54555
8.7909 4.8 4.5 9 4.93936 4.5 9 4.8 4.65477
10.1284 4.8 4.5 10.2 4.98162 4.5 9.19411 5.1 4.5
9.3 5.33716 4.5 9.3 5.1 4.59568 10.2509 5.1 4.5
9.3319 5.4 4.5 9.3 5.44285 4.5 10.2071 5.4 4.5
10.2 5.40907 4.5 10.2 5.4 4.51817 9.16988 5.7 4.5
9.3 5.85 4.5 9.3 5.7 4.62805 9.6 5.94913 4.5
9.6 5.7 4.67964 10.0684 5.7 4.5 9.9 5.87964 4.5
9.9 5.7 4.70132 9 4.10663 4.8 9.3 4.12341 4.8
8.90663 4.2 4.8 8.7 4.42341 4.8 9 4.2 4.92084
9.39366 4.2 4.8 9.3 4.2 4.87659 9.6 4.3815 4.8
8.62341 4.5 4.8 8.7 4.57659 4.8 8.7 4.5 4.97802
9 4.60379 4.8 9 4.5 4.95 9.3 4.5 4.88583
9.74439 4.5 4.8 9.6 4.5 4.89907 9.9 4.6374 4.8
9.25723 4.8 4.8 9.3 4.83122 4.8 9.3 4.8 4.83007
9.6 4.8 4.94013 10.0533 4.8 4.8 9.9 4.8 4.91582
10.2 5.03608 4.8 9.48428 5.1 4.8 9.6 5.1 4.91274
9.9 5.1 4.95 10.242 5.1 4.8 10.2 5.19035 4.8
10.2 5.1 4.84205 9.59201 5.4 4.8 9.6 5.41053 4.8
9.6 5.4 4.80714 10.0792 5.4 4.8 9.9 5.5601 4.8
9.9 5.4 4.90781 8.7 4.8 4.45859 9 5.1 4.35594
9 5.4 4.30446 9.3 5.4 4.4681 8.7 4.75859 4.5
8.65859 4.8 4.5 8.74886 4.8 4.5 8.7 4.87388 4.5
9 4.95 4.5 9 4.8 4.66538 8.81198 5.1 4.5
9.19411 5.1 4.5 9.3 5.33716 4.5 9.3 5.1 4.60371
8.85 5.4 4.5 9 5.59219 4.5 9.3319 5.4 4.5
9.3 5.43312 4.5 9.3 5.4 4.71967 8.7 4.67503 4.8
9 4.67964 4.8 9 4.5 5.07394 8.57503 4.8 4.8
8.7 4.94347 4.8 9.24436 4.8 4.8 9.3 4.84566 4.8
8.83137 5.1 4.8 8.7 5.1 5.01341 9.43782 5.1 4.8
9.3 5.38539 4.8 9.3 5.1 5.00086 8.89219 5.4 4.8
9.27841 5.4 4.8 9 5.50781 4.8 9 5.4 4.94144
9 4.47394 5.1 8.95465 4.5 5.1 8.7 4.63611 5.1
9.02606 4.5 5.1 9 4.5 5.12894 8.58256 4.8 5.1
9.26647 4.8 5.1 9 4.8 5.27964 8.62795 5.1 5.1
8.7 5.17205 5.1 9.20398 5.1 5.1 9 5.27587 5.1
9 5.1 5.25355 8.7 4.62531 5.4 8.57234 4.8 5.4
8.85752 4.8 5.4 8.7 4.8 5.52766 8.68079 5.1 5.4
8.72235 5.1 5.4 8.7 5.11921 5.4 8.7 5.1 5.41921
6.6 3.6 3.1841 6.9 3.6 3.2315 6.6 3.49219 3.3
6.9 3.52252 3.3 6.47442 3.6 3.3 6.6 3.74469 3.3
6.9748 3.6 3.3 6.9 3.67075 3.3 6.6 3.9 3.50663
6.6 3.46218 3.6 6.9 3.46925 3.6 6.4158 3.6 3.6
7.03075 3.6 3.6 6.9 3.89446 3.6 6.9 3.6 3.7421
6.52725 3.9 3.6 6.88539 3.9 3.6 6.6 3.96416 3.6
6.9 3.9 3.70908 6.6 3.54913 3.9 6.53615 3.6 3.9
6.65963 3.6 3.9 6.6 3.6 3.95087 6.9 3.89137 3.9
6.47841 3.9 3.9 6.6 4.00781 3.9 6.6 3.9 4.03671
6.90714 3.9 3.9 6.9 3.90714 3.9 6.9 3.9 3.90799
7.2 3.9 3.45982 7.5 3.9 3.54429 7.5 4.2 3.53584
7.2 3.75982 3.6 7.2 3.6 3.7907 7.5 3.84236 3.6
7.06844 3.9 3.6 7.2 4.01923 3.6 7.2 3.9 3.82264
7.57851 3.9 3.6 7.8 3.9 3.72578 8.1 3.9 3.85795
7.42982 4.2 3.6 7.61755 4.2 3.6 7.5 4.26416 3.6
7.5 4.2 3.77242 7.8 4.2 3.71149 7.2 3.51677 3.9
7.09481 3.6 3.9 7.31682 3.6 3.9 7.2 3.79586 3.9
7.2 3.6 4.05601 7.5 3.71885 3.9 7.8 3.75339 3.9
8.1 3.85795 3.9 7.2546 3.9 3.9 7.5 4.14603 3.9
8.14205 3.9 3.9 8.1 3.97487 3.9 7.56598 4.2 3.9
7.97788 4.2 3.9 7.8 4.32497 3.9 7.8 4.2 4.08373
7.5 3.77841 4.2 7.8 3.79554 4.2 8.1 3.89204 4.2
7.32137 3.9 4.2 7.5 4.01929 4.2 7.5 3.9 4.33229
7.8 4.06253 4.2 7.8 3.9 4.30734 8.10796 3.9 4.2
8.1 3.90865 4.2 8.1 3.9 4.20796 8.1 4.2 4.03451
8.4 4.2 4.14973 8.4 4.5 4.14913 8.1 4.01947 4.2
8.4 4.13686 4.2 7.97234 4.2 4.2 8.1 4.35752 4.2
8.1 4.2 4.33619 8.45027 4.2 4.2 8.32993 4.5 4.2
8.45087 4.5 4.2 8.4 4.55087 4.2 8.4 4.03668 4.5
8.25355 4.2 4.5 8.53782 4.2 4.5 8.4 4.2 4.63782
8.33584 4.5 4.5 8.46778 4.5 4.5 8.4 4.56416 4.5
8.4 4.5 4.56416 6 3.9 3.55795 6 3.85641 3.6
5.95795 3.9 3.6 6.07014 3.9 3.6 6 3.95175 3.6
6 3.9 3.6777 6 2.4 3.84913 6 2.7 3.80663
6.3 2.7 3.80663 6 3 3.81266 6.3 3 3.80663
6 3.3 3.79043 6.3 3.3 3.87394 6.6 3.3 3.88464
6 2.34913 3.9 6 2.1 4.12844 5.94913 2.4 3.9
6.1294 2.4 3.9 6.3 2.512 3.9 6.3 2.4 3.96576
6.6 2.4 4.13369 5.90663 2.7 3.9 6.49443 2.7 3.9
6.6 2.7 3.9591 6.9 2.7 4.10663 5.91266 3 3.9
6.58464 3 3.9 6.6 3.09337 3.9 6.6 3 3.90714
6.9 3 4.08428 5.89043 3.3 3.9 6 3.41772 3.9
6.3 3.32606 3.9 6.61713 3.3 3.9 6.6 3.31536 3.9
6 3.6 4.16361 6 3.9 4.00148 6.3 3.9 4.13584
6 2.02844 4.2 5.92844 2.1 4.2 6.18432 2.1 4.2
6 2.1 4.30266 6.3 2.15104 4.2 6.6 2.33584 4.2
5.85 2.4 4.2 6.3 2.4 4.41467 6.66631 2.4 4.2
6.6 2.4 4.27018 6.9 2.60391 4.2 5.85 2.7 4.2
6.99337 2.7 4.2 6.9 2.7 4.46953 5.85315 3 4.2
7.02674 3 4.2 6.9 3.18371 4.2 5.85 3.3 4.2
6.3 3.59256 4.2 6.80169 3.3 4.2 6.6 3.44022 4.2
6.9 3.3 4.28278 7.2 3.3 4.30697 5.96715 3.6 4.2
6.25037 3.6 4.2 6.3 3.62467 4.2 6.3 3.6 4.20837
6.6 3.6 4.35727 6.9 3.6 4.42341 7.2 3.6 4.41677
5.85315 3.9 4.2 6 4.06552 4.2 6.37018 3.9 4.2
6.3 3.96416 4.2 6 2.23051 4.5 5.86836 2.4 4.5
6.20169 2.4 4.5 6 2.4 4.63164 6.3 2.48278 4.5
6.6 2.57902 4.5 5.85 2.7 4.5 6 2.7 4.67532
6.3 2.7 4.65 6.87654 2.7 4.5 6.6 2.7 4.61274
6.9 2.71458 4.5 5.85 3 4.5 6.6 3 4.69219
7.1215 3 4.5 6.9 3 4.65644 7.2 3.08096 4.5
5.85527 3.3 4.5 6.9 3.3 4.75859 7.3555 3.3 4.5
7.2 3.3 4.74733 5.86218 3.6 4.5 6.6 3.78065 4.5
6.9 3.67659 4.5 6.9 3.6 4.6475 7.31682 3.6 4.5
7.2 3.69337 4.5 7.5 3.6 4.67092 5.94913 3.9 4.5
6 3.95087 4.5 6 3.9 4.55593 6.34418 3.9 4.5
6.3 3.92534 4.5 6.3 3.9 4.52815 7.5 3.9 4.73584
7.8 3.9 4.74373 6 2.86771 4.8 6.3 2.89554 4.8
5.89219 3 4.8 6 3 4.90781 6.44634 3 4.8
6.3 3 4.90446 6.6 3.12532 4.8 5.87234 3.3 4.8
6 3.3 4.92766 6.3 3.3 4.95 6.849 3.3 4.8
6.6 3.3 4.93164 7.2 3.40415 4.8 7.5 3.47576 4.8
5.97466 3.6 4.8 6 3.62815 4.8 6 3.6 4.82534
6.3 3.65593 4.8 6.3 3.6 4.85087 6.61931 3.6 4.8
6.6 3.60714 4.8 6.6 3.6 4.80714 7.04399 3.6 4.8
7.2 3.69881 4.8 7.2 3.6 4.88323 7.607 3.6 4.8
7.5 3.6 4.89378 7.8 3.8341 4.8 7.42256 3.9 4.8
7.5 3.97018 4.8 7.5 3.9 4.86416 7.87353 3.9 4.8
7.8 3.99053 4.8 7.8 3.9 4.86325 6 2.4 3.13051
6.3 2.4 3.18761 6 2.7 3.09337 6.3 2.7 3.09337
6 3 3.1234 6.3 3 3.15865 6 3.3 3.16654
6.3 3.3 3.29204 6 1.5 3.41572 6.3 1.5 3.45624
6 1.8 3.39907 6.3 1.8 3.43164 6.6 1.8 3.48726
6 2.22532 3.3 6 2.1 3.41073 6.3 2.28985 3.3
6.3 2.1 3.43782 6.6 2.1 3.48256 5.86836 2.4 3.3
6.45044 2.4 3.3 6.6 2.4 3.39868 6.9 2.4 3.51722
5.85 2.7 3.3 6.58464 2.7 3.3 6.6 2.7 3.31536
6.9 2.7 3.45372 5.85315 3 3.3 6.57106 3 3.3
6.6 3 3.33118 6.9 3 3.49586 5.87503 3.3 3.3
6 3.42497 3.3 6.31818 3.3 3.3 6.3 3.30796 3.3
6 1.35315 3.6 6.3 1.36836 3.6 5.85315 1.5 3.6
6.549 1.5 3.6 6.6 1.56303 3.6 6.6 1.5 3.66303
5.85 1.8 3.6 6.75 1.8 3.6 6.9 1.8 3.71885
5.85315 2.1 3.6 6.76026 2.1 3.6 6.9 2.27863 3.6
6.9 2.1 3.70781 5.85 2.4 3.6 6 2.4 3.84913
6.98533 2.4 3.6 7.2 2.4 3.79812 5.85 2.7 3.6
6 2.7 3.80663 6.3 2.7 3.80663 7.06406 2.7 3.6
7.2 2.7 3.73225 5.85 3 3.6 6 3 3.80663
6.3 3 3.80663 6.6 3.20948 3.6 7.02862 3 3.6
6.9 3.1633 3.6 7.2 3 3.73724 5.85315 3.3 3.6
6 3.4766 3.6 6 3.3 3.76143 6.49218 3.3 3.6
6.3 3.41614 3.6 6.3 3.3 3.76849 6 1.31582 3.9
6.3 1.34685 3.9 6.6 1.38726 3.9 5.85 1.5 3.9
6.79734 1.5 3.9 6.9 1.57634 3.9 5.86863 1.8 3.9
7.05576 1.8 3.9 5.85 2.1 3.9 6 2.34913 3.9
6 2.1 4.12844 6.3 2.1 4.17466 7.13637 2.1 3.9
7.2 2.20595 3.9 7.2 2.1 3.96804 6.1294 2.4 3.9
6.3 2.512 3.9 6.3 2.4 3.96576 6.6 2.4 4.11467
7.30687 2.4 3.9 7.5 2.4 4.1536 6.49443 2.7 3.9
6.6 2.7 3.9591 6.9 2.7 4.10663 7.3842 2.7 3.9
7.5 2.7 4.0158 6.58464 3 3.9 6.6 3.01167 3.9
6.6 3 3.90714 6.9 3.1225 3.9 6.9 3 4.05496
7.40049 3 3.9 7.2 3.18851 3.9 7.5 3 3.98829
7.5 3.3 4.08295 6 1.33782 4.2 6.3 1.35329 4.2
6.6 1.45795 4.2 5.85 1.5 4.2 6 1.5 4.41093
6.3 1.5 4.34883 6.66392 1.5 4.2 6.6 1.5 4.24205
6.9 1.67138 4.2 5.85 1.8 4.2 6 2.02844 4.2
6 1.8 4.37532 6.3 2.06834 4.2 6.3 1.8 4.33164
6.6 1.8 4.29337 7.18925 1.8 4.2 6.9 1.8 4.29337
7.2 1.80539 4.2 6.35087 2.1 4.2 6.6 2.26274 4.2
6.6 2.1 4.29337 6.9 2.1 4.29337 7.38115 2.1 4.2
7.2 2.1 4.34671 7.5 2.33608 4.2 6.71321 2.4 4.2
6.9 2.57456 4.2 6.9 2.4 4.31582 7.2 2.4 4.39219
7.54205 2.4 4.2 6.99337 2.7 4.2 7.64645 2.7 4.2
7.02674 3 4.2 7.2 3.19949 4.2 7.67559 3 4.2
7.8 3 4.36494 7.36486 3.3 4.2 7.61667 3.3 4.2
7.5 3.37611 4.2 7.8 3.3 4.33309 7.5 2.34326 4.5
7.43153 2.4 4.5 7.2 2.62077 4.5 7.54268 2.4 4.5
7.5 2.4 4.54268 7.14973 2.7 4.5 7.2 2.7 4.55027
7.72844 2.7 4.5 7.5 2.7 4.65865 7.8 2.81655 4.5
7.1215 3 4.5 7.2 3.08096 4.5 7.2 3 4.5785
7.5 3 4.70093 7.89907 3 4.5 7.3555 3.3 4.5
7.5 3.4538 4.5 7.5 3.3 4.78603 7.93225 3.3 4.5
7.8 3.49902 4.5 8.1 3.3 4.66775 7.8 3.6 4.58791
8.1 3.6 4.64645 7.8 2.88802 4.8 7.65044 3 4.8
7.92644 3 4.8 7.8 3 4.89868 8.1 3.15032 4.8
7.51251 3.3 4.8 7.8 3.3 4.97092 8.2234 3.3 4.8
7.6352 3.6 4.8 7.8 3.78778 4.8 8.25355 3.6 4.8
8.1 3.85429 4.8 8.4 3.6 4.96302 7.8 3.9 5.06461
8.1 3.9 4.84141 8.4 3.9 4.93782 8.1 4.2 4.95315
8.4 4.2 4.99852 8.1 3.20663 5.1 8.02055 3.3 5.1
7.8 3.51205 5.1 8.17275 3.3 5.1 8.1 3.3 5.16416
8.4 3.46302 5.1 7.72844 3.6 5.1 7.8 3.6 5.17156
8.1 3.6 5.24135 8.52497 3.6 5.1 8.4 3.6 5.23346
7.78154 3.9 5.1 7.8 3.92674 5.1 7.8 3.9 5.11846
8.1 3.9 5.27532 8.59219 3.9 5.1 8.4 3.9 5.30093
7.9234 4.2 5.1 8.1 4.37225 5.1 8.1 4.2 5.28428
8.54956 4.2 5.1 8.4 4.30149 5.1 8.4 4.2 5.2561
6 2.4 2.21572 6.3 2.4 2.25904 6.6 2.4 2.37394
6 2.7 2.39505 6 2.18096 2.4 6 2.1 2.4785
6.3 2.2158 2.4 6.3 2.1 2.5158 6.6 2.37292 2.4
6.6 2.1 2.61467 5.85315 2.4 2.4 6.3 2.56029 2.4
6.62708 2.4 2.4 6.6 2.44852 2.4 6.9 2.4 2.58086
5.99505 2.7 2.4 6.00665 2.7 2.4 6 2.70495 2.4
6.6 2.7 2.50188 6.9 2.7 2.55538 6 1.92036 2.7
6 1.8 2.83462 6.3 1.95904 2.7 6.3 1.8 2.89266
6.6 2.01722 2.7 5.85 2.1 2.7 6.69495 2.1 2.7
6.9 2.26974 2.7 6.9 2.1 2.87326 5.86482 2.4 2.7
6.3 2.68701 2.7 7.01614 2.4 2.7 5.90132 2.7 2.7
6.2842 2.7 2.7 6 2.86066 2.7 6.30829 2.7 2.7
6.3 2.7 2.71706 6.6 2.85212 2.7 7.00647 2.7 2.7
6.9 2.80647 2.7 6.9 2.7 2.92513 6 3 2.81647
6.3 3 2.84135 6.6 3 2.88227 6 3.3 2.90663
6.3 3.3 2.91677 6 1.65594 3 6.3 1.69554 3
5.86456 1.8 3 6.48911 1.8 3 6.6 1.87156 3
6.6 1.8 3.07387 6.9 1.97902 3 6.9 1.8 3.23039
5.85527 2.1 3 7.03754 2.1 3 7.2 2.1 3.12775
5.88726 2.4 3 6 2.4 3.13051 6.3 2.4 3.18761
6.96931 2.4 3 6.9 2.5771 3 7.2 2.4 3.16156
5.90663 2.7 3 6 2.7 3.09337 6.3 2.7 3.09337
6.85641 2.7 3 6.9 2.7 3.04829 5.87964 3 3
6 3 3.12036 6.3 3 3.15865 6.75896 3 3
6.6 3.16494 3 6.9 3 3.11935 5.90663 3.3 3
6 3.39337 3 6 3.3 3.09337 6.43135 3.3 3
6.3 3.38323 3 6.3 3.3 3.09035 6 1.64956 3.3
6.3 1.63051 3.3 6.6 1.6445 3.3 6.9 1.73637 3.3
5.90093 1.8 3.3 6 1.8 3.39907 6.3 1.8 3.43164
6.6 1.8 3.48428 6.97217 1.8 3.3 6.9 1.8 3.40595
7.2 1.94096 3.3 5.89219 2.1 3.3 6 2.22532 3.3
6 2.1 3.40781 6.3 2.28985 3.3 6.3 2.1 3.43782
6.6 2.1 3.45 6.9 2.1 3.50663 7.43369 2.1 3.3
7.2 2.1 3.50391 6.45044 2.4 3.3 6.6 2.4 3.39868
6.9 2.4 3.49219 7.36329 2.4 3.3 7.2 2.62993 3.3
7.2 2.4 3.47916 6.58464 2.7 3.3 6.6 2.7 3.31536
7.14188 2.7 3.3 6.9 2.7 3.45 6.57106 3 3.3
6.6 3.12915 3.3 6.6 3 3.32606 7.07713 3 3.3
6.9 3.2091 3.3 6.9 3 3.43725 6 2.7 2.00663
6.3 2.7 2.07466 6 3 2.00093 6.3 3 2.00663
6 2.60663 2.1 6.3 2.67466 2.1 5.90663 2.7 2.1
6 2.7 2.38925 6.34237 2.7 2.1 6.6 2.7 2.25966
5.90093 3 2.1 6 3.12283 2.1 6.46218 3 2.1
6.3 3.16973 2.1 6.6 3 2.18323 6.9 3 2.22287
6.6 3.3 2.27798 6.3 2.57234 2.4 6.6 2.60093 2.4
6.00665 2.7 2.4 6 2.70495 2.4 6.3 2.7 2.52766
6.76159 2.7 2.4 6.6 2.7 2.49907 6.9 2.80292 2.4
5.85 3 2.4 6 3.15 2.4 6 3 2.65795
6.3 3.19554 2.4 7.03413 3 2.4 6.9 3.14273 2.4
6.9 3 2.55279 6.52986 3.3 2.4 6.6464 3.3 2.4
6.6 3.34205 2.4 6.6 3.3 2.47953 6.3 2.99505 2.7
6.6 2.9215 2.7 6.27198 3 2.7 6.3 3.00814 2.7
6.3 3 2.70495 6.69381 3 2.7 6.6 3.13187 2.7
6.6 3 2.7785 6 3.3 1.98726 6 3.6 1.95315
6.3 3.6 1.96456 6.6 3.6 2.09204 6 3.18726 2.1
5.88726 3.3 2.1 6.23697 3.3 2.1 6.3 3.34886 2.1
6.3 3.3 2.18208 6.6 3.58828 2.1 5.85315 3.6 2.1
6 3.78927 2.1 6.3 3.79367 2.1 6.60796 3.6 2.1
6.6 3.62476 2.1 6.6 3.6 2.16839 6 3.15 2.4
6.3 3.2105 2.4 5.85 3.3 2.4 6.4094 3.3 2.4
5.89219 3.6 2.4 6 3.70781 2.4 6 3.6 2.63245
6.56555 3.6 2.4 6.3 3.73317 2.4 6.3 3.6 2.66555
6.6 3.6 2.46778 6 3.19554 2.7 6.3 3.20663 2.7
5.89554 3.3 2.7 6 3.52986 2.7 6 3.3 2.80446
6.49523 3.3 2.7 6.3 3.54913 2.7 6.3 3.3 2.79337
6.6 3.43023 2.7 6.36778 3.6 2.7 6.3 3.6 2.8893
6.67205 3.6 2.7 6.6 3.67597 2.7 6.6 3.6 2.8721
6.3 3.58464 3 6.25557 3.6 3 6.35603 3.6 3
6.3 3.61536 3 6.3 3.6 3.01536 6 3.9 1.97841
6.3 3.9 2.00663 6 4.2 1.94907 6.3 4.2 2.00207
6.6 4.2 2.08433 6 4.5 1.88323 6.3 4.5 1.89337
6.6 4.5 1.9445 6 3.78927 2.1 6.3 3.80663 2.1
5.89219 3.9 2.1 6.42862 3.9 2.1 6.6 4.17485 2.1
5.87562 4.2 2.1 6.61882 4.2 2.1 5.85 4.5 2.1
6 4.65 2.1 6.3 4.65 2.1 6.82613 4.5 2.1
6.6 4.64685 2.1 6 3.71271 2.4 6 3.6 2.63245
6.3 3.73668 2.4 6.3 3.6 2.66555 5.85527 3.9 2.4
6.55929 3.9 2.4 6.6 3.94519 2.4 6.6 3.9 2.4778
5.85315 4.2 2.4 6.85701 4.2 2.4 6.9 4.2 2.45848
5.86456 4.5 2.4 6 4.63544 2.4 6.3 4.63164 2.4
6.3 4.5 2.61419 6.61147 4.5 2.4 6.6 4.50495 2.4
6.6 4.5 2.40988 6 3.55795 2.7 6.3 3.57466 2.7
5.95795 3.6 2.7 6 3.6 2.77454 6.33024 3.6 2.7
6.3 3.6 2.72633 6.6 3.80505 2.7 5.86456 3.9 2.7
6.69855 3.9 2.7 6.9 4.07995 2.7 6.9 3.9 2.97059
5.85 4.2 2.7 6 4.2 2.87964 6.3 4.42844 2.7
6.3 4.2 2.87964 6.6 4.39812 2.7 6.6 4.2 2.88428
7.0026 4.2 2.7 6.9 4.31385 2.7 6.9 4.2 2.97315
5.95795 4.5 2.7 6.10268 4.5 2.7 6 4.54205 2.7
6 4.5 2.74205 6 3.72718 3 6.3 3.78085 3
6.6 3.75441 3 6.9 3.87658 3 5.87964 3.9 3
6 4.05 3 6 3.9 3.158 6.3 4.04559 3
6.3 3.9 3.16254 6.6 4.0536 3 6.6 3.9 3.19423
6.92342 3.9 3 6.9 4.08711 3 6.9 3.9 3.03204
6 4.2 2.87964 6.3 4.2 2.87964 6.6 4.2 2.88726
6.9 4.2 2.98542 6 4.5 2.94407 6 4.05 3
6 3.9 3.158 6.3 4.06775 3 6.3 3.9 3.19996
6.6 4.07902 3 6.9 4.18542 3 5.87964 4.2 3
6.3 4.3907 3 6.6 4.35 3 6.92832 4.2 3
6.9 4.22011 3 7.2 4.2 3.10974 5.94913 4.5 3
6.10415 4.5 3 6 4.55087 3 6 4.5 3.07007
6 3.76949 3.3 6.3 3.80784 3.3 5.88726 3.9 3.3
6 3.9 3.52403 6.45763 3.9 3.3 6.6 3.98323 3.3
6.9 3.96328 3.3 7.2 4.05355 3.3 5.85 4.2 3.3
6 4.37964 3.3 6.3 4.35 3.3 6.3 4.2 3.56647
6.6 4.35 3.3 6.9 4.35 3.3 7.38108 4.2 3.3
7.2 4.33782 3.3 7.2 4.2 3.58173 6.3 3.89204 3.6
6.26468 3.9 3.6 6 4.06553 3.6 6.32731 3.9 3.6
6.3 3.95339 3.6 6.3 3.9 3.60796 6.6 4.15257 3.6
6.9 4.17764 3.6 5.95732 4.2 3.6 6.17058 4.2 3.6
6 4.24268 3.6 6 4.2 3.64268 6.51338 4.2 3.6
6.6 4.21458 3.6 6.6 4.2 3.61559 7.04842 4.2 3.6
6.9 4.21536 3.6 6.9 4.2 3.61536 6.9 1.8 3.59621
7.2 1.8 3.51677 7.5 1.8 3.55795 6.9 2.1 3.59621
7.2 2.1 3.50663 7.5 2.1 3.50663 7.8 2.1 3.57394
7.2 2.4 3.51266 7.5 2.4 3.52389 7.2 2.7 3.56742
7.5 2.7 3.55795 7.2 3 3.51677 7.5 3 3.54913
7.2 3.3 3.57394 6.9 1.79621 3.6 7.2 1.71677 3.6
7.5 1.75795 3.6 6.89621 1.8 3.6 6.9 1.8 3.60395
7.55326 1.8 3.6 7.8 2.06644 3.6 7.8 1.8 3.77214
6.89416 2.1 3.6 6.9 2.1046 3.6 6.9 2.1 3.60379
7.82606 2.1 3.6 7.8 2.16348 3.6 8.1 2.1 3.85795
7.0999 2.4 3.6 7.2 2.4 3.73633 7.64688 2.4 3.6
7.8 2.4 3.68829 7.16742 2.7 3.6 7.2 2.7 3.63762
7.56065 2.7 3.6 7.8 2.7 3.73944 7.10965 3 3.6
7.2 3 3.69337 7.55087 3 3.6 7.5 3.08328 3.6
7.8 3 3.84373 7.17106 3.3 3.6 7.24555 3.3 3.6
7.2 3.32606 3.6 7.2 3.3 3.62606 7.2 1.65355 3.9
7.5 1.62775 3.9 7.8 1.69219 3.9 7.05904 1.8 3.9
7.2 1.8 4.06775 7.92786 1.8 3.9 8.1 2.04674 3.9
8.1 1.8 4.15917 7.13637 2.1 3.9 7.2 2.20595 3.9
7.2 2.1 3.96576 8.14205 2.1 3.9 8.1 2.2206 3.9
7.30687 2.4 3.9 7.5 2.4 4.1536 8.0334 2.4 3.9
8.1 2.4 3.95855 7.3842 2.7 3.9 7.5 2.7 4.0158
8.00291 2.7 3.9 8.1 2.7 3.98829 7.41171 3 3.9
7.5 3.2672 3.9 7.5 3 3.98829 7.88344 3 3.9
7.8 3.11371 3.9 8.1 3 4.05495 7.8 3.3 4.04124
7.5 1.62468 4.2 7.8 1.65644 4.2 8.1 1.7681 4.2
7.32036 1.8 4.2 7.5 1.8 4.42437 8.13534 1.8 4.2
7.38428 2.1 4.2 7.5 2.33608 4.2 8.3409 2.1 4.2
8.4 2.1 4.26113 7.54205 2.4 4.2 8.34913 2.4 4.2
8.4 2.4 4.25087 8.7 2.4 4.42844 7.64645 2.7 4.2
8.34188 2.7 4.2 8.4 2.7 4.25087 8.7 2.7 4.38726
7.6842 3 4.2 7.8 3 4.35601 8.27115 3 4.2
8.1 3.18384 4.2 8.4 3 4.32885 8.7 3 4.42844
7.69996 3.3 4.2 7.96361 3.3 4.2 7.8 3.40027 4.2
7.8 3.3 4.31647 8.1 3.3 4.28829 8.4 3.3 4.34491
8.1 3.6 4.39773 7.8 1.70093 4.5 8.1 1.79286 4.5
7.62182 1.8 4.5 7.5 2.07977 4.5 7.8 1.8 4.59907
8.10837 1.8 4.5 8.1 1.8 4.50714 8.4 1.94096 4.5
7.49286 2.1 4.5 7.5 2.11536 4.5 7.5 2.1 4.50714
7.8 2.1 4.68726 8.1 2.1 4.7409 8.60827 2.1 4.5
8.4 2.1 4.67195 8.7 2.27224 4.5 7.59337 2.4 4.5
7.8 2.4 4.7215 8.77156 2.4 4.5 8.7 2.4 4.66134
7.72844 2.7 4.5 7.8 2.81655 4.5 7.8 2.7 4.66055
8.81275 2.7 4.5 7.90379 3 4.5 8.77156 3 4.5
8.7 3.13534 4.5 9 3 4.70704 7.93225 3.3 4.5
8.1 3.3 4.66775 8.5956 3.3 4.5 8.4 3.47362 4.5
8.7 3.3 4.58278 9 3.3 4.66218 7.99273 3.6 4.5
8.24648 3.6 4.5 8.1 3.69945 4.5 8.1 3.6 4.60727
8.4 3.6 4.61385 8.7 3.6 4.62036 9 3.6 4.69219
8.4 3.9 4.69184 8.7 3.9 4.68726 8.1 2.19129 4.8
8.4 2.30852 4.8 7.91616 2.4 4.8 8.1 2.4 4.90781
8.56134 2.4 4.8 8.4 2.4 4.87156 8.7 2.47394 4.8
7.86416 2.7 4.8 8.1 2.7 4.95865 8.4 2.7 4.96836
8.86839 2.7 4.8 8.7 2.7 4.93544 9 2.87668 4.8
7.97934 3 4.8 8.1 3.15032 4.8 8.1 3 5.02237
8.7 3 4.97934 9.09296 3 4.8 9 3 4.89296
8.24553 3.3 4.8 9.13782 3.3 4.8 9 3.3 4.94645
8.25355 3.6 4.8 8.4 3.6 4.96302 9.10781 3.6 4.8
9 3.80202 4.8 8.29184 3.9 4.8 8.4 4.03266 4.8
8.4 3.9 4.90816 8.90663 3.9 4.8 8.7 4.03051 4.8
9 3.9 4.92441 8.4 2.89012 5.1 8.20261 3 5.1
8.52053 3 5.1 8.4 3 5.19337 8.7 3.18384 5.1
8.29184 3.3 5.1 8.4 3.43236 5.1 8.4 3.3 5.20816
8.79691 3.3 5.1 8.7 3.3 5.1895 9 3.58373 5.1
8.55477 3.6 5.1 8.7 3.6 5.22036 9.01458 3.6 5.1
9 3.6 5.11458 8.59219 3.9 5.1 8.7 4.19273 5.1
8.7 3.9 5.20781 9.08323 3.9 5.1 9 4.02585 5.1
9 3.9 5.18323 7.2 2.7 2.55865 7.5 2.7 2.55315
7.8 2.7 2.59219 6.9 3 2.65641 7.2 3 2.43353
7.5 3 2.52468 7.8 3 2.55865 8.1 3 2.6105
7.5 3.3 2.63584 7.8 3.3 2.55865 8.1 3.3 2.56836
8.1 3.6 2.62844 7.2 2.55865 2.7 7.2 2.4 2.89184
7.5 2.55315 2.7 7.5 2.4 2.88726 7.8 2.59219 2.7
7.8 2.4 2.94429 7.00647 2.7 2.7 6.9 2.92513 2.7
7.93974 2.7 2.7 8.1 2.88062 2.7 8.1 2.7 2.81744
8.4 2.7 2.99505 6.85795 3 2.7 6.9 3.04205 2.7
6.9 3 2.7464 7.2 3.16836 2.7 8.20218 3 2.7
8.4 3 2.83544 7.42256 3.3 2.7 7.5 3.36416 2.7
7.8 3.45355 2.7 8.32317 3.3 2.7 8.4 3.3 2.76363
8.7 3.3 2.86456 8.0192 3.6 2.7 8.28162 3.6 2.7
8.1 3.67804 2.7 8.4 3.6 2.75812 8.7 3.6 2.85
8.7 3.9 2.99286 7.2 2.28892 3 7.5 2.27559 3
7.8 2.33887 3 6.98823 2.4 3 7.2 2.4 3.11108
7.87284 2.4 3 8.1 2.52468 3 8.1 2.4 3.13906
8.4 2.69505 3 6.96056 2.7 3 7.2 2.7 3.15904
8.40555 2.7 3 8.7 2.7 3.20353 7.07902 3 3
7.2 3.11274 3 7.2 3 3.12098 8.6681 3 3
8.7 3.03789 3 8.7 3 3.0319 9 3 3.22437
7.44373 3.3 3 7.5 3.35627 3 7.5 3.3 3.10605
7.8 3.44645 3 8.86538 3.3 3 9 3.3 3.12036
8.07185 3.6 3 8.1 3.62534 3 8.1 3.6 3.07597
8.4 3.76775 3 8.97466 3.6 3 9 3.6 3.02534
9.3 3.6 3.25859 8.68947 3.9 3 8.71414 3.9 3
8.7 3.90714 3 9 3.9 3.10188 7.5 2.25531 3.3
7.8 2.12534 3.3 8.1 2.24615 3.3 8.1 2.1 3.50119
7.38927 2.4 3.3 7.5 2.4 3.4159 8.29411 2.4 3.3
8.4 2.49296 3.3 8.4 2.4 3.40589 8.7 2.61093 3.3
7.35624 2.7 3.3 7.5 2.7 3.43802 8.79173 2.7 3.3
9 2.92197 3.3 7.35355 3 3.3 7.5 3.20041 3.3
7.5 3 3.45624 9.07803 3 3.3 7.6092 3.3 3.3
7.8 3.42737 3.3 8.1 3.53584 3.3 9.18726 3.3 3.3
9.3 3.53697 3.3 9.3 3.3 3.42098 8.17275 3.6 3.3
8.1 3.6 3.57533 8.4 3.73782 3.3 9.34141 3.6 3.3
9.3 3.72377 3.3 8.67466 3.9 3.3 8.7 3.92534 3.3
9.24236 3.9 3.3 9 4.05904 3.3 9.3 3.9 3.35764
8.1 2.01677 3.6 7.94944 2.1 3.6 7.8 2.25545 3.6
8.20491 2.1 3.6 8.1 2.1 3.75056 8.4 2.23936 3.6
8.4 2.1 3.81723 7.71462 2.4 3.6 7.8 2.4 3.68829
8.61283 2.4 3.6 8.7 2.48235 3.6 8.7 2.4 3.70767
7.71642 2.7 3.6 7.8 2.7 3.68829 8.94471 2.7 3.6
9 2.75027 3.6 9 2.7 3.65529 7.66156 3 3.6
7.8 3 3.73225 9.27658 3 3.6 9.3 3.02604 3.6
9.3 3 3.63699 7.67092 3.3 3.6 7.8 3.43257 3.6
7.8 3.3 3.73257 9.45978 3.3 3.6 8.09163 3.6 3.6
8.1 3.60714 3.6 8.1 3.6 3.61817 8.4 3.70687 3.6
9.5409 3.6 3.6 9.6 3.6 3.67465 8.64407 3.9 3.6
8.7 3.95087 3.6 8.7 3.9 3.72862 9 4.09219 3.6
9.52613 3.9 3.6 9.3 4.11467 3.6 9.6 3.9 3.78162
9.3 4.2 3.72137 8.4 2.03584 3.9 8.27504 2.1 3.9
8.1 2.28335 3.9 8.47945 2.1 3.9 8.4 2.1 4.10512
8.7 2.26692 3.9 8.0334 2.4 3.9 8.1 2.4 3.95855
8.82674 2.4 3.9 9 2.54406 3.9 9 2.4 4.13428
8.01171 2.7 3.9 8.1 2.7 3.98829 9.16237 2.7 3.9
9.3 2.86692 3.9 9.3 2.7 4.12055 8.0334 3 3.9
8.1 3 3.9666 9.42098 3 3.9 9.6 3 4.13039
8.07062 3.3 3.9 8.1 3.35883 3.9 8.1 3.3 3.92534
9.54913 3.3 3.9 9.6 3.36483 3.9 9.6 3.3 3.95812
8.1924 3.6 3.9 8.4 3.74645 3.9 8.4 3.6 4.07736
8.7 3.83584 3.9 9.72766 3.6 3.9 8.81319 3.9 3.9
9 4.02038 3.9 9.65087 3.9 3.9 9.6 3.95812 3.9
9.6 3.9 4.10663 9.16329 4.2 3.9 9.41929 4.2 3.9
9.3 4.30781 3.9 8.4 2.2144 4.2 8.7 2.16416 4.2
9 2.34373 4.2 8.34913 2.4 4.2 8.4 2.4 4.25087
8.7 2.4 4.41093 9.05627 2.4 4.2 9.3 2.63584 4.2
8.34188 2.7 4.2 8.4 2.7 4.25087 8.7 2.7 4.38726
9.36416 2.7 4.2 9.6 2.93637 4.2 8.30041 3 4.2
8.4 3 4.28907 8.7 3 4.42844 9.66363 3 4.2
8.31767 3.3 4.2 8.4 3.41748 4.2 8.4 3.3 4.28233
9.74096 3.3 4.2 8.51923 3.6 4.2 8.7 3.7841 4.2
9.72737 3.6 4.2 9.6 3.86666 4.2 8.85 3.9 4.2
9 4.00781 4.2 9.57466 3.9 4.2 9.26468 4.2 4.2
9.33532 4.2 4.2 9.3 4.23532 4.2 9.3 4.2 4.25442
9 2.31677 4.5 8.85713 2.4 4.5 9.08323 2.4 4.5
9 2.4 4.58323 9.3 2.59219 4.5 8.81275 2.7 4.5
9 2.7 4.66863 9.40781 2.7 4.5 9.3 2.7 4.60781
9.6 2.91093 4.5 8.77156 3 4.5 8.7 3.13534 4.5
9 3 4.65 9.3 3 4.69219 9.68907 3 4.5
9.6 3 4.59173 8.61722 3.3 4.5 8.7 3.3 4.58278
9 3.3 4.65315 9.75865 3.3 4.5 9.6 3.3 4.68726
8.59219 3.6 4.5 8.7 3.7601 4.5 8.7 3.6 4.60781
9 3.6 4.69219 9.75315 3.6 4.5 9.6 3.81093 4.5
9.6 3.6 4.71093 8.84956 3.9 4.5 9 3.99907 4.5
9.50041 3.9 4.5 9.3 4.07559 4.5 9.3 3.25763 4.8
9.27367 3.3 4.8 9.33986 3.3 4.8 9.3 3.3 4.82534
9.16615 3.6 4.8 9 3.80202 4.8 9.45508 3.6 4.8
9.3 3.6 4.89337 8.93222 3.9 4.8 9 3.98917 4.8
9 3.9 4.86416 9.3799 3.9 4.8 9.3 3.98875 4.8
9.3 3.9 4.86901 6.9 3.3 2.23225 7.2 3.3 2.25
7.5 3.3 2.30093 7.2 3.6 2.20781 7.5 3.6 2.27964
7.8 3.6 2.32341 7.5 3.9 2.25355 7.8 3.9 2.31677
7.8 4.2 2.37394 6.9 3.15355 2.4 7.2 3.09337 2.4
7.5 3.17717 2.4 6.73668 3.3 2.4 6.9 3.4842 2.4
7.66976 3.3 2.4 7.5 3.3 2.59332 7.8 3.45737 2.4
7.00446 3.6 2.4 7.2 3.84913 2.4 7.87901 3.6 2.4
7.25812 3.9 2.4 7.5 4.10041 2.4 7.89881 3.9 2.4
8.1 3.9 2.54022 7.74485 4.2 2.4 7.82894 4.2 2.4
7.8 4.22606 2.4 8.1 4.2 2.54135 8.4 4.2 2.64973
8.1 4.5 2.60093 6.9 3.15966 2.7 7.2 3.16836 2.7
6.80093 3.3 2.7 6.9 3.39907 2.7 7.42256 3.3 2.7
7.5 3.36416 2.7 7.8 3.45355 2.7 7.07964 3.6 2.7
7.2 3.73225 2.7 7.2 3.6 2.87325 8.01171 3.6 2.7
8.1 3.68538 2.7 7.35624 3.9 2.7 7.5 4.06949 2.7
7.5 3.9 2.90169 8.32196 3.9 2.7 8.4 4.08263 2.7
8.4 3.9 2.79558 7.62098 4.2 2.7 7.8 4.47396 2.7
8.45206 4.2 2.7 8.4 4.26932 2.7 8.7 4.2 2.86143
7.84397 4.5 2.7 8.22718 4.5 2.7 8.1 4.59907 2.7
8.4 4.5 2.82036 6.9 3.28209 3 7.2 3.22844 3
6.87235 3.3 3 6.9 3.31536 3 6.9 3.3 3.01536
7.31655 3.3 3 7.2 3.41697 3 7.2 3.3 3.08581
7.5 3.40188 3 7.8 3.44645 3 7.30149 3.6 3
7.5 3.81467 3 8.07185 3.6 3 8.1 3.62633 3
8.4 3.76775 3 7.58278 3.9 3 8.66369 3.9 3
8.7 3.93024 3 7.76468 4.2 3 7.8 4.25442 3
7.8 4.2 3.05765 8.86538 4.2 3 8.7 4.45041 3
9 4.2 3.13594 7.92098 4.5 3 8.1 4.65355 3
8.65795 4.5 3 8.4 4.69777 3 8.7 4.5 3.04205
8.4 4.8 3.21505 7.5 3.49343 3.3 7.8 3.51093 3.3
7.41463 3.6 3.3 7.5 3.68538 3.3 7.5 3.6 3.3785
7.99277 3.6 3.3 7.8 3.6 3.39647 8.1 3.68887 3.3
8.4 3.7524 3.3 7.73039 3.9 3.3 7.8 3.99729 3.3
7.8 3.9 3.36961 8.1 3.9 3.51037 8.66976 3.9 3.3
8.4 3.9 3.55738 8.7 3.92534 3.3 9 4.06275 3.3
7.9159 4.2 3.3 8.1 4.2 3.46654 9.13413 4.2 3.3
9 4.45041 3.3 8.0409 4.5 3.3 8.1 4.5591 3.3
8.1 4.5 3.3591 8.95859 4.5 3.3 8.7 4.76468 3.3
9 4.5 3.34141 8.34913 4.8 3.3 8.58143 4.8 3.3
8.4 4.85087 3.3 8.4 4.8 3.35593 8.7 4.8 3.4586
8.4 3.93981 3.6 8.7 3.97156 3.6 9 4.09219 3.6
8.23346 4.2 3.6 9.22299 4.2 3.6 8.32389 4.5 3.6
8.4 4.58285 3.6 8.4 4.5 3.67611 8.7 4.5 3.80093
9.16456 4.5 3.6 9 4.74973 3.6 8.66466 4.8 3.6
8.81144 4.8 3.6 8.7 4.8319 3.6 8.7 4.8 3.63534
8.4 4.11994 3.9 8.7 4.01239 3.9 9 4.09219 3.9
8.34913 4.2 3.9 8.4 4.25087 3.9 8.4 4.2 3.97007
8.7 4.38761 3.9 9.11073 4.2 3.9 9 4.2 4.10202
8.81602 4.5 3.9 9.21419 4.5 3.9 9 4.65 3.9
9 4.5 4.03475 8.7 4.09996 4.2 8.58353 4.2 4.2
8.88294 4.2 4.2 8.7 4.2895 4.2 8.7 4.2 4.41539
6.9 3.9 2.01677 6.9 4.2 2.06402 6.6 3.6 2.36734
6.9 3.76822 2.1 6.9 3.6 2.24355 6.76453 3.9 2.1
7.0093 3.9 2.1 7.2 3.9 2.32993 6.85175 4.2 2.1
7.03793 4.2 2.1 6.9 4.29312 2.1 6.9 4.2 2.31492
7.2 4.2 2.14141 7.5 4.2 2.32547 7.5 4.5 2.31421
6.6 3.56555 2.4 6.9 3.49266 2.4 6.57466 3.6 2.4
6.6 3.75643 2.4 6.6 3.6 2.42938 7.00446 3.6 2.4
7.2 3.84913 2.4 6.62342 3.9 2.4 6.9 4.18464 2.4
7.25087 3.9 2.4 7.5 4.13584 2.4 6.91536 4.2 2.4
7.2 4.38726 2.4 7.56416 4.2 2.4 7.38318 4.5 2.4
7.6093 4.5 2.4 7.5 4.58323 2.4 6.9 3.41274 2.7
6.73782 3.6 2.7 7.07964 3.6 2.7 7.2 3.73225 2.7
7.2 3.6 2.87325 6.80432 3.9 2.7 6.9 4.00943 2.7
6.9 3.9 2.79296 7.35624 3.9 2.7 7.5 4.06949 2.7
7.5 3.9 2.90169 7.03164 4.2 2.7 7.2 4.36218 2.7
7.2 4.2 2.87503 7.62098 4.2 2.7 7.35 4.5 2.7
7.77062 4.5 2.7 7.5 4.63782 2.7 7.8 4.5 2.73986
6.9 3.53337 3 7.2 3.50132 3 6.85859 3.6 3
6.9 3.64141 3 6.9 3.6 3.04141 7.30149 3.6 3
7.5 3.81467 3 7.12894 3.9 3 7.2 3.9909 3
7.2 3.9 3.09764 7.58278 3.9 3 7.32497 4.2 3
7.76468 4.2 3 7.8 4.25442 3 7.8 4.2 3.05765
7.46468 4.5 3 7.5 4.53532 3 7.5 4.5 3.04185
7.92098 4.5 3 7.8 4.64504 3 7.2 3.52341 3.3
7.12341 3.6 3.3 7.3475 3.6 3.3 7.2 3.7043 3.3
7.2 3.6 3.37659 7.5 3.69357 3.3 7.33541 3.9 3.3
7.72317 3.9 3.3 7.5 3.9 3.45 7.8 3.99729 3.3
7.8 3.9 3.53921 7.46993 4.2 3.3 7.5 4.23576 3.3
7.5 4.2 3.33122 7.9159 4.2 3.3 8.1 4.2 3.46654
7.68802 4.5 3.3 7.99993 4.5 3.3 7.8 4.60974 3.3
7.8 4.5 3.42675 8.1 4.5 3.36478 7.8 3.87578 3.6
7.77586 3.9 3.6 7.86079 3.9 3.6 7.8 3.9 3.61921
8.1 3.98214 3.6 7.73369 4.2 3.6 7.8 4.28664 3.6
7.8 4.2 3.66416 8.23346 4.2 3.6 8.1 4.2 3.82328
7.92877 4.5 3.6 8.2445 4.5 3.6 8.1 4.67422 3.6
8.1 4.5 3.77902
POLYGONS 29596 118384
3 0 1 2
3 1 0 3
3 0 2 4
3 3 0 4
3 1 5 2
3 3 5 1
3 6 9 11
3 9 6 12
3 2 5 4
3 6 11 13
3 3 4 5
3 12 6 13
3 7 15 18
3 7 8 16
3 15 7 16
3 8 10 17
3 16 8 17
3 17 10 22
3 7 18 20
3 8 7 20
3 21 8 20
3 9 24 11
3 9 8 24
3 9 10 8
3 8 21 24
3 12 14 23
3 9 12 23
3 9 23 22
3 9 22 10
3 23 14 27
3 11 24 25
3 13 11 25
3 14 12 13
3 14 13 28
3 28 13 25
3 27 14 28
3 19 30 34
3 19 18 15
3 19 15 30
3 30 15 31
3 16 32 15
3 15 32 31
3 17 33 16
3 16 33 32
3 33 17 22
3 41 33 22
3 19 34 35
3 18 19 35
3 18 35 20
3 20 35 37
3 21 20 39
3 20 37 39
3 24 42 26
3 24 21 42
3 21 39 42
3 23 29 26
3 23 26 41
3 23 41 22
3 42 41 26
3 23 27 29
3 24 26 25
3 28 25 26
3 29 28 26
3 27 28 29
3 30 36 34
3 30 31 38
3 36 30 38
3 31 32 40
3 38 31 40
3 32 33 43
3 40 32 43
3 33 41 43
3 34 36 35
3 37 35 36
3 38 37 36
3 39 37 38
3 40 39 38
3 42 39 40
3 43 42 40
3 41 42 43
3 44 46 48
3 46 44 49
3 45 44 48
3 51 45 48
3 52 49 44
3 45 52 44
3 45 51 53
3 52 45 53
3 47 56 57
3 56 47 58
3 46 47 57
3 46 57 48
3 48 57 61
3 49 50 59
3 46 49 59
3 46 59 58
3 46 58 47
3 59 50 62
3 48 61 51
3 61 63 51
3 50 52 54
3 49 52 50
3 66 62 50
3 54 66 50
3 51 63 64
3 53 51 64
3 52 53 64
3 52 64 55
3 52 55 54
3 68 55 64
3 69 66 54
3 55 69 54
3 55 68 70
3 69 55 70
3 56 72 74
3 57 56 74
3 58 60 73
3 58 73 56
3 56 73 72
3 73 60 75
3 57 74 61
3 74 77 61
3 58 59 60
3 60 59 62
3 60 62 75
3 75 62 79
3 78 65 63
3 78 63 77
3 77 63 61
3 78 82 65
3 80 66 67
3 80 79 66
3 79 62 66
3 80 67 83
3 63 65 64
3 65 68 64
3 65 82 68
3 82 84 68
3 67 69 71
3 66 69 67
3 86 83 67
3 71 86 67
3 68 84 85
3 70 68 85
3 71 69 70
3 71 70 87
3 87 70 85
3 86 71 87
3 72 88 91
3 74 72 91
3 73 89 72
3 72 89 88
3 75 76 90
3 75 90 73
3 73 90 89
3 90 76 92
3 74 91 77
3 91 94 77
3 76 79 81
3 75 79 76
3 97 92 76
3 81 97 76
3 77 94 95
3 78 77 95
3 95 82 78
3 99 82 95
3 79 80 81
3 81 80 83
3 81 83 97
3 97 83 100
3 82 99 84
3 99 102 84
3 83 86 100
3 100 86 104
3 84 102 103
3 85 84 103
3 87 85 105
3 85 103 105
3 104 86 87
3 105 104 87
3 88 108 112
3 91 88 112
3 89 109 88
3 88 109 108
3 90 110 89
3 89 110 109
3 92 93 111
3 92 111 90
3 90 111 110
3 111 93 115
3 113 96 94
3 113 94 112
3 112 94 91
3 113 116 96
3 93 97 98
3 92 97 93
3 117 115 93
3 98 117 93
3 94 96 95
3 96 99 95
3 96 116 99
3 116 119 99
3 98 100 101
3 97 100 98
3 120 117 98
3 101 120 98
3 99 119 102
3 119 122 102
3 101 104 106
3 100 104 101
3 125 120 101
3 106 125 101
3 102 122 123
3 103 102 123
3 105 103 124
3 103 123 124
3 104 105 124
3 104 124 107
3 104 107 106
3 127 107 124
3 129 125 106
3 107 129 106
3 107 127 130
3 129 107 130
3 108 114 112
3 135 114 108
3 135 108 132
3 132 108 109
3 110 133 109
3 109 133 132
3 111 134 110
3 110 134 133
3 134 111 115
3 137 134 115
3 112 114 113
3 114 116 113
3 114 135 116
3 135 139 116
3 138 117 118
3 138 137 117
3 137 115 117
3 138 118 141
3 116 139 119
3 139 143 119
3 118 120 121
3 117 120 118
3 145 141 118
3 121 145 118
3 119 143 122
3 143 147 122
3 121 125 126
3 120 125 121
3 150 145 121
3 126 150 121
3 122 147 148
3 123 122 148
3 128 148 152
3 128 124 148
3 124 123 148
3 124 128 127
3 126 129 131
3 125 129 126
3 155 150 126
3 131 155 126
3 128 152 153
3 127 128 153
3 127 153 130
3 130 153 154
3 131 129 130
3 131 130 156
3 156 130 154
3 155 131 156
3 132 136 135
3 162 136 132
3 162 132 160
3 160 132 133
3 134 161 133
3 133 161 160
3 161 134 137
3 164 161 137
3 136 140 139
3 135 136 139
3 168 136 162
3 140 136 168
3 137 166 164
3 138 166 137
3 141 142 167
3 141 167 138
3 138 167 166
3 167 142 170
3 140 144 143
3 139 140 143
3 172 140 168
3 144 140 172
3 142 145 146
3 141 145 142
3 174 170 142
3 146 174 142
3 144 149 147
3 143 144 147
3 176 144 172
3 149 144 176
3 146 150 151
3 145 150 146
3 178 174 146
3 151 178 146
3 147 149 148
3 149 152 148
3 149 176 152
3 176 180 152
3 151 155 157
3 150 155 151
3 184 178 151
3 157 184 151
3 152 180 181
3 153 152 181
3 154 153 183
3 153 181 183
3 158 183 186
3 158 156 183
3 156 154 183
3 156 157 155
3 156 158 157
3 158 159 157
3 189 184 157
3 159 189 157
3 158 186 188
3 159 158 188
3 190 159 188
3 189 159 190
3 160 163 162
3 160 161 165
3 163 160 165
3 161 164 165
3 163 169 168
3 162 163 168
3 201 165 199
3 201 169 165
3 169 163 165
3 164 199 165
3 164 166 199
3 166 200 199
3 171 203 200
3 171 200 167
3 167 200 166
3 167 170 171
3 169 173 172
3 168 169 172
3 206 169 201
3 173 169 206
3 171 204 203
3 171 170 174
3 171 174 205
3 171 205 204
3 175 205 174
3 205 175 207
3 173 177 176
3 172 173 176
3 208 173 206
3 177 173 208
3 175 178 179
3 174 178 175
3 209 207 175
3 179 209 175
3 177 182 180
3 176 177 180
3 211 177 208
3 182 177 211
3 179 184 185
3 178 184 179
3 212 209 179
3 185 212 179
3 180 182 181
3 182 183 181
3 182 214 183
3 182 211 214
3 214 187 183
3 183 187 186
3 185 189 191
3 184 189 185
3 216 212 185
3 191 216 185
3 187 214 215
3 192 215 218
3 188 215 192
3 188 187 215
3 188 186 187
3 188 193 190
3 192 193 188
3 190 191 189
3 190 193 191
3 193 194 191
3 220 216 191
3 194 220 191
3 192 218 219
3 219 222 195
3 219 195 192
3 192 195 193
3 194 193 196
3 196 193 195
3 223 220 194
3 196 223 194
3 197 195 222
3 225 197 222
3 196 195 198
3 198 195 197
3 228 223 196
3 198 228 196
3 197 225 226
3 198 197 226
3 229 198 226
3 228 198 229
3 199 202 201
3 232 202 199
3 232 199 231
3 231 199 200
3 231 200 203
3 234 231 203
3 202 233 238
3 202 238 201
3 201 238 206
3 232 233 202
3 203 236 234
3 204 236 203
3 205 237 204
3 204 237 236
3 237 205 207
3 240 237 207
3 206 238 208
3 238 243 208
3 242 209 210
3 242 240 209
3 240 207 209
3 242 210 245
3 208 243 211
3 243 247 211
3 210 212 213
3 209 212 210
3 249 245 210
3 213 249 210
3 211 247 214
3 247 250 214
3 213 216 217
3 212 216 213
3 253 249 213
3 217 253 213
3 214 250 251
3 215 214 251
3 251 218 215
3 254 218 251
3 217 220 221
3 216 220 217
3 256 253 217
3 221 256 217
3 218 254 255
3 219 218 255
3 255 222 219
3 257 222 255
3 221 223 224
3 220 223 221
3 259 256 221
3 224 259 221
3 258 227 225
3 258 225 257
3 257 225 222
3 258 260 227
3 224 228 230
3 223 228 224
3 263 259 224
3 230 263 224
3 225 227 226
3 227 260 261
3 227 261 226
3 226 261 229
3 230 228 229
3 230 229 264
3 264 229 261
3 263 230 264
3 231 235 232
3 231 234 235
3 233 239 238
3 233 267 239
3 232 267 233
3 232 265 267
3 232 235 265
3 234 265 235
3 234 236 265
3 236 266 265
3 241 269 266
3 241 266 237
3 237 266 236
3 237 240 241
3 239 244 243
3 238 239 243
3 272 239 267
3 244 239 272
3 241 271 269
3 246 274 271
3 242 246 271
3 242 271 241
3 242 241 240
3 242 245 246
3 244 248 247
3 243 244 247
3 277 244 272
3 248 244 277
3 246 276 274
3 276 246 245
3 276 245 279
3 279 245 249
3 248 252 250
3 247 248 250
3 281 248 277
3 252 248 281
3 249 253 279
3 279 253 283
3 250 252 251
3 252 254 251
3 252 281 254
3 281 285 254
3 253 256 283
3 283 256 288
3 254 285 286
3 255 254 286
3 286 257 255
3 290 257 286
3 256 259 288
3 288 259 294
3 257 290 291
3 258 257 291
3 260 293 262
3 260 258 293
3 258 291 293
3 293 296 262
3 259 263 294
3 294 263 297
3 260 262 261
3 262 296 298
3 262 298 261
3 261 298 264
3 297 263 264
3 298 297 264
3 265 268 267
3 265 266 270
3 268 265 270
3 266 269 270
3 268 273 272
3 267 268 272
3 301 270 300
3 301 273 270
3 273 268 270
3 275 302 300
3 271 275 300
3 271 300 270
3 271 270 269
3 271 274 275
3 273 278 277
3 272 273 277
3 305 273 301
3 278 273 305
3 275 304 302
3 280 307 304
3 276 280 304
3 276 304 275
3 276 275 274
3 276 279 280
3 278 282 281
3 277 278 281
3 309 278 305
3 282 278 309
3 284 307 280
3 311 307 284
3 279 283 284
3 280 279 284
3 282 287 285
3 281 282 285
3 313 282 309
3 287 282 313
3 289 311 284
3 316 311 289
3 283 288 289
3 284 283 289
3 285 287 286
3 290 314 292
3 286 314 290
3 286 313 314
3 286 287 313
3 314 318 292
3 295 316 289
3 319 316 295
3 288 294 295
3 289 288 295
3 290 292 291
3 292 318 320
3 292 320 291
3 291 320 293
3 296 295 299
3 296 320 295
3 296 293 320
3 320 319 295
3 294 297 299
3 295 294 299
3 296 299 298
3 297 298 299
3 300 303 301
3 300 302 303
3 303 306 305
3 301 303 305
3 302 304 308
3 302 308 303
3 303 308 306
3 304 307 308
3 306 310 309
3 305 306 309
3 308 312 306
3 312 310 306
3 307 311 312
3 308 307 312
3 310 315 313
3 309 310 313
3 312 317 310
3 317 315 310
3 311 316 317
3 312 311 317
3 313 315 314
3 318 314 315
3 318 315 321
3 321 315 317
3 316 319 321
3 317 316 321
3 318 321 320
3 319 320 321
3 322 324 326
3 324 322 327
3 322 326 328
3 327 322 328
3 323 329 331
3 323 325 330
3 329 323 330
3 330 325 333
3 323 331 332
3 324 334 326
3 324 323 334
3 324 325 323
3 323 332 334
3 325 324 327
3 325 327 333
3 333 327 335
3 326 334 336
3 328 326 336
3 335 327 328
3 336 335 328
3 329 339 341
3 331 329 341
3 330 340 329
3 329 340 339
3 340 330 333
3 343 340 333
3 331 341 342
3 332 331 342
3 342 334 332
3 344 334 342
3 333 335 343
3 343 335 346
3 337 336 334
3 337 334 348
3 348 334 344
3 347 346 335
3 347 335 337
3 347 337 338
3 337 335 336
3 347 338 350
3 337 348 349
3 338 337 349
3 351 338 349
3 350 338 351
3 339 353 355
3 341 339 355
3 340 354 339
3 339 354 353
3 354 340 343
3 356 354 343
3 345 342 341
3 345 341 357
3 357 341 355
3 342 345 344
3 343 346 356
3 356 346 359
3 345 357 358
3 358 344 345
3 358 362 344
3 362 348 344
3 346 360 359
3 347 360 346
3 360 347 350
3 364 360 350
3 348 362 363
3 349 348 363
3 352 363 365
3 352 351 363
3 351 349 363
3 351 352 366
3 351 366 350
3 350 366 364
3 352 365 367
3 366 352 367
3 353 368 370
3 355 353 370
3 354 369 353
3 353 369 368
3 369 354 356
3 371 369 356
3 355 370 357
3 370 374 357
3 372 359 361
3 372 371 359
3 371 356 359
3 372 361 376
3 357 374 375
3 358 357 375
3 375 362 358
3 377 362 375
3 359 360 361
3 361 360 364
3 361 364 376
3 376 364 379
3 362 377 378
3 363 362 378
3 378 365 363
3 380 365 378
3 364 366 379
3 379 366 381
3 365 380 382
3 367 365 382
3 381 366 367
3 382 381 367
3 368 383 386
3 370 368 386
3 369 384 368
3 368 384 383
3 371 373 385
3 371 385 369
3 369 385 384
3 385 373 387
3 370 386 374
3 386 389 374
3 371 372 373
3 373 372 376
3 373 376 387
3 387 376 391
3 374 389 390
3 375 374 390
3 390 377 375
3 393 377 390
3 376 379 391
3 391 379 395
3 377 393 394
3 378 377 394
3 394 380 378
3 397 380 394
3 379 381 395
3 395 381 398
3 380 397 399
3 382 380 399
3 398 381 382
3 399 398 382
3 383 401 405
3 386 383 405
3 384 402 383
3 383 402 401
3 385 403 384
3 384 403 402
3 387 388 404
3 387 404 385
3 385 404 403
3 404 388 406
3 386 405 389
3 405 407 389
3 388 391 392
3 387 391 388
3 409 406 388
3 392 409 388
3 389 407 408
3 390 389 408
3 408 393 390
3 411 393 408
3 392 395 396
3 391 395 392
3 413 409 392
3 396 413 392
3 393 411 412
3 394 393 412
3 412 397 394
3 415 397 412
3 396 398 400
3 395 398 396
3 417 413 396
3 400 417 396
3 397 415 416
3 399 397 416
3 400 398 399
3 400 399 418
3 418 399 416
3 417 400 418
3 401 422 426
3 405 401 426
3 402 423 401
3 401 423 422
3 403 424 402
3 402 424 423
3 404 425 403
3 403 425 424
3 425 404 406
3 427 425 406
3 405 426 407
3 426 430 407
3 428 409 410
3 428 427 409
3 427 406 409
3 428 410 432
3 407 430 431
3 408 407 431
3 431 411 408
3 434 411 431
3 410 413 414
3 409 413 410
3 436 432 410
3 414 436 410
3 411 434 435
3 412 411 435
3 435 415 412
3 437 415 435
3 414 417 419
3 413 417 414
3 439 436 414
3 419 439 414
3 415 437 438
3 416 415 438
3 420 438 440
3 420 418 438
3 418 416 438
3 418 419 417
3 418 420 419
3 420 421 419
3 442 439 419
3 421 442 419
3 420 440 441
3 421 420 441
3 443 421 441
3 442 421 443
3 422 446 451
3 426 422 451
3 423 447 422
3 422 447 446
3 424 448 423
3 423 448 447
3 425 449 424
3 424 449 448
3 427 429 450
3 427 450 425
3 425 450 449
3 450 429 452
3 426 451 430
3 451 454 430
3 427 428 429
3 432 433 453
3 428 432 453
3 428 453 452
3 428 452 429
3 453 433 456
3 430 454 455
3 431 430 455
3 455 434 431
3 459 434 455
3 433 461 457
3 433 432 461
3 432 436 461
3 456 433 457
3 434 459 460
3 435 434 460
3 460 437 435
3 463 437 460
3 436 439 461
3 461 439 465
3 437 463 464
3 438 437 464
3 464 440 438
3 467 440 464
3 439 442 465
3 465 442 469
3 440 467 468
3 441 440 468
3 444 468 471
3 444 443 468
3 443 441 468
3 443 444 472
3 443 472 442
3 442 472 469
3 444 471 473
3 474 476 445
3 472 444 473
3 474 445 477
3 445 476 478
3 477 445 478
3 446 480 485
3 451 446 485
3 447 481 446
3 446 481 480
3 448 482 447
3 447 482 481
3 449 483 448
3 448 483 482
3 450 484 449
3 449 484 483
3 484 450 452
3 486 484 452
3 451 485 454
3 485 490 454
3 452 488 486
3 453 488 452
3 456 458 489
3 456 489 453
3 453 489 488
3 489 458 492
3 454 490 491
3 455 454 491
3 491 459 455
3 494 459 491
3 457 461 462
3 457 462 496
3 456 457 496
3 456 496 493
3 456 493 458
3 492 458 493
3 459 494 495
3 460 459 495
3 495 463 460
3 498 463 495
3 462 465 466
3 461 465 462
3 500 496 462
3 466 500 462
3 463 498 499
3 464 463 499
3 499 467 464
3 502 467 499
3 466 469 470
3 465 469 466
3 505 500 466
3 470 505 466
3 467 502 503
3 468 467 503
3 503 471 468
3 507 471 503
3 470 472 475
3 469 472 470
3 510 505 470
3 475 510 470
3 471 507 508
3 473 471 508
3 479 476 474
3 475 472 511
3 511 472 473
3 511 473 508
3 475 511 510
3 474 477 479
3 476 479 478
3 477 478 479
3 480 513 517
3 485 480 517
3 481 514 480
3 480 514 513
3 482 515 481
3 481 515 514
3 483 516 482
3 482 516 515
3 487 519 516
3 487 516 484
3 484 516 483
3 484 486 487
3 485 517 490
3 517 523 490
3 487 520 519
3 486 520 487
3 486 488 520
3 488 521 520
3 489 522 488
3 488 522 521
3 522 489 492
3 525 522 492
3 490 523 524
3 491 490 524
3 524 494 491
3 527 494 524
3 493 496 497
3 493 497 529
3 493 529 492
3 492 529 525
3 494 527 528
3 495 494 528
3 528 498 495
3 530 498 528
3 497 500 501
3 496 500 497
3 534 529 497
3 501 534 497
3 498 530 531
3 499 498 531
3 502 533 504
3 502 499 533
3 499 531 533
3 533 536 504
3 501 505 506
3 500 505 501
3 538 534 501
3 506 538 501
3 502 504 503
3 507 537 509
3 503 537 507
3 503 536 537
3 503 504 536
3 537 540 509
3 506 510 512
3 505 510 506
3 543 538 506
3 512 543 506
3 507 509 508
3 509 540 541
3 509 541 508
3 508 541 511
3 512 510 511
3 512 511 544
3 544 511 541
3 543 512 544
3 513 518 517
3 549 518 513
3 549 513 546
3 546 513 514
3 515 547 514
3 514 547 546
3 516 548 515
3 515 548 547
3 548 516 519
3 551 548 519
3 518 550 555
3 518 555 517
3 517 555 523
3 549 550 518
3 519 553 551
3 520 553 519
3 521 554 520
3 520 554 553
3 526 557 554
3 526 554 522
3 522 554 521
3 522 525 526
3 523 555 556
3 524 523 556
3 556 527 524
3 560 527 556
3 526 559 557
3 559 526 525
3 559 525 563
3 563 525 529
3 527 560 561
3 528 527 561
3 530 562 532
3 530 528 562
3 528 561 562
3 562 565 532
3 564 534 535
3 564 563 534
3 563 529 534
3 564 535 568
3 530 532 531
3 532 565 566
3 532 566 531
3 531 566 533
3 566 536 533
3 570 536 566
3 535 538 539
3 534 538 535
3 573 568 535
3 539 573 535
3 536 570 571
3 537 536 571
3 540 572 542
3 540 537 572
3 537 571 572
3 572 575 542
3 539 543 545
3 538 543 539
3 577 573 539
3 545 577 539
3 540 542 541
3 542 575 576
3 542 576 541
3 541 576 544
3 545 543 544
3 545 544 578
3 578 544 576
3 577 545 578
3 546 580 582
3 549 546 582
3 547 581 546
3 546 581 580
3 552 585 581
3 552 581 548
3 548 581 547
3 548 551 552
3 550 583 589
3 555 550 589
3 582 550 549
3 583 550 582
3 552 587 585
3 551 587 552
3 551 553 587
3 553 588 587
3 558 592 588
3 558 588 554
3 554 588 553
3 554 557 558
3 555 589 590
3 556 555 590
3 590 560 556
3 595 560 590
3 558 593 592
3 557 593 558
3 557 559 593
3 559 594 593
3 594 559 563
3 602 594 563
3 560 595 596
3 561 560 596
3 562 561 598
3 561 596 598
3 565 600 567
3 565 562 600
3 562 598 600
3 600 604 567
3 569 563 564
3 569 606 563
3 606 602 563
3 564 568 569
3 565 567 566
3 567 570 566
3 567 604 570
3 604 608 570
3 574 606 569
3 611 606 574
3 568 573 574
3 569 568 574
3 570 608 609
3 571 570 609
3 572 571 610
3 571 609 610
3 610 575 572
3 613 575 610
3 579 611 574
3 614 611 579
3 573 577 579
3 574 573 579
3 575 613 615
3 576 575 615
3 614 579 578
3 614 578 615
3 615 578 576
3 577 578 579
3 580 584 582
3 580 581 586
3 584 580 586
3 581 585 586
3 583 591 589
3 583 621 591
3 582 621 583
3 582 617 621
3 582 584 617
3 586 617 584
3 618 617 586
3 585 618 586
3 585 587 618
3 587 619 618
3 588 620 587
3 587 620 619
3 620 588 592
3 628 620 592
3 589 591 590
3 595 622 597
3 590 622 595
3 590 621 622
3 590 591 621
3 597 624 599
3 622 624 597
3 599 626 601
3 624 626 599
3 626 631 601
3 592 630 628
3 593 630 592
3 603 634 630
3 603 630 594
3 594 630 593
3 594 602 603
3 595 597 596
3 598 596 597
3 599 598 597
3 600 598 599
3 601 600 599
3 604 632 605
3 600 632 604
3 600 631 632
3 600 601 631
3 632 636 605
3 607 634 603
3 638 634 607
3 602 606 607
3 603 602 607
3 605 637 640
3 605 640 604
3 604 640 608
3 636 637 605
3 612 638 607
3 643 638 612
3 606 611 612
3 607 606 612
3 608 640 641
3 609 608 641
3 610 609 644
3 609 641 644
3 613 612 616
3 613 644 612
3 613 610 644
3 644 643 612
3 611 614 616
3 612 611 616
3 613 616 615
3 614 615 616
3 617 623 621
3 617 618 625
3 623 617 625
3 618 619 627
3 625 618 627
3 619 620 629
3 627 619 629
3 620 628 629
3 621 623 622
3 624 622 623
3 625 624 623
3 626 624 625
3 627 626 625
3 631 626 627
3 631 627 633
3 633 627 629
3 628 630 635
3 628 635 629
3 629 635 633
3 630 634 635
3 631 633 632
3 636 632 633
3 636 633 639
3 639 633 635
3 634 638 639
3 635 634 639
3 637 642 640
3 637 636 639
3 637 639 642
3 642 639 645
3 638 643 645
3 639 638 645
3 640 642 641
3 644 641 642
3 645 644 642
3 643 644 645
3 646 659 663
3 646 647 661
3 659 646 661
3 661 647 666
3 648 662 668
3 648 649 664
3 662 648 664
3 663 664 649
3 663 649 646
3 646 649 650
3 647 646 651
3 651 646 650
3 667 666 647
3 667 647 652
3 652 647 651
3 667 652 669
3 653 648 668
3 671 653 668
3 649 648 654
3 654 648 653
3 650 649 655
3 655 649 654
3 651 650 656
3 656 650 655
3 673 670 652
3 673 652 656
3 656 652 651
3 669 652 670
3 653 671 672
3 672 676 657
3 672 657 653
3 653 657 654
3 655 654 658
3 658 654 657
3 678 674 656
3 678 656 658
3 658 656 655
3 673 656 674
3 657 676 677
3 658 657 677
3 679 658 677
3 678 658 679
3 660 681 682
3 681 660 684
3 665 683 686
3 682 683 665
3 660 682 665
3 660 665 663
3 660 663 659
3 660 685 684
3 660 659 685
3 659 661 685
3 685 661 666
3 688 685 666
3 662 687 690
3 668 662 690
3 686 664 665
3 686 687 664
3 687 662 664
3 663 665 664
3 666 689 688
3 667 689 666
3 689 667 669
3 692 689 669
3 668 690 671
3 690 693 671
3 670 673 675
3 670 675 698
3 670 698 669
3 669 698 692
3 671 693 694
3 672 671 694
3 694 676 672
3 700 676 694
3 674 678 680
3 674 680 705
3 673 674 705
3 673 705 699
3 673 699 675
3 698 675 699
3 676 700 701
3 677 676 701
3 679 677 703
3 677 701 703
3 680 678 679
3 680 679 706
3 706 679 703
3 705 680 706
3 681 708 709
3 682 681 709
3 708 681 684
3 711 708 684
3 683 710 714
3 686 683 714
3 709 683 682
3 710 683 709
3 684 713 711
3 685 713 684
3 713 685 688
3 717 713 688
3 687 691 690
3 687 720 691
3 687 686 720
3 686 714 720
3 688 719 717
3 689 719 688
3 719 689 692
3 726 719 692
3 691 695 693
3 690 691 693
3 721 691 720
3 721 696 691
3 696 695 691
3 696 723 697
3 721 723 696
3 723 728 697
3 692 698 726
3 726 698 731
3 693 695 694
3 700 694 695
3 700 695 702
3 702 695 696
3 697 704 696
3 704 702 696
3 729 697 728
3 729 707 697
3 707 704 697
3 707 699 705
3 707 729 699
3 729 732 699
3 731 698 699
3 732 731 699
3 700 702 701
3 703 701 702
3 704 703 702
3 706 703 704
3 707 706 704
3 705 706 707
3 708 712 709
3 708 711 712
3 710 715 714
3 710 709 712
3 710 712 715
3 715 712 716
3 711 713 718
3 711 718 712
3 712 718 716
3 713 717 718
3 715 722 720
3 714 715 720
3 716 724 715
3 724 722 715
3 718 725 716
3 725 724 716
3 717 719 727
3 717 727 718
3 718 727 725
3 719 726 727
3 720 722 721
3 723 721 722
3 724 723 722
3 728 723 724
3 728 724 730
3 730 724 725
3 727 733 725
3 733 730 725
3 726 731 733
3 727 726 733
3 728 730 729
3 732 729 730
3 733 732 730
3 731 732 733
3 734 738 740
3 738 734 743
3 735 741 744
3 740 741 735
3 740 735 734
3 734 735 736
3 747 743 734
3 736 747 734
3 735 744 746
3 736 735 746
3 748 736 746
3 747 736 748
3 737 750 751
3 750 737 754
3 739 752 756
3 751 752 739
3 751 739 737
3 737 739 742
3 740 738 755
3 740 755 737
3 740 737 742
3 754 737 755
3 755 738 743
3 758 755 743
3 745 739 756
3 759 745 756
3 741 745 744
3 741 742 745
3 742 739 745
3 740 742 741
3 743 747 758
3 758 747 762
3 745 759 761
3 749 761 764
3 746 761 749
3 746 745 761
3 746 744 745
3 765 746 749
3 765 763 746
3 763 748 746
3 762 747 748
3 763 762 748
3 749 764 766
3 765 749 766
3 753 768 770
3 753 751 750
3 753 750 768
3 768 750 769
3 769 750 754
3 773 769 754
3 757 771 775
3 770 771 757
3 753 770 757
3 753 757 756
3 753 756 752
3 751 753 752
3 754 774 773
3 755 774 754
3 774 755 758
3 776 774 758
3 760 757 775
3 777 760 775
3 756 760 759
3 757 760 756
3 758 762 776
3 776 762 780
3 760 777 778
3 759 760 778
3 759 778 761
3 761 778 779
3 779 764 761
3 782 764 779
3 763 765 767
3 763 767 785
3 763 785 762
3 762 785 780
3 764 782 784
3 766 764 784
3 767 765 766
3 767 766 786
3 786 766 784
3 785 767 786
3 772 788 791
3 772 770 768
3 772 768 788
3 788 768 789
3 769 790 768
3 768 790 789
3 790 769 773
3 793 790 773
3 771 772 791
3 771 791 775
3 775 791 795
3 770 772 771
3 773 794 793
3 774 794 773
3 794 774 776
3 796 794 776
3 775 795 777
3 795 798 777
3 797 780 781
3 797 796 780
3 796 776 780
3 797 781 800
3 777 798 799
3 778 777 799
3 783 799 802
3 783 779 799
3 779 778 799
3 779 783 782
3 781 804 801
3 781 780 804
3 780 785 804
3 800 781 801
3 783 802 803
3 787 803 807
3 784 803 787
3 784 783 803
3 784 782 783
3 808 784 787
3 808 805 784
3 805 786 784
3 804 785 786
3 805 804 786
3 787 807 809
3 808 787 809
3 788 792 791
3 813 792 788
3 813 788 811
3 811 788 789
3 790 812 789
3 789 812 811
3 812 790 793
3 815 812 793
3 792 814 817
3 792 817 791
3 791 817 795
3 813 814 792
3 793 816 815
3 794 816 793
3 816 794 796
3 819 816 796
3 795 817 798
3 817 821 798
3 796 820 819
3 797 820 796
3 820 797 800
3 823 820 800
3 798 821 822
3 799 798 822
3 822 802 799
3 824 802 822
3 801 804 806
3 801 806 827
3 801 827 800
3 800 827 823
3 802 824 826
3 803 802 826
3 826 807 803
3 830 807 826
3 805 808 810
3 805 810 832
3 804 805 832
3 804 832 828
3 804 828 806
3 827 806 828
3 807 830 831
3 809 807 831
3 810 808 809
3 810 809 833
3 833 809 831
3 832 810 833
3 811 834 836
3 813 811 836
3 812 835 811
3 811 835 834
3 835 812 815
3 838 835 815
3 814 818 817
3 814 840 818
3 814 813 840
3 813 836 840
3 815 839 838
3 816 839 815
3 839 816 819
3 842 839 819
3 818 841 844
3 818 844 817
3 817 844 821
3 840 841 818
3 819 843 842
3 820 843 819
3 843 820 823
3 847 843 823
3 825 822 821
3 825 821 850
3 850 821 844
3 822 825 824
3 849 827 829
3 849 847 827
3 847 823 827
3 849 829 859
3 825 850 851
3 824 825 851
3 824 851 826
3 826 851 853
3 853 830 826
3 862 830 853
3 828 865 857
3 832 865 828
3 829 827 828
3 829 828 860
3 860 828 857
3 859 829 860
3 830 862 863
3 831 830 863
3 833 831 866
3 831 863 866
3 865 832 833
3 866 865 833
3 834 837 836
3 869 837 834
3 869 834 868
3 868 834 835
3 868 835 838
3 871 868 838
3 837 870 874
3 837 874 836
3 836 874 840
3 869 870 837
3 838 873 871
3 839 873 838
3 873 839 842
3 877 873 842
3 841 845 844
3 841 880 845
3 841 840 880
3 840 874 880
3 846 883 878
3 843 848 846
3 843 846 877
3 843 877 842
3 878 877 846
3 843 847 848
3 845 852 850
3 844 845 850
3 881 845 880
3 881 854 845
3 854 852 845
3 854 884 855
3 881 884 854
3 883 855 884
3 883 846 855
3 846 856 855
3 848 858 846
3 858 856 846
3 847 849 861
3 847 861 848
3 848 861 858
3 849 859 861
3 850 852 851
3 853 851 852
3 854 853 852
3 862 853 854
3 862 854 864
3 864 854 855
3 856 867 855
3 867 864 855
3 857 865 867
3 857 867 858
3 858 867 856
3 860 857 858
3 861 860 858
3 859 860 861
3 862 864 863
3 866 863 864
3 867 866 864
3 865 866 867
3 868 872 869
3 868 871 872
3 870 875 874
3 870 869 872
3 870 872 875
3 875 872 876
3 871 873 879
3 871 879 872
3 872 879 876
3 873 877 879
3 875 882 880
3 874 875 880
3 876 885 875
3 885 882 875
3 878 883 885
3 878 885 879
3 879 885 876
3 877 878 879
3 880 882 881
3 884 881 882
3 885 884 882
3 883 884 885
3 886 892 898
3 886 887 894
3 892 886 894
3 887 888 896
3 894 887 896
3 896 888 901
3 886 898 899
3 887 886 899
3 900 887 899
3 888 887 900
3 902 888 900
3 901 888 902
3 889 905 908
3 889 890 906
3 905 889 906
3 890 891 907
3 906 890 907
3 907 891 911
3 893 909 913
3 908 909 893
3 908 893 889
3 889 893 895
3 890 889 897
3 897 889 895
3 915 912 891
3 915 891 897
3 897 891 890
3 911 891 912
3 892 893 913
3 892 913 898
3 898 913 917
3 894 893 892
3 895 893 894
3 896 895 894
3 897 895 896
3 897 896 901
3 897 901 915
3 915 901 920
3 898 917 918
3 899 898 918
3 903 918 921
3 903 900 918
3 900 899 918
3 900 904 902
3 903 904 900
3 902 904 923
3 902 923 901
3 901 923 920
3 903 921 922
3 904 903 922
3 924 904 922
3 923 904 924
3 910 926 930
3 910 908 905
3 910 905 926
3 926 905 927
3 906 928 905
3 905 928 927
3 907 929 906
3 906 929 928
3 929 907 911
3 933 929 911
3 909 914 913
3 910 930 931
3 931 908 910
3 931 934 908
3 909 908 914
3 914 908 934
3 912 915 916
3 912 916 935
3 912 935 911
3 911 935 933
3 914 919 917
3 913 914 917
3 938 914 934
3 919 914 938
3 916 940 936
3 916 915 940
3 915 920 940
3 935 916 936
3 917 919 918
3 919 921 918
3 919 938 921
3 938 942 921
3 925 943 941
3 925 941 940
3 925 940 923
3 923 940 920
3 921 942 944
3 922 921 944
3 943 925 924
3 943 924 944
3 944 924 922
3 923 924 925
3 926 932 930
3 949 932 926
3 949 926 946
3 946 926 927
3 928 947 927
3 927 947 946
3 929 948 928
3 928 948 947
3 948 929 933
3 951 948 933
3 930 932 931
3 932 934 931
3 932 949 934
3 949 954 934
3 937 957 952
3 937 952 951
3 937 951 935
3 935 951 933
3 955 939 938
3 955 938 954
3 954 938 934
3 955 959 939
3 936 957 937
3 936 940 957
3 940 960 957
3 935 936 937
3 939 945 942
3 938 939 942
3 943 961 941
3 943 939 961
3 943 945 939
3 959 961 939
3 960 940 941
3 961 960 941
3 942 945 944
3 943 944 945
3 946 950 949
3 964 950 946
3 964 946 963
3 963 946 947
3 953 965 963
3 953 963 948
3 948 963 947
3 948 951 953
3 950 956 954
3 949 950 954
3 966 950 964
3 966 958 950
3 958 956 950
3 965 958 966
3 953 958 965
3 953 957 958
3 953 952 957
3 951 952 953
3 954 956 955
3 959 955 956
3 959 956 962
3 962 956 958
3 957 960 962
3 958 957 962
3 959 962 961
3 960 961 962
3 963 967 964
3 963 965 967
3 964 967 966
3 965 966 967
3 968 977 981
3 977 968 982
3 969 968 981
3 988 969 981
3 983 982 968
3 983 968 970
3 970 968 969
3 970 971 985
3 983 970 985
3 985 971 991
3 969 988 990
3 990 995 972
3 990 972 969
3 969 972 970
3 971 970 973
3 973 970 972
3 992 991 971
3 992 971 974
3 974 971 973
3 992 974 998
3 972 995 997
3 997 1001 975
3 997 975 972
3 972 975 973
3 1003 999 974
3 1003 974 975
3 975 974 973
3 998 974 999
3 975 1001 1004
3 1003 975 1004
3 976 1005 1006
3 1005 976 1008
3 978 1007 1010
3 1006 1007 978
3 1006 978 976
3 976 978 979
3 1009 1008 976
3 1009 976 980
3 980 976 979
3 1009 980 1011
3 977 978 1010
3 977 1010 981
3 981 1010 1013
3 982 978 977
3 982 984 978
3 984 979 978
3 980 979 986
3 986 979 984
3 1012 1011 980
3 1012 980 987
3 987 980 986
3 1012 987 1016
3 989 1014 1018
3 989 1013 1014
3 989 988 1013
3 988 981 1013
3 982 983 984
3 985 984 983
3 986 984 985
3 991 986 985
3 991 993 986
3 993 987 986
3 1017 1016 987
3 1017 987 994
3 994 987 993
3 1017 994 1020
3 989 1018 1019
3 996 1019 1022
3 990 1019 996
3 990 989 1019
3 990 988 989
3 990 996 995
3 991 992 993
3 998 993 992
3 998 1000 993
3 1000 994 993
3 1025 1020 994
3 1000 1025 994
3 996 1022 1023
3 1002 1023 1027
3 997 1023 1002
3 997 996 1023
3 997 995 996
3 997 1002 1001
3 999 1030 1024
3 1003 1030 999
3 1000 998 999
3 1000 999 1026
3 1026 999 1024
3 1025 1000 1026
3 1002 1027 1029
3 1001 1002 1029
3 1001 1029 1004
3 1004 1029 1031
3 1030 1003 1004
3 1031 1030 1004
3 1005 1034 1035
3 1006 1005 1035
3 1034 1005 1008
3 1037 1034 1008
3 1007 1036 1039
3 1010 1007 1039
3 1035 1007 1006
3 1036 1007 1035
3 1008 1038 1037
3 1009 1038 1008
3 1038 1009 1011
3 1041 1038 1011
3 1015 1040 1043
3 1015 1039 1040
3 1015 1013 1039
3 1013 1010 1039
3 1011 1042 1041
3 1012 1042 1011
3 1042 1012 1016
3 1045 1042 1016
3 1014 1015 1043
3 1014 1043 1018
3 1018 1043 1046
3 1013 1015 1014
3 1021 1016 1017
3 1021 1049 1016
3 1049 1045 1016
3 1017 1020 1021
3 1018 1046 1047
3 1019 1018 1047
3 1047 1022 1019
3 1051 1022 1047
3 1021 1050 1049
3 1050 1021 1020
3 1050 1020 1052
3 1052 1020 1025
3 1028 1023 1022
3 1028 1022 1055
3 1055 1022 1051
3 1023 1028 1027
3 1024 1030 1032
3 1058 1024 1032
3 1058 1053 1024
3 1053 1026 1024
3 1052 1025 1026
3 1053 1052 1026
3 1028 1055 1056
3 1033 1056 1060
3 1029 1056 1033
3 1029 1028 1056
3 1029 1027 1028
3 1061 1029 1033
3 1061 1057 1029
3 1057 1031 1029
3 1032 1030 1031
3 1032 1031 1059
3 1059 1031 1057
3 1058 1032 1059
3 1033 1060 1062
3 1061 1033 1062
3 1034 1064 1065
3 1035 1034 1065
3 1064 1034 1037
3 1067 1064 1037
3 1036 1066 1070
3 1039 1036 1070
3 1065 1036 1035
3 1066 1036 1065
3 1037 1069 1067
3 1038 1069 1037
3 1069 1038 1041
3 1072 1069 1041
3 1040 1044 1043
3 1040 1075 1044
3 1040 1039 1075
3 1039 1070 1075
3 1041 1074 1072
3 1042 1074 1041
3 1074 1042 1045
3 1077 1074 1045
3 1044 1048 1046
3 1043 1044 1046
3 1079 1044 1075
3 1048 1044 1079
3 1045 1049 1077
3 1077 1049 1081
3 1046 1048 1047
3 1048 1051 1047
3 1048 1079 1051
3 1079 1083 1051
3 1054 1049 1050
3 1054 1085 1049
3 1085 1081 1049
3 1050 1052 1054
3 1051 1083 1055
3 1083 1086 1055
3 1053 1085 1054
3 1053 1058 1085
3 1058 1089 1085
3 1052 1053 1054
3 1055 1086 1087
3 1056 1055 1087
3 1087 1060 1056
3 1091 1060 1087
3 1057 1061 1063
3 1094 1057 1063
3 1094 1090 1057
3 1090 1059 1057
3 1089 1058 1059
3 1090 1089 1059
3 1060 1091 1092
3 1062 1060 1092
3 1063 1061 1062
3 1063 1062 1095
3 1095 1062 1092
3 1094 1063 1095
3 1064 1068 1065
3 1064 1067 1068
3 1066 1071 1070
3 1066 1098 1071
3 1065 1098 1066
3 1065 1097 1098
3 1065 1068 1097
3 1073 1099 1097
3 1069 1073 1097
3 1069 1097 1068
3 1069 1068 1067
3 1069 1072 1073
3 1071 1076 1075
3 1070 1071 1075
3 1102 1071 1098
3 1076 1071 1102
3 1073 1101 1099
3 1078 1104 1101
3 1074 1078 1101
3 1074 1101 1073
3 1074 1073 1072
3 1074 1077 1078
3 1076 1080 1079
3 1075 1076 1079
3 1106 1076 1102
3 1080 1076 1106
3 1082 1104 1078
3 1108 1104 1082
3 1077 1081 1082
3 1078 1077 1082
3 1080 1084 1083
3 1079 1080 1083
3 1110 1080 1106
3 1084 1080 1110
3 1082 1109 1108
3 1109 1082 1081
3 1109 1081 1112
3 1112 1081 1085
3 1084 1088 1086
3 1083 1084 1086
3 1114 1084 1110
3 1088 1084 1114
3 1085 1089 1112
3 1112 1089 1117
3 1086 1088 1087
3 1091 1115 1093
3 1087 1115 1091
3 1087 1114 1115
3 1087 1088 1114
3 1115 1119 1093
3 1090 1094 1096
3 1090 1096 1122
3 1090 1122 1089
3 1089 1122 1117
3 1091 1093 1092
3 1093 1119 1120
3 1093 1120 1092
3 1092 1120 1095
3 1096 1094 1095
3 1096 1095 1123
3 1123 1095 1120
3 1122 1096 1123
3 1097 1100 1098
3 1097 1099 1100
3 1100 1103 1102
3 1098 1100 1102
3 1099 1101 1105
3 1099 1105 1100
3 1100 1105 1103
3 1101 1104 1105
3 1103 1107 1106
3 1102 1103 1106
3 1126 1105 1125
3 1126 1107 1105
3 1107 1103 1105
3 1125 1105 1104
3 1125 1104 1127
3 1127 1104 1108
3 1107 1111 1110
3 1106 1107 1110
3 1129 1107 1126
3 1111 1107 1129
3 1113 1108 1109
3 1113 1130 1108
3 1130 1127 1108
3 1109 1112 1113
3 1111 1116 1114
3 1110 1111 1114
3 1132 1111 1129
3 1116 1111 1132
3 1118 1130 1113
3 1133 1130 1118
3 1112 1117 1118
3 1113 1112 1118
3 1114 1116 1115
3 1119 1134 1121
3 1115 1134 1119
3 1115 1132 1134
3 1115 1116 1132
3 1133 1121 1134
3 1133 1118 1121
3 1118 1124 1121
3 1117 1122 1124
3 1118 1117 1124
3 1119 1121 1120
3 1123 1120 1121
3 1124 1123 1121
3 1122 1123 1124
3 1125 1128 1126
3 1125 1127 1128
3 1128 1131 1129
3 1126 1128 1129
3 1127 1130 1131
3 1128 1127 1131
3 1131 1135 1132
3 1129 1131 1132
3 1130 1133 1135
3 1131 1130 1135
3 1132 1135 1134
3 1133 1134 1135
3 1136 1138 1139
3 1138 1136 1140
3 1137 1136 1139
3 1141 1137 1139
3 1142 1140 1136
3 1137 1142 1136
3 1137 1141 1143
3 1142 1137 1143
3 1138 1145 1147
3 1139 1138 1147
3 1145 1138 1140
3 1148 1145 1140
3 1139 1147 1141
3 1147 1151 1141
3 1140 1142 1148
3 1148 1142 1152
3 1144 1143 1141
3 1144 1141 1154
3 1154 1141 1151
3 1143 1144 1156
3 1143 1156 1142
3 1142 1156 1152
3 1144 1154 1157
3 1156 1144 1157
3 1146 1158 1159
3 1158 1146 1160
3 1145 1149 1147
3 1150 1146 1159
3 1150 1159 1161
3 1149 1145 1148
3 1164 1160 1146
3 1150 1164 1146
3 1149 1162 1165
3 1149 1165 1147
3 1147 1165 1151
3 1150 1162 1153
3 1150 1161 1162
3 1153 1162 1152
3 1149 1148 1162
3 1152 1162 1148
3 1167 1164 1150
3 1153 1167 1150
3 1155 1166 1169
3 1155 1165 1166
3 1155 1154 1165
3 1154 1151 1165
3 1153 1171 1168
3 1153 1152 1171
3 1152 1156 1171
3 1167 1153 1168
3 1155 1169 1170
3 1154 1155 1170
3 1154 1170 1157
3 1157 1170 1172
3 1171 1156 1157
3 1172 1171 1157
3 1158 1175 1176
3 1159 1158 1176
3 1175 1158 1160
3 1179 1175 1160
3 1163 1177 1181
3 1163 1176 1177
3 1163 1161 1176
3 1161 1159 1176
3 1160 1164 1179
3 1179 1164 1182
3 1162 1163 1181
3 1162 1181 1165
3 1165 1181 1184
3 1161 1163 1162
3 1164 1167 1182
3 1182 1167 1186
3 1166 1185 1187
3 1169 1166 1187
3 1184 1166 1165
3 1185 1166 1184
3 1168 1171 1173
3 1168 1173 1189
3 1168 1189 1167
3 1167 1189 1186
3 1169 1187 1188
3 1170 1169 1188
3 1174 1188 1191
3 1174 1172 1188
3 1172 1170 1188
3 1172 1174 1192
3 1171 1172 1192
3 1171 1192 1190
3 1171 1190 1173
3 1189 1173 1190
3 1174 1191 1193
3 1192 1174 1193
3 1178 1195 1196
3 1180 1176 1175
3 1197 1195 1178
3 1175 1179 1180
3 1177 1178 1196
3 1177 1196 1181
3 1181 1196 1201
3 1178 1199 1197
3 1178 1177 1199
3 1180 1199 1176
3 1176 1199 1177
3 1180 1179 1182
3 1180 1182 1200
3 1180 1200 1199
3 1183 1200 1182
3 1200 1183 1202
3 1181 1201 1184
3 1201 1204 1184
3 1183 1206 1203
3 1183 1182 1206
3 1182 1186 1206
3 1202 1183 1203
3 1185 1205 1208
3 1187 1185 1208
3 1204 1185 1184
3 1205 1185 1204
3 1186 1189 1206
3 1206 1189 1211
3 1187 1208 1209
3 1188 1187 1209
3 1209 1191 1188
3 1212 1191 1209
3 1190 1192 1194
3 1190 1194 1214
3 1190 1214 1189
3 1189 1214 1211
3 1191 1212 1213
3 1193 1191 1213
3 1194 1192 1193
3 1194 1193 1215
3 1215 1193 1213
3 1214 1194 1215
3 1195 1198 1196
3 1195 1197 1198
3 1198 1216 1219
3 1198 1219 1196
3 1196 1219 1201
3 1197 1216 1198
3 1197 1199 1216
3 1199 1217 1216
3 1200 1218 1199
3 1199 1218 1217
3 1218 1200 1202
3 1221 1218 1202
3 1201 1219 1204
3 1219 1222 1204
3 1203 1206 1207
3 1203 1207 1224
3 1203 1224 1202
3 1202 1224 1221
3 1205 1210 1208
3 1205 1226 1210
3 1205 1204 1226
3 1204 1222 1226
3 1207 1228 1225
3 1207 1206 1228
3 1206 1211 1228
3 1224 1207 1225
3 1208 1210 1209
3 1210 1212 1209
3 1210 1226 1212
3 1226 1229 1212
3 1211 1214 1228
3 1228 1214 1232
3 1212 1229 1230
3 1213 1212 1230
3 1215 1213 1233
3 1213 1230 1233
3 1232 1214 1215
3 1233 1232 1215
3 1216 1220 1219
3 1237 1220 1216
3 1237 1216 1235
3 1235 1216 1217
3 1218 1236 1217
3 1217 1236 1235
3 1236 1218 1221
3 1239 1236 1221
3 1220 1223 1222
3 1219 1220 1222
3 1241 1220 1237
3 1223 1220 1241
3 1221 1224 1239
3 1239 1224 1243
3 1223 1227 1226
3 1222 1223 1226
3 1245 1223 1241
3 1227 1223 1245
3 1225 1246 1244
3 1228 1246 1225
3 1243 1224 1225
3 1244 1243 1225
3 1227 1231 1229
3 1226 1227 1229
3 1247 1227 1245
3 1247 1234 1227
3 1234 1231 1227
3 1234 1247 1246
3 1234 1246 1232
3 1232 1246 1228
3 1229 1231 1230
3 1233 1230 1231
3 1234 1233 1231
3 1232 1233 1234
3 1235 1238 1237
3 1235 1236 1240
3 1238 1235 1240
3 1236 1239 1240
3 1238 1242 1241
3 1237 1238 1241
3 1250 1240 1249
3 1250 1242 1240
3 1242 1238 1240
3 1249 1240 1239
3 1249 1239 1251
3 1251 1239 1243
3 1242 1248 1245
3 1241 1242 1245
3 1246 1252 1244
3 1246 1242 1252
3 1246 1248 1242
3 1250 1252 1242
3 1251 1243 1244
3 1252 1251 1244
3 1245 1248 1247
3 1246 1247 1248
3 1249 1253 1250
3 1249 1251 1253
3 1250 1253 1252
3 1251 1252 1253
3 1254 1262 1266
3 1262 1254 1268
3 1254 1266 1269
3 1268 1254 1269
3 1255 1270 1274
3 1255 1256 1271
3 1270 1255 1271
3 1256 1257 1272
3 1271 1256 1272
3 1257 1258 1273
3 1272 1257 1273
3 1273 1258 1277
3 1259 1275 1280
3 1274 1275 1259
3 1274 1259 1255
3 1255 1259 1260
3 1256 1255 1261
3 1261 1255 1260
3 1257 1256 1263
3 1263 1256 1261
3 1282 1278 1258
3 1282 1258 1263
3 1263 1258 1257
3 1277 1258 1278
3 1264 1259 1280
3 1284 1264 1280
3 1260 1259 1265
3 1265 1259 1264
3 1261 1260 1267
3 1267 1260 1265
3 1262 1267 1266
3 1262 1263 1267
3 1263 1261 1267
3 1263 1262 1268
3 1263 1268 1282
3 1282 1268 1291
3 1264 1284 1285
3 1265 1264 1285
3 1287 1265 1285
3 1267 1265 1287
3 1289 1267 1287
3 1266 1267 1289
3 1266 1289 1269
3 1269 1289 1292
3 1291 1268 1269
3 1292 1291 1269
3 1276 1294 1298
3 1276 1274 1270
3 1276 1270 1294
3 1294 1270 1295
3 1271 1296 1270
3 1270 1296 1295
3 1272 1297 1271
3 1271 1297 1296
3 1279 1302 1297
3 1279 1297 1273
3 1273 1297 1272
3 1273 1277 1279
3 1275 1276 1298
3 1275 1298 1280
3 1280 1298 1305
3 1274 1276 1275
3 1281 1308 1300
3 1281 1303 1283
3 1300 1303 1281
3 1302 1283 1303
3 1279 1283 1302
3 1279 1282 1283
3 1279 1278 1282
3 1277 1278 1279
3 1306 1286 1284
3 1306 1284 1305
3 1305 1284 1280
3 1286 1309 1288
3 1306 1309 1286
3 1308 1288 1309
3 1308 1281 1288
3 1281 1290 1288
3 1283 1293 1281
3 1293 1290 1281
3 1282 1291 1293
3 1283 1282 1293
3 1284 1286 1285
3 1287 1285 1286
3 1288 1287 1286
3 1289 1287 1288
3 1290 1289 1288
3 1292 1289 1290
3 1293 1292 1290
3 1291 1292 1293
3 1294 1311 1312
3 1298 1294 1312
3 1299 1313 1311
3 1299 1311 1295
3 1295 1311 1294
3 1295 1296 1301
3 1299 1295 1301
3 1296 1297 1304
3 1301 1296 1304
3 1297 1302 1304
3 1314 1307 1305
3 1314 1305 1312
3 1312 1305 1298
3 1313 1307 1314
3 1313 1299 1307
3 1299 1310 1307
3 1300 1308 1310
3 1300 1310 1301
3 1301 1310 1299
3 1303 1300 1301
3 1304 1303 1301
3 1302 1303 1304
3 1305 1307 1306
3 1309 1306 1307
3 1310 1309 1307
3 1308 1309 1310
3 1311 1315 1312
3 1311 1313 1315
3 1312 1315 1314
3 1313 1314 1315
3 1316 1317 1318
3 1317 1316 1319
3 1316 1318 1320
3 1319 1316 1320
3 1317 1322 1323
3 1318 1317 1323
3 1322 1317 1319
3 1324 1322 1319
3 1321 1320 1318
3 1321 1318 1327
3 1327 1318 1323
3 1320 1321 1328
3 1320 1328 1319
3 1319 1328 1324
3 1321 1327 1329
3 1328 1321 1329
3 1322 1325 1323
3 1324 1325 1322
3 1326 1333 1334
3 1333 1326 1335
3 1325 1330 1327
3 1323 1325 1327
3 1324 1328 1330
3 1324 1330 1325
3 1334 1336 1326
3 1335 1326 1336
3 1330 1329 1327
3 1337 1340 1331
3 1329 1330 1328
3 1331 1341 1337
3 1332 1331 1340
3 1344 1332 1340
3 1345 1341 1331
3 1332 1345 1331
3 1332 1344 1346
3 1345 1332 1346
3 1333 1347 1348
3 1334 1333 1348
3 1347 1333 1335
3 1349 1347 1335
3 1338 1336 1334
3 1338 1334 1353
3 1353 1334 1348
3 1351 1349 1335
3 1351 1335 1338
3 1351 1338 1339
3 1338 1335 1336
3 1351 1339 1354
3 1337 1342 1340
3 1343 1338 1353
3 1343 1353 1356
3 1342 1337 1341
3 1358 1355 1339
3 1358 1339 1343
3 1343 1339 1338
3 1354 1339 1355
3 1342 1357 1360
3 1342 1360 1340
3 1340 1360 1344
3 1343 1356 1359
3 1341 1361 1342
3 1341 1345 1361
3 1361 1357 1342
3 1358 1343 1359
3 1344 1360 1362
3 1346 1344 1362
3 1361 1345 1346
3 1362 1361 1346
3 1347 1350 1348
3 1349 1350 1347
3 1352 1364 1365
3 1364 1352 1367
3 1350 1366 1369
3 1350 1369 1348
3 1348 1369 1353
3 1365 1351 1352
3 1365 1366 1351
3 1349 1351 1350
3 1350 1351 1366
3 1352 1351 1354
3 1352 1354 1367
3 1367 1354 1371
3 1353 1369 1356
3 1369 1374 1356
3 1355 1375 1372
3 1358 1375 1355
3 1371 1354 1355
3 1372 1371 1355
3 1357 1363 1360
3 1356 1374 1376
3 1356 1376 1359
3 1361 1363 1357
3 1375 1358 1359
3 1376 1375 1359
3 1360 1363 1362
3 1361 1362 1363
3 1364 1368 1365
3 1364 1367 1368
3 1366 1370 1369
3 1366 1365 1368
3 1366 1368 1370
3 1370 1368 1373
3 1367 1371 1373
3 1368 1367 1373
3 1370 1377 1374
3 1369 1370 1374
3 1372 1375 1377
3 1372 1377 1373
3 1373 1377 1370
3 1371 1372 1373
3 1374 1377 1376
3 1375 1376 1377
3 1378 1380 1381
3 1380 1378 1383
3 1379 1382 1385
3 1381 1384 1378
3 1382 1379 1386
3 1383 1378 1384
3 1379 1385 1387
3 1386 1379 1387
3 1380 1390 1391
3 1381 1380 1391
3 1390 1380 1383
3 1393 1390 1383
3 1382 1392 1394
3 1385 1382 1394
3 1382 1388 1392
3 1382 1386 1388
3 1392 1388 1391
3 1384 1381 1388
3 1391 1388 1381
3 1384 1388 1396
3 1384 1396 1383
3 1383 1396 1393
3 1389 1387 1385
3 1389 1385 1399
3 1399 1385 1394
3 1387 1389 1400
3 1386 1387 1400
3 1386 1400 1397
3 1386 1397 1388
3 1396 1388 1397
3 1389 1399 1401
3 1400 1389 1401
3 1390 1404 1405
3 1391 1390 1405
3 1404 1390 1393
3 1406 1404 1393
3 1392 1395 1394
3 1392 1409 1395
3 1392 1391 1409
3 1391 1405 1409
3 1408 1396 1398
3 1408 1406 1396
3 1406 1393 1396
3 1408 1398 1411
3 1395 1410 1413
3 1395 1413 1394
3 1394 1413 1399
3 1397 1400 1402
3 1395 1409 1410
3 1397 1402 1414
3 1396 1397 1414
3 1396 1414 1412
3 1396 1412 1398
3 1411 1398 1412
3 1403 1401 1399
3 1403 1399 1418
3 1418 1399 1413
3 1401 1403 1419
3 1400 1401 1419
3 1400 1419 1415
3 1400 1415 1402
3 1414 1402 1415
3 1403 1418 1420
3 1419 1403 1420
3 1404 1407 1405
3 1404 1406 1407
3 1407 1431 1433
3 1407 1433 1405
3 1405 1433 1409
3 1406 1431 1407
3 1406 1408 1431
3 1408 1432 1431
3 1432 1408 1411
3 1436 1432 1411
3 1410 1434 1438
3 1413 1410 1438
3 1433 1410 1409
3 1434 1410 1433
3 1412 1414 1416
3 1437 1436 1411
3 1437 1411 1416
3 1437 1416 1417
3 1416 1411 1412
3 1437 1417 1440
3 1413 1438 1418
3 1438 1441 1418
3 1415 1419 1421
3 1415 1416 1414
3 1415 1421 1416
3 1421 1422 1416
3 1417 1416 1423
3 1423 1416 1422
3 1443 1440 1417
3 1423 1443 1417
3 1418 1441 1442
3 1420 1418 1442
3 1419 1420 1442
3 1419 1442 1424
3 1419 1424 1421
3 1444 1424 1442
3 1422 1421 1425
3 1425 1421 1424
3 1423 1422 1426
3 1426 1422 1425
3 1445 1443 1423
3 1426 1445 1423
3 1427 1424 1444
3 1447 1427 1444
3 1425 1424 1428
3 1428 1424 1427
3 1426 1425 1429
3 1429 1425 1428
3 1446 1445 1426
3 1446 1426 1430
3 1430 1426 1429
3 1446 1430 1451
3 1427 1447 1448
3 1428 1427 1448
3 1449 1428 1448
3 1429 1428 1449
3 1450 1429 1449
3 1430 1429 1450
3 1452 1430 1450
3 1451 1430 1452
3 1431 1435 1433
3 1456 1435 1431
3 1456 1431 1455
3 1455 1431 1432
3 1455 1432 1436
3 1458 1455 1436
3 1434 1439 1438
3 1434 1461 1439
3 1433 1461 1434
3 1433 1457 1461
3 1433 1435 1457
3 1456 1457 1435
3 1436 1460 1458
3 1437 1460 1436
3 1460 1437 1440
3 1464 1460 1440
3 1439 1462 1465
3 1439 1465 1438
3 1438 1465 1441
3 1461 1462 1439
3 1440 1443 1464
3 1464 1443 1467
3 1441 1465 1466
3 1442 1441 1466
3 1466 1444 1442
3 1468 1444 1466
3 1443 1445 1467
3 1467 1445 1470
3 1444 1468 1447
3 1468 1472 1447
3 1445 1471 1470
3 1446 1471 1445
3 1471 1446 1451
3 1474 1471 1451
3 1447 1472 1473
3 1448 1447 1473
3 1453 1473 1476
3 1453 1449 1473
3 1449 1448 1473
3 1449 1454 1450
3 1453 1454 1449
3 1479 1450 1454
3 1479 1475 1450
3 1475 1452 1450
3 1474 1451 1452
3 1475 1474 1452
3 1453 1476 1478
3 1454 1453 1478
3 1480 1454 1478
3 1479 1454 1480
3 1455 1459 1456
3 1455 1458 1459
3 1457 1463 1461
3 1457 1485 1463
3 1456 1485 1457
3 1456 1482 1485
3 1456 1459 1482
3 1458 1482 1459
3 1458 1460 1482
3 1460 1483 1482
3 1483 1460 1464
3 1487 1483 1464
3 1462 1484 1488
3 1465 1462 1488
3 1463 1462 1461
3 1463 1486 1462
3 1486 1484 1462
3 1485 1486 1463
3 1464 1467 1487
3 1487 1467 1490
3 1469 1466 1465
3 1469 1465 1491
3 1491 1465 1488
3 1466 1469 1468
3 1467 1470 1490
3 1490 1470 1493
3 1469 1491 1492
3 1492 1468 1469
3 1492 1495 1468
3 1495 1472 1468
3 1470 1494 1493
3 1471 1494 1470
3 1494 1471 1474
3 1496 1494 1474
3 1477 1473 1472
3 1477 1472 1498
3 1498 1472 1495
3 1473 1477 1476
3 1475 1479 1481
3 1475 1481 1502
3 1475 1502 1474
3 1474 1502 1496
3 1477 1498 1499
3 1476 1477 1499
3 1476 1499 1478
3 1478 1499 1500
3 1480 1478 1501
3 1478 1500 1501
3 1481 1479 1480
3 1481 1480 1503
3 1503 1480 1501
3 1502 1481 1503
3 1482 1504 1506
3 1485 1482 1506
3 1483 1505 1482
3 1482 1505 1504
3 1505 1483 1487
3 1509 1505 1487
3 1484 1489 1488
3 1511 1489 1484
3 1511 1484 1507
3 1507 1484 1486
3 1506 1486 1485
3 1507 1486 1506
3 1487 1490 1509
3 1509 1490 1514
3 1489 1512 1515
3 1489 1515 1488
3 1488 1515 1491
3 1511 1512 1489
3 1490 1493 1514
3 1514 1493 1517
3 1491 1515 1516
3 1492 1491 1516
3 1516 1495 1492
3 1518 1495 1516
3 1497 1493 1494
3 1497 1520 1493
3 1520 1517 1493
3 1494 1496 1497
3 1495 1518 1498
3 1518 1522 1498
3 1497 1521 1520
3 1521 1497 1496
3 1521 1496 1526
3 1526 1496 1502
3 1498 1522 1523
3 1499 1498 1523
3 1500 1499 1524
3 1499 1523 1524
3 1501 1500 1525
3 1500 1524 1525
3 1503 1501 1527
3 1501 1525 1527
3 1526 1502 1503
3 1527 1526 1503
3 1504 1508 1506
3 1504 1505 1510
3 1508 1504 1510
3 1505 1509 1510
3 1507 1513 1511
3 1507 1532 1513
3 1506 1532 1507
3 1506 1529 1532
3 1506 1508 1529
3 1510 1529 1508
3 1530 1529 1510
3 1530 1510 1509
3 1530 1509 1534
3 1534 1509 1514
3 1512 1531 1535
3 1515 1512 1535
3 1513 1512 1511
3 1513 1533 1512
3 1533 1531 1512
3 1532 1533 1513
3 1514 1517 1534
3 1534 1517 1537
3 1519 1516 1515
3 1519 1515 1538
3 1538 1515 1535
3 1516 1519 1518
3 1517 1520 1537
3 1537 1520 1540
3 1519 1538 1539
3 1539 1518 1519
3 1539 1541 1518
3 1541 1522 1518
3 1528 1520 1521
3 1528 1545 1520
3 1545 1540 1520
3 1521 1526 1528
3 1522 1541 1543
3 1523 1522 1543
3 1524 1523 1544
3 1523 1543 1544
3 1525 1524 1546
3 1524 1544 1546
3 1545 1528 1527
3 1545 1527 1546
3 1546 1527 1525
3 1526 1527 1528
3 1529 1547 1549
3 1532 1529 1549
3 1530 1548 1529
3 1529 1548 1547
3 1548 1530 1534
3 1552 1548 1534
3 1531 1536 1535
3 1554 1536 1531
3 1554 1531 1550
3 1550 1531 1533
3 1549 1533 1532
3 1550 1533 1549
3 1534 1537 1552
3 1552 1537 1556
3 1536 1555 1557
3 1536 1557 1535
3 1535 1557 1538
3 1554 1555 1536
3 1537 1540 1556
3 1556 1540 1558
3 1542 1539 1538
3 1542 1538 1559
3 1559 1538 1557
3 1539 1542 1541
3 1540 1545 1558
3 1558 1545 1563
3 1542 1559 1560
3 1541 1542 1560
3 1541 1560 1543
3 1543 1560 1561
3 1544 1543 1562
3 1543 1561 1562
3 1546 1544 1564
3 1544 1562 1564
3 1563 1545 1546
3 1564 1563 1546
3 1547 1551 1549
3 1547 1548 1553
3 1551 1547 1553
3 1548 1552 1553
3 1550 1565 1568
3 1554 1550 1568
3 1551 1550 1549
3 1551 1566 1550
3 1566 1565 1550
3 1553 1566 1551
3 1567 1566 1553
3 1567 1553 1552
3 1567 1552 1571
3 1571 1552 1556
3 1555 1569 1573
3 1557 1555 1573
3 1568 1555 1554
3 1569 1555 1568
3 1556 1558 1571
3 1571 1558 1574
3 1557 1573 1559
3 1573 1576 1559
3 1558 1563 1574
3 1574 1563 1581
3 1559 1576 1577
3 1560 1559 1577
3 1561 1560 1579
3 1560 1577 1579
3 1562 1561 1580
3 1561 1579 1580
3 1564 1562 1582
3 1562 1580 1582
3 1581 1563 1564
3 1582 1581 1564
3 1565 1570 1568
3 1586 1570 1565
3 1586 1565 1584
3 1584 1565 1566
3 1572 1588 1584
3 1572 1584 1567
3 1567 1584 1566
3 1567 1571 1572
3 1569 1585 1590
3 1573 1569 1590
3 1570 1569 1568
3 1570 1587 1569
3 1587 1585 1569
3 1586 1587 1570
3 1575 1588 1572
3 1593 1588 1575
3 1571 1574 1575
3 1572 1571 1575
3 1591 1578 1576
3 1591 1576 1590
3 1590 1576 1573
3 1591 1594 1578
3 1583 1593 1575
3 1597 1593 1583
3 1574 1581 1583
3 1575 1574 1583
3 1576 1578 1577
3 1578 1594 1595
3 1578 1595 1577
3 1577 1595 1579
3 1580 1579 1598
3 1579 1595 1598
3 1597 1583 1582
3 1597 1582 1598
3 1598 1582 1580
3 1581 1582 1583
3 1584 1589 1586
3 1584 1588 1589
3 1585 1592 1590
3 1602 1592 1585
3 1602 1585 1600
3 1600 1585 1587
3 1589 1587 1586
3 1589 1601 1587
3 1601 1600 1587
3 1601 1589 1588
3 1601 1588 1605
3 1605 1588 1593
3 1590 1592 1591
3 1594 1603 1596
3 1591 1603 1594
3 1591 1602 1603
3 1591 1592 1602
3 1596 1606 1599
3 1603 1606 1596
3 1599 1606 1605
3 1599 1605 1597
3 1597 1605 1593
3 1594 1596 1595
3 1598 1595 1596
3 1599 1598 1596
3 1597 1598 1599
3 1600 1604 1602
3 1600 1601 1607
3 1604 1600 1607
3 1601 1605 1607
3 1602 1604 1603
3 1606 1603 1604
3 1607 1606 1604
3 1605 1606 1607
3 1608 1611 1612
3 1611 1608 1614
3 1608 1612 1615
3 1616 1619 1609
3 1614 1608 1615
3 1609 1610 1618
3 1616 1609 1618
3 1618 1610 1621
3 1609 1619 1620
3 1610 1609 1620
3 1622 1610 1620
3 1621 1610 1622
3 1613 1625 1629
3 1613 1612 1611
3 1613 1611 1625
3 1625 1611 1627
3 1614 1617 1628
3 1614 1628 1611
3 1611 1628 1627
3 1628 1617 1632
3 1613 1629 1630
3 1612 1613 1630
3 1612 1630 1615
3 1615 1630 1631
3 1619 1617 1633
3 1619 1616 1617
3 1633 1617 1631
3 1614 1615 1617
3 1631 1617 1615
3 1617 1616 1618
3 1617 1618 1634
3 1617 1634 1632
3 1634 1618 1623
3 1618 1621 1623
3 1619 1633 1635
3 1620 1619 1635
3 1634 1623 1622
3 1634 1622 1635
3 1635 1622 1620
3 1621 1622 1623
3 1624 1636 1638
3 1624 1626 1637
3 1636 1624 1637
3 1637 1626 1640
3 1624 1638 1639
3 1625 1644 1629
3 1625 1624 1644
3 1625 1626 1624
3 1624 1639 1644
3 1626 1641 1640
3 1626 1625 1641
3 1625 1627 1641
3 1628 1643 1627
3 1627 1643 1641
3 1643 1628 1632
3 1648 1643 1632
3 1629 1644 1645
3 1630 1629 1645
3 1631 1630 1647
3 1630 1645 1647
3 1647 1633 1631
3 1650 1633 1647
3 1632 1634 1648
3 1648 1634 1651
3 1633 1650 1652
3 1635 1633 1652
3 1651 1634 1635
3 1652 1651 1635
3 1636 1654 1658
3 1638 1636 1658
3 1637 1656 1636
3 1636 1656 1654
3 1640 1642 1657
3 1640 1657 1637
3 1637 1657 1656
3 1657 1642 1662
3 1638 1658 1659
3 1639 1638 1659
3 1644 1661 1646
3 1644 1639 1661
3 1639 1659 1661
3 1640 1641 1642
3 1646 1661 1663
3 1642 1641 1643
3 1642 1643 1664
3 1642 1664 1662
3 1664 1643 1649
3 1643 1648 1649
3 1644 1646 1645
3 1646 1663 1665
3 1646 1665 1645
3 1645 1665 1647
3 1650 1649 1653
3 1650 1665 1649
3 1650 1647 1665
3 1665 1664 1649
3 1648 1651 1653
3 1649 1648 1653
3 1650 1653 1652
3 1651 1652 1653
3 1655 1667 1668
3 1667 1655 1669
3 1654 1660 1658
3 1655 1668 1670
3 1655 1670 1669
3 1654 1672 1660
3 1654 1656 1672
3 1672 1675 1660
3 1657 1674 1656
3 1656 1674 1672
3 1674 1657 1662
3 1678 1674 1662
3 1658 1660 1659
3 1660 1675 1676
3 1660 1676 1659
3 1659 1676 1661
3 1663 1679 1666
3 1663 1661 1679
3 1661 1676 1679
3 1666 1679 1678
3 1666 1678 1664
3 1664 1678 1662
3 1663 1666 1665
3 1664 1665 1666
3 1667 1671 1668
3 1669 1671 1667
3 1673 1681 1682
3 1681 1673 1683
3 1668 1671 1670
3 1670 1671 1669
3 1672 1677 1675
3 1682 1684 1673
3 1672 1674 1680
3 1672 1680 1677
3 1684 1683 1673
3 1674 1678 1680
3 1675 1677 1676
3 1679 1676 1677
3 1680 1679 1677
3 1678 1679 1680
3 1681 1685 1682
3 1681 1683 1685
3 1682 1685 1684
3 1683 1684 1685
3 1686 1694 1697
3 1686 1687 1695
3 1694 1686 1695
3 1687 1688 1696
3 1695 1687 1696
3 1696 1688 1700
3 1689 1686 1697
3 1701 1689 1697
3 1687 1686 1690
3 1690 1686 1689
3 1688 1687 1691
3 1691 1687 1690
3 1703 1700 1688
3 1691 1703 1688
3 1689 1701 1702
3 1702 1704 1692
3 1702 1692 1689
3 1689 1692 1690
3 1691 1690 1693
3 1693 1690 1692
3 1706 1703 1691
3 1693 1706 1691
3 1692 1704 1705
3 1693 1692 1705
3 1707 1693 1705
3 1706 1693 1707
3 1694 1698 1697
3 1694 1695 1699
3 1698 1694 1699
3 1710 1699 1695
3 1710 1695 1708
3 1708 1695 1696
3 1708 1696 1700
3 1712 1708 1700
3 1698 1709 1714
3 1698 1714 1697
3 1697 1714 1701
3 1699 1709 1698
3 1711 1709 1699
3 1710 1711 1699
3 1700 1703 1712
3 1712 1703 1716
3 1701 1714 1715
3 1702 1701 1715
3 1715 1704 1702
3 1717 1704 1715
3 1703 1706 1716
3 1716 1706 1720
3 1704 1717 1719
3 1705 1704 1719
3 1707 1705 1721
3 1705 1719 1721
3 1720 1706 1707
3 1721 1720 1707
3 1708 1713 1710
3 1708 1712 1713
3 1709 1722 1725
3 1714 1709 1725
3 1711 1723 1709
3 1709 1723 1722
3 1713 1711 1710
3 1713 1724 1711
3 1724 1723 1711
3 1724 1713 1712
3 1724 1712 1726
3 1726 1712 1716
3 1718 1715 1714
3 1718 1714 1727
3 1727 1714 1725
3 1715 1718 1717
3 1716 1720 1726
3 1726 1720 1730
3 1718 1727 1728
3 1717 1718 1728
3 1717 1728 1719
3 1719 1728 1729
3 1721 1719 1731
3 1719 1729 1731
3 1730 1720 1721
3 1731 1730 1721
3 1722 1732 1735
3 1725 1722 1735
3 1723 1733 1722
3 1722 1733 1732
3 1724 1734 1723
3 1723 1734 1733
3 1734 1724 1726
3 1737 1734 1726
3 1725 1735 1727
3 1735 1739 1727
3 1726 1730 1737
3 1737 1730 1743
3 1727 1739 1740
3 1728 1727 1740
3 1729 1728 1742
3 1728 1740 1742
3 1731 1729 1744
3 1729 1742 1744
3 1743 1730 1731
3 1744 1743 1731
3 1736 1746 1749
3 1736 1735 1732
3 1736 1732 1746
3 1746 1732 1747
3 1733 1748 1732
3 1732 1748 1747
3 1738 1754 1748
3 1738 1748 1734
3 1734 1748 1733
3 1734 1737 1738
3 1736 1749 1750
3 1736 1739 1735
3 1736 1752 1739
3 1736 1750 1752
3 1741 1739 1752
3 1752 1755 1741
3 1745 1754 1738
3 1756 1754 1745
3 1737 1743 1745
3 1738 1737 1745
3 1739 1741 1740
3 1741 1755 1757
3 1741 1757 1740
3 1740 1757 1742
3 1756 1745 1744
3 1756 1744 1757
3 1757 1744 1742
3 1743 1744 1745
3 1746 1751 1749
3 1746 1747 1753
3 1751 1746 1753
3 1760 1753 1747
3 1760 1747 1759
3 1759 1747 1748
3 1759 1748 1754
3 1761 1759 1754
3 1749 1751 1750
3 1752 1750 1751
3 1753 1752 1751
3 1755 1762 1758
3 1752 1762 1755
3 1752 1760 1762
3 1752 1753 1760
3 1758 1762 1761
3 1758 1761 1756
3 1756 1761 1754
3 1755 1758 1757
3 1756 1757 1758
3 1759 1763 1760
3 1759 1761 1763
3 1760 1763 1762
3 1761 1762 1763
3 1764 1765 1766
3 1765 1764 1767
3 1764 1766 1768
3 1767 1764 1768
3 1765 1771 1773
3 1766 1765 1773
3 1767 1769 1772
3 1767 1772 1765
3 1765 1772 1771
3 1772 1769 1775
3 1770 1768 1766
3 1770 1766 1777
3 1777 1766 1773
3 1768 1770 1778
3 1767 1768 1778
3 1767 1778 1776
3 1767 1776 1769
3 1775 1769 1776
3 1770 1777 1779
3 1778 1770 1779
3 1771 1774 1773
3 1783 1774 1771
3 1783 1771 1782
3 1782 1771 1772
3 1782 1772 1775
3 1785 1782 1775
3 1774 1784 1787
3 1774 1787 1773
3 1773 1787 1777
3 1776 1778 1780
3 1774 1783 1784
3 1776 1780 1789
3 1776 1789 1775
3 1775 1789 1785
3 1781 1779 1777
3 1781 1777 1792
3 1792 1777 1787
3 1779 1781 1793
3 1778 1779 1793
3 1778 1793 1790
3 1778 1790 1780
3 1789 1780 1790
3 1781 1792 1794
3 1793 1781 1794
3 1782 1786 1783
3 1782 1785 1786
3 1784 1788 1787
3 1784 1800 1788
3 1783 1800 1784
3 1783 1798 1800
3 1783 1786 1798
3 1786 1785 1789
3 1786 1789 1799
3 1786 1799 1798
3 1791 1799 1789
3 1799 1791 1803
3 1788 1801 1805
3 1788 1805 1787
3 1787 1805 1792
3 1790 1793 1795
3 1788 1800 1801
3 1790 1791 1789
3 1790 1795 1791
3 1795 1796 1791
3 1809 1803 1791
3 1796 1809 1791
3 1797 1794 1792
3 1797 1792 1812
3 1812 1792 1805
3 1794 1797 1813
3 1793 1794 1813
3 1793 1813 1807
3 1793 1807 1795
3 1796 1795 1807
3 1810 1796 1807
3 1809 1796 1810
3 1797 1812 1814
3 1813 1797 1814
3 1798 1802 1800
3 1798 1799 1804
3 1802 1798 1804
3 1799 1803 1804
3 1801 1806 1805
3 1801 1800 1802
3 1801 1802 1806
3 1806 1802 1808
3 1804 1811 1802
3 1811 1808 1802
3 1803 1809 1811
3 1804 1803 1811
3 1806 1815 1812
3 1805 1806 1812
3 1807 1813 1815
3 1807 1815 1808
3 1808 1815 1806
3 1810 1807 1808
3 1811 1810 1808
3 1809 1810 1811
3 1812 1815 1814
3 1813 1814 1815
3 1816 1821 1822
3 1821 1816 1825
3 1817 1823 1826
3 1822 1823 1817
3 1822 1817 1816
3 1816 1817 1818
3 1828 1825 1816
3 1818 1828 1816
3 1819 1817 1826
3 1830 1819 1826
3 1818 1817 1820
3 1820 1817 1819
3 1832 1828 1818
3 1820 1832 1818
3 1819 1830 1831
3 1820 1819 1831
3 1833 1820 1831
3 1832 1820 1833
3 1824 1835 1837
3 1824 1822 1821
3 1824 1821 1835
3 1835 1821 1836
3 1836 1821 1825
3 1839 1836 1825
3 1827 1838 1841
3 1837 1838 1827
3 1824 1837 1827
3 1824 1827 1826
3 1824 1826 1823
3 1822 1824 1823
3 1840 1828 1829
3 1840 1839 1828
3 1839 1825 1828
3 1840 1829 1843
3 1827 1841 1842
3 1842 1826 1827
3 1842 1844 1826
3 1844 1830 1826
3 1829 1832 1834
3 1828 1832 1829
3 1847 1843 1829
3 1834 1847 1829
3 1830 1844 1845
3 1831 1830 1845
3 1833 1831 1846
3 1831 1845 1846
3 1834 1832 1833
3 1834 1833 1848
3 1848 1833 1846
3 1847 1834 1848
3 1835 1850 1852
3 1837 1835 1852
3 1836 1851 1835
3 1835 1851 1850
3 1851 1836 1839
3 1855 1851 1839
3 1838 1853 1857
3 1841 1838 1857
3 1852 1838 1837
3 1853 1838 1852
3 1839 1856 1855
3 1840 1856 1839
3 1856 1840 1843
3 1860 1856 1843
3 1841 1857 1858
3 1842 1841 1858
3 1858 1844 1842
3 1861 1844 1858
3 1843 1847 1860
3 1860 1847 1863
3 1849 1845 1844
3 1849 1844 1865
3 1865 1844 1861
3 1866 1845 1849
3 1866 1862 1845
3 1862 1846 1845
3 1848 1846 1864
3 1846 1862 1864
3 1863 1847 1848
3 1864 1863 1848
3 1849 1865 1867
3 1866 1849 1867
3 1850 1854 1852
3 1870 1854 1850
3 1870 1850 1869
3 1869 1850 1851
3 1869 1851 1855
3 1872 1869 1855
3 1853 1859 1857
3 1853 1875 1859
3 1852 1875 1853
3 1852 1871 1875
3 1852 1854 1871
3 1870 1871 1854
3 1855 1874 1872
3 1856 1874 1855
3 1874 1856 1860
3 1878 1874 1860
3 1857 1859 1858
3 1859 1861 1858
3 1859 1875 1861
3 1875 1880 1861
3 1860 1863 1878
3 1878 1863 1885
3 1881 1868 1865
3 1881 1865 1880
3 1880 1865 1861
3 1868 1862 1866
3 1868 1881 1862
3 1881 1883 1862
3 1864 1862 1886
3 1862 1883 1886
3 1885 1863 1864
3 1886 1885 1864
3 1865 1868 1867
3 1866 1867 1868
3 1869 1873 1870
3 1869 1872 1873
3 1871 1876 1875
3 1871 1870 1873
3 1871 1873 1876
3 1876 1873 1877
3 1872 1874 1879
3 1872 1879 1873
3 1873 1879 1877
3 1874 1878 1879
3 1876 1882 1880
3 1875 1876 1880
3 1877 1884 1876
3 1884 1882 1876
3 1879 1887 1877
3 1887 1884 1877
3 1878 1885 1887
3 1879 1878 1887
3 1880 1882 1881
3 1883 1881 1882
3 1884 1883 1882
3 1886 1883 1884
3 1887 1886 1884
3 1885 1886 1887
3 1888 1893 1896
3 1888 1889 1895
3 1893 1888 1895
3 1895 1889 1899
3 1888 1896 1897
3 1889 1888 1897
3 1900 1889 1897
3 1899 1889 1900
3 1890 1902 1904
3 1890 1891 1903
3 1902 1890 1903
3 1903 1891 1906
3 1892 1890 1904
3 1907 1892 1904
3 1891 1890 1894
3 1894 1890 1892
3 1909 1906 1891
3 1894 1909 1891
3 1892 1907 1908
3 1894 1892 1908
3 1894 1908 1910
3 1898 1896 1893
3 1893 1895 1901
3 1893 1901 1898
3 1910 1909 1894
3 1895 1899 1901
3 1896 1898 1897
3 1900 1897 1898
3 1901 1900 1898
3 1899 1900 1901
3 1902 1905 1904
3 1913 1905 1902
3 1913 1902 1912
3 1912 1902 1903
3 1912 1903 1906
3 1915 1912 1906
3 1905 1914 1918
3 1905 1918 1904
3 1904 1918 1907
3 1914 1911 1919
3 1914 1905 1911
3 1916 1911 1913
3 1913 1911 1905
3 1911 1916 1915
3 1911 1915 1909
3 1909 1915 1906
3 1907 1918 1920
3 1908 1907 1920
3 1919 1911 1910
3 1919 1910 1920
3 1920 1910 1908
3 1909 1910 1911
3 1912 1917 1913
3 1912 1915 1917
3 1914 1921 1918
3 1916 1913 1917
3 1919 1921 1914
3 1915 1916 1917
3 1918 1921 1920
3 1919 1920 1921
3 1922 1924 1926
3 1922 1923 1925
3 1924 1922 1925
3 1925 1923 1929
3 1922 1926 1927
3 1923 1922 1927
3 1930 1923 1927
3 1929 1923 1930
3 1924 1928 1926
3 1934 1928 1924
3 1934 1924 1933
3 1933 1924 1925
3 1933 1925 1929
3 1936 1933 1929
3 1928 1927 1926
3 1935 1938 1931
3 1927 1934 1930
3 1927 1928 1934
3 1930 1934 1932
3 1935 1931 1934
3 1932 1934 1931
3 1930 1932 1940
3 1930 1940 1929
3 1929 1940 1936
3 1931 1938 1939
3 1932 1931 1939
3 1941 1932 1939
3 1940 1932 1941
3 1933 1937 1934
3 1933 1936 1937
3 1935 1942 1944
3 1938 1935 1944
3 1937 1935 1934
3 1937 1943 1935
3 1943 1942 1935
3 1943 1937 1936
3 1943 1936 1946
3 1946 1936 1940
3 1938 1944 1945
3 1939 1938 1945
3 1941 1939 1947
3 1939 1945 1947
3 1946 1940 1941
3 1947 1946 1941
3 1942 1948 1950
3 1944 1942 1950
3 1943 1949 1942
3 1942 1949 1948
3 1949 1943 1946
3 1953 1949 1946
3 1944 1950 1952
3 1945 1944 1952
3 1947 1945 1954
3 1945 1952 1954
3 1953 1946 1947
3 1954 1953 1947
3 1951 1955 1961
3 1951 1950 1948
3 1951 1948 1955
3 1955 1948 1957
3 1949 1959 1948
3 1948 1959 1957
3 1959 1949 1953
3 1964 1959 1953
3 1951 1961 1962
3 1950 1951 1962
3 1950 1962 1952
3 1952 1962 1963
3 1954 1952 1965
3 1952 1963 1965
3 1964 1953 1954
3 1965 1964 1954
3 1956 1966 1969
3 1956 1958 1967
3 1966 1956 1967
3 1958 1960 1968
3 1967 1958 1968
3 1968 1960 1972
3 1955 1956 1969
3 1955 1969 1961
3 1961 1969 1974
3 1957 1956 1955
3 1958 1956 1957
3 1959 1958 1957
3 1960 1958 1959
3 1960 1959 1964
3 1960 1964 1972
3 1972 1964 1979
3 1961 1974 1975
3 1962 1961 1975
3 1963 1962 1977
3 1962 1975 1977
3 1965 1963 1980
3 1963 1977 1980
3 1979 1964 1965
3 1980 1979 1965
3 1966 1970 1969
3 1966 1967 1971
3 1970 1966 1971
3 1967 1968 1973
3 1971 1967 1973
3 1968 1972 1973
3 1970 1976 1974
3 1969 1970 1974
3 1971 1978 1970
3 1978 1976 1970
3 1973 1981 1971
3 1981 1978 1971
3 1972 1979 1981
3 1973 1972 1981
3 1974 1976 1975
3 1977 1975 1976
3 1978 1977 1976
3 1980 1977 1978
3 1981 1980 1978
3 1979 1980 1981
3 1982 1987 1988
3 1987 1982 1990
3 1983 1989 1992
3 1988 1989 1983
3 1988 1983 1982
3 1982 1983 1984
3 1991 1990 1982
3 1991 1982 1985
3 1985 1982 1984
3 1991 1985 1995
3 1983 1992 1993
3 1993 1997 1986
3 1993 1986 1983
3 1983 1986 1984
3 1998 1996 1985
3 1998 1985 1986
3 1986 1985 1984
3 1995 1985 1996
3 1986 1997 1999
3 1998 1986 1999
3 1987 2000 2001
3 1988 1987 2001
3 2000 1987 1990
3 2002 2000 1990
3 1989 1994 1992
3 1989 2005 1994
3 1989 1988 2005
3 1988 2001 2005
3 1990 2004 2002
3 1991 2004 1990
3 2004 1991 1995
3 2007 2004 1995
3 1992 1994 1993
3 1994 1997 1993
3 1994 2005 1997
3 2005 2010 1997
3 1996 2011 2008
3 1998 2011 1996
3 2007 1995 1996
3 2008 2007 1996
3 1997 2010 2012
3 1999 1997 2012
3 2011 1998 1999
3 2012 2011 1999
3 2000 2003 2001
3 2000 2002 2003
3 2003 2006 2005
3 2001 2003 2005
3 2002 2004 2009
3 2002 2009 2003
3 2003 2009 2006
3 2004 2007 2009
3 2006 2013 2010
3 2005 2006 2010
3 2008 2011 2013
3 2008 2013 2009
3 2009 2013 2006
3 2007 2008 2009
3 2010 2013 2012
3 2011 2012 2013
3 2014 2015 2016
3 2015 2014 2017
3 2014 2016 2018
3 2017 2014 2018
3 2015 2023 2025
3 2016 2015 2025
3 2017 2019 2024
3 2017 2024 2015
3 2015 2024 2023
3 2024 2019 2027
3 2020 2026 2029
3 2018 2020 2021
3 2018 2025 2020
3 2018 2016 2025
3 2026 2020 2025
3 2018 2019 2017
3 2018 2021 2019
3 2021 2022 2019
3 2033 2027 2019
3 2022 2033 2019
3 2020 2029 2030
3 2021 2020 2030
3 2031 2021 2030
3 2022 2021 2031
3 2034 2022 2031
3 2033 2022 2034
3 2023 2036 2037
3 2025 2023 2037
3 2028 2039 2036
3 2028 2036 2024
3 2024 2036 2023
3 2024 2027 2028
3 2026 2038 2042
3 2029 2026 2042
3 2037 2032 2025
3 2037 2040 2032
3 2025 2032 2026
3 2043 2038 2032
3 2026 2032 2038
3 2039 2032 2040
3 2039 2028 2032
3 2028 2035 2032
3 2027 2033 2035
3 2028 2027 2035
3 2029 2042 2044
3 2030 2029 2044
3 2043 2032 2031
3 2043 2031 2044
3 2044 2031 2030
3 2034 2031 2032
3 2035 2034 2032
3 2033 2034 2035
3 2036 2041 2037
3 2036 2039 2041
3 2038 2045 2042
3 2040 2037 2041
3 2043 2045 2038
3 2039 2040 2041
3 2042 2045 2044
3 2043 2044 2045
3 2046 2049 2051
3 2049 2046 2054
3 2047 2052 2056
3 2051 2052 2047
3 2051 2047 2046
3 2046 2047 2048
3 2058 2054 2046
3 2048 2058 2046
3 2047 2056 2057
3 2048 2047 2057
3 2059 2048 2057
3 2058 2048 2059
3 2050 2060 2061
3 2060 2050 2063
3 2053 2062 2065
3 2061 2062 2053
3 2050 2061 2053
3 2050 2053 2051
3 2050 2051 2049
3 2054 2055 2064
3 2049 2054 2064
3 2049 2064 2063
3 2049 2063 2050
3 2064 2055 2066
3 2052 2053 2065
3 2052 2065 2056
3 2056 2065 2069
3 2051 2053 2052
3 2055 2072 2067
3 2055 2054 2072
3 2054 2058 2072
3 2066 2055 2067
3 2056 2069 2070
3 2057 2056 2070
3 2059 2057 2073
3 2057 2070 2073
3 2072 2058 2059
3 2073 2072 2059
3 2060 2075 2076
3 2061 2060 2076
3 2075 2060 2063
3 2079 2075 2063
3 2062 2077 2080
3 2065 2062 2080
3 2076 2062 2061
3 2077 2062 2076
3 2068 2063 2064
3 2068 2082 2063
3 2082 2079 2063
3 2064 2066 2068
3 2081 2071 2069
3 2081 2069 2080
3 2080 2069 2065
3 2071 2083 2074
3 2081 2083 2071
3 2082 2074 2083
3 2068 2074 2082
3 2068 2072 2074
3 2068 2067 2072
3 2066 2067 2068
3 2069 2071 2070
3 2073 2070 2071
3 2074 2073 2071
3 2072 2073 2074
3 2078 2084 2086
3 2078 2076 2075
3 2078 2075 2084
3 2084 2075 2085
3 2085 2075 2079
3 2088 2085 2079
3 2077 2078 2086
3 2077 2086 2080
3 2080 2086 2090
3 2076 2078 2077
3 2079 2082 2088
3 2088 2082 2093
3 2080 2090 2091
3 2081 2080 2091
3 2083 2081 2094
3 2081 2091 2094
3 2093 2082 2083
3 2094 2093 2083
3 2084 2087 2086
3 2084 2085 2089
3 2087 2084 2089
3 2085 2088 2089
3 2087 2092 2090
3 2086 2087 2090
3 2089 2095 2087
3 2095 2092 2087
3 2088 2093 2095
3 2089 2088 2095
3 2090 2092 2091
3 2094 2091 2092
3 2095 2094 2092
3 2093 2094 2095
3 2096 2103 2107
3 2096 2097 2105
3 2103 2096 2105
3 2105 2097 2109
3 2096 2107 2108
3 2108 2112 2098
3 2108 2098 2096
3 2096 2098 2097
3 2113 2109 2097
3 2098 2113 2097
3 2098 2112 2114
3 2113 2098 2114
3 2099 2117 2121
3 2099 2100 2119
3 2117 2099 2119
3 2100 2101 2120
3 2119 2100 2120
3 2120 2101 2123
3 2099 2121 2122
3 2122 2126 2102
3 2122 2102 2099
3 2099 2102 2100
3 2101 2100 2104
3 2104 2100 2102
3 2124 2123 2101
3 2124 2101 2106
3 2106 2101 2104
3 2124 2106 2128
3 2102 2126 2127
3 2103 2132 2107
3 2103 2102 2132
3 2103 2104 2102
3 2102 2127 2132
3 2105 2104 2103
3 2106 2104 2105
3 2109 2110 2129
3 2105 2109 2129
3 2105 2129 2128
3 2105 2128 2106
3 2110 2111 2131
3 2129 2110 2131
3 2131 2111 2134
3 2107 2132 2133
3 2108 2107 2133
3 2133 2112 2108
3 2135 2112 2133
3 2110 2113 2115
3 2109 2113 2110
3 2111 2110 2116
3 2116 2110 2115
3 2138 2134 2111
3 2116 2138 2111
3 2112 2135 2136
3 2114 2112 2136
3 2115 2113 2114
3 2115 2114 2137
3 2137 2114 2136
3 2116 2115 2137
3 2139 2116 2137
3 2138 2116 2139
3 2118 2141 2142
3 2141 2118 2143
3 2117 2118 2142
3 2117 2142 2121
3 2121 2142 2148
3 2118 2144 2143
3 2118 2117 2144
3 2117 2119 2144
3 2120 2146 2119
3 2119 2146 2144
3 2123 2125 2147
3 2123 2147 2120
3 2120 2147 2146
3 2147 2125 2150
3 2121 2148 2149
3 2122 2121 2149
3 2149 2126 2122
3 2152 2126 2149
3 2123 2124 2125
3 2128 2130 2151
3 2124 2128 2151
3 2124 2151 2150
3 2124 2150 2125
3 2151 2130 2154
3 2126 2152 2153
3 2127 2126 2153
3 2153 2132 2127
3 2157 2132 2153
3 2128 2129 2130
3 2130 2155 2154
3 2130 2129 2155
3 2129 2131 2155
3 2155 2131 2134
3 2159 2155 2134
3 2132 2157 2158
3 2133 2132 2158
3 2158 2135 2133
3 2160 2135 2158
3 2134 2138 2159
3 2159 2138 2163
3 2135 2160 2161
3 2136 2135 2161
3 2140 2161 2166
3 2140 2137 2161
3 2137 2136 2161
3 2167 2137 2140
3 2167 2164 2137
3 2164 2139 2137
3 2163 2138 2139
3 2164 2163 2139
3 2140 2166 2168
3 2167 2140 2168
3 2141 2170 2172
3 2142 2141 2172
3 2143 2145 2171
3 2143 2171 2141
3 2141 2171 2170
3 2171 2145 2173
3 2142 2172 2148
3 2172 2176 2148
3 2143 2144 2145
3 2145 2174 2173
3 2145 2144 2174
3 2144 2146 2174
3 2147 2175 2146
3 2146 2175 2174
3 2175 2147 2150
3 2178 2175 2150
3 2148 2176 2177
3 2149 2148 2177
3 2177 2152 2149
3 2182 2152 2177
3 2150 2179 2178
3 2151 2179 2150
3 2154 2156 2181
3 2154 2181 2151
3 2151 2181 2179
3 2181 2156 2184
3 2152 2182 2183
3 2153 2152 2183
3 2183 2157 2153
3 2185 2157 2183
3 2154 2155 2156
3 2156 2155 2159
3 2156 2159 2184
3 2184 2159 2188
3 2157 2185 2186
3 2158 2157 2186
3 2160 2187 2162
3 2160 2158 2187
3 2158 2186 2187
3 2187 2190 2162
3 2165 2191 2189
3 2165 2189 2188
3 2165 2188 2163
3 2163 2188 2159
3 2160 2162 2161
3 2166 2192 2169
3 2161 2192 2166
3 2161 2190 2192
3 2161 2162 2190
3 2191 2169 2192
3 2165 2169 2191
3 2165 2167 2169
3 2165 2164 2167
3 2163 2164 2165
3 2166 2169 2168
3 2167 2168 2169
3 2170 2193 2195
3 2172 2170 2195
3 2171 2194 2170
3 2170 2194 2193
3 2194 2171 2173
3 2197 2194 2173
3 2172 2195 2176
3 2195 2202 2176
3 2173 2198 2197
3 2174 2198 2173
3 2175 2200 2174
3 2174 2200 2198
3 2178 2180 2201
3 2178 2201 2175
3 2175 2201 2200
3 2201 2180 2205
3 2176 2202 2203
3 2177 2176 2203
3 2203 2182 2177
3 2207 2182 2203
3 2178 2179 2180
3 2180 2206 2205
3 2180 2179 2206
3 2179 2181 2206
3 2206 2181 2184
3 2209 2206 2184
3 2182 2207 2208
3 2183 2182 2208
3 2208 2185 2183
3 2210 2185 2208
3 2184 2188 2209
3 2209 2188 2214
3 2185 2210 2211
3 2186 2185 2211
3 2187 2186 2213
3 2186 2211 2213
3 2213 2190 2187
3 2217 2190 2213
3 2189 2218 2215
3 2191 2218 2189
3 2214 2188 2189
3 2215 2214 2189
3 2190 2217 2219
3 2192 2190 2219
3 2218 2191 2192
3 2219 2218 2192
3 2193 2196 2195
3 2223 2196 2193
3 2223 2193 2221
3 2221 2193 2194
3 2197 2199 2222
3 2197 2222 2194
3 2194 2222 2221
3 2222 2199 2225
3 2196 2204 2202
3 2195 2196 2202
3 2228 2196 2223
3 2204 2196 2228
3 2197 2198 2199
3 2199 2226 2225
3 2199 2198 2226
3 2198 2200 2226
3 2201 2227 2200
3 2200 2227 2226
3 2227 2201 2205
3 2229 2227 2205
3 2202 2204 2203
3 2204 2207 2203
3 2204 2228 2207
3 2228 2231 2207
3 2205 2230 2229
3 2206 2230 2205
3 2230 2206 2209
3 2234 2230 2209
3 2207 2231 2232
3 2208 2207 2232
3 2210 2233 2212
3 2210 2208 2233
3 2208 2232 2233
3 2233 2237 2212
3 2216 2239 2235
3 2216 2235 2234
3 2216 2234 2214
3 2214 2234 2209
3 2210 2212 2211
3 2212 2237 2238
3 2212 2238 2211
3 2211 2238 2213
3 2217 2240 2220
3 2217 2213 2240
3 2213 2238 2240
3 2239 2220 2240
3 2216 2220 2239
3 2216 2218 2220
3 2216 2215 2218
3 2214 2215 2216
3 2217 2220 2219
3 2218 2219 2220
3 2221 2224 2223
3 2242 2224 2221
3 2242 2221 2241
3 2241 2221 2222
3 2241 2222 2225
3 2244 2241 2225
3 2224 2243 2247
3 2224 2247 2223
3 2223 2247 2228
3 2242 2243 2224
3 2225 2245 2244
3 2226 2245 2225
3 2227 2246 2226
3 2226 2246 2245
3 2246 2227 2229
3 2249 2246 2229
3 2228 2247 2231
3 2247 2250 2231
3 2236 2229 2230
3 2236 2254 2229
3 2254 2249 2229
3 2230 2234 2236
3 2231 2250 2251
3 2232 2231 2251
3 2233 2232 2253
3 2232 2251 2253
3 2253 2237 2233
3 2256 2237 2253
3 2235 2254 2236
3 2235 2239 2254
3 2239 2259 2254
3 2234 2235 2236
3 2237 2256 2257
3 2238 2237 2257
3 2240 2238 2260
3 2238 2257 2260
3 2259 2239 2240
3 2260 2259 2240
3 2241 2262 2263
3 2242 2241 2263
3 2262 2241 2244
3 2264 2262 2244
3 2243 2248 2247
3 2243 2268 2248
3 2243 2242 2268
3 2242 2263 2268
3 2244 2266 2264
3 2245 2266 2244
3 2246 2267 2245
3 2245 2267 2266
3 2267 2246 2249
3 2271 2267 2249
3 2248 2252 2250
3 2247 2248 2250
3 2274 2248 2268
3 2252 2248 2274
3 2255 2277 2272
3 2255 2272 2271
3 2255 2271 2254
3 2254 2271 2249
3 2250 2252 2251
3 2252 2274 2275
3 2252 2275 2251
3 2251 2275 2253
3 2256 2278 2258
3 2256 2253 2278
3 2253 2275 2278
3 2277 2258 2278
3 2277 2255 2258
3 2255 2261 2258
3 2254 2259 2261
3 2255 2254 2261
3 2256 2258 2257
3 2260 2257 2258
3 2261 2260 2258
3 2259 2260 2261
3 2262 2265 2263
3 2262 2264 2265
3 2265 2269 2268
3 2263 2265 2268
3 2264 2266 2270
3 2264 2270 2265
3 2265 2270 2269
3 2266 2267 2273
3 2270 2266 2273
3 2267 2271 2273
3 2269 2276 2274
3 2268 2269 2274
3 2270 2279 2269
3 2279 2276 2269
3 2272 2277 2279
3 2272 2279 2273
3 2273 2279 2270
3 2271 2272 2273
3 2274 2276 2275
3 2278 2275 2276
3 2279 2278 2276
3 2277 2278 2279
3 2280 2283 2284
3 2283 2280 2285
3 2281 2280 2284
3 2288 2281 2284
3 2287 2285 2280
3 2287 2280 2282
3 2282 2280 2281
3 2287 2282 2291
3 2281 2288 2290
3 2282 2281 2290
3 2292 2282 2290
3 2291 2282 2292
3 2283 2286 2284
3 2283 2285 2286
3 2289 2294 2298
3 2286 2295 2294
3 2286 2294 2288
3 2286 2288 2284
3 2288 2294 2289
3 2285 2295 2286
3 2285 2287 2295
3 2287 2296 2295
3 2291 2293 2297
3 2291 2297 2287
3 2287 2297 2296
3 2297 2293 2305
3 2289 2298 2299
3 2288 2289 2299
3 2288 2299 2290
3 2290 2299 2301
3 2292 2290 2303
3 2290 2301 2303
3 2293 2291 2292
3 2293 2292 2306
3 2306 2292 2303
3 2305 2293 2306
3 2294 2300 2298
3 2294 2295 2302
3 2300 2294 2302
3 2295 2296 2304
3 2302 2295 2304
3 2296 2297 2307
3 2304 2296 2307
3 2297 2305 2307
3 2298 2300 2299
3 2301 2299 2300
3 2302 2301 2300
3 2303 2301 2302
3 2304 2303 2302
3 2306 2303 2304
3 2307 2306 2304
3 2305 2306 2307
3 2308 2309 2310
3 2309 2308 2311
3 2308 2310 2312
3 2311 2308 2312
3 2309 2313 2314
3 2310 2309 2314
3 2313 2309 2311
3 2315 2313 2311
3 2310 2314 2316
3 2312 2310 2316
3 2315 2311 2312
3 2316 2315 2312
3 2313 2320 2322
3 2314 2313 2322
3 2315 2317 2321
3 2315 2321 2313
3 2313 2321 2320
3 2321 2317 2324
3 2318 2316 2314
3 2318 2314 2326
3 2326 2314 2322
3 2316 2317 2315
3 2316 2318 2317
3 2318 2319 2317
3 2328 2324 2317
3 2319 2328 2317
3 2318 2326 2327
3 2319 2318 2327
3 2329 2319 2327
3 2328 2319 2329
3 2320 2323 2322
3 2332 2323 2320
3 2332 2320 2330
3 2330 2320 2321
3 2324 2325 2331
3 2324 2331 2321
3 2321 2331 2330
3 2331 2325 2335
3 2323 2333 2337
3 2323 2337 2322
3 2322 2337 2326
3 2332 2333 2323
3 2325 2340 2336
3 2325 2324 2340
3 2324 2328 2340
3 2335 2325 2336
3 2326 2337 2338
3 2327 2326 2338
3 2329 2327 2341
3 2327 2338 2341
3 2340 2328 2329
3 2341 2340 2329
3 2330 2334 2332
3 2344 2334 2330
3 2344 2330 2343
3 2343 2330 2331
3 2343 2331 2335
3 2346 2343 2335
3 2333 2339 2337
3 2333 2348 2339
3 2332 2348 2333
3 2332 2345 2348
3 2332 2334 2345
3 2336 2340 2342
3 2334 2344 2345
3 2336 2342 2351
3 2336 2351 2335
3 2335 2351 2346
3 2337 2339 2338
3 2339 2348 2349
3 2339 2349 2338
3 2338 2349 2341
3 2342 2340 2341
3 2342 2341 2352
3 2352 2341 2349
3 2351 2342 2352
3 2343 2347 2344
3 2343 2346 2347
3 2345 2350 2348
3 2345 2344 2347
3 2345 2347 2350
3 2350 2347 2353
3 2346 2351 2353
3 2347 2346 2353
3 2348 2350 2349
3 2352 2349 2350
3 2353 2352 2350
3 2351 2352 2353
3 2354 2356 2360
3 2356 2354 2362
3 2354 2360 2363
3 2362 2354 2363
3 2355 2365 2368
3 2355 2357 2366
3 2365 2355 2366
3 2357 2358 2367
3 2366 2357 2367
3 2367 2358 2371
3 2359 2369 2373
3 2368 2369 2359
3 2368 2359 2355
3 2355 2359 2361
3 2356 2361 2360
3 2356 2357 2361
3 2357 2355 2361
3 2372 2358 2357
3 2372 2357 2362
3 2372 2362 2377
3 2356 2362 2357
3 2371 2358 2372
3 2359 2373 2375
3 2361 2359 2375
3 2376 2361 2375
3 2364 2376 2378
3 2363 2376 2364
3 2363 2361 2376
3 2363 2360 2361
3 2363 2364 2379
3 2363 2379 2362
3 2362 2379 2377
3 2364 2378 2380
3 2379 2364 2380
3 2370 2382 2386
3 2370 2368 2365
3 2370 2365 2382
3 2382 2365 2383
3 2366 2384 2365
3 2365 2384 2383
3 2367 2385 2366
3 2366 2385 2384
3 2385 2367 2371
3 2391 2385 2371
3 2374 2387 2394
3 2386 2387 2374
3 2370 2386 2374
3 2370 2374 2373
3 2370 2373 2369
3 2368 2370 2369
3 2372 2401 2392
3 2377 2401 2372
3 2391 2371 2372
3 2392 2391 2372
3 2374 2394 2395
3 2373 2374 2395
3 2373 2395 2375
3 2375 2395 2397
3 2376 2375 2399
3 2375 2397 2399
3 2378 2402 2381
3 2378 2376 2402
3 2376 2399 2402
3 2381 2402 2401
3 2381 2401 2379
3 2379 2401 2377
3 2378 2381 2380
3 2379 2380 2381
3 2382 2388 2386
3 2382 2383 2389
3 2388 2382 2389
3 2383 2384 2390
3 2389 2383 2390
3 2384 2385 2393
3 2390 2384 2393
3 2385 2391 2393
3 2387 2396 2394
3 2387 2386 2388
3 2387 2388 2396
3 2396 2388 2398
3 2389 2400 2388
3 2400 2398 2388
3 2390 2403 2389
3 2403 2400 2389
3 2392 2401 2403
3 2392 2403 2393
3 2393 2403 2390
3 2391 2392 2393
3 2394 2396 2395
3 2397 2395 2396
3 2398 2397 2396
3 2399 2397 2398
3 2400 2399 2398
3 2402 2399 2400
3 2403 2402 2400
3 2401 2402 2403
3 2404 2405 2407
3 2405 2404 2409
3 2404 2407 2410
3 2409 2404 2410
3 2406 2411 2412
3 2411 2406 2414
3 2408 2413 2415
3 2412 2413 2408
3 2406 2412 2408
3 2406 2408 2407
3 2406 2407 2405
3 2406 2405 2409
3 2406 2409 2414
3 2414 2409 2417
3 2408 2415 2416
3 2407 2408 2416
3 2407 2416 2410
3 2410 2416 2418
3 2417 2409 2410
3 2418 2417 2410
3 2411 2420 2421
3 2412 2411 2421
3 2420 2411 2414
3 2423 2420 2414
3 2413 2422 2426
3 2415 2413 2426
3 2421 2419 2412
3 2421 2424 2419
3 2412 2419 2413
3 2427 2422 2419
3 2413 2419 2422
3 2419 2424 2423
3 2419 2423 2417
3 2417 2423 2414
3 2415 2426 2428
3 2416 2415 2428
3 2427 2419 2418
3 2427 2418 2428
3 2428 2418 2416
3 2417 2418 2419
3 2420 2425 2421
3 2420 2423 2425
3 2422 2429 2426
3 2424 2421 2425
3 2427 2429 2422
3 2423 2424 2425
3 2426 2429 2428
3 2427 2428 2429
3 2430 2435 2437
3 2435 2430 2440
3 2431 2438 2441
3 2437 2438 2431
3 2437 2431 2430
3 2430 2431 2432
3 2443 2440 2430
3 2432 2443 2430
3 2433 2431 2441
3 2444 2433 2441
3 2432 2431 2434
3 2434 2431 2433
3 2446 2443 2432
3 2434 2446 2432
3 2433 2444 2445
3 2434 2433 2445
3 2447 2434 2445
3 2446 2434 2447
3 2436 2449 2452
3 2436 2439 2450
3 2449 2436 2450
3 2439 2437 2435
3 2439 2435 2450
3 2450 2435 2451
3 2451 2435 2440
3 2453 2451 2440
3 2442 2436 2452
3 2455 2442 2452
3 2438 2442 2441
3 2438 2439 2442
3 2439 2436 2442
3 2437 2439 2438
3 2440 2443 2453
3 2453 2443 2458
3 2442 2455 2456
3 2456 2441 2442
3 2456 2461 2441
3 2461 2444 2441
3 2448 2462 2459
3 2448 2459 2458
3 2448 2458 2446
3 2446 2458 2443
3 2444 2461 2463
3 2445 2444 2463
3 2462 2448 2447
3 2462 2447 2463
3 2463 2447 2445
3 2446 2447 2448
3 2449 2465 2467
3 2452 2449 2467
3 2450 2466 2449
3 2449 2466 2465
3 2454 2469 2466
3 2454 2466 2451
3 2451 2466 2450
3 2451 2453 2454
3 2452 2467 2455
3 2467 2472 2455
3 2457 2473 2470
3 2469 2457 2470
3 2469 2454 2457
3 2454 2460 2457
3 2453 2458 2460
3 2454 2453 2460
3 2455 2472 2474
3 2456 2455 2474
3 2461 2457 2464
3 2461 2474 2457
3 2461 2456 2474
3 2474 2473 2457
3 2459 2462 2464
3 2459 2464 2460
3 2460 2464 2457
3 2458 2459 2460
3 2461 2464 2463
3 2462 2463 2464
3 2465 2468 2467
3 2465 2466 2471
3 2468 2465 2471
3 2466 2469 2471
3 2468 2475 2472
3 2467 2468 2472
3 2470 2473 2475
3 2470 2475 2471
3 2471 2475 2468
3 2469 2470 2471
3 2472 2475 2474
3 2473 2474 2475
3 2476 2479 2480
3 2479 2476 2481
3 2477 2476 2480
3 2483 2477 2480
3 2482 2481 2476
3 2482 2476 2478
3 2478 2476 2477
3 2482 2478 2486
3 2477 2483 2485
3 2478 2477 2485
3 2487 2478 2485
3 2486 2478 2487
3 2479 2492 2493
3 2480 2479 2493
3 2492 2479 2481
3 2495 2492 2481
3 2484 2494 2499
3 2484 2493 2494
3 2484 2483 2493
3 2483 2480 2493
3 2481 2497 2495
3 2482 2497 2481
3 2497 2482 2486
3 2502 2497 2486
3 2484 2499 2500
3 2488 2500 2504
3 2485 2500 2488
3 2485 2484 2500
3 2485 2483 2484
3 2485 2489 2487
3 2488 2489 2485
3 2503 2502 2486
3 2503 2486 2489
3 2503 2489 2490
3 2489 2486 2487
3 2503 2490 2507
3 2488 2504 2505
3 2489 2488 2505
3 2506 2489 2505
3 2506 2509 2491
3 2506 2491 2489
3 2489 2491 2490
3 2511 2507 2490
3 2491 2511 2490
3 2491 2509 2512
3 2511 2491 2512
3 2492 2496 2493
3 2495 2496 2492
3 2498 2514 2515
3 2514 2498 2517
3 2494 2501 2499
3 2494 2519 2501
3 2493 2519 2494
3 2493 2516 2519
3 2493 2496 2516
3 2515 2497 2498
3 2515 2516 2497
3 2495 2497 2496
3 2496 2497 2516
3 2498 2497 2502
3 2498 2502 2517
3 2517 2502 2521
3 2499 2501 2500
3 2501 2504 2500
3 2501 2519 2504
3 2519 2523 2504
3 2508 2502 2503
3 2508 2526 2502
3 2526 2521 2502
3 2503 2507 2508
3 2504 2523 2524
3 2505 2504 2524
3 2510 2524 2528
3 2510 2506 2524
3 2506 2505 2524
3 2513 2506 2508
3 2513 2509 2506
3 2508 2506 2526
3 2510 2529 2506
3 2526 2506 2529
3 2507 2511 2513
3 2508 2507 2513
3 2510 2528 2530
3 2509 2513 2512
3 2510 2530 2529
3 2511 2512 2513
3 2514 2518 2515
3 2514 2517 2518
3 2516 2520 2519
3 2516 2515 2518
3 2516 2518 2520
3 2520 2518 2522
3 2517 2521 2522
3 2518 2517 2522
3 2520 2525 2523
3 2519 2520 2523
3 2522 2527 2520
3 2527 2525 2520
3 2521 2526 2527
3 2522 2521 2527
3 2523 2525 2524
3 2528 2524 2525
3 2528 2525 2531
3 2531 2525 2527
3 2526 2529 2531
3 2527 2526 2531
3 2528 2531 2530
3 2529 2530 2531
3 2532 2536 2538
3 2532 2533 2537
3 2536 2532 2537
3 2537 2533 2540
3 2532 2538 2539
3 2539 2542 2534
3 2539 2534 2532
3 2532 2534 2533
3 2541 2540 2533
3 2541 2533 2535
3 2535 2533 2534
3 2541 2535 2545
3 2534 2542 2544
3 2535 2534 2544
3 2546 2535 2544
3 2545 2535 2546
3 2536 2548 2550
3 2538 2536 2550
3 2537 2549 2536
3 2536 2549 2548
3 2549 2537 2540
3 2551 2549 2540
3 2543 2539 2538
3 2543 2538 2553
3 2553 2538 2550
3 2539 2543 2542
3 2547 2540 2541
3 2547 2555 2540
3 2555 2551 2540
3 2541 2545 2547
3 2543 2553 2554
3 2542 2543 2554
3 2542 2554 2544
3 2544 2554 2556
3 2555 2547 2546
3 2555 2546 2556
3 2556 2546 2544
3 2545 2546 2547
3 2548 2558 2559
3 2550 2548 2559
3 2552 2560 2558
3 2552 2558 2549
3 2549 2558 2548
3 2549 2551 2552
3 2550 2559 2553
3 2559 2562 2553
3 2552 2561 2560
3 2561 2552 2551
3 2561 2551 2564
3 2564 2551 2555
3 2553 2562 2563
3 2554 2553 2563
3 2556 2554 2565
3 2554 2563 2565
3 2564 2555 2556
3 2564 2556 2565
3 2567 2557 2566
3 2566 2557 2568
3 2557 2567 2569
3 2568 2557 2569
3 2558 2570 2571
3 2559 2558 2571
3 2570 2558 2560
3 2572 2570 2560
3 2559 2571 2562
3 2571 2574 2562
3 2560 2573 2572
3 2561 2573 2560
3 2573 2561 2564
3 2576 2573 2564
3 2562 2574 2575
3 2563 2562 2575
3 2565 2563 2577
3 2563 2575 2577
3 2566 2578 2567
3 2578 2579 2567
3 2565 2576 2564
3 2565 2577 2576
3 2578 2566 2568
3 2580 2578 2568
3 2567 2579 2581
3 2569 2567 2581
3 2580 2568 2569
3 2581 2580 2569
3 2570 2582 2583
3 2571 2570 2583
3 2582 2570 2572
3 2584 2582 2572
3 2571 2583 2574
3 2583 2586 2574
3 2572 2585 2584
3 2573 2585 2572
3 2585 2573 2576
3 2588 2585 2576
3 2574 2586 2587
3 2575 2574 2587
3 2577 2575 2589
3 2575 2587 2589
3 2578 2590 2579
3 2590 2591 2579
3 2577 2588 2576
3 2577 2589 2588
3 2590 2578 2580
3 2593 2590 2580
3 2579 2591 2594
3 2581 2579 2594
3 2593 2580 2581
3 2594 2593 2581
3 2582 2595 2596
3 2583 2582 2596
3 2595 2582 2584
3 2597 2595 2584
3 2583 2596 2586
3 2596 2599 2586
3 2584 2598 2597
3 2585 2598 2584
3 2598 2585 2588
3 2601 2598 2588
3 2586 2599 2600
3 2587 2586 2600
3 2592 2600 2603
3 2592 2589 2600
3 2589 2587 2600
3 2588 2592 2601
3 2588 2589 2592
3 2601 2592 2602
3 2591 2590 2592
3 2602 2592 2590
3 2602 2590 2593
3 2605 2602 2593
3 2592 2603 2604
3 2591 2592 2604
3 2591 2604 2594
3 2594 2604 2606
3 2605 2593 2594
3 2606 2605 2594
3 2595 2607 2608
3 2596 2595 2608
3 2607 2595 2597
3 2609 2607 2597
3 2596 2608 2599
3 2608 2611 2599
3 2597 2610 2609
3 2598 2610 2597
3 2610 2598 2601
3 2613 2610 2601
3 2599 2611 2612
3 2600 2599 2612
3 2612 2603 2600
3 2615 2603 2612
3 2601 2614 2613
3 2602 2614 2601
3 2614 2602 2605
3 2618 2614 2605
3 2603 2615 2616
3 2604 2603 2616
3 2606 2604 2619
3 2604 2616 2619
3 2618 2605 2606
3 2619 2618 2606
3 2607 2620 2621
3 2608 2607 2621
3 2620 2607 2609
3 2622 2620 2609
3 2608 2621 2611
3 2621 2624 2611
3 2609 2623 2622
3 2610 2623 2609
3 2623 2610 2613
3 2626 2623 2613
3 2611 2624 2625
3 2612 2611 2625
3 2615 2627 2617
3 2615 2612 2627
3 2612 2625 2627
3 2628 2617 2614
3 2628 2629 2617
3 2614 2617 2613
3 2627 2626 2617
3 2613 2617 2626
3 2628 2614 2618
3 2630 2628 2618
3 2615 2617 2616
3 2617 2629 2631
3 2617 2631 2616
3 2616 2631 2619
3 2630 2618 2619
3 2631 2630 2619
3 2620 2632 2633
3 2621 2620 2633
3 2632 2620 2622
3 2634 2632 2622
3 2621 2633 2624
3 2633 2636 2624
3 2622 2635 2634
3 2623 2635 2622
3 2635 2623 2626
3 2638 2635 2626
3 2624 2636 2637
3 2625 2624 2637
3 2627 2625 2639
3 2625 2637 2639
3 2628 2640 2629
3 2640 2641 2629
3 2627 2638 2626
3 2627 2639 2638
3 2640 2628 2630
3 2642 2640 2630
3 2629 2641 2643
3 2631 2629 2643
3 2642 2630 2631
3 2643 2642 2631
3 2632 2645 2646
3 2633 2632 2646
3 2645 2632 2634
3 2647 2645 2634
3 2633 2646 2636
3 2646 2650 2636
3 2634 2649 2647
3 2635 2649 2634
3 2649 2635 2638
3 2653 2649 2638
3 2636 2650 2651
3 2637 2636 2651
3 2639 2637 2654
3 2637 2651 2654
3 2639 2654 2653
3 2639 2653 2638
3 2640 2644 2641
3 2640 2642 2644
3 2641 2644 2643
3 2642 2643 2644
3 2645 2648 2646
3 2645 2647 2648
3 2648 2652 2650
3 2646 2648 2650
3 2647 2652 2648
3 2647 2655 2652
3 2647 2649 2655
3 2655 2656 2652
3 2655 2649 2653
3 2657 2655 2653
3 2650 2652 2651
3 2652 2656 2658
3 2652 2658 2651
3 2651 2658 2654
3 2657 2653 2654
3 2658 2657 2654
3 2655 2659 2656
3 2655 2657 2659
3 2656 2659 2658
3 2657 2658 2659
3 2660 2663 2664
3 2663 2660 2665
3 2661 2660 2664
3 2668 2661 2664
3 2667 2665 2660
3 2667 2660 2662
3 2662 2660 2661
3 2667 2662 2670
3 2661 2668 2669
3 2662 2661 2669
3 2671 2662 2669
3 2670 2662 2671
3 2663 2666 2664
3 2663 2665 2666
3 2666 2673 2675
3 2666 2675 2664
3 2664 2675 2668
3 2665 2673 2666
3 2665 2667 2673
3 2667 2674 2673
3 2674 2667 2670
3 2677 2674 2670
3 2668 2675 2676
3 2669 2668 2676
3 2672 2676 2678
3 2672 2671 2676
3 2671 2669 2676
3 2671 2672 2680
3 2671 2680 2670
3 2670 2680 2677
3 2672 2678 2681
3 2680 2672 2681
3 2673 2682 2684
3 2675 2673 2684
3 2674 2683 2673
3 2673 2683 2682
3 2683 2674 2677
3 2685 2683 2677
3 2679 2676 2675
3 2679 2675 2686
3 2686 2675 2684
3 2676 2679 2678
3 2677 2680 2685
3 2685 2680 2688
3 2679 2686 2687
3 2678 2679 2687
3 2678 2687 2681
3 2681 2687 2689
3 2688 2680 2681
3 2689 2688 2681
3 2682 2690 2692
3 2684 2682 2692
3 2683 2691 2682
3 2682 2691 2690
3 2691 2683 2685
3 2693 2691 2685
3 2684 2692 2686
3 2692 2694 2686
3 2685 2688 2693
3 2693 2688 2696
3 2686 2694 2695
3 2687 2686 2695
3 2689 2687 2697
3 2687 2695 2697
3 2696 2688 2689
3 2697 2696 2689
3 2690 2700 2702
3 2692 2690 2702
3 2691 2701 2690
3 2690 2701 2700
3 2701 2691 2693
3 2703 2701 2693
3 2692 2702 2694
3 2702 2706 2694
3 2705 2696 2698
3 2705 2703 2696
3 2703 2693 2696
3 2705 2698 2708
3 2694 2706 2707
3 2695 2694 2707
3 2699 2707 2710
3 2699 2697 2707
3 2697 2695 2707
3 2697 2699 2712
3 2696 2697 2712
3 2696 2712 2709
3 2696 2709 2698
3 2708 2698 2709
3 2699 2710 2713
3 2712 2699 2713
3 2700 2714 2715
3 2702 2700 2715
3 2704 2716 2714
3 2704 2714 2701
3 2701 2714 2700
3 2701 2703 2704
3 2702 2715 2706
3 2715 2719 2706
3 2704 2717 2716
3 2703 2717 2704
3 2703 2705 2717
3 2705 2718 2717
3 2718 2705 2708
3 2720 2718 2708
3 2711 2707 2706
3 2711 2706 2723
3 2723 2706 2719
3 2707 2711 2710
3 2709 2725 2721
3 2712 2725 2709
3 2720 2708 2709
3 2721 2720 2709
3 2711 2723 2724
3 2710 2711 2724
3 2710 2724 2713
3 2713 2724 2726
3 2725 2712 2713
3 2726 2725 2713
3 2714 2729 2730
3 2715 2714 2730
3 2729 2714 2716
3 2731 2729 2716
3 2715 2730 2719
3 2730 2734 2719
3 2716 2733 2731
3 2717 2733 2716
3 2722 2736 2733
3 2722 2733 2718
3 2718 2733 2717
3 2718 2720 2722
3 2719 2734 2723
3 2734 2738 2723
3 2721 2736 2722
3 2721 2725 2736
3 2725 2740 2736
3 2720 2721 2722
3 2727 2724 2723
3 2727 2723 2742
3 2742 2723 2738
3 2724 2728 2726
3 2727 2728 2724
3 2726 2728 2745
3 2726 2745 2725
3 2725 2745 2740
3 2727 2742 2743
3 2728 2727 2743
3 2746 2728 2743
3 2745 2728 2746
3 2729 2732 2730
3 2729 2731 2732
3 2732 2735 2734
3 2730 2732 2734
3 2731 2733 2737
3 2731 2737 2732
3 2732 2737 2735
3 2733 2736 2737
3 2735 2739 2738
3 2734 2735 2738
3 2737 2741 2735
3 2741 2739 2735
3 2736 2740 2741
3 2737 2736 2741
3 2739 2744 2742
3 2738 2739 2742
3 2741 2747 2739
3 2747 2744 2739
3 2740 2745 2747
3 2741 2740 2747
3 2742 2744 2743
3 2746 2743 2744
3 2747 2746 2744
3 2745 2746 2747
3 2748 2756 2758
3 2748 2749 2757
3 2756 2748 2757
3 2757 2749 2759
3 2750 2748 2758
3 2761 2750 2758
3 2749 2748 2751
3 2751 2748 2750
3 2760 2759 2749
3 2760 2749 2752
3 2752 2749 2751
3 2760 2752 2762
3 2753 2750 2761
3 2764 2753 2761
3 2751 2750 2754
3 2754 2750 2753
3 2752 2751 2755
3 2755 2751 2754
3 2767 2762 2752
3 2755 2767 2752
3 2753 2764 2765
3 2754 2753 2765
3 2766 2754 2765
3 2755 2754 2766
3 2768 2755 2766
3 2767 2755 2768
3 2756 2770 2772
3 2758 2756 2772
3 2757 2771 2756
3 2756 2771 2770
3 2771 2757 2759
3 2773 2771 2759
3 2758 2772 2761
3 2772 2777 2761
3 2759 2774 2773
3 2760 2774 2759
3 2762 2763 2776
3 2762 2776 2760
3 2760 2776 2774
3 2776 2763 2779
3 2761 2777 2764
3 2777 2782 2764
3 2769 2785 2778
3 2763 2778 2780
3 2763 2767 2778
3 2763 2762 2767
3 2767 2769 2778
3 2779 2763 2780
3 2764 2782 2783
3 2765 2764 2783
3 2766 2765 2786
3 2765 2783 2786
3 2785 2769 2768
3 2785 2768 2786
3 2786 2768 2766
3 2767 2768 2769
3 2770 2788 2792
3 2772 2770 2792
3 2771 2790 2770
3 2770 2790 2788
3 2773 2775 2791
3 2773 2791 2771
3 2771 2791 2790
3 2791 2775 2793
3 2772 2792 2777
3 2792 2794 2777
3 2773 2774 2775
3 2775 2774 2776
3 2775 2776 2798
3 2775 2798 2793
3 2798 2776 2781
3 2776 2779 2781
3 2795 2784 2782
3 2795 2782 2794
3 2794 2782 2777
3 2784 2796 2787
3 2795 2796 2784
3 2787 2778 2785
3 2787 2796 2778
3 2796 2799 2778
3 2798 2781 2780
3 2798 2780 2799
3 2799 2780 2778
3 2779 2780 2781
3 2782 2784 2783
3 2786 2783 2784
3 2787 2786 2784
3 2785 2786 2787
3 2789 2801 2802
3 2801 2789 2803
3 2788 2789 2802
3 2788 2802 2792
3 2792 2802 2807
3 2789 2804 2803
3 2789 2788 2804
3 2788 2790 2804
3 2791 2806 2790
3 2790 2806 2804
3 2806 2791 2793
3 2809 2806 2793
3 2792 2807 2794
3 2807 2812 2794
3 2797 2813 2808
3 2797 2810 2800
3 2808 2810 2797
3 2800 2810 2809
3 2800 2809 2798
3 2798 2809 2793
3 2794 2812 2814
3 2795 2794 2814
3 2813 2797 2796
3 2813 2796 2814
3 2814 2796 2795
3 2799 2796 2797
3 2800 2799 2797
3 2798 2799 2800
3 2801 2816 2819
3 2802 2801 2819
3 2803 2805 2817
3 2803 2817 2801
3 2801 2817 2816
3 2817 2805 2820
3 2802 2819 2807
3 2819 2821 2807
3 2803 2804 2805
3 2805 2804 2806
3 2805 2806 2824
3 2805 2824 2820
3 2824 2806 2811
3 2806 2809 2811
3 2822 2815 2812
3 2822 2812 2821
3 2821 2812 2807
3 2815 2808 2813
3 2815 2822 2808
3 2822 2825 2808
3 2824 2811 2810
3 2824 2810 2825
3 2825 2810 2808
3 2809 2810 2811
3 2812 2815 2814
3 2813 2814 2815
3 2818 2827 2828
3 2827 2818 2830
3 2816 2829 2832
3 2819 2816 2832
3 2828 2817 2818
3 2828 2829 2817
3 2829 2816 2817
3 2818 2817 2820
3 2818 2820 2830
3 2830 2820 2835
3 2833 2823 2821
3 2833 2821 2832
3 2832 2821 2819
3 2823 2836 2826
3 2833 2836 2823
3 2826 2836 2835
3 2826 2835 2824
3 2824 2835 2820
3 2821 2823 2822
3 2825 2822 2823
3 2826 2825 2823
3 2824 2825 2826
3 2827 2831 2828
3 2827 2830 2831
3 2829 2834 2832
3 2829 2828 2831
3 2829 2831 2834
3 2834 2831 2837
3 2830 2835 2837
3 2831 2830 2837
3 2832 2834 2833
3 2836 2833 2834
3 2837 2836 2834
3 2835 2836 2837
3 2838 2842 2844
3 2838 2839 2843
3 2842 2838 2843
3 2843 2839 2845
3 2840 2838 2844
3 2846 2840 2844
3 2839 2838 2841
3 2841 2838 2840
3 2848 2845 2839
3 2841 2848 2839
3 2840 2846 2847
3 2841 2840 2847
3 2849 2841 2847
3 2848 2841 2849
3 2842 2852 2854
3 2844 2842 2854
3 2843 2853 2842
3 2842 2853 2852
3 2853 2843 2845
3 2856 2853 2845
3 2844 2854 2846
3 2854 2859 2846
3 2850 2860 2857
3 2850 2857 2856
3 2850 2856 2848
3 2848 2856 2845
3 2851 2847 2846
3 2851 2846 2862
3 2862 2846 2859
3 2850 2863 2860
3 2850 2847 2863
3 2850 2849 2847
3 2851 2863 2847
3 2848 2849 2850
3 2851 2862 2864
3 2863 2851 2864
3 2852 2855 2854
3 2852 2853 2858
3 2855 2852 2858
3 2853 2856 2858
3 2855 2861 2859
3 2854 2855 2859
3 2857 2860 2861
3 2857 2861 2858
3 2858 2861 2855
3 2856 2857 2858
3 2861 2865 2862
3 2859 2861 2862
3 2860 2863 2865
3 2861 2860 2865
3 2862 2865 2864
3 2863 2864 2865
3 2866 2873 2876
3 2873 2866 2879
3 2867 2877 2880
3 2876 2877 2867
3 2876 2867 2866
3 2866 2867 2868
3 2883 2879 2866
3 2868 2883 2866
3 2867 2880 2882
3 2882 2885 2869
3 2882 2869 2867
3 2867 2869 2868
3 2886 2883 2868
3 2869 2886 2868
3 2869 2885 2887
3 2886 2869 2887
3 2870 2888 2889
3 2888 2870 2891
3 2871 2890 2893
3 2889 2890 2871
3 2889 2871 2870
3 2870 2871 2872
3 2892 2891 2870
3 2892 2870 2874
3 2874 2870 2872
3 2892 2874 2894
3 2875 2871 2893
3 2895 2875 2893
3 2872 2871 2878
3 2878 2871 2875
3 2873 2878 2876
3 2873 2874 2878
3 2874 2872 2878
3 2874 2873 2879
3 2874 2879 2894
3 2894 2879 2896
3 2881 2875 2895
3 2898 2881 2895
3 2877 2881 2880
3 2877 2878 2881
3 2878 2875 2881
3 2876 2878 2877
3 2897 2883 2884
3 2897 2896 2883
3 2896 2879 2883
3 2897 2884 2903
3 2881 2898 2899
3 2880 2881 2899
3 2880 2899 2882
3 2882 2899 2901
3 2901 2885 2882
3 2906 2885 2901
3 2884 2907 2904
3 2884 2883 2907
3 2883 2886 2907
3 2903 2884 2904
3 2885 2906 2908
3 2887 2885 2908
3 2907 2886 2887
3 2908 2907 2887
3 2888 2910 2912
3 2889 2888 2912
3 2910 2888 2891
3 2914 2910 2891
3 2890 2913 2917
3 2893 2890 2917
3 2912 2890 2889
3 2913 2890 2912
3 2891 2915 2914
3 2892 2915 2891
3 2915 2892 2894
3 2918 2915 2894
3 2893 2917 2895
3 2917 2919 2895
3 2894 2896 2918
3 2918 2896 2923
3 2920 2900 2898
3 2920 2898 2919
3 2919 2898 2895
3 2900 2922 2902
3 2920 2922 2900
3 2922 2924 2902
3 2905 2896 2897
3 2905 2925 2896
3 2925 2923 2896
3 2897 2903 2905
3 2898 2900 2899
3 2901 2899 2900
3 2902 2901 2900
3 2906 2926 2909
3 2901 2926 2906
3 2901 2924 2926
3 2901 2902 2924
3 2925 2909 2926
3 2905 2909 2925
3 2905 2907 2909
3 2905 2904 2907
3 2903 2904 2905
3 2906 2909 2908
3 2907 2908 2909
3 2911 2927 2928
3 2927 2911 2930
3 2910 2911 2928
3 2910 2928 2912
3 2912 2928 2932
3 2914 2916 2931
3 2910 2914 2931
3 2910 2931 2930
3 2910 2930 2911
3 2931 2916 2935
3 2913 2933 2936
3 2917 2913 2936
3 2932 2913 2912
3 2933 2913 2932
3 2914 2915 2916
3 2916 2915 2918
3 2916 2918 2935
3 2935 2918 2939
3 2937 2921 2919
3 2937 2919 2936
3 2936 2919 2917
3 2937 2940 2921
3 2918 2923 2939
3 2939 2923 2943
3 2919 2921 2920
3 2921 2940 2941
3 2921 2941 2920
3 2920 2941 2922
3 2941 2924 2922
3 2945 2924 2941
3 2923 2925 2943
3 2943 2925 2946
3 2924 2945 2947
3 2926 2924 2947
3 2946 2925 2926
3 2947 2946 2926
3 2929 2949 2952
3 2929 2928 2927
3 2929 2927 2949
3 2949 2927 2951
3 2951 2927 2930
3 2953 2951 2930
3 2934 2929 2952
3 2955 2934 2952
3 2928 2934 2932
3 2929 2934 2928
3 2930 2954 2953
3 2931 2954 2930
3 2954 2931 2935
3 2959 2954 2935
3 2933 2938 2936
3 2934 2955 2956
3 2956 2932 2934
3 2956 2961 2932
3 2933 2932 2938
3 2938 2932 2961
3 2935 2939 2959
3 2959 2939 2964
3 2936 2938 2937
3 2940 2962 2942
3 2937 2962 2940
3 2937 2961 2962
3 2937 2938 2961
3 2942 2965 2944
3 2962 2965 2942
3 2944 2965 2964
3 2944 2964 2943
3 2943 2964 2939
3 2940 2942 2941
3 2945 2941 2942
3 2945 2942 2948
3 2948 2942 2944
3 2943 2946 2948
3 2944 2943 2948
3 2945 2948 2947
3 2946 2947 2948
3 2950 2967 2968
3 2967 2950 2969
3 2949 2950 2968
3 2949 2968 2952
3 2952 2968 2972
3 2950 2971 2969
3 2950 2949 2971
3 2949 2951 2971
3 2971 2951 2953
3 2975 2971 2953
3 2973 2957 2955
3 2973 2955 2972
3 2972 2955 2952
3 2957 2976 2958
3 2973 2976 2957
3 2954 2960 2958
3 2954 2958 2975
3 2954 2975 2953
3 2976 2975 2958
3 2954 2959 2960
3 2955 2957 2956
3 2961 2956 2957
3 2961 2957 2963
3 2963 2957 2958
3 2960 2966 2958
3 2966 2963 2958
3 2959 2964 2966
3 2960 2959 2966
3 2961 2963 2962
3 2965 2962 2963
3 2966 2965 2963
3 2964 2965 2966
3 2967 2970 2968
3 2967 2969 2970
3 2970 2974 2972
3 2968 2970 2972
3 2969 2971 2977
3 2969 2977 2970
3 2970 2977 2974
3 2971 2975 2977
3 2972 2974 2973
3 2976 2973 2974
3 2977 2976 2974
3 2975 2976 2977
3 2978 2981 2983
3 2981 2978 2985
3 2978 2983 2986
3 2985 2978 2986
3 2979 2989 2991
3 2989 2979 2994
3 2980 2992 2995
3 2991 2992 2980
3 2991 2980 2979
3 2979 2980 2982
3 2996 2994 2979
3 2982 2996 2979
3 2984 2980 2995
3 2999 2984 2995
3 2981 2987 2983
3 2982 2984 2997
3 2982 2980 2984
3 2984 3000 2997
3 2982 2997 2996
3 2981 2985 2987
3 2988 2984 2999
3 3001 2988 2999
3 2984 2988 3002
3 2984 3002 3000
3 2987 2986 2983
3 2985 2986 2987
3 2988 3001 3003
3 3002 2988 3003
3 2990 3005 3006
3 3005 2990 3009
3 2993 3007 3010
3 3006 3007 2993
3 2990 3006 2993
3 2990 2993 2991
3 2990 2991 2989
3 2990 2989 2994
3 2990 2994 3009
3 3009 2994 3011
3 2992 2993 3010
3 2992 3010 2995
3 2995 3010 3014
3 2991 2993 2992
3 3012 2998 3015
3 2998 3012 3011
3 2998 3011 2996
3 2996 3011 2994
3 2995 3014 2999
3 3014 3016 2999
3 2997 3015 2998
3 2997 3000 3015
3 3000 3017 3015
3 2996 2997 2998
3 3018 3004 3001
3 3018 3001 3016
3 3016 3001 2999
3 3004 3018 3017
3 3004 3017 3002
3 3002 3017 3000
3 3001 3004 3003
3 3002 3003 3004
3 3008 3020 3023
3 3008 3006 3005
3 3008 3005 3020
3 3020 3005 3022
3 3022 3005 3009
3 3024 3022 3009
3 3007 3008 3023
3 3007 3023 3010
3 3010 3023 3027
3 3006 3008 3007
3 3025 3013 3028
3 3013 3025 3024
3 3013 3024 3011
3 3011 3024 3009
3 3010 3027 3014
3 3027 3030 3014
3 3012 3028 3013
3 3012 3015 3028
3 3015 3031 3028
3 3011 3012 3013
3 3032 3019 3016
3 3032 3016 3030
3 3030 3016 3014
3 3019 3032 3031
3 3019 3031 3017
3 3017 3031 3015
3 3016 3019 3018
3 3017 3018 3019
3 3021 3034 3035
3 3034 3021 3036
3 3020 3021 3035
3 3020 3035 3023
3 3023 3035 3038
3 3021 3020 3022
3 3021 3022 3039
3 3021 3039 3036
3 3039 3022 3026
3 3022 3024 3026
3 3040 3029 3027
3 3040 3027 3038
3 3038 3027 3023
3 3039 3029 3040
3 3026 3029 3039
3 3026 3028 3029
3 3026 3025 3028
3 3024 3025 3026
3 3029 3033 3030
3 3027 3029 3030
3 3028 3031 3033
3 3029 3028 3033
3 3030 3033 3032
3 3031 3032 3033
3 3034 3037 3035
3 3034 3036 3037
3 3037 3041 3038
3 3035 3037 3038
3 3036 3039 3041
3 3037 3036 3041
3 3038 3041 3040
3 3039 3040 3041
3 3042 3045 3048
3 3045 3042 3049
3 3043 3042 3048
3 3050 3043 3048
3 3052 3049 3042
3 3043 3052 3042
3 3044 3043 3050
3 3053 3044 3050
3 3055 3052 3043
3 3044 3055 3043
3 3044 3053 3056
3 3055 3044 3056
3 3046 3058 3062
3 3046 3047 3060
3 3058 3046 3060
3 3060 3047 3063
3 3045 3046 3062
3 3045 3062 3048
3 3048 3062 3065
3 3064 3047 3046
3 3064 3046 3049
3 3064 3049 3068
3 3045 3049 3046
3 3063 3047 3064
3 3051 3066 3069
3 3051 3065 3066
3 3051 3050 3065
3 3050 3048 3065
3 3049 3052 3068
3 3068 3052 3070
3 3054 3051 3069
3 3073 3054 3069
3 3054 3071 3051
3 3054 3074 3071
3 3051 3071 3050
3 3057 3053 3071
3 3050 3071 3053
3 3057 3071 3070
3 3057 3070 3055
3 3055 3070 3052
3 3054 3073 3075
3 3053 3057 3056
3 3054 3075 3074
3 3055 3056 3057
3 3059 3077 3080
3 3059 3061 3079
3 3077 3059 3079
3 3079 3061 3081
3 3058 3059 3080
3 3058 3080 3062
3 3062 3080 3083
3 3060 3059 3058
3 3061 3059 3060
3 3061 3060 3063
3 3061 3063 3081
3 3081 3063 3086
3 3067 3084 3089
3 3067 3083 3084
3 3067 3065 3083
3 3065 3062 3083
3 3064 3091 3087
3 3068 3091 3064
3 3086 3063 3064
3 3087 3086 3064
3 3066 3067 3089
3 3066 3089 3069
3 3069 3089 3094
3 3065 3067 3066
3 3092 3072 3095
3 3072 3092 3091
3 3072 3091 3070
3 3070 3091 3068
3 3096 3076 3073
3 3096 3073 3094
3 3094 3073 3069
3 3095 3076 3096
3 3072 3076 3095
3 3072 3074 3076
3 3072 3071 3074
3 3070 3071 3072
3 3073 3076 3075
3 3074 3075 3076
3 3078 3098 3099
3 3098 3078 3100
3 3077 3078 3099
3 3077 3099 3080
3 3080 3099 3101
3 3078 3077 3079
3 3078 3079 3104
3 3078 3104 3100
3 3104 3079 3082
3 3079 3081 3082
3 3085 3102 3105
3 3085 3101 3102
3 3085 3083 3101
3 3083 3080 3101
3 3088 3104 3082
3 3108 3104 3088
3 3081 3086 3088
3 3082 3081 3088
3 3084 3090 3089
3 3085 3105 3106
3 3090 3083 3093
3 3090 3084 3083
3 3093 3083 3109
3 3085 3106 3083
3 3109 3083 3106
3 3108 3093 3109
3 3088 3093 3108
3 3088 3091 3093
3 3088 3087 3091
3 3086 3087 3088
3 3090 3097 3094
3 3089 3090 3094
3 3092 3095 3097
3 3092 3097 3093
3 3093 3097 3090
3 3091 3092 3093
3 3094 3097 3096
3 3095 3096 3097
3 3098 3111 3112
3 3099 3098 3112
3 3111 3098 3100
3 3114 3111 3100
3 3103 3113 3116
3 3103 3112 3113
3 3103 3101 3112
3 3101 3099 3112
3 3100 3104 3114
3 3114 3104 3119
3 3102 3107 3105
3 3103 3116 3117
3 3107 3101 3110
3 3107 3102 3101
3 3110 3101 3120
3 3103 3117 3101
3 3120 3101 3117
3 3110 3120 3119
3 3110 3119 3108
3 3108 3119 3104
3 3105 3107 3106
3 3109 3106 3107
3 3110 3109 3107
3 3108 3109 3110
3 3111 3115 3112
3 3111 3114 3115
3 3113 3118 3116
3 3113 3112 3115
3 3113 3115 3118
3 3118 3115 3121
3 3114 3119 3121
3 3115 3114 3121
3 3116 3118 3117
3 3120 3117 3118
3 3121 3120 3118
3 3119 3120 3121
3 3122 3124 3125
3 3124 3122 3126
3 3122 3125 3127
3 3128 3130 3123
3 3126 3122 3127
3 3128 3123 3131
3 3123 3130 3132
3 3131 3123 3132
3 3124 3136 3139
3 3125 3124 3139
3 3126 3129 3138
3 3126 3138 3124
3 3124 3138 3136
3 3138 3129 3142
3 3125 3139 3141
3 3127 3125 3141
3 3130 3129 3144
3 3130 3128 3129
3 3144 3129 3141
3 3126 3127 3129
3 3141 3129 3127
3 3131 3133 3143
3 3128 3131 3143
3 3128 3143 3142
3 3128 3142 3129
3 3143 3133 3146
3 3130 3144 3145
3 3132 3130 3145
3 3133 3131 3132
3 3133 3132 3147
3 3147 3132 3145
3 3146 3133 3147
3 3134 3152 3156
3 3134 3135 3154
3 3152 3134 3154
3 3135 3137 3155
3 3154 3135 3155
3 3155 3137 3158
3 3134 3156 3157
3 3157 3160 3140
3 3157 3140 3134
3 3134 3140 3135
3 3136 3140 3139
3 3136 3137 3140
3 3137 3135 3140
3 3137 3159 3158
3 3137 3136 3159
3 3136 3138 3159
3 3159 3138 3142
3 3163 3159 3142
3 3140 3160 3161
3 3139 3140 3161
3 3139 3161 3141
3 3141 3161 3162
3 3162 3144 3141
3 3164 3144 3162
3 3148 3142 3143
3 3148 3165 3142
3 3165 3163 3142
3 3143 3146 3148
3 3144 3164 3166
3 3145 3144 3166
3 3165 3148 3147
3 3165 3147 3166
3 3166 3147 3145
3 3146 3147 3148
3 3149 3168 3171
3 3149 3150 3170
3 3168 3149 3170
3 3170 3150 3173
3 3149 3171 3172
3 3172 3175 3151
3 3172 3151 3149
3 3149 3151 3150
3 3174 3173 3150
3 3174 3150 3153
3 3153 3150 3151
3 3174 3153 3177
3 3151 3175 3176
3 3152 3181 3156
3 3152 3151 3181
3 3152 3153 3151
3 3151 3176 3181
3 3153 3178 3177
3 3153 3152 3178
3 3152 3154 3178
3 3155 3180 3154
3 3154 3180 3178
3 3180 3155 3158
3 3183 3180 3158
3 3156 3181 3182
3 3157 3156 3182
3 3182 3160 3157
3 3185 3160 3182
3 3158 3184 3183
3 3159 3184 3158
3 3184 3159 3163
3 3189 3184 3163
3 3160 3185 3186
3 3161 3160 3186
3 3162 3161 3187
3 3161 3186 3187
3 3164 3190 3167
3 3164 3162 3190
3 3162 3187 3190
3 3167 3190 3189
3 3167 3189 3165
3 3165 3189 3163
3 3164 3167 3166
3 3165 3166 3167
3 3169 3192 3193
3 3192 3169 3194
3 3168 3169 3193
3 3168 3193 3171
3 3171 3193 3197
3 3169 3195 3194
3 3169 3168 3195
3 3168 3170 3195
3 3195 3170 3173
3 3199 3195 3173
3 3171 3197 3198
3 3172 3171 3198
3 3198 3175 3172
3 3203 3175 3198
3 3173 3200 3199
3 3174 3200 3173
3 3177 3179 3202
3 3177 3202 3174
3 3174 3202 3200
3 3202 3179 3205
3 3175 3203 3204
3 3176 3175 3204
3 3204 3181 3176
3 3208 3181 3204
3 3177 3178 3179
3 3179 3207 3205
3 3179 3178 3207
3 3178 3180 3207
3 3207 3180 3183
3 3211 3207 3183
3 3181 3208 3209
3 3182 3181 3209
3 3209 3185 3182
3 3214 3185 3209
3 3188 3215 3212
3 3184 3191 3188
3 3184 3188 3211
3 3184 3211 3183
3 3212 3211 3188
3 3184 3189 3191
3 3185 3214 3216
3 3186 3185 3216
3 3215 3188 3187
3 3215 3187 3216
3 3216 3187 3186
3 3190 3187 3188
3 3191 3190 3188
3 3189 3190 3191
3 3192 3218 3221
3 3193 3192 3221
3 3194 3196 3220
3 3194 3220 3192
3 3192 3220 3218
3 3220 3196 3222
3 3193 3221 3197
3 3221 3224 3197
3 3194 3195 3196
3 3199 3201 3223
3 3195 3199 3223
3 3195 3223 3222
3 3195 3222 3196
3 3223 3201 3226
3 3197 3224 3225
3 3198 3197 3225
3 3225 3203 3198
3 3228 3203 3225
3 3199 3200 3201
3 3201 3200 3202
3 3201 3202 3231
3 3201 3231 3226
3 3231 3202 3206
3 3202 3205 3206
3 3203 3228 3229
3 3204 3203 3229
3 3229 3208 3204
3 3233 3208 3229
3 3210 3231 3206
3 3234 3231 3210
3 3205 3207 3213
3 3205 3213 3206
3 3206 3213 3210
3 3207 3211 3213
3 3208 3233 3235
3 3209 3208 3235
3 3214 3210 3217
3 3214 3235 3210
3 3214 3209 3235
3 3235 3234 3210
3 3212 3215 3217
3 3212 3217 3213
3 3213 3217 3210
3 3211 3212 3213
3 3214 3217 3216
3 3215 3216 3217
3 3219 3237 3238
3 3237 3219 3239
3 3218 3219 3238
3 3218 3238 3221
3 3221 3238 3241
3 3219 3240 3239
3 3219 3218 3240
3 3218 3220 3240
3 3240 3220 3222
3 3242 3240 3222
3 3221 3241 3224
3 3241 3244 3224
3 3227 3222 3223
3 3227 3247 3222
3 3247 3242 3222
3 3223 3226 3227
3 3224 3244 3245
3 3225 3224 3245
3 3228 3248 3230
3 3228 3225 3248
3 3225 3245 3248
3 3247 3230 3248
3 3247 3227 3230
3 3227 3232 3230
3 3226 3231 3232
3 3227 3226 3232
3 3228 3230 3229
3 3233 3229 3230
3 3233 3230 3236
3 3236 3230 3232
3 3231 3234 3236
3 3232 3231 3236
3 3233 3236 3235
3 3234 3235 3236
3 3237 3250 3251
3 3238 3237 3251
3 3250 3237 3239
3 3252 3250 3239
3 3238 3251 3241
3 3251 3254 3241
3 3243 3239 3240
3 3243 3255 3239
3 3255 3252 3239
3 3240 3242 3243
3 3256 3246 3244
3 3256 3244 3254
3 3254 3244 3241
3 3255 3246 3256
3 3255 3243 3246
3 3243 3249 3246
3 3242 3247 3249
3 3243 3242 3249
3 3244 3246 3245
3 3248 3245 3246
3 3249 3248 3246
3 3247 3248 3249
3 3250 3253 3251
3 3250 3252 3253
3 3253 3257 3254
3 3251 3253 3254
3 3252 3255 3257
3 3253 3252 3257
3 3254 3257 3256
3 3255 3256 3257
3 3258 3263 3264
3 3263 3258 3265
3 3259 3258 3264
3 3268 3259 3264
3 3266 3265 3258
3 3266 3258 3260
3 3260 3258 3259
3 3260 3261 3267
3 3266 3260 3267
3 3267 3261 3270
3 3259 3268 3269
3 3269 3272 3262
3 3269 3262 3259
3 3259 3262 3260
3 3273 3271 3261
3 3273 3261 3262
3 3262 3261 3260
3 3270 3261 3271
3 3262 3272 3274
3 3273 3262 3274
3 3263 3275 3276
3 3264 3263 3276
3 3275 3263 3265
3 3277 3275 3265
3 3264 3276 3268
3 3276 3281 3268
3 3265 3279 3277
3 3266 3279 3265
3 3267 3280 3266
3 3266 3280 3279
3 3280 3267 3270
3 3283 3280 3270
3 3268 3281 3282
3 3269 3268 3282
3 3282 3272 3269
3 3285 3272 3282
3 3271 3286 3284
3 3273 3286 3271
3 3283 3270 3271
3 3284 3283 3271
3 3272 3285 3287
3 3274 3272 3287
3 3286 3273 3274
3 3287 3286 3274
3 3275 3278 3276
3 3275 3277 3278
3 3278 3288 3291
3 3278 3291 3276
3 3276 3291 3281
3 3277 3288 3278
3 3277 3279 3288
3 3279 3289 3288
3 3280 3290 3279
3 3279 3290 3289
3 3290 3280 3283
3 3293 3290 3283
3 3281 3291 3292
3 3282 3281 3292
3 3292 3285 3282
3 3296 3285 3292
3 3284 3298 3294
3 3286 3298 3284
3 3293 3283 3284
3 3294 3293 3284
3 3285 3296 3299
3 3287 3285 3299
3 3298 3286 3287
3 3299 3298 3287
3 3288 3301 3303
3 3291 3288 3303
3 3289 3302 3288
3 3288 3302 3301
3 3295 3305 3302
3 3295 3302 3290
3 3290 3302 3289
3 3290 3293 3295
3 3297 3292 3291
3 3297 3291 3306
3 3306 3291 3303
3 3292 3297 3296
3 3294 3305 3295
3 3294 3298 3305
3 3298 3308 3305
3 3293 3294 3295
3 3297 3306 3307
3 3296 3297 3307
3 3296 3307 3299
3 3299 3307 3309
3 3308 3298 3299
3 3309 3308 3299
3 3300 3311 3312
3 3311 3300 3313
3 3304 3300 3312
3 3316 3304 3312
3 3303 3301 3314
3 3303 3314 3300
3 3303 3300 3304
3 3313 3300 3314
3 3302 3315 3301
3 3301 3315 3314
3 3315 3302 3305
3 3318 3315 3305
3 3304 3316 3317
3 3317 3303 3304
3 3317 3320 3303
3 3320 3306 3303
3 3310 3321 3319
3 3310 3319 3318
3 3310 3318 3308
3 3308 3318 3305
3 3306 3320 3322
3 3307 3306 3322
3 3321 3310 3309
3 3321 3309 3322
3 3322 3309 3307
3 3308 3309 3310
3 3311 3323 3324
3 3312 3311 3324
3 3323 3311 3313
3 3325 3323 3313
3 3312 3324 3316
3 3324 3328 3316
3 3313 3326 3325
3 3314 3326 3313
3 3315 3327 3314
3 3314 3327 3326
3 3327 3315 3318
3 3330 3327 3318
3 3316 3328 3329
3 3317 3316 3329
3 3329 3320 3317
3 3333 3320 3329
3 3319 3334 3331
3 3321 3334 3319
3 3330 3318 3319
3 3331 3330 3319
3 3320 3333 3335
3 3322 3320 3335
3 3334 3321 3322
3 3335 3334 3322
3 3323 3337 3338
3 3324 3323 3338
3 3337 3323 3325
3 3339 3337 3325
3 3324 3338 3328
3 3338 3342 3328
3 3325 3341 3339
3 3326 3341 3325
3 3332 3344 3341
3 3332 3341 3327
3 3327 3341 3326
3 3327 3330 3332
3 3328 3342 3343
3 3329 3328 3343
3 3333 3345 3336
3 3333 3329 3345
3 3329 3343 3345
3 3344 3336 3345
3 3332 3336 3344
3 3332 3334 3336
3 3332 3331 3334
3 3330 3331 3332
3 3333 3336 3335
3 3334 3335 3336
3 3337 3340 3338
3 3337 3339 3340
3 3340 3346 3348
3 3340 3348 3338
3 3338 3348 3342
3 3339 3346 3340
3 3339 3341 3346
3 3341 3347 3346
3 3347 3341 3344
3 3351 3347 3344
3 3342 3348 3349
3 3343 3342 3349
3 3345 3343 3352
3 3343 3349 3352
3 3351 3344 3345
3 3352 3351 3345
3 3346 3350 3348
3 3346 3347 3353
3 3350 3346 3353
3 3347 3351 3353
3 3348 3350 3349
3 3352 3349 3350
3 3353 3352 3350
3 3351 3352 3353
3 3354 3356 3357
3 3356 3354 3359
3 3354 3357 3360
3 3359 3354 3360
3 3355 3363 3364
3 3363 3355 3366
3 3358 3355 3364
3 3369 3358 3364
3 3357 3356 3367
3 3357 3367 3355
3 3357 3355 3358
3 3366 3355 3367
3 3359 3361 3368
3 3359 3368 3356
3 3356 3368 3367
3 3368 3361 3372
3 3358 3369 3370
3 3357 3358 3370
3 3357 3370 3360
3 3360 3370 3371
3 3361 3359 3360
3 3361 3360 3373
3 3373 3360 3371
3 3372 3361 3373
3 3362 3376 3378
3 3376 3362 3380
3 3362 3378 3381
3 3380 3362 3381
3 3365 3383 3385
3 3365 3364 3363
3 3365 3363 3383
3 3383 3363 3384
3 3384 3363 3366
3 3388 3384 3366
3 3365 3385 3387
3 3387 3364 3365
3 3387 3390 3364
3 3390 3369 3364
3 3366 3389 3388
3 3367 3389 3366
3 3374 3393 3389
3 3374 3389 3368
3 3368 3389 3367
3 3368 3372 3374
3 3369 3390 3391
3 3370 3369 3391
3 3371 3370 3394
3 3370 3391 3394
3 3393 3374 3373
3 3393 3373 3394
3 3394 3373 3371
3 3372 3373 3374
3 3375 3396 3398
3 3375 3377 3397
3 3396 3375 3397
3 3397 3377 3399
3 3379 3375 3398
3 3401 3379 3398
3 3376 3379 3378
3 3376 3377 3379
3 3377 3375 3379
3 3380 3382 3400
3 3376 3380 3400
3 3376 3400 3399
3 3376 3399 3377
3 3400 3382 3405
3 3379 3401 3402
3 3378 3379 3402
3 3378 3402 3381
3 3381 3402 3404
3 3380 3381 3404
3 3380 3404 3386
3 3380 3386 3382
3 3408 3386 3404
3 3385 3383 3406
3 3385 3406 3382
3 3385 3382 3386
3 3405 3382 3406
3 3384 3407 3383
3 3383 3407 3406
3 3407 3384 3388
3 3411 3407 3388
3 3386 3408 3409
3 3385 3386 3409
3 3385 3409 3387
3 3387 3409 3410
3 3390 3412 3392
3 3390 3387 3412
3 3387 3410 3412
3 3389 3395 3392
3 3389 3392 3411
3 3389 3411 3388
3 3412 3411 3392
3 3389 3393 3395
3 3390 3392 3391
3 3394 3391 3392
3 3395 3394 3392
3 3393 3394 3395
3 3396 3414 3416
3 3398 3396 3416
3 3397 3415 3396
3 3396 3415 3414
3 3415 3397 3399
3 3418 3415 3399
3 3417 3403 3401
3 3417 3401 3416
3 3416 3401 3398
3 3417 3420 3403
3 3399 3419 3418
3 3400 3419 3399
3 3419 3400 3405
3 3422 3419 3405
3 3401 3403 3402
3 3403 3420 3421
3 3403 3421 3402
3 3402 3421 3404
3 3421 3408 3404
3 3425 3408 3421
3 3405 3424 3422
3 3406 3424 3405
3 3413 3428 3424
3 3413 3424 3407
3 3407 3424 3406
3 3407 3411 3413
3 3408 3425 3426
3 3409 3408 3426
3 3410 3409 3429
3 3409 3426 3429
3 3428 3413 3412
3 3428 3412 3429
3 3429 3412 3410
3 3411 3412 3413
3 3414 3431 3433
3 3416 3414 3433
3 3415 3432 3414
3 3414 3432 3431
3 3432 3415 3418
3 3436 3432 3418
3 3416 3433 3434
3 3417 3416 3434
3 3434 3420 3417
3 3438 3420 3434
3 3423 3418 3419
3 3423 3439 3418
3 3439 3436 3418
3 3419 3422 3423
3 3420 3438 3440
3 3421 3420 3440
3 3425 3423 3427
3 3425 3440 3423
3 3425 3421 3440
3 3440 3439 3423
3 3422 3424 3430
3 3422 3430 3423
3 3423 3430 3427
3 3424 3428 3430
3 3425 3427 3426
3 3429 3426 3427
3 3430 3429 3427
3 3428 3429 3430
3 3431 3435 3433
3 3431 3432 3437
3 3435 3431 3437
3 3432 3436 3437
3 3433 3435 3434
3 3438 3434 3435
3 3438 3435 3441
3 3441 3435 3437
3 3436 3439 3441
3 3437 3436 3441
3 3438 3441 3440
3 3439 3440 3441
3 3442 3445 3446
3 3445 3442 3447
3 3442 3446 3448
3 3449 3450 3443
3 3447 3442 3448
3 3449 3443 3451
3 3443 3450 3452
3 3451 3443 3452
3 3444 3454 3455
3 3454 3444 3456
3 3444 3455 3457
3 3459 3446 3445
3 3459 3445 3458
3 3456 3444 3457
3 3458 3445 3447
3 3460 3458 3447
3 3446 3459 3461
3 3448 3446 3461
3 3448 3461 3460
3 3448 3460 3447
3 3449 3453 3450
3 3449 3451 3453
3 3450 3453 3452
3 3451 3452 3453
3 3454 3462 3463
3 3455 3454 3463
3 3462 3454 3456
3 3464 3462 3456
3 3455 3463 3465
3 3457 3455 3465
3 3458 3466 3459
3 3466 3467 3459
3 3457 3464 3456
3 3457 3465 3464
3 3466 3458 3460
3 3468 3466 3460
3 3459 3467 3469
3 3461 3459 3469
3 3468 3460 3461
3 3469 3468 3461
3 3462 3470 3471
3 3463 3462 3471
3 3470 3462 3464
3 3472 3470 3464
3 3463 3471 3473
3 3465 3463 3473
3 3466 3474 3467
3 3474 3475 3467
3 3465 3472 3464
3 3465 3473 3472
3 3474 3466 3468
3 3476 3474 3468
3 3467 3475 3477
3 3469 3467 3477
3 3476 3468 3469
3 3477 3476 3469
3 3470 3479 3481
3 3471 3470 3481
3 3479 3470 3472
3 3482 3479 3472
3 3471 3481 3483
3 3473 3471 3483
3 3473 3483 3482
3 3473 3482 3472
3 3474 3478 3475
3 3474 3476 3478
3 3475 3478 3477
3 3476 3477 3478
3 3480 3485 3486
3 3485 3480 3487
3 3479 3480 3486
3 3479 3486 3481
3 3481 3486 3490
3 3482 3484 3489
3 3479 3482 3489
3 3479 3489 3487
3 3479 3487 3480
3 3489 3484 3493
3 3481 3490 3491
3 3483 3481 3491
3 3484 3482 3483
3 3484 3483 3494
3 3494 3483 3491
3 3493 3484 3494
3 3485 3488 3486
3 3485 3487 3488
3 3488 3492 3490
3 3486 3488 3490
3 3487 3492 3488
3 3487 3495 3492
3 3487 3489 3495
3 3495 3496 3492
3 3495 3489 3493
3 3497 3495 3493
3 3490 3492 3491
3 3492 3496 3498
3 3492 3498 3491
3 3491 3498 3494
3 3497 3493 3494
3 3498 3497 3494
3 3495 3499 3500
3 3496 3495 3500
3 3499 3495 3497
3 3501 3499 3497
3 3496 3500 3502
3 3498 3496 3502
3 3501 3497 3498
3 3502 3501 3498
3 3499 3503 3504
3 3500 3499 3504
3 3503 3499 3501
3 3506 3503 3501
3 3500 3504 3507
3 3502 3500 3507
3 3506 3501 3502
3 3507 3506 3502
3 3505 3510 3511
3 3508 3504 3503
3 3512 3510 3505
3 3503 3506 3508
3 3509 3505 3511
3 3513 3509 3511
3 3505 3509 3514
3 3505 3514 3512
3 3508 3507 3504
3 3506 3507 3508
3 3509 3513 3515
3 3514 3509 3515
3 3510 3516 3517
3 3511 3510 3517
3 3516 3510 3512
3 3518 3516 3512
3 3511 3517 3513
3 3517 3519 3513
3 3512 3514 3518
3 3518 3514 3520
3 3513 3519 3521
3 3515 3513 3521
3 3520 3514 3515
3 3521 3520 3515
3 3516 3522 3523
3 3517 3516 3523
3 3522 3516 3518
3 3524 3522 3518
3 3517 3523 3519
3 3523 3525 3519
3 3518 3520 3524
3 3524 3520 3526
3 3519 3525 3527
3 3521 3519 3527
3 3526 3520 3521
3 3527 3526 3521
3 3522 3529 3530
3 3523 3522 3530
3 3529 3522 3524
3 3531 3529 3524
3 3532 3528 3525
3 3532 3525 3530
3 3530 3525 3523
3 3528 3532 3531
3 3528 3531 3526
3 3526 3531 3524
3 3525 3528 3527
3 3526 3527 3528
3 3529 3533 3530
3 3529 3531 3533
3 3530 3533 3532
3 3531 3532 3533
3 3534 3541 3542
3 3541 3534 3543
3 3534 3542 3544
3 3545 3548 3535
3 3543 3534 3544
3 3535 3536 3547
3 3545 3535 3547
3 3547 3536 3550
3 3535 3548 3549
3 3549 3552 3537
3 3549 3537 3535
3 3535 3537 3536
3 3551 3550 3536
3 3551 3536 3538
3 3538 3536 3537
3 3551 3538 3555
3 3537 3552 3553
3 3538 3537 3553
3 3556 3538 3553
3 3555 3538 3556
3 3539 3558 3561
3 3539 3540 3560
3 3558 3539 3560
3 3560 3540 3563
3 3539 3561 3562
3 3540 3539 3562
3 3564 3540 3562
3 3567 3542 3541
3 3567 3541 3565
3 3563 3540 3564
3 3543 3546 3566
3 3543 3566 3541
3 3541 3566 3565
3 3566 3546 3569
3 3542 3567 3568
3 3544 3542 3568
3 3548 3546 3571
3 3548 3545 3546
3 3571 3546 3568
3 3543 3544 3546
3 3568 3546 3544
3 3546 3570 3569
3 3546 3545 3570
3 3545 3547 3570
3 3570 3547 3550
3 3574 3570 3550
3 3548 3571 3572
3 3549 3548 3572
3 3552 3575 3554
3 3552 3549 3575
3 3549 3572 3575
3 3551 3557 3554
3 3551 3554 3574
3 3551 3574 3550
3 3575 3574 3554
3 3551 3555 3557
3 3552 3554 3553
3 3556 3553 3554
3 3557 3556 3554
3 3555 3556 3557
3 3559 3577 3578
3 3577 3559 3580
3 3558 3559 3578
3 3558 3578 3561
3 3561 3578 3582
3 3559 3581 3580
3 3559 3558 3581
3 3558 3560 3581
3 3581 3560 3563
3 3585 3581 3563
3 3561 3582 3583
3 3562 3561 3583
3 3564 3562 3586
3 3562 3583 3586
3 3565 3587 3567
3 3587 3589 3567
3 3564 3585 3563
3 3564 3586 3585
3 3566 3588 3565
3 3565 3588 3587
3 3588 3566 3569
3 3592 3588 3569
3 3567 3589 3590
3 3568 3567 3590
3 3571 3593 3573
3 3571 3568 3593
3 3568 3590 3593
3 3570 3576 3573
3 3570 3573 3592
3 3570 3592 3569
3 3593 3592 3573
3 3570 3574 3576
3 3571 3573 3572
3 3575 3572 3573
3 3576 3575 3573
3 3574 3575 3576
3 3579 3595 3598
3 3579 3578 3577
3 3579 3577 3595
3 3595 3577 3596
3 3596 3577 3580
3 3600 3596 3580
3 3579 3598 3599
3 3579 3582 3578
3 3579 3601 3582
3 3579 3599 3601
3 3584 3582 3601
3 3602 3584 3581
3 3602 3603 3584
3 3581 3584 3580
3 3601 3600 3584
3 3580 3584 3600
3 3602 3581 3585
3 3604 3602 3585
3 3582 3584 3583
3 3584 3603 3605
3 3584 3605 3583
3 3583 3605 3586
3 3586 3605 3604
3 3586 3604 3585
3 3587 3591 3589
3 3587 3588 3594
3 3591 3587 3594
3 3588 3592 3594
3 3589 3591 3590
3 3593 3590 3591
3 3594 3593 3591
3 3592 3593 3594
3 3597 3606 3607
3 3606 3597 3609
3 3595 3608 3610
3 3598 3595 3610
3 3607 3596 3597
3 3607 3608 3596
3 3608 3595 3596
3 3597 3596 3600
3 3597 3600 3609
3 3609 3600 3612
3 3598 3610 3611
3 3599 3598 3611
3 3601 3599 3613
3 3599 3611 3613
3 3602 3614 3603
3 3614 3615 3603
3 3601 3612 3600
3 3601 3613 3612
3 3614 3602 3604
3 3616 3614 3604
3 3603 3615 3617
3 3605 3603 3617
3 3616 3604 3605
3 3617 3616 3605
3 3606 3618 3619
3 3607 3606 3619
3 3618 3606 3609
3 3622 3618 3609
3 3608 3620 3624
3 3610 3608 3624
3 3619 3608 3607
3 3620 3608 3619
3 3609 3612 3622
3 3622 3612 3627
3 3610 3624 3625
3 3611 3610 3625
3 3613 3611 3628
3 3611 3625 3628
3 3614 3629 3615
3 3629 3631 3615
3 3613 3627 3612
3 3613 3628 3627
3 3629 3614 3616
3 3633 3629 3616
3 3615 3631 3634
3 3617 3615 3634
3 3633 3616 3617
3 3634 3633 3617
3 3621 3635 3638
3 3621 3619 3618
3 3621 3618 3635
3 3635 3618 3636
3 3622 3623 3637
3 3622 3637 3618
3 3618 3637 3636
3 3637 3623 3640
3 3620 3626 3624
3 3621 3638 3639
3 3639 3619 3621
3 3639 3641 3619
3 3620 3619 3626
3 3626 3619 3641
3 3623 3627 3630
3 3622 3627 3623
3 3643 3640 3623
3 3630 3643 3623
3 3624 3626 3625
3 3626 3628 3625
3 3626 3644 3628
3 3626 3641 3644
3 3644 3632 3628
3 3628 3630 3627
3 3628 3632 3630
3 3629 3630 3631
3 3631 3630 3632
3 3630 3629 3633
3 3630 3633 3643
3 3643 3633 3646
3 3632 3644 3645
3 3631 3632 3645
3 3631 3645 3634
3 3634 3645 3647
3 3646 3633 3634
3 3647 3646 3634
3 3635 3648 3651
3 3638 3635 3651
3 3636 3649 3635
3 3635 3649 3648
3 3637 3650 3636
3 3636 3650 3649
3 3650 3637 3640
3 3653 3650 3640
3 3642 3639 3638
3 3642 3638 3654
3 3654 3638 3651
3 3639 3642 3641
3 3640 3643 3653
3 3653 3643 3656
3 3642 3654 3655
3 3655 3641 3642
3 3655 3657 3641
3 3657 3644 3641
3 3643 3646 3656
3 3656 3646 3659
3 3644 3657 3658
3 3645 3644 3658
3 3647 3645 3660
3 3645 3658 3660
3 3659 3646 3647
3 3660 3659 3647
3 3648 3652 3651
3 3663 3652 3648
3 3663 3648 3661
3 3661 3648 3649
3 3650 3662 3649
3 3649 3662 3661
3 3662 3650 3653
3 3665 3662 3653
3 3652 3664 3667
3 3652 3667 3651
3 3651 3667 3654
3 3663 3664 3652
3 3653 3656 3665
3 3665 3656 3669
3 3654 3667 3668
3 3655 3654 3668
3 3668 3657 3655
3 3671 3657 3668
3 3656 3659 3669
3 3669 3659 3673
3 3657 3671 3672
3 3658 3657 3672
3 3660 3658 3674
3 3658 3672 3674
3 3673 3659 3660
3 3674 3673 3660
3 3661 3676 3677
3 3663 3661 3677
3 3666 3679 3676
3 3666 3676 3662
3 3662 3676 3661
3 3662 3665 3666
3 3664 3678 3681
3 3667 3664 3681
3 3677 3664 3663
3 3678 3664 3677
3 3670 3679 3666
3 3683 3679 3670
3 3665 3669 3670
3 3666 3665 3670
3 3667 3681 3682
3 3668 3667 3682
3 3682 3671 3668
3 3684 3671 3682
3 3675 3683 3670
3 3685 3683 3675
3 3669 3673 3675
3 3670 3669 3675
3 3671 3684 3686
3 3672 3671 3686
3 3685 3675 3674
3 3685 3674 3686
3 3686 3674 3672
3 3673 3674 3675
3 3676 3680 3677
3 3676 3679 3680
3 3678 3687 3689
3 3681 3678 3689
3 3680 3678 3677
3 3680 3688 3678
3 3688 3687 3678
3 3688 3680 3679
3 3688 3679 3692
3 3692 3679 3683
3 3681 3689 3691
3 3682 3681 3691
3 3691 3684 3682
3 3693 3684 3691
3 3683 3685 3692
3 3692 3685 3694
3 3684 3693 3695
3 3686 3684 3695
3 3694 3685 3686
3 3695 3694 3686
3 3690 3696 3699
3 3690 3689 3687
3 3690 3687 3696
3 3696 3687 3697
3 3688 3698 3687
3 3687 3698 3697
3 3698 3688 3692
3 3703 3698 3692
3 3690 3699 3700
3 3689 3690 3700
3 3689 3700 3691
3 3691 3700 3702
3 3702 3693 3691
3 3705 3693 3702
3 3692 3694 3703
3 3703 3694 3707
3 3693 3705 3708
3 3695 3693 3708
3 3707 3694 3695
3 3708 3707 3695
3 3696 3701 3699
3 3711 3701 3696
3 3711 3696 3710
3 3710 3696 3697
3 3704 3712 3710
3 3704 3710 3698
3 3698 3710 3697
3 3698 3703 3704
3 3699 3701 3700
3 3701 3702 3700
3 3701 3714 3702
3 3701 3711 3714
3 3714 3706 3702
3 3709 3702 3704
3 3709 3705 3702
3 3704 3702 3712
3 3706 3715 3702
3 3712 3702 3715
3 3703 3707 3709
3 3704 3703 3709
3 3706 3714 3716
3 3705 3709 3708
3 3706 3716 3715
3 3707 3708 3709
3 3710 3713 3711
3 3710 3712 3713
3 3713 3717 3714
3 3711 3713 3714
3 3712 3715 3717
3 3713 3712 3717
3 3714 3717 3716
3 3715 3716 3717
3 3718 3724 3726
3 3718 3719 3725
3 3724 3718 3725
3 3725 3719 3728
3 3718 3726 3727
3 3727 3731 3720
3 3727 3720 3718
3 3718 3720 3719
3 3729 3728 3719
3 3729 3719 3721
3 3721 3719 3720
3 3721 3722 3730
3 3729 3721 3730
3 3730 3722 3735
3 3720 3731 3733
3 3721 3720 3733
3 3734 3721 3733
3 3734 3737 3723
3 3734 3723 3721
3 3721 3723 3722
3 3739 3735 3722
3 3723 3739 3722
3 3723 3737 3740
3 3739 3723 3740
3 3724 3742 3744
3 3726 3724 3744
3 3725 3743 3724
3 3724 3743 3742
3 3743 3725 3728
3 3746 3743 3728
3 3732 3727 3726
3 3732 3726 3748
3 3748 3726 3744
3 3727 3732 3731
3 3728 3747 3746
3 3729 3747 3728
3 3736 3752 3747
3 3736 3747 3730
3 3730 3747 3729
3 3730 3735 3736
3 3732 3748 3750
3 3731 3732 3750
3 3731 3750 3733
3 3733 3750 3751
3 3738 3751 3755
3 3738 3734 3751
3 3734 3733 3751
3 3736 3753 3752
3 3737 3734 3738
3 3753 3736 3735
3 3753 3735 3758
3 3758 3735 3739
3 3738 3755 3757
3 3737 3738 3757
3 3737 3757 3740
3 3740 3757 3759
3 3758 3739 3740
3 3759 3758 3740
3 3741 3761 3762
3 3761 3741 3763
3 3745 3741 3762
3 3767 3745 3762
3 3744 3742 3764
3 3744 3764 3741
3 3744 3741 3745
3 3763 3741 3764
3 3743 3766 3742
3 3742 3766 3764
3 3766 3743 3746
3 3768 3766 3746
3 3749 3745 3767
3 3771 3749 3767
3 3744 3749 3748
3 3745 3749 3744
3 3746 3770 3768
3 3747 3770 3746
3 3770 3747 3752
3 3773 3770 3752
3 3749 3771 3772
3 3754 3772 3775
3 3750 3772 3754
3 3750 3749 3772
3 3750 3748 3749
3 3750 3756 3751
3 3754 3756 3750
3 3751 3756 3755
3 3760 3752 3753
3 3760 3780 3752
3 3780 3773 3752
3 3753 3758 3760
3 3754 3775 3777
3 3756 3754 3777
3 3778 3756 3777
3 3755 3756 3778
3 3755 3778 3757
3 3757 3778 3781
3 3780 3760 3759
3 3780 3759 3781
3 3781 3759 3757
3 3758 3759 3760
3 3761 3784 3786
3 3762 3761 3786
3 3763 3765 3785
3 3763 3785 3761
3 3761 3785 3784
3 3785 3765 3787
3 3762 3786 3767
3 3786 3789 3767
3 3763 3764 3765
3 3765 3764 3766
3 3765 3766 3790
3 3765 3790 3787
3 3790 3766 3769
3 3766 3768 3769
3 3767 3789 3771
3 3789 3792 3771
3 3769 3791 3790
3 3774 3793 3791
3 3770 3774 3791
3 3770 3791 3769
3 3770 3769 3768
3 3770 3773 3774
3 3776 3772 3771
3 3776 3771 3796
3 3796 3771 3792
3 3772 3776 3775
3 3779 3799 3794
3 3793 3779 3794
3 3793 3774 3779
3 3774 3782 3779
3 3773 3780 3782
3 3774 3773 3782
3 3776 3796 3797
3 3783 3797 3801
3 3777 3797 3783
3 3777 3776 3797
3 3777 3775 3776
3 3779 3802 3799
3 3779 3777 3802
3 3779 3778 3777
3 3783 3802 3777
3 3781 3778 3779
3 3782 3781 3779
3 3780 3781 3782
3 3783 3801 3803
3 3802 3783 3803
3 3784 3805 3806
3 3786 3784 3806
3 3788 3807 3805
3 3788 3805 3785
3 3785 3805 3784
3 3785 3787 3788
3 3786 3806 3789
3 3806 3809 3789
3 3788 3808 3807
3 3808 3788 3787
3 3808 3787 3810
3 3810 3787 3790
3 3789 3809 3792
3 3809 3811 3792
3 3795 3790 3791
3 3795 3813 3790
3 3813 3810 3790
3 3791 3793 3795
3 3812 3798 3796
3 3812 3796 3811
3 3811 3796 3792
3 3798 3814 3800
3 3812 3814 3798
3 3813 3800 3814
3 3795 3800 3813
3 3795 3799 3800
3 3795 3794 3799
3 3793 3794 3795
3 3796 3798 3797
3 3801 3797 3798
3 3801 3798 3804
3 3804 3798 3800
3 3799 3802 3804
3 3800 3799 3804
3 3801 3804 3803
3 3802 3803 3804
3 3805 3815 3816
3 3806 3805 3816
3 3815 3805 3807
3 3817 3815 3807
3 3806 3816 3809
3 3816 3820 3809
3 3807 3819 3817
3 3808 3819 3807
3 3819 3808 3810
3 3821 3819 3810
3 3809 3820 3811
3 3820 3822 3811
3 3810 3813 3821
3 3821 3813 3824
3 3811 3822 3823
3 3812 3811 3823
3 3814 3812 3825
3 3812 3823 3825
3 3824 3813 3814
3 3825 3824 3814
3 3815 3818 3816
3 3815 3817 3818
3 3818 3826 3828
3 3818 3828 3816
3 3816 3828 3820
3 3817 3826 3818
3 3817 3819 3826
3 3819 3827 3826
3 3827 3819 3821
3 3829 3827 3821
3 3820 3828 3822
3 3828 3830 3822
3 3821 3824 3829
3 3829 3824 3832
3 3822 3830 3831
3 3823 3822 3831
3 3825 3823 3833
3 3823 3831 3833
3 3832 3824 3825
3 3833 3832 3825
3 3826 3835 3837
3 3828 3826 3837
3 3827 3836 3826
3 3826 3836 3835
3 3836 3827 3829
3 3838 3836 3829
3 3828 3837 3830
3 3837 3839 3830
3 3829 3832 3838
3 3838 3832 3840
3 3834 3831 3830
3 3834 3830 3842
3 3842 3830 3839
3 3843 3831 3834
3 3843 3841 3831
3 3841 3833 3831
3 3840 3832 3833
3 3841 3840 3833
3 3834 3842 3844
3 3843 3834 3844
3 3835 3846 3848
3 3837 3835 3848
3 3836 3847 3835
3 3835 3847 3846
3 3847 3836 3838
3 3850 3847 3838
3 3837 3848 3839
3 3848 3852 3839
3 3838 3840 3850
3 3850 3840 3853
3 3839 3852 3842
3 3852 3854 3842
3 3841 3843 3845
3 3841 3845 3856
3 3841 3856 3840
3 3840 3856 3853
3 3842 3854 3855
3 3844 3842 3855
3 3845 3843 3844
3 3845 3844 3857
3 3857 3844 3855
3 3856 3845 3857
3 3846 3849 3848
3 3846 3847 3851
3 3849 3846 3851
3 3847 3850 3851
3 3849 3858 3860
3 3849 3860 3848
3 3848 3860 3852
3 3851 3858 3849
3 3859 3858 3851
3 3859 3851 3850
3 3859 3850 3862
3 3862 3850 3853
3 3852 3860 3854
3 3860 3864 3854
3 3853 3856 3862
3 3862 3856 3867
3 3854 3864 3865
3 3855 3854 3865
3 3857 3855 3868
3 3855 3865 3868
3 3867 3856 3857
3 3868 3867 3857
3 3858 3861 3860
3 3858 3859 3863
3 3861 3858 3863
3 3859 3862 3863
3 3861 3866 3864
3 3860 3861 3864
3 3863 3869 3861
3 3869 3866 3861
3 3862 3867 3869
3 3863 3862 3869
3 3864 3866 3865
3 3868 3865 3866
3 3869 3868 3866
3 3867 3868 3869
3 3870 3873 3875
3 3873 3870 3877
3 3871 3870 3875
3 3878 3871 3875
3 3880 3877 3870
3 3871 3880 3870
3 3871 3878 3881
3 3880 3871 3881
3 3872 3886 3888
3 3886 3872 3891
3 3874 3889 3893
3 3888 3889 3874
3 3888 3874 3872
3 3872 3874 3876
3 3875 3873 3892
3 3875 3892 3872
3 3875 3872 3876
3 3891 3872 3892
3 3892 3873 3877
3 3896 3892 3877
3 3874 3893 3894
3 3894 3899 3879
3 3894 3879 3874
3 3874 3879 3876
3 3875 3879 3878
3 3876 3879 3875
3 3898 3880 3882
3 3898 3896 3880
3 3896 3877 3880
3 3898 3882 3902
3 3883 3879 3899
3 3904 3883 3899
3 3878 3884 3881
3 3878 3879 3884
3 3879 3883 3884
3 3881 3882 3880
3 3881 3884 3882
3 3884 3885 3882
3 3908 3902 3882
3 3885 3908 3882
3 3883 3904 3905
3 3884 3883 3905
3 3907 3884 3905
3 3885 3884 3907
3 3909 3885 3907
3 3908 3885 3909
3 3887 3912 3913
3 3912 3887 3915
3 3890 3914 3917
3 3913 3914 3890
3 3887 3913 3890
3 3887 3890 3888
3 3887 3888 3886
3 3887 3886 3891
3 3887 3891 3915
3 3915 3891 3919
3 3889 3890 3917
3 3889 3917 3893
3 3893 3917 3922
3 3888 3890 3889
3 3920 3895 3923
3 3892 3897 3895
3 3892 3895 3919
3 3892 3919 3891
3 3920 3919 3895
3 3892 3896 3897
3 3893 3922 3924
3 3894 3893 3924
3 3899 3895 3900
3 3899 3924 3895
3 3899 3894 3924
3 3924 3923 3895
3 3897 3901 3895
3 3901 3900 3895
3 3896 3898 3903
3 3896 3903 3897
3 3897 3903 3901
3 3898 3902 3903
3 3900 3906 3904
3 3899 3900 3904
3 3928 3901 3926
3 3928 3906 3901
3 3906 3900 3901
3 3903 3926 3901
3 3927 3926 3903
3 3927 3903 3902
3 3927 3902 3930
3 3930 3902 3908
3 3904 3906 3905
3 3906 3907 3905
3 3906 3932 3907
3 3906 3928 3932
3 3932 3910 3907
3 3907 3911 3909
3 3910 3911 3907
3 3909 3911 3934
3 3909 3934 3908
3 3908 3934 3930
3 3910 3932 3933
3 3911 3910 3933
3 3935 3911 3933
3 3934 3911 3935
3 3912 3916 3913
3 3912 3915 3916
3 3914 3918 3917
3 3914 3913 3916
3 3914 3916 3918
3 3918 3916 3921
3 3915 3919 3921
3 3916 3915 3921
3 3918 3925 3922
3 3917 3918 3922
3 3920 3923 3925
3 3920 3925 3921
3 3921 3925 3918
3 3919 3920 3921
3 3922 3925 3924
3 3923 3924 3925
3 3926 3929 3928
3 3926 3927 3931
3 3929 3926 3931
3 3927 3930 3931
3 3929 3936 3938
3 3929 3938 3928
3 3928 3938 3932
3 3931 3936 3929
3 3937 3936 3931
3 3937 3931 3930
3 3937 3930 3940
3 3940 3930 3934
3 3932 3938 3939
3 3933 3932 3939
3 3935 3933 3941
3 3933 3939 3941
3 3940 3934 3935
3 3941 3940 3935
3 3936 3942 3944
3 3938 3936 3944
3 3937 3943 3936
3 3936 3943 3942
3 3943 3937 3940
3 3947 3943 3940
3 3938 3944 3946
3 3939 3938 3946
3 3941 3939 3948
3 3939 3946 3948
3 3947 3940 3941
3 3948 3947 3941
3 3945 3950 3953
3 3945 3944 3942
3 3945 3942 3950
3 3950 3942 3951
3 3943 3952 3942
3 3942 3952 3951
3 3952 3943 3947
3 3956 3952 3947
3 3945 3953 3954
3 3944 3945 3954
3 3944 3954 3946
3 3946 3954 3955
3 3949 3955 3958
3 3949 3948 3955
3 3948 3946 3955
3 3948 3949 3960
3 3948 3960 3947
3 3947 3960 3956
3 3949 3958 3961
3 3960 3949 3961
3 3950 3962 3965
3 3953 3950 3965
3 3951 3963 3950
3 3950 3963 3962
3 3952 3964 3951
3 3951 3964 3963
3 3964 3952 3956
3 3966 3964 3956
3 3957 3954 3953
3 3957 3953 3967
3 3967 3953 3965
3 3954 3959 3955
3 3957 3959 3954
3 3955 3959 3958
3 3956 3960 3966
3 3966 3960 3970
3 3957 3967 3968
3 3959 3957 3968
3 3969 3959 3968
3 3958 3959 3969
3 3958 3969 3961
3 3961 3969 3971
3 3970 3960 3961
3 3971 3970 3961
3 3962 3972 3975
3 3965 3962 3975
3 3963 3973 3962
3 3962 3973 3972
3 3964 3974 3963
3 3963 3974 3973
3 3974 3964 3966
3 3978 3974 3966
3 3965 3975 3967
3 3975 3980 3967
3 3966 3970 3978
3 3978 3970 3985
3 3967 3980 3981
3 3968 3967 3981
3 3969 3968 3983
3 3968 3981 3983
3 3971 3969 3986
3 3969 3983 3986
3 3985 3970 3971
3 3986 3985 3971
3 3972 3976 3975
3 3972 3973 3977
3 3976 3972 3977
3 3973 3974 3979
3 3977 3973 3979
3 3974 3978 3979
3 3976 3982 3980
3 3975 3976 3980
3 3977 3984 3976
3 3984 3982 3976
3 3979 3987 3977
3 3987 3984 3977
3 3978 3985 3987
3 3979 3978 3987
3 3980 3982 3981
3 3983 3981 3982
3 3984 3983 3982
3 3986 3983 3984
3 3987 3986 3984
3 3985 3986 3987
3 3988 3989 3990
3 3989 3988 3991
3 3988 3990 3992
3 3991 3988 3992
3 3989 3993 3990
3 3989 3991 3993
3 3993 3992 3990
3 3996 3998 3994
3 3994 3995 3997
3 3994 3997 3996
3 3993 3991 3992
3 3997 3995 4001
3 3994 3998 3999
3 3995 3994 3999
3 4002 3995 3999
3 4001 3995 4002
3 3996 4000 3998
3 3996 3997 4003
3 4000 3996 4003
3 3997 4001 4003
3 3998 4000 3999
3 4002 3999 4000
3 4002 4000 4003
3 4005 4006 4004
3 4002 4003 4001
3 4004 4008 4005
3 4004 4006 4009
3 4008 4004 4009
3 4007 4010 4012
3 4007 4006 4005
3 4007 4005 4010
3 4010 4005 4011
3 4011 4005 4008
3 4014 4011 4008
3 4007 4012 4013
3 4006 4007 4013
3 4006 4013 4009
3 4009 4013 4015
3 4014 4008 4009
3 4015 4014 4009
3 4010 4016 4018
3 4012 4010 4018
3 4011 4017 4010
3 4010 4017 4016
3 4017 4011 4014
3 4022 4017 4014
3 4012 4018 4020
3 4013 4012 4020
3 4015 4013 4023
3 4013 4020 4023
3 4022 4014 4015
3 4023 4022 4015
3 4019 4026 4027
3 4021 4018 4016
3 4028 4026 4019
3 4016 4017 4024
3 4021 4016 4024
3 4017 4022 4024
3 4019 4027 4029
3 4018 4021 4020
3 4019 4029 4028
3 4023 4020 4021
3 4023 4021 4024
3 4031 4033 4025
3 4023 4024 4022
3 4025 4035 4031
3 4025 4033 4036
3 4035 4025 4036
3 4026 4030 4027
3 4026 4028 4030
3 4030 4029 4027
3 4037 4040 4032
3 4032 4034 4038
3 4032 4038 4037
3 4030 4028 4029
3 4034 4033 4031
3 4034 4031 4038
3 4038 4031 4039
3 4039 4031 4035
3 4043 4039 4035
3 4032 4040 4041
3 4034 4032 4041
3 4042 4034 4041
3 4033 4034 4042
3 4033 4042 4036
3 4036 4042 4044
3 4043 4035 4036
3 4044 4043 4036
3 4037 4046 4049
3 4040 4037 4049
3 4038 4047 4037
3 4037 4047 4046
3 4039 4048 4038
3 4038 4048 4047
3 4048 4039 4043
3 4053 4048 4043
3 4040 4049 4050
3 4041 4040 4050
3 4045 4050 4056
3 4045 4042 4050
3 4042 4041 4050
3 4057 4042 4045
3 4057 4054 4042
3 4054 4044 4042
3 4053 4043 4044
3 4054 4053 4044
3 4045 4056 4058
3 4057 4045 4058
3 4046 4051 4049
3 4046 4047 4052
3 4051 4046 4052
3 4047 4048 4055
3 4052 4047 4055
3 4048 4053 4055
3 4049 4051 4050
3 4056 4050 4051
3 4056 4051 4059
3 4059 4051 4052
3 4054 4057 4059
3 4054 4059 4055
3 4055 4059 4052
3 4053 4054 4055
3 4056 4059 4058
3 4057 4058 4059
3 4060 4062 4064
3 4060 4061 4063
3 4062 4060 4063
3 4063 4061 4067
3 4060 4064 4065
3 4061 4060 4065
3 4068 4061 4065
3 4067 4061 4068
3 4062 4066 4064
3 4062 4063 4069
3 4066 4062 4069
3 4063 4067 4069
3 4066 4065 4064
3 4072 4074 4070
3 4071 4073 4072
3 4071 4072 4070
3 4069 4068 4066
3 4066 4068 4065
3 4068 4069 4067
3 4071 4076 4073
3 4070 4074 4075
3 4071 4070 4075
3 4077 4071 4075
3 4076 4071 4077
3 4072 4078 4080
3 4074 4072 4080
3 4073 4079 4072
3 4072 4079 4078
3 4079 4073 4076
3 4082 4079 4076
3 4074 4080 4081
3 4075 4074 4081
3 4077 4075 4083
3 4075 4081 4083
3 4082 4076 4077
3 4083 4082 4077
3 4078 4084 4086
3 4080 4078 4086
3 4079 4085 4078
3 4078 4085 4084
3 4085 4079 4082
3 4089 4085 4082
3 4080 4086 4088
3 4081 4080 4088
3 4083 4081 4090
3 4081 4088 4090
3 4089 4082 4083
3 4090 4089 4083
3 4087 4094 4096
3 4087 4086 4084
3 4087 4084 4094
3 4094 4084 4095
3 4091 4099 4095
3 4091 4095 4085
3 4085 4095 4084
3 4085 4089 4091
3 4087 4096 4097
3 4092 4097 4102
3 4088 4097 4092
3 4088 4087 4097
3 4088 4086 4087
3 4093 4099 4092
3 4093 4101 4099
3 4092 4099 4088
3 4091 4090 4099
3 4088 4099 4090
3 4090 4091 4089
3 4093 4105 4101
3 4092 4102 4104
3 4093 4092 4104
3 4106 4093 4104
3 4105 4093 4106
3 4094 4098 4096
3 4094 4095 4100
3 4098 4094 4100
3 4095 4099 4100
3 4098 4097 4096
3 4107 4110 4103
3 4107 4102 4108
3 4107 4103 4102
3 4108 4102 4100
3 4097 4098 4102
3 4100 4102 4098
3 4099 4108 4100
3 4099 4101 4108
3 4101 4109 4108
3 4109 4101 4105
3 4113 4109 4105
3 4103 4110 4111
3 4102 4103 4111
3 4102 4111 4104
3 4104 4111 4112
3 4106 4104 4114
3 4104 4112 4114
3 4113 4105 4106
3 4114 4113 4106
3 4107 4115 4118
3 4110 4107 4118
3 4108 4116 4107
3 4107 4116 4115
3 4109 4117 4108
3 4108 4117 4116
3 4117 4109 4113
3 4123 4117 4113
3 4110 4118 4119
3 4111 4110 4119
3 4112 4111 4121
3 4111 4119 4121
3 4114 4112 4124
3 4112 4121 4124
3 4123 4113 4114
3 4124 4123 4114
3 4115 4120 4118
3 4115 4116 4122
3 4120 4115 4122
3 4116 4117 4125
3 4122 4116 4125
3 4117 4123 4125
3 4118 4120 4119
3 4121 4119 4120
3 4122 4121 4120
3 4124 4121 4122
3 4125 4124 4122
3 4123 4124 4125
3 4126 4135 4138
3 4135 4126 4139
3 4127 4126 4138
3 4141 4127 4138
3 4142 4139 4126
3 4127 4142 4126
3 4128 4127 4141
3 4145 4128 4141
3 4143 4142 4127
3 4143 4127 4129
3 4129 4127 4128
3 4143 4129 4146
3 4130 4128 4145
3 4147 4130 4145
3 4129 4128 4131
3 4131 4128 4130
3 4148 4146 4129
3 4131 4148 4129
3 4132 4130 4147
3 4149 4132 4147
3 4131 4130 4133
3 4133 4130 4132
3 4151 4148 4131
3 4133 4151 4131
3 4132 4149 4150
3 4133 4132 4150
3 4152 4133 4150
3 4151 4133 4152
3 4134 4155 4157
3 4155 4134 4160
3 4136 4158 4162
3 4157 4158 4136
3 4157 4136 4134
3 4134 4136 4137
3 4163 4160 4134
3 4137 4163 4134
3 4135 4136 4162
3 4135 4162 4138
3 4138 4162 4165
3 4139 4136 4135
3 4139 4140 4136
3 4140 4137 4136
3 4166 4163 4137
3 4140 4166 4137
3 4138 4165 4141
3 4165 4168 4141
3 4140 4142 4144
3 4139 4142 4140
3 4169 4166 4140
3 4144 4169 4140
3 4141 4168 4145
3 4168 4170 4145
3 4142 4143 4144
3 4144 4143 4146
3 4144 4146 4169
3 4169 4146 4171
3 4145 4170 4147
3 4170 4173 4147
3 4146 4148 4171
3 4171 4148 4175
3 4147 4173 4149
3 4173 4179 4149
3 4176 4151 4153
3 4176 4175 4151
3 4175 4148 4151
3 4176 4153 4182
3 4149 4179 4180
3 4150 4149 4180
3 4154 4180 4184
3 4154 4152 4180
3 4152 4150 4180
3 4152 4154 4185
3 4151 4152 4185
3 4151 4185 4183
3 4151 4183 4153
3 4182 4153 4183
3 4154 4184 4186
3 4185 4154 4186
3 4156 4190 4195
3 4190 4156 4197
3 4159 4196 4201
3 4195 4196 4159
3 4156 4195 4159
3 4156 4159 4157
3 4156 4157 4155
3 4156 4155 4160
3 4156 4160 4197
3 4197 4160 4203
3 4161 4199 4206
3 4199 4161 4208
3 4158 4159 4201
3 4158 4201 4162
3 4162 4201 4210
3 4157 4159 4158
3 4204 4163 4164
3 4204 4203 4163
3 4203 4160 4163
3 4204 4164 4211
3 4161 4206 4209
3 4208 4161 4209
3 4162 4210 4165
3 4210 4215 4165
3 4164 4166 4167
3 4163 4166 4164
3 4216 4211 4164
3 4167 4216 4164
3 4165 4215 4168
3 4215 4220 4168
3 4167 4222 4217
3 4167 4166 4222
3 4166 4169 4222
3 4216 4167 4217
3 4168 4220 4170
3 4220 4227 4170
3 4223 4171 4172
3 4223 4222 4171
3 4222 4169 4171
3 4223 4172 4230
3 4228 4174 4173
3 4228 4173 4227
3 4227 4173 4170
3 4228 4234 4174
3 4172 4175 4177
3 4171 4175 4172
3 4231 4230 4172
3 4231 4172 4178
3 4178 4172 4177
3 4231 4178 4235
3 4174 4181 4179
3 4173 4174 4179
3 4237 4174 4234
3 4181 4174 4237
3 4175 4176 4177
3 4236 4178 4177
3 4236 4177 4182
3 4236 4182 4239
3 4176 4182 4177
3 4235 4178 4236
3 4179 4181 4180
3 4184 4238 4187
3 4180 4238 4184
3 4180 4237 4238
3 4180 4181 4237
3 4187 4183 4185
3 4187 4238 4183
3 4238 4240 4183
3 4239 4182 4183
3 4240 4239 4183
3 4184 4187 4186
3 4185 4186 4187
3 4188 4241 4243
3 4188 4189 4242
3 4241 4188 4242
3 4242 4189 4246
3 4191 4244 4252
3 4243 4244 4191
3 4243 4191 4188
3 4188 4191 4192
3 4253 4247 4189
3 4253 4189 4192
3 4192 4189 4188
3 4248 4254 4193
3 4246 4189 4247
3 4193 4194 4250
3 4248 4193 4250
3 4250 4194 4256
3 4190 4191 4252
3 4190 4252 4195
3 4195 4252 4257
3 4197 4191 4190
3 4197 4198 4191
3 4198 4192 4191
3 4258 4253 4192
3 4198 4258 4192
3 4193 4254 4255
3 4255 4260 4200
3 4255 4200 4193
3 4193 4200 4194
3 4263 4256 4194
3 4200 4263 4194
3 4196 4202 4201
3 4196 4264 4202
3 4196 4195 4264
3 4195 4257 4264
3 4198 4203 4205
3 4197 4203 4198
3 4266 4258 4198
3 4205 4266 4198
3 4207 4261 4267
3 4260 4261 4207
3 4200 4260 4207
3 4200 4207 4206
3 4200 4206 4199
3 4200 4199 4208
3 4200 4208 4263
3 4263 4208 4270
3 4202 4265 4271
3 4202 4271 4201
3 4201 4271 4210
3 4264 4265 4202
3 4203 4204 4205
3 4211 4212 4268
3 4204 4211 4268
3 4204 4268 4266
3 4204 4266 4205
3 4267 4268 4212
3 4267 4212 4207
3 4207 4212 4213
3 4206 4214 4209
3 4206 4207 4214
3 4207 4213 4214
3 4209 4214 4273
3 4209 4273 4208
3 4208 4273 4270
3 4210 4271 4215
3 4271 4275 4215
3 4212 4216 4218
3 4211 4216 4212
3 4213 4212 4219
3 4219 4212 4218
3 4278 4274 4214
3 4278 4214 4219
3 4219 4214 4213
3 4273 4214 4274
3 4276 4221 4220
3 4276 4220 4275
3 4275 4220 4215
3 4276 4279 4221
3 4217 4222 4224
3 4217 4218 4216
3 4217 4224 4218
3 4224 4225 4218
3 4219 4218 4226
3 4226 4218 4225
3 4280 4278 4219
3 4226 4280 4219
3 4221 4229 4227
3 4220 4221 4227
3 4281 4221 4279
3 4229 4221 4281
3 4222 4223 4224
3 4230 4224 4223
3 4230 4232 4224
3 4232 4225 4224
3 4226 4225 4233
3 4233 4225 4232
3 4282 4280 4226
3 4233 4282 4226
3 4227 4229 4228
3 4229 4234 4228
3 4229 4281 4234
3 4281 4285 4234
3 4230 4231 4232
3 4283 4233 4232
3 4283 4232 4235
3 4283 4235 4286
3 4231 4235 4232
3 4282 4233 4283
3 4234 4285 4237
3 4285 4288 4237
3 4236 4291 4287
3 4239 4291 4236
3 4286 4235 4236
3 4287 4286 4236
3 4237 4288 4289
3 4238 4237 4289
3 4240 4238 4292
3 4238 4289 4292
3 4291 4239 4240
3 4292 4291 4240
3 4245 4294 4303
3 4245 4243 4241
3 4245 4241 4294
3 4294 4241 4296
3 4242 4298 4241
3 4241 4298 4296
3 4246 4249 4300
3 4246 4300 4242
3 4242 4300 4298
3 4249 4251 4302
3 4300 4249 4302
3 4302 4251 4305
3 4244 4245 4303
3 4244 4303 4252
3 4252 4303 4306
3 4243 4245 4244
3 4247 4308 4304
3 4253 4308 4247
3 4254 4249 4309
3 4254 4248 4249
3 4309 4249 4304
3 4246 4247 4249
3 4304 4249 4247
3 4250 4249 4248
3 4251 4249 4250
3 4251 4250 4256
3 4251 4256 4305
3 4305 4256 4312
3 4252 4306 4257
3 4306 4313 4257
3 4310 4258 4259
3 4310 4308 4258
3 4308 4253 4258
3 4255 4259 4262
3 4255 4309 4259
3 4255 4254 4309
3 4310 4259 4309
3 4255 4262 4260
3 4256 4263 4312
3 4312 4263 4315
3 4257 4313 4264
3 4313 4316 4264
3 4259 4266 4269
3 4258 4266 4259
3 4261 4269 4267
3 4261 4262 4269
3 4262 4259 4269
3 4260 4262 4261
3 4263 4270 4315
3 4315 4270 4317
3 4265 4272 4271
3 4265 4318 4272
3 4265 4264 4318
3 4264 4316 4318
3 4266 4268 4269
3 4267 4269 4268
3 4270 4273 4317
3 4317 4273 4319
3 4272 4277 4275
3 4271 4272 4275
3 4322 4272 4318
3 4277 4272 4322
3 4274 4323 4320
3 4278 4323 4274
3 4319 4273 4274
3 4320 4319 4274
3 4275 4277 4276
3 4277 4279 4276
3 4277 4322 4279
3 4322 4325 4279
3 4278 4280 4323
3 4323 4280 4326
3 4279 4325 4281
3 4325 4329 4281
3 4284 4330 4327
3 4284 4327 4326
3 4284 4326 4282
3 4282 4326 4280
3 4281 4329 4285
3 4329 4331 4285
3 4283 4330 4284
3 4283 4286 4330
3 4286 4334 4330
3 4282 4283 4284
3 4332 4290 4288
3 4332 4288 4331
3 4331 4288 4285
3 4290 4333 4293
3 4332 4333 4290
3 4293 4287 4291
3 4293 4333 4287
3 4333 4335 4287
3 4334 4286 4287
3 4335 4334 4287
3 4288 4290 4289
3 4292 4289 4290
3 4293 4292 4290
3 4291 4292 4293
3 4295 4337 4341
3 4295 4297 4338
3 4337 4295 4338
3 4297 4299 4339
3 4338 4297 4339
3 4299 4301 4340
3 4339 4299 4340
3 4340 4301 4342
3 4294 4295 4341
3 4294 4341 4303
3 4303 4341 4345
3 4296 4295 4294
3 4297 4295 4296
3 4298 4297 4296
3 4299 4297 4298
3 4300 4299 4298
3 4301 4299 4300
3 4301 4344 4342
3 4301 4300 4344
3 4300 4302 4344
3 4344 4302 4305
3 4347 4344 4305
3 4307 4346 4349
3 4307 4345 4346
3 4307 4306 4345
3 4306 4303 4345
3 4304 4308 4311
3 4304 4311 4309
3 4305 4312 4347
3 4347 4312 4350
3 4314 4307 4349
3 4351 4314 4349
3 4306 4314 4313
3 4307 4314 4306
3 4308 4310 4311
3 4309 4311 4310
3 4312 4315 4350
3 4350 4315 4353
3 4314 4351 4352
3 4352 4313 4314
3 4352 4354 4313
3 4354 4316 4313
3 4315 4317 4353
3 4353 4317 4355
3 4316 4354 4318
3 4354 4358 4318
3 4321 4359 4356
3 4321 4356 4355
3 4321 4355 4319
3 4319 4355 4317
3 4318 4358 4322
3 4358 4361 4322
3 4324 4362 4360
3 4359 4324 4360
3 4321 4324 4359
3 4321 4323 4324
3 4321 4320 4323
3 4319 4320 4321
3 4322 4361 4325
3 4361 4363 4325
3 4328 4362 4324
3 4364 4362 4328
3 4323 4326 4328
3 4324 4323 4328
3 4325 4363 4329
3 4363 4365 4329
3 4327 4364 4328
3 4327 4330 4364
3 4330 4366 4364
3 4326 4327 4328
3 4329 4365 4331
3 4365 4369 4331
3 4336 4372 4367
3 4336 4367 4366
3 4336 4366 4334
3 4334 4366 4330
3 4331 4369 4370
3 4332 4331 4370
3 4333 4332 4373
3 4332 4370 4373
3 4372 4336 4335
3 4372 4335 4373
3 4373 4335 4333
3 4334 4335 4336
3 4337 4375 4378
3 4341 4337 4378
3 4338 4376 4337
3 4337 4376 4375
3 4339 4377 4338
3 4338 4377 4376
3 4343 4380 4377
3 4343 4377 4340
3 4340 4377 4339
3 4340 4342 4343
3 4341 4378 4345
3 4378 4383 4345
3 4343 4382 4380
3 4348 4385 4382
3 4344 4348 4382
3 4344 4382 4343
3 4344 4343 4342
3 4344 4347 4348
3 4346 4384 4388
3 4349 4346 4388
3 4383 4346 4345
3 4384 4346 4383
3 4348 4387 4385
3 4387 4348 4347
3 4387 4347 4389
3 4389 4347 4350
3 4349 4388 4351
3 4388 4391 4351
3 4350 4353 4389
3 4389 4353 4393
3 4351 4391 4392
3 4352 4351 4392
3 4392 4354 4352
3 4396 4354 4392
3 4357 4398 4394
3 4357 4394 4393
3 4357 4393 4355
3 4355 4393 4353
3 4354 4396 4358
3 4396 4399 4358
3 4356 4398 4357
3 4356 4359 4398
3 4359 4402 4398
3 4355 4356 4357
3 4358 4399 4361
3 4399 4405 4361
3 4360 4406 4403
3 4362 4406 4360
3 4402 4359 4360
3 4403 4402 4360
3 4361 4405 4363
3 4405 4407 4363
3 4362 4364 4406
3 4406 4364 4409
3 4363 4407 4365
3 4407 4412 4365
3 4368 4415 4410
3 4368 4410 4409
3 4368 4409 4366
3 4366 4409 4364
3 4413 4371 4369
3 4413 4369 4412
3 4412 4369 4365
3 4371 4416 4374
3 4413 4416 4371
3 4415 4374 4416
3 4368 4374 4415
3 4368 4372 4374
3 4368 4367 4372
3 4366 4367 4368
3 4369 4371 4370
3 4373 4370 4371
3 4374 4373 4371
3 4372 4373 4374
3 4375 4379 4378
3 4419 4379 4375
3 4419 4375 4418
3 4418 4375 4376
3 4381 4421 4418
3 4381 4418 4377
3 4377 4418 4376
3 4377 4380 4381
3 4379 4420 4424
3 4379 4424 4378
3 4378 4424 4383
3 4419 4420 4379
3 4381 4423 4421
3 4386 4428 4423
3 4382 4386 4423
3 4382 4423 4381
3 4382 4381 4380
3 4382 4385 4386
3 4384 4425 4431
3 4388 4384 4431
3 4424 4384 4383
3 4425 4384 4424
3 4386 4430 4428
3 4390 4436 4430
3 4387 4390 4430
3 4387 4430 4386
3 4387 4386 4385
3 4387 4389 4390
3 4388 4431 4391
3 4431 4438 4391
3 4395 4436 4390
3 4443 4436 4395
3 4389 4393 4395
3 4390 4389 4395
3 4397 4392 4391
3 4397 4391 4445
3 4445 4391 4438
3 4392 4397 4396
3 4394 4443 4395
3 4394 4398 4443
3 4398 4451 4443
3 4393 4394 4395
3 4400 4397 4445
3 4454 4400 4445
3 4396 4400 4399
3 4397 4400 4396
3 4401 4457 4448
3 4448 4459 4401
3 4404 4461 4452
3 4404 4452 4451
3 4404 4451 4402
3 4402 4451 4398
3 4400 4454 4455
3 4455 4399 4400
3 4455 4463 4399
3 4463 4405 4399
3 4401 4460 4457
3 4459 4460 4401
3 4403 4461 4404
3 4403 4406 4461
3 4406 4467 4461
3 4402 4403 4404
3 4464 4408 4407
3 4464 4407 4463
3 4463 4407 4405
3 4464 4470 4408
3 4411 4471 4468
3 4411 4468 4467
3 4411 4467 4409
3 4409 4467 4406
3 4408 4414 4412
3 4407 4408 4412
3 4472 4408 4470
3 4472 4417 4408
3 4417 4414 4408
3 4471 4417 4472
3 4411 4417 4471
3 4411 4415 4417
3 4411 4410 4415
3 4409 4410 4411
3 4412 4414 4413
3 4416 4413 4414
3 4417 4416 4414
3 4415 4416 4417
3 4418 4422 4419
3 4418 4421 4422
3 4420 4426 4424
3 4420 4419 4422
3 4420 4422 4426
3 4426 4422 4427
3 4421 4423 4429
3 4421 4429 4422
3 4422 4429 4427
3 4423 4428 4429
3 4425 4432 4431
3 4425 4424 4426
3 4425 4426 4432
3 4432 4426 4433
3 4427 4434 4426
3 4434 4433 4426
3 4429 4435 4427
3 4435 4434 4427
3 4428 4430 4437
3 4428 4437 4429
3 4429 4437 4435
3 4430 4436 4437
3 4432 4439 4438
3 4431 4432 4438
3 4433 4440 4432
3 4440 4439 4432
3 4434 4441 4433
3 4441 4440 4433
3 4435 4442 4434
3 4442 4441 4434
3 4437 4444 4435
3 4444 4442 4435
3 4436 4443 4444
3 4437 4436 4444
3 4439 4446 4445
3 4438 4439 4445
3 4440 4447 4439
3 4447 4446 4439
3 4441 4449 4440
3 4449 4447 4440
3 4442 4450 4441
3 4450 4449 4441
3 4444 4453 4442
3 4453 4450 4442
3 4443 4451 4453
3 4444 4443 4453
3 4446 4456 4454
3 4445 4446 4454
3 4447 4458 4446
3 4458 4456 4446
3 4448 4457 4458
3 4448 4458 4449
3 4449 4458 4447
3 4459 4448 4449
3 4459 4449 4462
3 4462 4449 4450
3 4452 4461 4462
3 4452 4462 4453
3 4453 4462 4450
3 4451 4452 4453
3 4454 4456 4455
3 4463 4455 4456
3 4463 4456 4465
3 4465 4456 4458
3 4457 4460 4466
3 4457 4466 4458
3 4458 4466 4465
3 4460 4459 4462
3 4460 4462 4466
3 4466 4462 4469
3 4461 4467 4469
3 4462 4461 4469
3 4463 4465 4464
3 4470 4464 4465
3 4470 4465 4473
3 4473 4465 4466
3 4468 4471 4473
3 4468 4473 4469
3 4469 4473 4466
3 4467 4468 4469
3 4470 4473 4472
3 4471 4472 4473
3 4474 4475 4476
3 4475 4474 4477
3 4474 4476 4478
3 4477 4474 4478
3 4475 4479 4476
3 4475 4477 4479
3 4476 4479 4478
3 4477 4478 4479
3 4480 4481 4482
3 4481 4480 4483
3 4480 4482 4484
3 4483 4480 4484
3 4481 4485 4482
3 4481 4483 4485
3 4482 4485 4484
3 4483 4484 4485
3 4486 4488 4490
3 4488 4486 4491
3 4486 4490 4492
3 4491 4486 4492
3 4487 4494 4495
3 4494 4487 4496
3 4489 4487 4495
3 4498 4489 4495
3 4499 4496 4487
3 4489 4499 4487
3 4488 4493 4490
3 4489 4498 4500
3 4489 4500 4499
3 4488 4491 4493
3 4490 4493 4492
3 4491 4492 4493
3 4494 4497 4495
3 4494 4496 4497
3 4497 4501 4498
3 4495 4497 4498
3 4496 4499 4501
3 4497 4496 4501
3 4498 4501 4500
3 4499 4500 4501
3 4502 4505 4506
3 4505 4502 4508
3 4503 4507 4509
3 4506 4507 4503
3 4506 4503 4502
3 4502 4503 4504
3 4512 4508 4502
3 4504 4512 4502
3 4503 4509 4510
3 4504 4503 4510
3 4513 4504 4510
3 4512 4504 4513
3 4505 4514 4515
3 4506 4505 4515
3 4514 4505 4508
3 4516 4514 4508
3 4507 4511 4509
3 4507 4518 4511
3 4507 4506 4518
3 4506 4515 4518
3 4508 4512 4516
3 4516 4512 4519
3 4509 4511 4510
3 4511 4518 4520
3 4511 4520 4510
3 4510 4520 4513
3 4519 4512 4513
3 4520 4519 4513
3 4514 4517 4515
3 4514 4516 4517
3 4517 4521 4518
3 4515 4517 4518
3 4516 4519 4521
3 4517 4516 4521
3 4518 4521 4520
3 4519 4520 4521
3 4522 4529 4532
3 4529 4522 4533
3 4522 4532 4534
3 4533 4522 4534
3 4523 4539 4542
3 4539 4523 4545
3 4524 4543 4546
3 4542 4543 4524
3 4542 4524 4523
3 4523 4524 4525
3 4548 4545 4523
3 4525 4548 4523
3 4526 4524 4546
3 4550 4526 4546
3 4525 4524 4527
3 4527 4524 4526
3 4549 4548 4525
3 4549 4525 4528
3 4528 4525 4527
3 4549 4528 4554
3 4526 4550 4552
3 4552 4555 4530
3 4552 4530 4526
3 4526 4530 4527
3 4528 4527 4531
3 4531 4527 4530
3 4556 4554 4528
3 4531 4556 4528
3 4529 4535 4532
3 4529 4533 4535
3 4536 4530 4555
3 4557 4536 4555
3 4531 4530 4537
3 4537 4530 4536
3 4560 4556 4531
3 4537 4560 4531
3 4532 4535 4534
3 4533 4534 4535
3 4536 4557 4559
3 4537 4536 4559
3 4561 4537 4559
3 4560 4537 4561
3 4538 4565 4567
3 4565 4538 4569
3 4540 4538 4567
3 4574 4540 4567
3 4576 4569 4538
3 4540 4576 4538
3 4541 4570 4579
3 4541 4544 4571
3 4570 4541 4571
3 4544 4542 4539
3 4544 4539 4571
3 4571 4539 4573
3 4573 4539 4545
3 4582 4573 4545
3 4540 4574 4577
3 4576 4540 4577
3 4547 4541 4579
3 4586 4547 4579
3 4543 4547 4546
3 4543 4544 4547
3 4544 4541 4547
3 4542 4544 4543
3 4545 4548 4582
3 4582 4548 4590
3 4551 4547 4586
3 4594 4551 4586
3 4551 4588 4547
3 4551 4595 4588
3 4547 4588 4546
3 4553 4550 4588
3 4546 4588 4550
3 4588 4598 4553
3 4548 4591 4590
3 4549 4591 4548
3 4591 4549 4554
3 4599 4591 4554
3 4551 4594 4596
3 4550 4553 4552
3 4551 4596 4595
3 4553 4555 4552
3 4553 4598 4555
3 4598 4600 4555
3 4554 4556 4599
3 4599 4556 4603
3 4558 4601 4606
3 4558 4600 4601
3 4558 4557 4600
3 4557 4555 4600
3 4562 4609 4604
3 4562 4604 4603
3 4562 4603 4560
3 4560 4603 4556
3 4558 4606 4607
3 4557 4558 4607
3 4557 4607 4559
3 4559 4607 4610
3 4609 4562 4561
3 4609 4561 4610
3 4610 4561 4559
3 4560 4561 4562
3 4563 4612 4614
3 4563 4564 4613
3 4612 4563 4613
3 4613 4564 4615
3 4566 4563 4614
3 4618 4566 4614
3 4564 4563 4568
3 4568 4563 4566
3 4567 4565 4616
3 4567 4616 4564
3 4567 4564 4568
3 4615 4564 4616
3 4616 4565 4569
3 4621 4616 4569
3 4572 4619 4623
3 4618 4620 4566
3 4619 4572 4624
3 4620 4627 4575
3 4620 4575 4566
3 4566 4575 4568
3 4567 4575 4574
3 4568 4575 4567
3 4622 4576 4578
3 4622 4621 4576
3 4621 4569 4576
3 4622 4578 4628
3 4570 4580 4579
3 4581 4580 4570
3 4581 4570 4571
3 4572 4623 4625
3 4571 4573 4583
3 4571 4583 4581
3 4625 4624 4572
3 4584 4575 4627
3 4584 4627 4631
3 4583 4573 4582
3 4574 4585 4577
3 4574 4575 4585
3 4575 4584 4585
3 4577 4585 4634
3 4576 4577 4634
3 4576 4634 4629
3 4576 4629 4578
3 4628 4578 4629
3 4580 4587 4586
3 4579 4580 4586
3 4581 4589 4580
3 4589 4587 4580
3 4636 4583 4632
3 4636 4589 4583
3 4589 4581 4583
3 4584 4632 4592
3 4584 4631 4632
3 4592 4632 4590
3 4583 4582 4632
3 4590 4632 4582
3 4585 4584 4593
3 4593 4584 4592
3 4637 4634 4585
3 4593 4637 4585
3 4587 4597 4594
3 4586 4587 4594
3 4588 4595 4597
3 4588 4597 4589
3 4589 4597 4587
3 4589 4598 4588
3 4589 4636 4598
3 4636 4640 4598
3 4590 4591 4592
3 4638 4593 4592
3 4638 4592 4599
3 4638 4599 4643
3 4591 4599 4592
3 4637 4593 4638
3 4594 4597 4596
3 4595 4596 4597
3 4641 4646 4602
3 4602 4640 4641
3 4602 4600 4640
3 4600 4598 4640
3 4605 4649 4644
3 4605 4644 4643
3 4605 4643 4603
3 4603 4643 4599
3 4601 4608 4606
3 4602 4646 4647
3 4608 4600 4611
3 4608 4601 4600
3 4611 4600 4650
3 4602 4647 4600
3 4650 4600 4647
3 4649 4611 4650
3 4605 4611 4649
3 4605 4609 4611
3 4605 4604 4609
3 4603 4604 4605
3 4606 4608 4607
3 4610 4607 4608
3 4611 4610 4608
3 4609 4610 4611
3 4612 4652 4655
3 4614 4612 4655
3 4613 4653 4612
3 4612 4653 4652
3 4615 4617 4654
3 4615 4654 4613
3 4613 4654 4653
3 4654 4617 4657
3 4614 4655 4618
3 4655 4658 4618
3 4615 4616 4617
3 4617 4616 4621
3 4617 4621 4657
3 4657 4621 4661
3 4619 4626 4623
3 4618 4658 4659
3 4618 4659 4620
3 4624 4626 4619
3 4659 4627 4620
3 4662 4627 4659
3 4630 4621 4622
3 4630 4664 4621
3 4664 4661 4621
3 4622 4628 4630
3 4623 4626 4625
3 4624 4625 4626
3 4663 4667 4633
3 4633 4662 4663
3 4633 4631 4662
3 4631 4627 4662
3 4635 4669 4665
3 4664 4635 4665
3 4630 4635 4664
3 4630 4634 4635
3 4630 4629 4634
3 4628 4629 4630
3 4632 4633 4667
3 4632 4667 4636
3 4636 4667 4671
3 4631 4633 4632
3 4639 4669 4635
3 4674 4669 4639
3 4634 4637 4639
3 4635 4634 4639
3 4672 4642 4640
3 4672 4640 4671
3 4671 4640 4636
3 4642 4675 4645
3 4672 4675 4642
3 4674 4645 4675
3 4639 4645 4674
3 4639 4643 4645
3 4639 4638 4643
3 4637 4638 4639
3 4641 4648 4646
3 4641 4640 4642
3 4641 4642 4648
3 4648 4642 4651
3 4644 4649 4651
3 4644 4651 4645
3 4645 4651 4642
3 4643 4644 4645
3 4646 4648 4647
3 4650 4647 4648
3 4651 4650 4648
3 4649 4650 4651
3 4652 4656 4655
3 4679 4656 4652
3 4679 4652 4677
3 4677 4652 4653
3 4654 4678 4653
3 4653 4678 4677
3 4678 4654 4657
3 4681 4678 4657
3 4656 4660 4658
3 4655 4656 4658
3 4683 4656 4679
3 4660 4656 4683
3 4657 4661 4681
3 4681 4661 4685
3 4658 4660 4659
3 4660 4662 4659
3 4660 4683 4662
3 4683 4688 4662
3 4666 4689 4686
3 4666 4686 4685
3 4666 4685 4664
3 4664 4685 4661
3 4663 4668 4667
3 4690 4662 4688
3 4690 4668 4662
3 4690 4670 4668
3 4668 4663 4662
3 4689 4670 4690
3 4666 4670 4689
3 4666 4669 4670
3 4666 4665 4669
3 4664 4665 4666
3 4668 4673 4671
3 4667 4668 4671
3 4670 4676 4668
3 4676 4673 4668
3 4669 4674 4676
3 4670 4669 4676
3 4671 4673 4672
3 4675 4672 4673
3 4676 4675 4673
3 4674 4675 4676
3 4677 4680 4679
3 4677 4678 4682
3 4680 4677 4682
3 4678 4681 4682
3 4680 4684 4683
3 4679 4680 4683
3 4682 4687 4680
3 4687 4684 4680
3 4681 4685 4687
3 4682 4681 4687
3 4684 4691 4688
3 4683 4684 4688
3 4686 4689 4691
3 4686 4691 4687
3 4687 4691 4684
3 4685 4686 4687
3 4688 4691 4690
3 4689 4690 4691
3 4692 4693 4694
3 4693 4692 4695
3 4692 4694 4696
3 4695 4692 4696
3 4693 4697 4694
3 4693 4695 4697
3 4694 4697 4696
3 4695 4696 4697
3 4698 4703 4706
3 4698 4699 4704
3 4703 4698 4704
3 4699 4700 4705
3 4704 4699 4705
3 4705 4700 4707
3 4701 4698 4706
3 4710 4701 4706
3 4699 4698 4702
3 4702 4698 4701
3 4712 4708 4700
3 4712 4700 4702
3 4702 4700 4699
3 4707 4700 4708
3 4701 4710 4711
3 4702 4701 4711
3 4713 4702 4711
3 4712 4702 4713
3 4703 4716 4718
3 4706 4703 4718
3 4704 4717 4703
3 4703 4717 4716
3 4709 4720 4717
3 4709 4717 4705
3 4705 4717 4704
3 4705 4707 4709
3 4706 4718 4710
3 4718 4723 4710
3 4722 4712 4714
3 4722 4720 4712
3 4708 4712 4709
3 4709 4712 4720
3 4708 4709 4707
3 4714 4726 4722
3 4715 4711 4710
3 4715 4710 4729
3 4729 4710 4723
3 4730 4711 4715
3 4730 4724 4711
3 4724 4713 4711
3 4714 4712 4713
3 4714 4713 4727
3 4727 4713 4724
3 4726 4714 4727
3 4715 4729 4731
3 4730 4715 4731
3 4716 4719 4718
3 4716 4717 4721
3 4719 4716 4721
3 4717 4720 4721
3 4719 4733 4734
3 4719 4734 4718
3 4718 4734 4723
3 4733 4725 4735
3 4733 4719 4725
3 4719 4721 4725
3 4720 4722 4728
3 4720 4728 4721
3 4721 4728 4725
3 4722 4726 4728
3 4723 4734 4729
3 4734 4738 4729
3 4737 4730 4732
3 4737 4735 4730
3 4724 4730 4725
3 4725 4730 4735
3 4725 4728 4727
3 4725 4727 4724
3 4732 4741 4737
3 4726 4727 4728
3 4729 4738 4739
3 4731 4729 4739
3 4732 4730 4731
3 4732 4731 4742
3 4742 4731 4739
3 4741 4732 4742
3 4733 4736 4734
3 4733 4735 4736
3 4736 4740 4738
3 4734 4736 4738
3 4735 4737 4743
3 4735 4743 4736
3 4736 4743 4740
3 4737 4741 4743
3 4738 4740 4739
3 4742 4739 4740
3 4743 4742 4740
3 4741 4742 4743
3 4744 4748 4749
3 4748 4744 4750
3 4745 4744 4749
3 4753 4745 4749
3 4752 4750 4744
3 4752 4744 4746
3 4746 4744 4745
3 4752 4746 4755
3 4747 4745 4753
3 4758 4747 4753
3 4759 4756 4746
3 4759 4746 4747
3 4747 4746 4745
3 4755 4746 4756
3 4747 4758 4760
3 4759 4747 4760
3 4748 4751 4749
3 4748 4750 4751
3 4751 4754 4753
3 4749 4751 4753
3 4750 4752 4757
3 4750 4757 4751
3 4751 4757 4754
3 4752 4755 4757
3 4754 4765 4768
3 4754 4768 4753
3 4753 4768 4758
3 4757 4759 4754
3 4757 4756 4759
3 4754 4759 4765
3 4761 4766 4759
3 4765 4759 4766
3 4761 4762 4767
3 4761 4767 4766
3 4757 4755 4756
3 4767 4762 4772
3 4763 4760 4758
3 4763 4758 4775
3 4775 4758 4768
3 4760 4763 4776
3 4759 4760 4776
3 4759 4776 4770
3 4759 4770 4761
3 4762 4761 4770
3 4773 4762 4770
3 4772 4762 4773
3 4764 4763 4775
3 4778 4764 4775
3 4779 4776 4763
3 4764 4779 4763
3 4764 4778 4780
3 4779 4764 4780
3 4765 4769 4768
3 4765 4766 4771
3 4769 4765 4771
3 4766 4767 4774
3 4771 4766 4774
3 4767 4772 4774
3 4769 4787 4792
3 4769 4792 4768
3 4768 4792 4775
3 4771 4776 4769
3 4771 4770 4776
3 4769 4776 4787
3 4777 4789 4776
3 4787 4776 4789
3 4771 4774 4773
3 4771 4773 4770
3 4777 4794 4789
3 4772 4773 4774
3 4775 4792 4778
3 4792 4797 4778
3 4777 4798 4795
3 4777 4776 4798
3 4776 4779 4798
3 4794 4777 4795
3 4781 4780 4778
3 4781 4778 4800
3 4800 4778 4797
3 4780 4781 4801
3 4780 4801 4779
3 4779 4801 4798
3 4782 4781 4800
3 4805 4782 4800
3 4803 4801 4781
3 4803 4781 4783
3 4783 4781 4782
3 4803 4783 4806
3 4784 4782 4805
3 4807 4784 4805
3 4783 4782 4785
3 4785 4782 4784
3 4810 4806 4783
3 4785 4810 4783
3 4784 4807 4808
3 4808 4812 4786
3 4808 4786 4784
3 4784 4786 4785
3 4813 4810 4785
3 4786 4813 4785
3 4786 4812 4814
3 4813 4786 4814
3 4788 4816 4819
3 4788 4790 4817
3 4816 4788 4817
3 4790 4791 4818
3 4817 4790 4818
3 4818 4791 4824
3 4787 4793 4792
3 4788 4819 4820
3 4790 4788 4822
3 4788 4820 4822
3 4796 4787 4789
3 4796 4793 4787
3 4822 4825 4791
3 4822 4791 4790
3 4789 4794 4796
3 4824 4791 4825
3 4793 4799 4797
3 4792 4793 4797
3 4795 4798 4799
3 4795 4799 4796
3 4796 4799 4793
3 4794 4795 4796
3 4799 4802 4800
3 4797 4799 4800
3 4802 4799 4798
3 4802 4798 4801
3 4804 4827 4828
3 4827 4804 4830
3 4802 4829 4832
3 4802 4832 4800
3 4800 4832 4805
3 4828 4803 4804
3 4828 4829 4803
3 4801 4803 4802
3 4802 4803 4829
3 4804 4803 4806
3 4804 4806 4830
3 4830 4806 4835
3 4833 4809 4807
3 4833 4807 4832
3 4832 4807 4805
3 4809 4836 4811
3 4833 4836 4809
3 4811 4836 4835
3 4811 4835 4810
3 4810 4835 4806
3 4807 4809 4808
3 4812 4808 4809
3 4812 4809 4815
3 4815 4809 4811
3 4810 4813 4815
3 4811 4810 4815
3 4812 4815 4814
3 4813 4814 4815
3 4816 4821 4819
3 4816 4817 4823
3 4821 4816 4823
3 4817 4818 4826
3 4823 4817 4826
3 4818 4824 4826
3 4819 4821 4820
3 4822 4820 4821
3 4823 4822 4821
3 4825 4822 4823
3 4826 4825 4823
3 4824 4825 4826
3 4827 4831 4828
3 4827 4830 4831
3 4829 4834 4832
3 4829 4828 4831
3 4829 4831 4834
3 4834 4831 4837
3 4830 4835 4837
3 4831 4830 4837
3 4832 4834 4833
3 4836 4833 4834
3 4837 4836 4834
3 4835 4836 4837
3 4838 4842 4844
3 4838 4839 4843
3 4842 4838 4843
3 4843 4839 4846
3 4840 4838 4844
3 4847 4840 4844
3 4839 4838 4841
3 4841 4838 4840
3 4850 4846 4839
3 4841 4850 4839
3 4840 4847 4848
3 4841 4840 4848
3 4851 4841 4848
3 4850 4841 4851
3 4842 4845 4844
3 4853 4845 4842
3 4853 4842 4852
3 4852 4842 4843
3 4852 4843 4846
3 4854 4852 4846
3 4845 4849 4847
3 4844 4845 4847
3 4856 4845 4853
3 4849 4845 4856
3 4846 4850 4854
3 4854 4850 4857
3 4847 4849 4848
3 4849 4856 4858
3 4849 4858 4848
3 4848 4858 4851
3 4857 4850 4851
3 4858 4857 4851
3 4852 4855 4853
3 4852 4854 4855
3 4855 4859 4856
3 4853 4855 4856
3 4854 4857 4859
3 4855 4854 4859
3 4856 4859 4858
3 4857 4858 4859
3 4860 4861 4862
3 4861 4860 4863
3 4860 4862 4864
3 4863 4860 4864
3 4861 4865 4862
3 4861 4863 4865
3 4862 4865 4864
3 4863 4864 4865
3 4866 4870 4872
3 4866 4867 4871
3 4870 4866 4871
3 4871 4867 4874
3 4868 4866 4872
3 4875 4868 4872
3 4867 4866 4869
3 4869 4866 4868
3 4878 4874 4867
3 4869 4878 4867
3 4868 4875 4877
3 4869 4868 4877
3 4879 4869 4877
3 4878 4869 4879
3 4873 4880 4883
3 4873 4872 4870
3 4873 4870 4880
3 4880 4870 4881
3 4871 4882 4870
3 4870 4882 4881
3 4882 4871 4874
3 4885 4882 4874
3 4876 4873 4883
3 4887 4876 4883
3 4872 4876 4875
3 4873 4876 4872
3 4874 4878 4885
3 4885 4878 4890
3 4876 4887 4888
3 4875 4876 4888
3 4875 4888 4877
3 4877 4888 4889
3 4879 4877 4891
3 4877 4889 4891
3 4890 4878 4879
3 4891 4890 4879
3 4884 4893 4896
3 4884 4883 4880
3 4884 4880 4893
3 4893 4880 4894
3 4881 4895 4880
3 4880 4895 4894
3 4886 4898 4895
3 4886 4895 4882
3 4882 4895 4881
3 4882 4885 4886
3 4884 4896 4897
3 4897 4883 4884
3 4897 4900 4883
3 4900 4887 4883
3 4892 4898 4886
3 4903 4898 4892
3 4885 4890 4892
3 4886 4885 4892
3 4887 4900 4902
3 4888 4887 4902
3 4889 4888 4904
3 4888 4902 4904
3 4903 4892 4891
3 4903 4891 4904
3 4904 4891 4889
3 4890 4891 4892
3 4893 4905 4907
3 4896 4893 4907
3 4894 4906 4893
3 4893 4906 4905
3 4899 4909 4906
3 4899 4906 4895
3 4895 4906 4894
3 4895 4898 4899
3 4901 4897 4896
3 4901 4896 4912
3 4912 4896 4907
3 4897 4901 4900
3 4899 4911 4909
3 4911 4899 4898
3 4911 4898 4915
3 4915 4898 4903
3 4901 4912 4913
3 4900 4901 4913
3 4900 4913 4902
3 4902 4913 4914
3 4904 4902 4916
3 4902 4914 4916
3 4915 4903 4904
3 4916 4915 4904
3 4905 4908 4907
3 4905 4906 4910
3 4908 4905 4910
3 4906 4909 4910
3 4908 4918 4920
3 4908 4920 4907
3 4907 4920 4912
3 4910 4918 4908
3 4919 4918 4910
3 4917 4923 4919
3 4911 4917 4919
3 4911 4919 4910
3 4911 4910 4909
3 4911 4915 4917
3 4912 4920 4921
3 4913 4912 4921
3 4914 4913 4924
3 4913 4921 4924
3 4923 4917 4916
3 4923 4916 4924
3 4924 4916 4914
3 4915 4916 4917
3 4918 4922 4920
3 4927 4922 4918
3 4927 4918 4926
3 4926 4918 4919
3 4926 4919 4923
3 4928 4926 4923
3 4920 4922 4921
3 4922 4924 4921
3 4922 4930 4924
3 4922 4927 4930
3 4930 4925 4924
3 4924 4925 4931
3 4924 4931 4923
3 4923 4931 4928
3 4925 4930 4932
3 4931 4925 4932
3 4926 4929 4927
3 4926 4928 4929
3 4929 4933 4930
3 4927 4929 4930
3 4928 4931 4933
3 4929 4928 4933
3 4930 4933 4932
3 4931 4932 4933
3 4934 4936 4937
3 4936 4934 4938
3 4935 4934 4937
3 4939 4935 4937
3 4941 4938 4934
3 4935 4941 4934
3 4935 4939 4942
3 4941 4935 4942
3 4936 4944 4945
3 4937 4936 4945
3 4944 4936 4938
3 4948 4944 4938
3 4940 4946 4951
3 4940 4945 4946
3 4940 4939 4945
3 4939 4937 4945
3 4950 4941 4943
3 4950 4948 4941
3 4948 4938 4941
3 4950 4943 4955
3 4940 4951 4952
3 4939 4940 4952
3 4939 4952 4942
3 4942 4952 4953
3 4943 4941 4942
3 4943 4942 4956
3 4956 4942 4953
3 4955 4943 4956
3 4947 4958 4959
3 4949 4945 4944
3 4960 4958 4947
3 4944 4948 4949
3 4946 4947 4959
3 4946 4959 4951
3 4951 4959 4961
3 4960 4946 4962
3 4960 4947 4946
3 4962 4946 4954
3 4945 4949 4946
3 4954 4946 4949
3 4948 4950 4957
3 4948 4957 4949
3 4949 4957 4954
3 4950 4955 4957
3 4951 4961 4963
3 4952 4951 4963
3 4962 4954 4953
3 4962 4953 4963
3 4963 4953 4952
3 4956 4953 4954
3 4957 4956 4954
3 4955 4956 4957
3 4958 4965 4966
3 4959 4958 4966
3 4965 4958 4960
3 4967 4965 4960
3 4968 4964 4961
3 4968 4961 4966
3 4966 4961 4959
3 4964 4968 4967
3 4964 4967 4962
3 4962 4967 4960
3 4961 4964 4963
3 4962 4963 4964
3 4965 4969 4966
3 4965 4967 4969
3 4969 4968 4966
3 4971 4972 4970
3 4968 4969 4967
3 4970 4973 4971
3 4970 4972 4974
3 4973 4970 4974
3 4971 4975 4972
3 4971 4973 4975
3 4972 4975 4974
3 4973 4974 4975
3 4976 4978 4980
3 4976 4977 4979
3 4978 4976 4979
3 4979 4977 4983
3 4976 4980 4981
3 4977 4976 4981
3 4984 4977 4981
3 4983 4977 4984
3 4978 4982 4980
3 4978 4979 4985
3 4982 4978 4985
3 4979 4983 4985
3 4982 4981 4980
3 4989 4992 4986
3 4987 4990 4989
3 4987 4989 4986
3 4985 4984 4982
3 4982 4984 4981
3 4987 4988 4991
3 4987 4991 4990
3 4985 4983 4984
3 4991 4988 4997
3 4986 4992 4993
3 4987 4986 4993
3 4995 4987 4993
3 4988 4987 4995
3 4998 4988 4995
3 4997 4988 4998
3 4989 4994 4992
3 4989 4990 4996
3 4994 4989 4996
3 4990 4991 4999
3 4996 4990 4999
3 4991 4997 4999
3 4992 4994 4993
3 4995 4993 4994
3 4996 4995 4994
3 4998 4995 4996
3 4999 4998 4996
3 4997 4998 4999
3 5000 5005 5010
3 5000 5001 5007
3 5005 5000 5007
3 5007 5001 5012
3 5000 5010 5011
3 5001 5000 5011
3 5013 5001 5011
3 5012 5001 5013
3 5002 5016 5017
3 5016 5002 5020
3 5003 5018 5021
3 5017 5018 5003
3 5017 5003 5002
3 5002 5003 5004
3 5023 5020 5002
3 5004 5023 5002
3 5006 5022 5024
3 5021 5022 5006
3 5021 5006 5003
3 5003 5006 5008
3 5004 5003 5009
3 5009 5003 5008
3 5025 5023 5004
3 5009 5025 5004
3 5005 5006 5024
3 5005 5024 5010
3 5010 5024 5027
3 5007 5006 5005
3 5008 5006 5007
3 5026 5009 5008
3 5026 5008 5012
3 5026 5012 5030
3 5007 5012 5008
3 5025 5009 5026
3 5014 5028 5032
3 5011 5014 5015
3 5011 5027 5014
3 5011 5010 5027
3 5028 5014 5027
3 5034 5011 5015
3 5034 5031 5011
3 5031 5013 5011
3 5030 5012 5013
3 5031 5030 5013
3 5014 5032 5033
3 5015 5014 5033
3 5035 5015 5033
3 5034 5015 5035
3 5019 5036 5038
3 5019 5017 5016
3 5019 5016 5036
3 5036 5016 5037
3 5037 5016 5020
3 5039 5037 5020
3 5018 5019 5038
3 5018 5038 5021
3 5021 5038 5041
3 5017 5019 5018
3 5020 5023 5039
3 5039 5023 5043
3 5022 5042 5044
3 5024 5022 5044
3 5041 5022 5021
3 5042 5022 5041
3 5023 5025 5043
3 5043 5025 5046
3 5029 5045 5049
3 5029 5044 5045
3 5029 5027 5044
3 5027 5024 5044
3 5026 5050 5047
3 5030 5050 5026
3 5046 5025 5026
3 5047 5046 5026
3 5028 5029 5049
3 5028 5049 5032
3 5032 5049 5052
3 5027 5029 5028
3 5031 5055 5051
3 5034 5055 5031
3 5050 5030 5031
3 5051 5050 5031
3 5032 5052 5054
3 5033 5032 5054
3 5035 5033 5056
3 5033 5054 5056
3 5055 5034 5035
3 5056 5055 5035
3 5036 5059 5060
3 5038 5036 5060
3 5040 5061 5059
3 5040 5059 5037
3 5037 5059 5036
3 5037 5039 5040
3 5038 5060 5041
3 5060 5063 5041
3 5040 5062 5061
3 5062 5040 5039
3 5062 5039 5065
3 5065 5039 5043
3 5042 5064 5067
3 5044 5042 5067
3 5063 5042 5041
3 5064 5042 5063
3 5048 5069 5066
3 5048 5066 5065
3 5048 5065 5046
3 5046 5065 5043
3 5045 5068 5070
3 5049 5045 5070
3 5067 5045 5044
3 5068 5045 5067
3 5047 5069 5048
3 5047 5050 5069
3 5050 5073 5069
3 5046 5047 5048
3 5053 5071 5075
3 5053 5070 5071
3 5053 5052 5070
3 5052 5049 5070
3 5051 5076 5074
3 5055 5076 5051
3 5073 5050 5051
3 5074 5073 5051
3 5057 5053 5075
3 5078 5057 5075
3 5052 5058 5054
3 5052 5053 5058
3 5053 5057 5058
3 5081 5054 5058
3 5081 5077 5054
3 5077 5056 5054
3 5076 5055 5056
3 5077 5076 5056
3 5057 5078 5080
3 5058 5057 5080
3 5082 5058 5080
3 5081 5058 5082
3 5059 5083 5084
3 5060 5059 5084
3 5083 5059 5061
3 5085 5083 5061
3 5060 5084 5063
3 5084 5087 5063
3 5061 5086 5085
3 5062 5086 5061
3 5086 5062 5065
3 5090 5086 5065
3 5064 5088 5094
3 5067 5064 5094
3 5087 5064 5063
3 5088 5064 5087
3 5066 5097 5091
3 5069 5097 5066
3 5090 5065 5066
3 5091 5090 5066
3 5072 5093 5098
3 5072 5070 5068
3 5072 5068 5093
3 5093 5068 5095
3 5094 5068 5067
3 5095 5068 5094
3 5069 5073 5097
3 5097 5073 5100
3 5071 5072 5098
3 5071 5098 5075
3 5075 5098 5103
3 5070 5072 5071
3 5074 5105 5101
3 5076 5105 5074
3 5100 5073 5074
3 5101 5100 5074
3 5079 5104 5107
3 5079 5103 5104
3 5079 5078 5103
3 5078 5075 5103
3 5077 5111 5106
3 5081 5111 5077
3 5105 5076 5077
3 5106 5105 5077
3 5079 5107 5108
3 5078 5079 5108
3 5078 5108 5080
3 5080 5108 5110
3 5082 5080 5112
3 5080 5110 5112
3 5111 5081 5082
3 5112 5111 5082
3 5083 5113 5114
3 5084 5083 5114
3 5113 5083 5085
3 5116 5113 5085
3 5089 5115 5117
3 5089 5114 5115
3 5089 5087 5114
3 5087 5084 5114
3 5092 5085 5086
3 5092 5119 5085
3 5119 5116 5085
3 5086 5090 5092
3 5096 5118 5120
3 5117 5118 5096
3 5089 5117 5096
3 5089 5096 5094
3 5089 5094 5088
3 5087 5089 5088
3 5091 5119 5092
3 5091 5097 5119
3 5097 5121 5119
3 5090 5091 5092
3 5093 5099 5098
3 5096 5120 5123
3 5096 5123 5093
3 5096 5093 5095
3 5099 5093 5123
3 5094 5096 5095
3 5102 5126 5122
3 5102 5122 5121
3 5102 5121 5100
3 5100 5121 5097
3 5099 5124 5127
3 5099 5127 5098
3 5098 5127 5103
3 5123 5124 5099
3 5101 5126 5102
3 5101 5105 5126
3 5105 5129 5126
3 5100 5101 5102
3 5104 5109 5107
3 5104 5132 5109
3 5104 5103 5132
3 5103 5127 5132
3 5106 5135 5130
3 5111 5135 5106
3 5129 5105 5106
3 5130 5129 5106
3 5107 5109 5108
3 5109 5132 5134
3 5109 5134 5108
3 5108 5134 5110
3 5112 5110 5136
3 5110 5134 5136
3 5135 5111 5112
3 5136 5135 5112
3 5113 5138 5139
3 5114 5113 5139
3 5138 5113 5116
3 5142 5138 5116
3 5115 5140 5144
3 5117 5115 5144
3 5139 5115 5114
3 5140 5115 5139
3 5116 5119 5142
3 5142 5119 5147
3 5118 5145 5148
3 5120 5118 5148
3 5144 5118 5117
3 5145 5118 5144
3 5119 5121 5147
3 5147 5121 5151
3 5125 5149 5154
3 5125 5148 5149
3 5125 5123 5148
3 5123 5120 5148
3 5122 5157 5152
3 5126 5157 5122
3 5151 5121 5122
3 5152 5151 5122
3 5128 5155 5159
3 5154 5155 5128
3 5125 5154 5128
3 5125 5128 5127
3 5125 5127 5124
3 5123 5125 5124
3 5131 5161 5158
3 5131 5158 5157
3 5131 5157 5129
3 5129 5157 5126
3 5133 5128 5159
3 5163 5133 5159
3 5127 5133 5132
3 5128 5133 5127
3 5137 5166 5162
3 5161 5137 5162
3 5131 5137 5161
3 5131 5135 5137
3 5131 5130 5135
3 5129 5130 5131
3 5133 5163 5165
3 5132 5133 5165
3 5132 5165 5134
3 5134 5165 5167
3 5166 5137 5136
3 5166 5136 5167
3 5167 5136 5134
3 5135 5136 5137
3 5141 5168 5169
3 5143 5139 5138
3 5171 5168 5141
3 5138 5142 5143
3 5146 5170 5173
3 5169 5170 5146
3 5141 5169 5146
3 5141 5146 5144
3 5141 5144 5140
3 5141 5172 5171
3 5141 5140 5172
3 5143 5172 5139
3 5139 5172 5140
3 5172 5143 5142
3 5172 5142 5175
3 5175 5142 5147
3 5150 5174 5177
3 5173 5174 5150
3 5146 5173 5150
3 5146 5150 5148
3 5146 5148 5145
3 5144 5146 5145
3 5153 5179 5176
3 5153 5176 5175
3 5153 5175 5151
3 5151 5175 5147
3 5156 5178 5180
3 5177 5178 5156
3 5150 5177 5156
3 5150 5156 5154
3 5150 5154 5149
3 5148 5150 5149
3 5152 5179 5153
3 5152 5157 5179
3 5157 5182 5179
3 5151 5152 5153
3 5160 5181 5185
3 5180 5181 5160
3 5156 5180 5160
3 5156 5160 5159
3 5156 5159 5155
3 5154 5156 5155
3 5158 5186 5183
3 5161 5186 5158
3 5182 5157 5158
3 5183 5182 5158
3 5164 5160 5185
3 5189 5164 5185
3 5159 5164 5163
3 5160 5164 5159
3 5162 5194 5187
3 5166 5194 5162
3 5186 5161 5162
3 5187 5186 5162
3 5164 5189 5190
3 5163 5164 5190
3 5163 5190 5165
3 5165 5190 5192
3 5167 5165 5195
3 5165 5192 5195
3 5194 5166 5167
3 5195 5194 5167
3 5168 5197 5198
3 5169 5168 5198
3 5197 5168 5171
3 5200 5197 5171
3 5170 5199 5202
3 5173 5170 5202
3 5198 5170 5169
3 5199 5170 5198
3 5171 5201 5200
3 5172 5201 5171
3 5201 5172 5175
3 5205 5201 5175
3 5174 5203 5208
3 5177 5174 5208
3 5202 5174 5173
3 5203 5174 5202
3 5176 5211 5206
3 5179 5211 5176
3 5205 5175 5176
3 5206 5205 5176
3 5178 5209 5213
3 5180 5178 5213
3 5208 5178 5177
3 5209 5178 5208
3 5184 5216 5212
3 5184 5212 5211
3 5184 5211 5182
3 5182 5211 5179
3 5181 5214 5218
3 5185 5181 5218
3 5213 5181 5180
3 5214 5181 5213
3 5188 5222 5217
3 5216 5188 5217
3 5184 5188 5216
3 5184 5186 5188
3 5184 5183 5186
3 5182 5183 5184
3 5219 5191 5189
3 5219 5189 5218
3 5218 5189 5185
3 5191 5221 5193
3 5219 5221 5191
3 5193 5223 5196
3 5221 5223 5193
3 5222 5196 5223
3 5188 5196 5222
3 5188 5194 5196
3 5188 5187 5194
3 5186 5187 5188
3 5189 5191 5190
3 5192 5190 5191
3 5193 5192 5191
3 5195 5192 5193
3 5196 5195 5193
3 5194 5195 5196
3 5197 5225 5227
3 5198 5197 5227
3 5225 5197 5200
3 5230 5225 5200
3 5204 5226 5231
3 5204 5202 5199
3 5204 5199 5226
3 5226 5199 5228
3 5227 5199 5198
3 5228 5199 5227
3 5207 5200 5201
3 5207 5233 5200
3 5233 5230 5200
3 5201 5205 5207
3 5210 5232 5234
3 5231 5232 5210
3 5204 5231 5210
3 5204 5210 5208
3 5204 5208 5203
3 5202 5204 5203
3 5206 5233 5207
3 5206 5211 5233
3 5211 5237 5233
3 5205 5206 5207
3 5215 5235 5240
3 5234 5235 5215
3 5210 5234 5215
3 5210 5215 5213
3 5210 5213 5209
3 5208 5210 5209
3 5212 5244 5238
3 5216 5244 5212
3 5237 5211 5212
3 5238 5237 5212
3 5214 5220 5218
3 5215 5240 5241
3 5241 5213 5215
3 5241 5247 5213
3 5214 5213 5220
3 5220 5213 5247
3 5224 5248 5243
3 5224 5217 5222
3 5224 5243 5217
3 5243 5245 5217
3 5244 5216 5217
3 5245 5244 5217
3 5218 5220 5219
3 5220 5247 5249
3 5220 5249 5219
3 5219 5249 5221
3 5248 5224 5223
3 5248 5223 5249
3 5249 5223 5221
3 5222 5223 5224
3 5229 5251 5253
3 5229 5227 5225
3 5229 5225 5251
3 5251 5225 5252
3 5252 5225 5230
3 5255 5252 5230
3 5226 5254 5258
3 5231 5226 5258
3 5253 5228 5229
3 5253 5254 5228
3 5254 5226 5228
3 5227 5229 5228
3 5230 5233 5255
3 5255 5233 5261
3 5236 5256 5263
3 5236 5234 5232
3 5236 5232 5256
3 5256 5232 5259
3 5258 5232 5231
3 5259 5232 5258
3 5239 5265 5262
3 5239 5262 5261
3 5239 5261 5237
3 5237 5261 5233
3 5235 5242 5240
3 5236 5263 5264
3 5264 5234 5236
3 5264 5268 5234
3 5235 5234 5242
3 5242 5234 5268
3 5246 5271 5266
3 5265 5246 5266
3 5239 5246 5265
3 5239 5244 5246
3 5239 5238 5244
3 5237 5238 5239
3 5240 5242 5241
3 5247 5269 5250
3 5241 5269 5247
3 5241 5268 5269
3 5241 5242 5268
3 5250 5243 5248
3 5250 5269 5243
3 5269 5272 5243
3 5271 5246 5245
3 5271 5245 5272
3 5272 5245 5243
3 5244 5245 5246
3 5247 5250 5249
3 5248 5249 5250
3 5251 5274 5279
3 5253 5251 5279
3 5252 5275 5251
3 5251 5275 5274
3 5275 5252 5255
3 5282 5275 5255
3 5257 5276 5284
3 5257 5260 5277
3 5276 5257 5277
3 5260 5258 5254
3 5260 5254 5277
3 5277 5254 5280
3 5279 5254 5253
3 5280 5254 5279
3 5255 5261 5282
3 5282 5261 5286
3 5256 5257 5284
3 5256 5284 5263
3 5263 5284 5289
3 5259 5257 5256
3 5260 5257 5259
3 5258 5260 5259
3 5267 5292 5285
3 5267 5262 5265
3 5267 5285 5262
3 5285 5287 5262
3 5286 5261 5262
3 5287 5286 5262
3 5263 5289 5290
3 5264 5263 5290
3 5268 5291 5270
3 5268 5264 5291
3 5264 5290 5291
3 5270 5293 5273
3 5291 5293 5270
3 5292 5273 5293
3 5267 5273 5292
3 5267 5271 5273
3 5267 5266 5271
3 5265 5266 5267
3 5268 5270 5269
3 5272 5269 5270
3 5273 5272 5270
3 5271 5272 5273
3 5278 5295 5300
3 5278 5281 5297
3 5295 5278 5297
3 5281 5279 5274
3 5281 5274 5297
3 5297 5274 5298
3 5283 5303 5298
3 5283 5298 5275
3 5275 5298 5274
3 5275 5282 5283
3 5276 5301 5306
3 5284 5276 5306
3 5300 5277 5278
3 5300 5301 5277
3 5301 5276 5277
3 5280 5278 5277
3 5281 5278 5280
3 5279 5281 5280
3 5288 5303 5283
3 5309 5303 5288
3 5282 5286 5288
3 5283 5282 5288
3 5284 5306 5289
3 5306 5312 5289
3 5294 5315 5308
3 5294 5285 5292
3 5294 5308 5285
3 5308 5310 5285
3 5309 5288 5287
3 5309 5287 5310
3 5310 5287 5285
3 5286 5287 5288
3 5289 5312 5313
3 5290 5289 5313
3 5291 5290 5316
3 5290 5313 5316
3 5315 5294 5293
3 5315 5293 5316
3 5316 5293 5291
3 5292 5293 5294
3 5296 5318 5321
3 5318 5296 5324
3 5299 5319 5326
3 5299 5302 5322
3 5319 5299 5322
3 5321 5322 5302
3 5296 5321 5302
3 5296 5302 5300
3 5296 5300 5295
3 5296 5325 5324
3 5296 5295 5325
3 5295 5297 5325
3 5304 5329 5325
3 5304 5325 5298
3 5298 5325 5297
3 5298 5303 5304
3 5305 5327 5331
3 5326 5327 5305
3 5326 5305 5299
3 5299 5305 5307
3 5301 5307 5306
3 5301 5302 5307
3 5302 5299 5307
3 5300 5302 5301
3 5311 5329 5304
3 5337 5329 5311
3 5303 5309 5311
3 5304 5303 5311
3 5305 5331 5332
3 5307 5305 5332
3 5333 5307 5332
3 5307 5312 5306
3 5307 5334 5312
3 5307 5333 5334
3 5314 5312 5334
3 5314 5335 5317
3 5334 5335 5314
3 5317 5308 5315
3 5317 5335 5308
3 5335 5338 5308
3 5337 5311 5310
3 5337 5310 5338
3 5338 5310 5308
3 5309 5310 5311
3 5312 5314 5313
3 5316 5313 5314
3 5317 5316 5314
3 5315 5316 5317
3 5320 5344 5349
3 5320 5323 5346
3 5344 5320 5346
3 5323 5321 5318
3 5323 5318 5346
3 5346 5318 5347
3 5347 5318 5324
3 5352 5347 5324
3 5328 5350 5355
3 5349 5350 5328
3 5320 5349 5328
3 5320 5328 5326
3 5320 5326 5319
3 5322 5320 5319
3 5323 5320 5322
3 5321 5323 5322
3 5330 5324 5325
3 5330 5358 5324
3 5358 5352 5324
3 5325 5329 5330
3 5327 5328 5355
3 5327 5355 5331
3 5331 5355 5362
3 5326 5328 5327
3 5336 5368 5359
3 5358 5336 5359
3 5358 5330 5336
3 5330 5339 5336
3 5329 5337 5339
3 5330 5329 5339
3 5331 5362 5364
3 5332 5331 5364
3 5333 5332 5366
3 5332 5364 5366
3 5334 5333 5369
3 5333 5366 5369
3 5368 5336 5335
3 5368 5335 5369
3 5369 5335 5334
3 5338 5335 5336
3 5339 5338 5336
3 5337 5338 5339
3 5340 5374 5376
3 5340 5341 5375
3 5374 5340 5375
3 5375 5341 5378
3 5342 5340 5376
3 5380 5342 5376
3 5341 5340 5343
3 5343 5340 5342
3 5379 5378 5341
3 5379 5341 5345
3 5345 5341 5343
3 5379 5345 5382
3 5348 5342 5380
3 5384 5348 5380
3 5343 5342 5351
3 5351 5342 5348
3 5344 5351 5349
3 5344 5345 5351
3 5345 5343 5351
3 5345 5383 5382
3 5345 5344 5383
3 5344 5346 5383
3 5353 5389 5383
3 5353 5383 5347
3 5347 5383 5346
3 5347 5352 5353
3 5354 5385 5392
3 5384 5385 5354
3 5384 5354 5348
3 5348 5354 5356
3 5350 5356 5355
3 5350 5351 5356
3 5351 5348 5356
3 5349 5351 5350
3 5357 5397 5390
3 5389 5357 5390
3 5389 5353 5357
3 5353 5360 5357
3 5352 5358 5360
3 5353 5352 5360
3 5361 5354 5392
3 5400 5361 5392
3 5356 5354 5363
3 5363 5354 5361
3 5363 5395 5356
3 5363 5403 5395
3 5356 5395 5355
3 5365 5362 5395
3 5355 5395 5362
3 5365 5398 5367
3 5395 5398 5365
3 5397 5367 5398
3 5397 5357 5367
3 5357 5370 5367
3 5359 5368 5370
3 5359 5370 5360
3 5360 5370 5357
3 5358 5359 5360
3 5361 5400 5401
3 5363 5361 5401
3 5404 5363 5401
3 5362 5365 5364
3 5363 5404 5403
3 5366 5364 5365
3 5367 5366 5365
3 5369 5366 5367
3 5370 5369 5367
3 5368 5369 5370
3 5371 5406 5408
3 5371 5372 5407
3 5406 5371 5407
3 5407 5372 5411
3 5371 5408 5409
3 5409 5413 5373
3 5409 5373 5371
3 5371 5373 5372
3 5414 5411 5372
3 5373 5414 5372
3 5373 5413 5415
3 5417 5420 5377
3 5414 5373 5415
3 5377 5376 5374
3 5377 5374 5417
3 5417 5374 5418
3 5375 5419 5374
3 5374 5419 5418
3 5419 5375 5378
3 5423 5419 5378
3 5381 5377 5420
3 5426 5381 5420
3 5376 5381 5380
3 5377 5381 5376
3 5378 5425 5423
3 5379 5425 5378
3 5425 5379 5382
3 5431 5425 5382
3 5386 5381 5426
3 5434 5386 5426
3 5380 5386 5384
3 5381 5386 5380
3 5387 5437 5429
3 5387 5432 5388
3 5429 5432 5387
3 5383 5391 5388
3 5383 5388 5431
3 5383 5431 5382
3 5432 5431 5388
3 5383 5389 5391
3 5385 5393 5392
3 5386 5434 5435
3 5393 5384 5394
3 5393 5385 5384
3 5394 5384 5438
3 5386 5435 5384
3 5438 5384 5435
3 5437 5394 5438
3 5437 5387 5394
3 5387 5396 5394
3 5388 5399 5387
3 5399 5396 5387
3 5390 5397 5399
3 5390 5399 5391
3 5391 5399 5388
3 5389 5390 5391
3 5393 5402 5400
3 5392 5393 5400
3 5394 5405 5393
3 5405 5402 5393
3 5395 5403 5405
3 5395 5405 5396
3 5396 5405 5394
3 5398 5395 5396
3 5399 5398 5396
3 5397 5398 5399
3 5400 5402 5401
3 5404 5401 5402
3 5405 5404 5402
3 5403 5404 5405
3 5406 5410 5408
3 5406 5407 5412
3 5410 5406 5412
3 5407 5411 5412
3 5408 5410 5409
3 5413 5409 5410
3 5413 5410 5416
3 5416 5410 5412
3 5411 5414 5416
3 5412 5411 5416
3 5413 5416 5415
3 5414 5415 5416
3 5417 5421 5420
3 5417 5418 5422
3 5421 5417 5422
3 5418 5419 5424
3 5422 5418 5424
3 5419 5423 5424
3 5421 5427 5426
3 5420 5421 5426
3 5422 5428 5421
3 5428 5427 5421
3 5424 5430 5422
3 5430 5428 5422
3 5423 5425 5433
3 5423 5433 5424
3 5424 5433 5430
3 5425 5431 5433
3 5427 5436 5434
3 5426 5427 5434
3 5428 5439 5427
3 5439 5436 5427
3 5429 5437 5439
3 5429 5439 5430
3 5430 5439 5428
3 5432 5429 5430
3 5433 5432 5430
3 5431 5432 5433
3 5434 5436 5435
3 5438 5435 5436
3 5439 5438 5436
3 5437 5438 5439
3 5440 5449 5452
3 5449 5440 5453
3 5441 5440 5452
3 5456 5441 5452
3 5457 5453 5440
3 5441 5457 5440
3 5442 5441 5456
3 5461 5442 5456
3 5462 5457 5441
3 5442 5462 5441
3 5442 5461 5463
3 5462 5442 5463
3 5443 5472 5473
3 5472 5443 5475
3 5444 5443 5473
3 5479 5444 5473
3 5476 5475 5443
3 5476 5443 5445
3 5445 5443 5444
3 5445 5446 5478
3 5476 5445 5478
3 5478 5446 5481
3 5444 5479 5480
3 5480 5482 5447
3 5480 5447 5444
3 5444 5447 5445
3 5446 5445 5448
3 5448 5445 5447
3 5484 5481 5446
3 5448 5484 5446
3 5447 5482 5483
3 5483 5486 5450
3 5483 5450 5447
3 5447 5450 5448
3 5485 5484 5448
3 5485 5448 5451
3 5451 5448 5450
3 5485 5451 5487
3 5449 5450 5486
3 5449 5486 5452
3 5452 5486 5489
3 5453 5450 5449
3 5453 5454 5450
3 5454 5451 5450
3 5488 5487 5451
3 5488 5451 5455
3 5455 5451 5454
3 5488 5455 5491
3 5490 5458 5456
3 5490 5456 5489
3 5489 5456 5452
3 5457 5490 5453
3 5457 5458 5490
3 5453 5490 5454
3 5492 5459 5490
3 5454 5490 5459
3 5455 5454 5460
3 5460 5454 5459
3 5494 5491 5455
3 5460 5494 5455
3 5458 5493 5495
3 5458 5495 5456
3 5456 5495 5461
3 5459 5493 5464
3 5459 5492 5493
3 5464 5493 5462
3 5458 5457 5493
3 5462 5493 5457
3 5460 5459 5465
3 5465 5459 5464
3 5496 5494 5460
3 5465 5496 5460
3 5466 5463 5461
3 5466 5461 5499
3 5499 5461 5495
3 5463 5464 5462
3 5463 5466 5464
3 5466 5467 5464
3 5501 5497 5465
3 5501 5465 5467
3 5467 5465 5464
3 5496 5465 5497
3 5468 5500 5503
3 5499 5500 5468
3 5499 5468 5466
3 5466 5468 5469
3 5505 5502 5467
3 5505 5467 5469
3 5469 5467 5466
3 5501 5467 5502
3 5468 5503 5504
3 5469 5468 5504
3 5506 5469 5504
3 5505 5469 5506
3 5470 5512 5516
3 5470 5471 5514
3 5512 5470 5514
3 5514 5471 5519
3 5470 5516 5518
3 5518 5523 5474
3 5518 5474 5470
3 5470 5474 5471
3 5473 5472 5520
3 5473 5520 5471
3 5473 5471 5474
3 5519 5471 5520
3 5475 5477 5522
3 5475 5522 5472
3 5472 5522 5520
3 5522 5477 5525
3 5474 5523 5524
3 5524 5473 5474
3 5524 5527 5473
3 5527 5479 5473
3 5475 5476 5477
3 5477 5526 5525
3 5477 5476 5526
3 5476 5478 5526
3 5526 5478 5481
3 5529 5526 5481
3 5479 5527 5528
3 5480 5479 5528
3 5528 5482 5480
3 5530 5482 5528
3 5481 5484 5529
3 5529 5484 5532
3 5482 5530 5531
3 5483 5482 5531
3 5531 5486 5483
3 5534 5486 5531
3 5484 5533 5532
3 5485 5533 5484
3 5533 5485 5487
3 5535 5533 5487
3 5486 5534 5489
3 5534 5537 5489
3 5487 5536 5535
3 5488 5536 5487
3 5536 5488 5491
3 5540 5536 5491
3 5489 5537 5538
3 5490 5489 5538
3 5538 5492 5490
3 5542 5492 5538
3 5491 5494 5540
3 5540 5494 5544
3 5493 5543 5547
3 5495 5493 5547
3 5542 5493 5492
3 5543 5493 5542
3 5498 5549 5545
3 5498 5545 5544
3 5498 5544 5496
3 5496 5544 5494
3 5495 5547 5499
3 5547 5550 5499
3 5497 5549 5498
3 5497 5501 5549
3 5501 5553 5549
3 5496 5497 5498
3 5500 5551 5554
3 5503 5500 5554
3 5550 5500 5499
3 5551 5500 5550
3 5502 5505 5507
3 5502 5507 5558
3 5502 5558 5501
3 5501 5558 5553
3 5508 5555 5561
3 5504 5508 5509
3 5504 5554 5508
3 5504 5503 5554
3 5555 5508 5554
3 5563 5504 5509
3 5563 5557 5504
3 5557 5506 5504
3 5507 5505 5506
3 5507 5506 5559
3 5559 5506 5557
3 5558 5507 5559
3 5508 5561 5562
3 5509 5508 5562
3 5564 5509 5562
3 5563 5509 5564
3 5510 5565 5568
3 5510 5511 5566
3 5565 5510 5566
3 5511 5513 5567
3 5566 5511 5567
3 5567 5513 5570
3 5515 5510 5568
3 5573 5515 5568
3 5511 5510 5517
3 5517 5510 5515
3 5512 5517 5516
3 5512 5513 5517
3 5513 5511 5517
3 5513 5571 5570
3 5513 5512 5571
3 5512 5514 5571
3 5519 5521 5572
3 5519 5572 5514
3 5514 5572 5571
3 5572 5521 5578
3 5515 5573 5575
3 5517 5515 5575
3 5576 5517 5575
3 5516 5517 5576
3 5516 5576 5518
3 5518 5576 5577
3 5577 5523 5518
3 5581 5523 5577
3 5519 5520 5521
3 5521 5580 5578
3 5521 5520 5580
3 5520 5522 5580
3 5580 5522 5525
3 5583 5580 5525
3 5523 5581 5582
3 5524 5523 5582
3 5582 5527 5524
3 5585 5527 5582
3 5525 5584 5583
3 5526 5584 5525
3 5584 5526 5529
3 5588 5584 5529
3 5527 5585 5586
3 5528 5527 5586
3 5586 5530 5528
3 5590 5530 5586
3 5529 5532 5588
3 5588 5532 5593
3 5530 5590 5591
3 5531 5530 5591
3 5591 5534 5531
3 5596 5534 5591
3 5532 5595 5593
3 5533 5595 5532
3 5595 5533 5535
3 5599 5595 5535
3 5597 5539 5537
3 5597 5537 5596
3 5596 5537 5534
3 5597 5601 5539
3 5541 5535 5536
3 5541 5602 5535
3 5602 5599 5535
3 5536 5540 5541
3 5537 5539 5538
3 5539 5542 5538
3 5539 5601 5542
3 5601 5604 5542
3 5546 5602 5541
3 5605 5602 5546
3 5540 5544 5546
3 5541 5540 5546
3 5543 5548 5547
3 5543 5607 5548
3 5543 5542 5607
3 5542 5604 5607
3 5545 5605 5546
3 5545 5549 5605
3 5549 5608 5605
3 5544 5545 5546
3 5548 5552 5550
3 5547 5548 5550
3 5610 5548 5607
3 5552 5548 5610
3 5549 5553 5608
3 5608 5553 5612
3 5551 5556 5554
3 5551 5616 5556
3 5550 5616 5551
3 5550 5611 5616
3 5550 5552 5611
3 5611 5560 5618
3 5611 5552 5560
3 5613 5560 5610
3 5610 5560 5552
3 5560 5613 5612
3 5560 5612 5558
3 5558 5612 5553
3 5555 5615 5621
3 5561 5555 5621
3 5556 5555 5554
3 5556 5617 5555
3 5617 5615 5555
3 5624 5556 5563
3 5624 5617 5556
3 5563 5556 5557
3 5616 5619 5556
3 5557 5556 5619
3 5618 5560 5559
3 5618 5559 5619
3 5619 5559 5557
3 5558 5559 5560
3 5561 5621 5622
3 5562 5561 5622
3 5564 5562 5625
3 5562 5622 5625
3 5624 5563 5564
3 5625 5624 5564
3 5569 5627 5631
3 5569 5568 5565
3 5569 5565 5627
3 5627 5565 5628
3 5566 5629 5565
3 5565 5629 5628
3 5567 5630 5566
3 5566 5630 5629
3 5630 5567 5570
3 5633 5630 5570
3 5574 5569 5631
3 5637 5574 5631
3 5568 5574 5573
3 5569 5574 5568
3 5570 5634 5633
3 5571 5634 5570
3 5579 5644 5634
3 5579 5634 5572
3 5572 5634 5571
3 5572 5578 5579
3 5574 5637 5639
3 5573 5574 5639
3 5573 5639 5575
3 5575 5639 5640
3 5576 5575 5642
3 5575 5640 5642
3 5577 5576 5643
3 5576 5642 5643
3 5643 5581 5577
3 5648 5581 5643
3 5579 5645 5644
3 5578 5645 5579
3 5578 5580 5645
3 5580 5646 5645
3 5646 5580 5583
3 5651 5646 5583
3 5581 5648 5649
3 5582 5581 5649
3 5585 5650 5587
3 5585 5582 5650
3 5582 5649 5650
3 5650 5653 5587
3 5589 5583 5584
3 5589 5654 5583
3 5654 5651 5583
3 5584 5588 5589
3 5585 5587 5586
3 5590 5655 5592
3 5586 5655 5590
3 5586 5653 5655
3 5586 5587 5653
3 5654 5592 5655
3 5654 5589 5592
3 5589 5594 5592
3 5588 5593 5594
3 5589 5588 5594
3 5590 5592 5591
3 5596 5591 5592
3 5596 5592 5598
3 5598 5592 5594
3 5593 5595 5600
3 5593 5600 5594
3 5594 5600 5598
3 5595 5599 5600
3 5596 5598 5597
3 5601 5597 5598
3 5601 5598 5603
3 5603 5598 5600
3 5599 5602 5603
3 5600 5599 5603
3 5603 5606 5604
3 5601 5603 5604
3 5602 5605 5606
3 5603 5602 5606
3 5606 5609 5607
3 5604 5606 5607
3 5605 5608 5609
3 5606 5605 5609
3 5609 5614 5610
3 5607 5609 5610
3 5608 5612 5614
3 5609 5608 5614
3 5611 5620 5616
3 5613 5610 5614
3 5618 5620 5611
3 5612 5613 5614
3 5615 5623 5621
3 5615 5617 5626
3 5623 5615 5626
3 5619 5616 5620
3 5624 5626 5617
3 5618 5619 5620
3 5621 5623 5622
3 5625 5622 5623
3 5626 5625 5623
3 5624 5625 5626
3 5632 5657 5663
3 5632 5631 5627
3 5632 5627 5657
3 5657 5627 5658
3 5628 5659 5627
3 5627 5659 5658
3 5629 5660 5628
3 5628 5660 5659
3 5630 5661 5629
3 5629 5661 5660
3 5661 5630 5633
3 5667 5661 5633
3 5635 5662 5670
3 5635 5636 5664
3 5662 5635 5664
3 5663 5664 5636
3 5663 5636 5632
3 5632 5636 5638
3 5631 5638 5637
3 5632 5638 5631
3 5641 5673 5666
3 5666 5676 5641
3 5633 5669 5667
3 5634 5669 5633
3 5669 5634 5644
3 5679 5669 5644
3 5647 5635 5670
3 5682 5647 5670
3 5683 5671 5636
3 5683 5636 5647
3 5647 5636 5635
3 5638 5636 5671
3 5672 5638 5671
3 5637 5638 5672
3 5637 5672 5639
3 5639 5672 5674
3 5673 5641 5640
3 5673 5640 5674
3 5674 5640 5639
3 5641 5676 5677
3 5641 5677 5640
3 5640 5677 5642
3 5643 5642 5678
3 5642 5677 5678
3 5678 5648 5643
3 5686 5648 5678
3 5644 5681 5679
3 5645 5681 5644
3 5652 5689 5681
3 5652 5681 5646
3 5646 5681 5645
3 5646 5651 5652
3 5647 5682 5684
3 5683 5647 5684
3 5648 5686 5687
3 5649 5648 5687
3 5650 5649 5690
3 5649 5687 5690
3 5653 5652 5656
3 5653 5690 5652
3 5653 5650 5690
3 5690 5689 5652
3 5651 5654 5656
3 5652 5651 5656
3 5653 5656 5655
3 5654 5655 5656
3 5665 5692 5697
3 5665 5663 5657
3 5665 5657 5692
3 5692 5657 5693
3 5658 5694 5657
3 5657 5694 5693
3 5659 5695 5658
3 5658 5695 5694
3 5660 5696 5659
3 5659 5696 5695
3 5668 5702 5696
3 5668 5696 5661
3 5661 5696 5660
3 5661 5667 5668
3 5662 5698 5705
3 5670 5662 5705
3 5697 5664 5665
3 5697 5698 5664
3 5698 5662 5664
3 5663 5665 5664
3 5675 5708 5700
3 5675 5666 5673
3 5675 5700 5666
3 5700 5701 5666
3 5701 5676 5666
3 5711 5676 5701
3 5668 5704 5702
3 5680 5714 5704
3 5669 5680 5704
3 5669 5704 5668
3 5669 5668 5667
3 5669 5679 5680
3 5706 5685 5682
3 5706 5682 5705
3 5705 5682 5670
3 5685 5671 5683
3 5685 5706 5671
3 5706 5707 5671
3 5672 5671 5709
3 5671 5707 5709
3 5708 5675 5674
3 5708 5674 5709
3 5709 5674 5672
3 5673 5674 5675
3 5676 5711 5712
3 5677 5676 5712
3 5678 5677 5715
3 5677 5712 5715
3 5686 5680 5688
3 5686 5715 5680
3 5686 5678 5715
3 5715 5714 5680
3 5679 5681 5691
3 5679 5691 5680
3 5680 5691 5688
3 5681 5689 5691
3 5682 5685 5684
3 5683 5684 5685
3 5686 5688 5687
3 5690 5687 5688
3 5691 5690 5688
3 5689 5690 5691
3 5692 5699 5697
3 5721 5699 5692
3 5721 5692 5717
3 5717 5692 5693
3 5694 5718 5693
3 5693 5718 5717
3 5695 5719 5694
3 5694 5719 5718
3 5703 5725 5719
3 5703 5719 5696
3 5696 5719 5695
3 5696 5702 5703
3 5698 5720 5728
3 5705 5698 5728
3 5699 5698 5697
3 5699 5722 5698
3 5722 5720 5698
3 5721 5722 5699
3 5700 5708 5710
3 5735 5700 5710
3 5735 5726 5700
3 5726 5701 5700
3 5711 5703 5713
3 5711 5726 5703
3 5711 5701 5726
3 5726 5725 5703
3 5702 5704 5716
3 5702 5716 5703
3 5703 5716 5713
3 5704 5714 5716
3 5705 5728 5729
3 5706 5705 5729
3 5707 5706 5731
3 5706 5729 5731
3 5709 5707 5733
3 5707 5731 5733
3 5710 5708 5709
3 5710 5709 5736
3 5736 5709 5733
3 5735 5710 5736
3 5711 5713 5712
3 5715 5712 5713
3 5716 5715 5713
3 5714 5715 5716
3 5717 5723 5721
3 5717 5718 5724
3 5723 5717 5724
3 5718 5719 5727
3 5724 5718 5727
3 5719 5725 5727
3 5720 5730 5728
3 5720 5722 5732
3 5730 5720 5732
3 5722 5721 5723
3 5722 5723 5732
3 5732 5723 5734
3 5724 5737 5723
3 5737 5734 5723
3 5726 5735 5737
3 5726 5737 5727
3 5727 5737 5724
3 5725 5726 5727
3 5728 5730 5729
3 5731 5729 5730
3 5732 5731 5730
3 5733 5731 5732
3 5734 5733 5732
3 5736 5733 5734
3 5737 5736 5734
3 5735 5736 5737
3 5738 5745 5746
3 5745 5738 5747
3 5738 5746 5748
3 5747 5738 5748
3 5739 5751 5752
3 5751 5739 5753
3 5740 5739 5752
3 5755 5740 5752
3 5757 5753 5739
3 5740 5757 5739
3 5741 5756 5760
3 5755 5758 5740
3 5756 5741 5761
3 5757 5740 5758
3 5741 5760 5762
3 5761 5741 5762
3 5742 5764 5765
3 5764 5742 5766
3 5742 5765 5767
3 5769 5772 5743
3 5766 5742 5767
3 5743 5744 5771
3 5769 5743 5771
3 5771 5744 5775
3 5743 5772 5773
3 5744 5743 5773
3 5776 5744 5773
3 5775 5744 5776
3 5745 5749 5746
3 5747 5749 5745
3 5750 5778 5779
3 5778 5750 5780
3 5746 5749 5748
3 5750 5779 5781
3 5747 5748 5749
3 5780 5750 5781
3 5751 5754 5752
3 5751 5753 5754
3 5754 5759 5755
3 5752 5754 5755
3 5753 5757 5759
3 5754 5753 5759
3 5756 5763 5760
3 5758 5755 5759
3 5761 5763 5756
3 5757 5758 5759
3 5760 5763 5762
3 5761 5762 5763
3 5764 5768 5765
3 5766 5768 5764
3 5770 5783 5784
3 5783 5770 5785
3 5765 5768 5767
3 5767 5768 5766
3 5769 5774 5772
3 5784 5786 5770
3 5769 5771 5777
3 5769 5777 5774
3 5786 5785 5770
3 5771 5775 5777
3 5772 5774 5773
3 5776 5773 5774
3 5777 5776 5774
3 5775 5776 5777
3 5778 5782 5779
3 5778 5780 5782
3 5779 5782 5781
3 5780 5781 5782
3 5783 5787 5784
3 5783 5785 5787
3 5784 5787 5786
3 5785 5786 5787
3 5788 5790 5795
3 5788 5789 5791
3 5790 5788 5791
3 5791 5789 5798
3 5788 5795 5796
3 5789 5788 5796
3 5799 5789 5796
3 5798 5789 5799
3 5792 5801 5804
3 5792 5793 5802
3 5801 5792 5802
3 5793 5794 5803
3 5802 5793 5803
3 5803 5794 5809
3 5790 5797 5795
3 5790 5791 5800
3 5797 5790 5800
3 5791 5798 5800
3 5792 5804 5805
3 5793 5792 5805
3 5807 5793 5805
3 5794 5793 5807
3 5810 5794 5807
3 5809 5794 5810
3 5795 5797 5796
3 5799 5796 5797
3 5800 5799 5797
3 5798 5799 5800
3 5801 5806 5804
3 5801 5802 5808
3 5806 5801 5808
3 5802 5803 5811
3 5808 5802 5811
3 5803 5809 5811
3 5804 5806 5805
3 5807 5805 5806
3 5808 5807 5806
3 5810 5807 5808
3 5811 5810 5808
3 5809 5810 5811
3 5812 5818 5821
3 5818 5812 5822
3 5813 5812 5821
3 5824 5813 5821
3 5827 5822 5812
3 5813 5827 5812
3 5814 5825 5829
3 5824 5825 5814
3 5824 5814 5813
3 5813 5814 5815
3 5830 5827 5813
3 5815 5830 5813
3 5816 5814 5829
3 5832 5816 5829
3 5833 5831 5815
3 5833 5815 5816
3 5816 5815 5814
3 5830 5815 5831
3 5816 5832 5834
3 5833 5816 5834
3 5817 5837 5839
3 5837 5817 5840
3 5819 5817 5839
3 5843 5819 5839
3 5841 5840 5817
3 5841 5817 5820
3 5820 5817 5819
3 5841 5820 5844
3 5818 5819 5843
3 5818 5843 5821
3 5821 5843 5845
3 5822 5819 5818
3 5822 5823 5819
3 5823 5820 5819
3 5847 5844 5820
3 5823 5847 5820
3 5826 5846 5849
3 5826 5845 5846
3 5826 5824 5845
3 5824 5821 5845
3 5823 5827 5828
3 5822 5827 5823
3 5851 5847 5823
3 5828 5851 5823
3 5825 5826 5849
3 5825 5849 5829
3 5829 5849 5853
3 5824 5826 5825
3 5828 5854 5852
3 5828 5827 5854
3 5827 5830 5854
3 5851 5828 5852
3 5829 5853 5832
3 5853 5857 5832
3 5831 5859 5855
3 5833 5859 5831
3 5854 5830 5831
3 5855 5854 5831
3 5835 5858 5862
3 5860 5834 5832
3 5860 5832 5857
3 5858 5835 5863
3 5859 5833 5834
3 5860 5859 5834
3 5835 5862 5864
3 5863 5835 5864
3 5836 5869 5872
3 5836 5838 5871
3 5869 5836 5871
3 5871 5838 5874
3 5836 5872 5873
3 5837 5876 5839
3 5837 5836 5876
3 5837 5838 5836
3 5836 5873 5876
3 5840 5842 5875
3 5837 5840 5875
3 5837 5875 5874
3 5837 5874 5838
3 5875 5842 5877
3 5839 5876 5843
3 5876 5879 5843
3 5840 5841 5842
3 5842 5841 5844
3 5842 5844 5877
3 5877 5844 5881
3 5843 5879 5845
3 5879 5884 5845
3 5882 5847 5848
3 5882 5881 5847
3 5881 5844 5847
3 5882 5848 5886
3 5846 5850 5849
3 5846 5888 5850
3 5846 5845 5888
3 5845 5884 5888
3 5848 5891 5887
3 5848 5847 5891
3 5847 5851 5891
3 5886 5848 5887
3 5850 5889 5893
3 5850 5893 5849
3 5849 5893 5853
3 5888 5889 5850
3 5852 5854 5856
3 5852 5856 5895
3 5852 5895 5851
3 5851 5895 5891
3 5853 5893 5857
3 5893 5897 5857
3 5855 5859 5861
3 5855 5861 5899
3 5854 5855 5899
3 5854 5899 5896
3 5854 5896 5856
3 5895 5856 5896
3 5858 5898 5901
3 5862 5858 5901
3 5858 5865 5898
3 5858 5863 5865
3 5898 5865 5897
3 5860 5857 5865
3 5897 5865 5857
3 5860 5865 5904
3 5859 5860 5904
3 5859 5904 5900
3 5859 5900 5861
3 5899 5861 5900
3 5866 5902 5906
3 5864 5866 5867
3 5864 5901 5866
3 5864 5862 5901
3 5902 5866 5901
3 5864 5867 5908
3 5863 5864 5908
3 5863 5908 5905
3 5863 5905 5865
3 5904 5865 5905
3 5866 5906 5907
3 5867 5866 5907
3 5909 5867 5907
3 5908 5867 5909
3 5868 5911 5913
3 5868 5870 5912
3 5911 5868 5912
3 5912 5870 5915
3 5868 5913 5914
3 5869 5918 5872
3 5869 5868 5918
3 5869 5870 5868
3 5868 5914 5918
3 5870 5916 5915
3 5870 5869 5916
3 5869 5871 5916
3 5916 5871 5874
3 5921 5916 5874
3 5872 5918 5919
3 5873 5872 5919
3 5919 5876 5873
3 5925 5876 5919
3 5874 5922 5921
3 5875 5922 5874
3 5877 5878 5924
3 5877 5924 5875
3 5875 5924 5922
3 5924 5878 5928
3 5926 5880 5879
3 5926 5879 5925
3 5925 5879 5876
3 5926 5930 5880
3 5878 5881 5883
3 5877 5881 5878
3 5932 5928 5878
3 5883 5932 5878
3 5880 5885 5884
3 5879 5880 5884
3 5934 5880 5930
3 5885 5880 5934
3 5881 5882 5883
3 5883 5882 5886
3 5883 5886 5932
3 5932 5886 5936
3 5885 5890 5888
3 5884 5885 5888
3 5938 5885 5934
3 5890 5885 5938
3 5887 5891 5892
3 5887 5892 5941
3 5887 5941 5886
3 5886 5941 5936
3 5889 5894 5893
3 5889 5944 5894
3 5888 5944 5889
3 5888 5939 5944
3 5888 5890 5939
3 5938 5939 5890
3 5892 5947 5942
3 5892 5891 5947
3 5891 5895 5947
3 5941 5892 5942
3 5894 5945 5950
3 5894 5950 5893
3 5893 5950 5897
3 5944 5945 5894
3 5896 5952 5948
3 5899 5952 5896
3 5947 5895 5896
3 5948 5947 5896
3 5898 5903 5901
3 5898 5956 5903
3 5898 5897 5956
3 5897 5950 5956
3 5900 5957 5953
3 5904 5957 5900
3 5952 5899 5900
3 5953 5952 5900
3 5902 5955 5960
3 5906 5902 5960
3 5901 5955 5902
3 5901 5910 5955
3 5901 5903 5910
3 5961 5955 5910
3 5908 5958 5905
3 5908 5903 5958
3 5908 5910 5903
3 5956 5958 5903
3 5957 5904 5905
3 5958 5957 5905
3 5906 5960 5962
3 5907 5906 5962
3 5961 5910 5909
3 5961 5909 5962
3 5962 5909 5907
3 5908 5909 5910
3 5911 5965 5970
3 5913 5911 5970
3 5912 5967 5911
3 5911 5967 5965
3 5915 5917 5969
3 5915 5969 5912
3 5912 5969 5967
3 5969 5917 5974
3 5913 5970 5971
3 5914 5913 5971
3 5918 5973 5920
3 5918 5914 5973
3 5914 5971 5973
3 5915 5916 5917
3 5920 5973 5976
3 5921 5923 5975
3 5916 5921 5975
3 5916 5975 5974
3 5916 5974 5917
3 5975 5923 5979
3 5918 5920 5919
3 5925 5977 5927
3 5919 5977 5925
3 5919 5976 5977
3 5919 5920 5976
3 5921 5922 5923
3 5927 5977 5981
3 5923 5922 5924
3 5923 5924 5982
3 5923 5982 5979
3 5982 5924 5929
3 5924 5928 5929
3 5925 5927 5926
3 5930 5983 5931
3 5926 5983 5930
3 5926 5981 5983
3 5926 5927 5981
3 5982 5931 5983
3 5982 5929 5931
3 5929 5933 5931
3 5928 5932 5933
3 5929 5928 5933
3 5931 5935 5934
3 5930 5931 5934
3 5933 5937 5931
3 5937 5935 5931
3 5932 5936 5937
3 5933 5932 5937
3 5935 5940 5938
3 5934 5935 5938
3 5937 5943 5935
3 5943 5940 5935
3 5936 5941 5943
3 5937 5936 5943
3 5939 5946 5944
3 5939 5938 5940
3 5939 5940 5946
3 5946 5940 5949
3 5942 5947 5949
3 5942 5949 5943
3 5943 5949 5940
3 5941 5942 5943
3 5945 5951 5950
3 5945 5944 5946
3 5945 5946 5951
3 5951 5946 5954
3 5948 5952 5954
3 5948 5954 5949
3 5949 5954 5946
3 5947 5948 5949
3 5951 5959 5956
3 5950 5951 5956
3 5953 5957 5959
3 5953 5959 5954
3 5954 5959 5951
3 5952 5953 5954
3 5955 5963 5960
3 5955 5961 5963
3 5956 5959 5958
3 5957 5958 5959
3 5960 5963 5962
3 5961 5962 5963
3 5964 5985 5989
3 5964 5966 5986
3 5985 5964 5986
3 5966 5968 5987
3 5986 5966 5987
3 5987 5968 5993
3 5964 5989 5991
3 5966 5964 5991
3 5966 5991 5992
3 5972 5970 5965
3 5966 5996 5968
3 5966 5992 5996
3 5968 5996 5967
3 5972 5965 5996
3 5967 5996 5965
3 5968 5995 5993
3 5968 5967 5995
3 5967 5969 5995
3 5995 5969 5974
3 5999 5995 5974
3 5970 5972 5971
3 5972 5996 5997
3 5972 5997 5971
3 5971 5997 5973
3 5976 6000 5978
3 5976 5973 6000
3 5973 5997 6000
3 5975 5980 5978
3 5975 5978 5999
3 5975 5999 5974
3 6000 5999 5978
3 5975 5979 5980
3 5976 5978 5977
3 5981 5977 5978
3 5981 5978 5984
3 5984 5978 5980
3 5979 5982 5984
3 5980 5979 5984
3 5981 5984 5983
3 5982 5983 5984
3 5988 6002 6007
3 5988 5990 6003
3 6002 5988 6003
3 5990 5989 5985
3 5990 5985 6003
3 6003 5985 6005
3 5986 6006 5985
3 5985 6006 6005
3 5994 6013 6006
3 5994 6006 5987
3 5987 6006 5986
3 5987 5993 5994
3 5988 6007 6009
3 5990 5988 6009
3 6010 5990 6009
3 5989 5990 6010
3 5989 6010 5991
3 5991 6010 6011
3 5992 5991 6014
3 5991 6011 6014
3 5996 5994 5998
3 5996 6014 5994
3 5996 5992 6014
3 6014 6013 5994
3 5993 5995 6001
3 5993 6001 5994
3 5994 6001 5998
3 5995 5999 6001
3 5996 5998 5997
3 6000 5997 5998
3 6001 6000 5998
3 5999 6000 6001
3 6004 6016 6020
3 6016 6004 6022
3 6008 6018 6025
3 6008 6007 6002
3 6008 6002 6018
3 6018 6002 6021
3 6020 6003 6004
3 6020 6021 6003
3 6021 6002 6003
3 6004 6003 6005
3 6004 6005 6030
3 6004 6030 6022
3 6030 6005 6012
3 6005 6006 6015
3 6012 6005 6015
3 6006 6013 6015
3 6008 6025 6027
3 6007 6008 6027
3 6007 6027 6009
3 6009 6027 6028
3 6010 6009 6031
3 6009 6028 6031
3 6030 6012 6011
3 6030 6011 6031
3 6031 6011 6010
3 6014 6011 6012
3 6015 6014 6012
3 6013 6014 6015
3 6017 6033 6035
3 6017 6019 6034
3 6033 6017 6034
3 6034 6019 6038
3 6016 6023 6020
3 6016 6022 6023
3 6024 6036 6040
3 6035 6036 6024
3 6035 6024 6017
3 6017 6024 6026
3 6018 6026 6025
3 6018 6019 6026
3 6019 6017 6026
3 6019 6018 6021
3 6019 6021 6045
3 6019 6045 6038
3 6045 6021 6029
3 6021 6020 6023
3 6021 6023 6029
3 6029 6023 6032
3 6022 6030 6032
3 6023 6022 6032
3 6024 6040 6041
3 6026 6024 6041
3 6043 6026 6041
3 6025 6026 6043
3 6025 6043 6027
3 6027 6043 6046
3 6045 6029 6028
3 6045 6028 6046
3 6046 6028 6027
3 6031 6028 6029
3 6032 6031 6029
3 6030 6031 6032
3 6033 6037 6035
3 6033 6034 6039
3 6037 6033 6039
3 6034 6038 6039
3 6036 6042 6040
3 6036 6035 6037
3 6036 6037 6042
3 6042 6037 6044
3 6039 6047 6037
3 6047 6044 6037
3 6038 6045 6047
3 6039 6038 6047
3 6040 6042 6041
3 6043 6041 6042
3 6044 6043 6042
3 6046 6043 6044
3 6047 6046 6044
3 6045 6046 6047
3 6048 6056 6058
3 6056 6048 6060
3 6049 6048 6058
3 6065 6049 6058
3 6062 6060 6048
3 6062 6048 6050
3 6050 6048 6049
3 6050 6051 6064
3 6062 6050 6064
3 6064 6051 6069
3 6049 6065 6066
3 6050 6049 6066
3 6067 6050 6066
3 6067 6070 6052
3 6067 6052 6050
3 6050 6052 6051
3 6071 6069 6051
3 6052 6071 6051
3 6052 6070 6072
3 6071 6052 6072
3 6053 6075 6077
3 6075 6053 6078
3 6054 6076 6081
3 6076 6054 6083
3 6053 6077 6079
3 6082 6085 6055
3 6078 6053 6079
3 6081 6084 6054
3 6082 6055 6086
3 6083 6054 6084
3 6055 6085 6087
3 6086 6055 6087
3 6057 6090 6092
3 6090 6057 6094
3 6059 6093 6097
3 6057 6092 6095
3 6061 6058 6056
3 6093 6059 6098
3 6056 6060 6061
3 6095 6094 6057
3 6063 6096 6100
3 6096 6063 6102
3 6059 6097 6099
3 6059 6099 6098
3 6061 6101 6058
3 6058 6101 6105
3 6058 6105 6065
3 6062 6068 6106
3 6062 6106 6101
3 6062 6101 6060
3 6061 6060 6101
3 6063 6100 6103
3 6063 6103 6102
3 6062 6104 6068
3 6062 6064 6104
3 6104 6108 6068
3 6104 6064 6069
3 6109 6104 6069
3 6065 6105 6107
3 6066 6065 6107
3 6106 6068 6067
3 6106 6067 6107
3 6107 6067 6066
3 6070 6110 6073
3 6067 6110 6070
3 6067 6108 6110
3 6067 6068 6108
3 6073 6110 6109
3 6073 6109 6071
3 6071 6109 6069
3 6070 6073 6072
3 6071 6072 6073
3 6111 6112 6074
3 6111 6074 6113
3 6074 6112 6114
3 6113 6074 6114
3 6075 6080 6077
3 6075 6078 6080
3 6076 6116 6117
3 6081 6076 6117
3 6116 6076 6083
3 6119 6116 6083
3 6077 6080 6079
3 6082 6118 6122
3 6082 6122 6085
3 6079 6080 6078
3 6082 6086 6124
3 6082 6124 6118
3 6084 6081 6120
3 6120 6081 6117
3 6119 6083 6084
3 6120 6119 6084
3 6088 6123 6127
3 6125 6087 6085
3 6125 6085 6122
3 6123 6088 6128
3 6124 6086 6087
3 6125 6124 6087
3 6088 6127 6129
3 6128 6088 6129
3 6089 6131 6132
3 6131 6089 6134
3 6091 6089 6132
3 6138 6091 6132
3 6139 6134 6089
3 6091 6139 6089
3 6090 6137 6141
3 6092 6090 6141
3 6137 6090 6094
3 6143 6137 6094
3 6091 6138 6140
3 6146 6097 6093
3 6146 6093 6142
3 6139 6091 6140
3 6093 6098 6147
3 6093 6147 6142
3 6095 6092 6144
3 6144 6092 6141
3 6096 6145 6100
3 6145 6150 6100
3 6095 6143 6094
3 6095 6144 6143
3 6145 6096 6102
3 6152 6145 6102
3 6097 6146 6148
3 6099 6097 6148
3 6101 6151 6105
3 6151 6156 6105
3 6099 6147 6098
3 6099 6148 6147
3 6101 6106 6157
3 6101 6157 6151
3 6103 6100 6153
3 6153 6100 6150
3 6104 6155 6108
3 6155 6160 6108
3 6103 6152 6102
3 6103 6153 6152
3 6155 6104 6109
3 6161 6155 6109
3 6105 6156 6158
3 6107 6105 6158
3 6157 6106 6107
3 6158 6157 6107
3 6108 6160 6162
3 6110 6108 6162
3 6161 6109 6110
3 6162 6161 6110
3 6111 6115 6112
3 6111 6113 6115
3 6112 6115 6114
3 6113 6114 6115
3 6116 6121 6117
3 6116 6119 6121
3 6118 6126 6122
3 6120 6117 6121
3 6124 6126 6118
3 6119 6120 6121
3 6123 6130 6127
3 6125 6122 6126
3 6128 6130 6123
3 6124 6125 6126
3 6127 6130 6129
3 6128 6129 6130
3 6133 6164 6166
3 6135 6132 6131
3 6168 6164 6133
3 6134 6135 6131
3 6136 6165 6171
3 6165 6136 6173
3 6133 6166 6169
3 6133 6169 6168
3 6135 6172 6132
3 6132 6172 6176
3 6132 6176 6138
3 6136 6171 6174
3 6134 6177 6135
3 6134 6139 6177
3 6177 6172 6135
3 6180 6141 6137
3 6180 6137 6175
3 6173 6136 6174
3 6175 6137 6143
3 6181 6175 6143
3 6138 6176 6178
3 6140 6138 6178
3 6140 6178 6177
3 6140 6177 6139
3 6142 6149 6146
3 6141 6180 6182
3 6141 6182 6144
3 6147 6149 6142
3 6144 6182 6181
3 6144 6181 6143
3 6145 6154 6150
3 6145 6152 6154
3 6146 6149 6148
3 6147 6148 6149
3 6151 6159 6156
3 6153 6150 6154
3 6157 6159 6151
3 6152 6153 6154
3 6155 6163 6160
3 6155 6161 6163
3 6156 6159 6158
3 6157 6158 6159
3 6160 6163 6162
3 6161 6162 6163
3 6167 6184 6188
3 6170 6166 6164
3 6189 6184 6167
3 6164 6168 6170
3 6165 6186 6192
3 6171 6165 6192
3 6186 6165 6173
3 6193 6186 6173
3 6167 6188 6190
3 6166 6170 6169
3 6167 6190 6189
3 6168 6169 6170
3 6172 6179 6176
3 6171 6192 6194
3 6171 6194 6174
3 6177 6179 6172
3 6174 6194 6193
3 6174 6193 6173
3 6175 6183 6180
3 6175 6181 6183
3 6176 6179 6178
3 6177 6178 6179
3 6180 6183 6182
3 6181 6182 6183
3 6185 6195 6197
3 6195 6185 6199
3 6187 6196 6202
3 6196 6187 6203
3 6184 6191 6188
3 6185 6197 6200
3 6189 6191 6184
3 6199 6185 6200
3 6186 6201 6205
3 6192 6186 6205
3 6201 6186 6193
3 6206 6201 6193
3 6187 6202 6204
3 6203 6187 6204
3 6188 6191 6190
3 6189 6190 6191
3 6192 6205 6207
3 6194 6192 6207
3 6206 6193 6194
3 6207 6206 6194
3 6198 6211 6214
3 6198 6197 6195
3 6198 6195 6211
3 6211 6195 6212
3 6212 6195 6199
3 6217 6212 6199
3 6196 6213 6220
3 6202 6196 6220
3 6213 6196 6203
3 6221 6213 6203
3 6198 6214 6215
3 6197 6198 6215
3 6197 6215 6200
3 6200 6215 6218
3 6217 6199 6200
3 6218 6217 6200
3 6201 6208 6205
3 6201 6206 6208
3 6209 6204 6202
3 6209 6202 6223
3 6223 6202 6220
3 6222 6221 6203
3 6222 6203 6209
3 6222 6209 6210
3 6209 6203 6204
3 6222 6210 6226
3 6205 6208 6207
3 6206 6207 6208
3 6209 6223 6225
3 6210 6209 6225
3 6227 6210 6225
3 6226 6210 6227
3 6211 6216 6214
3 6211 6212 6219
3 6216 6211 6219
3 6212 6217 6219
3 6213 6228 6229
3 6220 6213 6229
3 6228 6213 6221
3 6231 6228 6221
3 6214 6216 6215
3 6218 6215 6216
3 6219 6218 6216
3 6217 6218 6219
3 6224 6230 6234
3 6224 6229 6230
3 6224 6223 6229
3 6223 6220 6229
3 6221 6233 6231
3 6222 6233 6221
3 6233 6222 6226
3 6237 6233 6226
3 6224 6234 6235
3 6223 6224 6235
3 6223 6235 6225
3 6225 6235 6236
3 6227 6225 6238
3 6225 6236 6238
3 6237 6226 6227
3 6238 6237 6227
3 6228 6232 6229
3 6228 6231 6232
3 6230 6240 6242
3 6234 6230 6242
3 6232 6230 6229
3 6232 6241 6230
3 6241 6240 6230
3 6239 6245 6241
3 6233 6239 6241
3 6233 6241 6232
3 6233 6232 6231
3 6233 6237 6239
3 6234 6242 6243
3 6235 6234 6243
3 6236 6235 6246
3 6235 6243 6246
3 6245 6239 6238
3 6245 6238 6246
3 6246 6238 6236
3 6237 6238 6239
3 6240 6244 6242
3 6240 6241 6247
3 6244 6240 6247
3 6241 6245 6247
3 6242 6244 6243
3 6246 6243 6244
3 6247 6246 6244
3 6245 6246 6247
3 6248 6251 6252
3 6251 6248 6253
3 6248 6252 6254
3 6253 6248 6254
3 6249 6256 6257
3 6256 6249 6258
3 6249 6257 6259
3 6258 6249 6259
3 6250 6261 6262
3 6261 6250 6263
3 6250 6262 6264
3 6251 6255 6252
3 6250 6264 6263
3 6251 6253 6255
3 6252 6255 6254
3 6253 6254 6255
3 6256 6260 6257
3 6256 6258 6260
3 6257 6260 6259
3 6258 6259 6260
3 6261 6265 6262
3 6261 6263 6265
3 6262 6265 6264
3 6263 6264 6265
3 6266 6267 6268
3 6267 6266 6270
3 6266 6268 6271
3 6270 6266 6271
3 6269 6273 6274
3 6272 6268 6267
3 6275 6273 6269
3 6267 6270 6272
3 6269 6274 6276
3 6268 6272 6271
3 6269 6276 6275
3 6270 6271 6272
3 6273 6277 6274
3 6273 6275 6277
3 6274 6277 6276
3 6275 6276 6277
3 6278 6280 6281
3 6280 6278 6282
3 6278 6281 6283
3 6282 6278 6283
3 6279 6286 6287
3 6286 6279 6288
3 6279 6287 6289
3 6280 6284 6281
3 6279 6289 6288
3 6280 6282 6284
3 6281 6284 6283
3 6282 6283 6284
3 6285 6290 6291
3 6290 6285 6293
3 6285 6291 6294
3 6297 6287 6286
3 6297 6286 6296
3 6293 6285 6294
3 6296 6286 6288
3 6298 6296 6288
3 6287 6297 6299
3 6289 6287 6299
3 6298 6288 6289
3 6299 6298 6289
3 6292 6301 6303
3 6295 6291 6290
3 6305 6301 6292
3 6290 6293 6295
3 6292 6303 6306
3 6291 6295 6294
3 6292 6306 6305
3 6293 6294 6295
3 6296 6300 6297
3 6296 6298 6300
3 6297 6300 6299
3 6298 6299 6300
3 6302 6308 6310
3 6302 6304 6309
3 6308 6302 6309
3 6307 6303 6301
3 6313 6309 6304
3 6301 6305 6307
3 6302 6310 6311
3 6304 6302 6311
3 6314 6304 6311
3 6303 6307 6306
3 6304 6314 6313
3 6305 6306 6307
3 6308 6312 6310
3 6308 6309 6315
3 6312 6308 6315
3 6309 6313 6315
3 6310 6312 6311
3 6314 6311 6312
3 6315 6314 6312
3 6313 6314 6315
3 6316 6317 6318
3 6317 6316 6319
3 6316 6318 6320
3 6319 6316 6320
3 6317 6321 6322
3 6318 6317 6322
3 6321 6317 6319
3 6323 6321 6319
3 6318 6322 6324
3 6320 6318 6324
3 6323 6319 6320
3 6324 6323 6320
3 6321 6325 6322
3 6321 6323 6325
3 6322 6325 6324
3 6323 6324 6325
3 6326 6343 6346
3 6326 6327 6345
3 6343 6326 6345
3 6345 6327 6348
3 6328 6326 6346
3 6350 6328 6346
3 6327 6326 6329
3 6329 6326 6328
3 6349 6348 6327
3 6349 6327 6330
3 6330 6327 6329
3 6349 6330 6353
3 6328 6350 6351
3 6351 6354 6331
3 6351 6331 6328
3 6328 6331 6329
3 6330 6329 6332
3 6332 6329 6331
3 6356 6353 6330
3 6332 6356 6330
3 6333 6331 6354
3 6357 6333 6354
3 6332 6331 6334
3 6334 6331 6333
3 6359 6356 6332
3 6334 6359 6332
3 6335 6333 6357
3 6361 6335 6357
3 6334 6333 6336
3 6336 6333 6335
3 6363 6359 6334
3 6336 6363 6334
3 6337 6335 6361
3 6364 6337 6361
3 6336 6335 6338
3 6338 6335 6337
3 6365 6363 6336
3 6338 6365 6336
3 6339 6337 6364
3 6367 6339 6364
3 6369 6366 6338
3 6369 6338 6339
3 6339 6338 6337
3 6365 6338 6366
3 6339 6367 6370
3 6369 6339 6370
3 6340 6378 6381
3 6378 6340 6383
3 6341 6340 6381
3 6386 6341 6381
3 6384 6383 6340
3 6384 6340 6342
3 6342 6340 6341
3 6342 6344 6385
3 6384 6342 6385
3 6385 6344 6390
3 6341 6386 6387
3 6387 6393 6347
3 6387 6347 6341
3 6341 6347 6342
3 6343 6347 6346
3 6343 6344 6347
3 6344 6342 6347
3 6344 6392 6390
3 6344 6343 6392
3 6343 6345 6392
3 6392 6345 6348
3 6398 6392 6348
3 6347 6393 6394
3 6347 6350 6346
3 6347 6396 6350
3 6347 6394 6396
3 6352 6350 6396
3 6396 6401 6352
3 6348 6400 6398
3 6349 6400 6348
3 6400 6349 6353
3 6404 6400 6353
3 6350 6352 6351
3 6354 6402 6355
3 6351 6402 6354
3 6351 6401 6402
3 6351 6352 6401
3 6402 6406 6355
3 6353 6356 6404
3 6404 6356 6407
3 6355 6358 6357
3 6354 6355 6357
3 6410 6355 6406
3 6358 6355 6410
3 6409 6359 6360
3 6409 6407 6359
3 6407 6356 6359
3 6409 6360 6412
3 6358 6362 6361
3 6357 6358 6361
3 6415 6358 6410
3 6362 6358 6415
3 6360 6417 6413
3 6360 6359 6417
3 6359 6363 6417
3 6412 6360 6413
3 6362 6416 6419
3 6362 6419 6361
3 6361 6419 6364
3 6415 6416 6362
3 6363 6365 6417
3 6417 6365 6422
3 6368 6420 6424
3 6368 6419 6420
3 6368 6367 6419
3 6367 6364 6419
3 6366 6369 6371
3 6366 6371 6428
3 6366 6428 6365
3 6365 6428 6422
3 6372 6425 6430
3 6424 6425 6372
3 6424 6372 6368
3 6368 6372 6373
3 6367 6374 6370
3 6367 6368 6374
3 6368 6373 6374
3 6370 6374 6432
3 6369 6370 6432
3 6369 6432 6429
3 6369 6429 6371
3 6428 6371 6429
3 6375 6372 6430
3 6434 6375 6430
3 6436 6431 6373
3 6436 6373 6375
3 6375 6373 6372
3 6374 6373 6431
3 6433 6374 6431
3 6432 6374 6433
3 6375 6434 6437
3 6436 6375 6437
3 6376 6438 6442
3 6376 6377 6439
3 6438 6376 6439
3 6377 6379 6440
3 6439 6377 6440
3 6440 6379 6445
3 6380 6376 6442
3 6447 6380 6442
3 6377 6376 6382
3 6382 6376 6380
3 6378 6382 6381
3 6378 6379 6382
3 6379 6377 6382
3 6379 6378 6383
3 6379 6383 6445
3 6445 6383 6452
3 6380 6447 6448
3 6382 6380 6448
3 6450 6382 6448
3 6382 6386 6381
3 6382 6453 6386
3 6382 6450 6453
3 6388 6386 6453
3 6384 6389 6388
3 6384 6388 6452
3 6384 6452 6383
3 6453 6452 6388
3 6384 6385 6391
3 6389 6384 6391
3 6385 6390 6391
3 6386 6388 6387
3 6393 6387 6388
3 6393 6388 6395
3 6395 6388 6389
3 6391 6397 6389
3 6397 6395 6389
3 6390 6392 6399
3 6390 6399 6391
3 6391 6399 6397
3 6392 6398 6399
3 6393 6395 6394
3 6396 6394 6395
3 6397 6396 6395
3 6401 6396 6397
3 6401 6397 6403
3 6403 6397 6399
3 6398 6400 6405
3 6398 6405 6399
3 6399 6405 6403
3 6400 6404 6405
3 6401 6403 6402
3 6406 6402 6403
3 6406 6403 6408
3 6408 6403 6405
3 6404 6407 6408
3 6405 6404 6408
3 6408 6411 6410
3 6406 6408 6410
3 6407 6409 6414
3 6407 6414 6408
3 6408 6414 6411
3 6409 6412 6414
3 6411 6418 6415
3 6410 6411 6415
3 6413 6417 6418
3 6413 6418 6414
3 6414 6418 6411
3 6412 6413 6414
3 6416 6421 6419
3 6416 6415 6418
3 6416 6418 6421
3 6421 6418 6423
3 6417 6422 6423
3 6418 6417 6423
3 6420 6426 6424
3 6420 6419 6421
3 6420 6421 6426
3 6426 6421 6427
3 6458 6423 6455
3 6458 6427 6423
3 6427 6421 6423
3 6455 6423 6422
3 6455 6422 6460
3 6460 6422 6428
3 6425 6456 6463
3 6430 6425 6463
3 6426 6425 6424
3 6426 6457 6425
3 6457 6456 6425
3 6427 6457 6426
3 6459 6457 6427
3 6468 6427 6432
3 6468 6459 6427
3 6432 6427 6429
3 6458 6461 6427
3 6429 6427 6461
3 6460 6428 6429
3 6461 6460 6429
3 6435 6464 6471
3 6435 6463 6464
3 6435 6434 6463
3 6434 6430 6463
3 6431 6474 6466
3 6436 6474 6431
3 6433 6431 6469
3 6431 6466 6469
3 6468 6432 6433
3 6469 6468 6433
3 6435 6471 6473
3 6434 6435 6473
3 6434 6473 6437
3 6437 6473 6475
3 6474 6436 6437
3 6475 6474 6437
3 6441 6476 6480
3 6441 6443 6477
3 6476 6441 6477
3 6443 6442 6438
3 6443 6438 6477
3 6477 6438 6478
3 6444 6485 6478
3 6444 6478 6439
3 6439 6478 6438
3 6439 6440 6446
3 6444 6439 6446
3 6440 6445 6446
3 6441 6480 6482
3 6443 6441 6482
3 6483 6443 6482
3 6443 6447 6442
3 6443 6486 6447
3 6443 6483 6486
3 6449 6447 6486
3 6485 6449 6486
3 6485 6444 6449
3 6444 6451 6449
3 6446 6454 6444
3 6454 6451 6444
3 6445 6452 6454
3 6446 6445 6454
3 6447 6449 6448
3 6450 6448 6449
3 6451 6450 6449
3 6453 6450 6451
3 6454 6453 6451
3 6452 6453 6454
3 6455 6462 6458
3 6455 6460 6462
3 6456 6465 6463
3 6456 6457 6467
3 6465 6456 6467
3 6457 6459 6470
3 6467 6457 6470
3 6461 6458 6462
3 6468 6470 6459
3 6460 6461 6462
3 6472 6488 6491
3 6472 6471 6464
3 6472 6464 6488
3 6488 6464 6489
3 6465 6464 6463
3 6465 6490 6464
3 6490 6489 6464
3 6466 6474 6496
3 6466 6496 6465
3 6466 6465 6467
3 6465 6496 6490
3 6469 6466 6467
3 6470 6469 6467
3 6468 6469 6470
3 6472 6491 6492
3 6471 6472 6492
3 6471 6492 6473
3 6473 6492 6494
3 6475 6473 6497
3 6473 6494 6497
3 6496 6474 6475
3 6497 6496 6475
3 6479 6499 6502
3 6479 6481 6500
3 6499 6479 6500
3 6481 6480 6476
3 6481 6476 6500
3 6500 6476 6501
3 6484 6506 6501
3 6484 6501 6477
3 6477 6501 6476
3 6477 6478 6487
3 6484 6477 6487
3 6478 6485 6487
3 6479 6502 6504
3 6481 6479 6504
3 6505 6481 6504
3 6480 6481 6505
3 6480 6505 6482
3 6482 6505 6507
3 6506 6484 6483
3 6506 6483 6507
3 6507 6483 6482
3 6486 6483 6484
3 6487 6486 6484
3 6485 6486 6487
3 6488 6493 6491
3 6488 6489 6495
3 6493 6488 6495
3 6489 6490 6498
3 6495 6489 6498
3 6490 6496 6498
3 6491 6493 6492
3 6494 6492 6493
3 6495 6494 6493
3 6497 6494 6495
3 6498 6497 6495
3 6496 6497 6498
3 6503 6509 6512
3 6503 6502 6499
3 6503 6499 6509
3 6509 6499 6510
3 6500 6511 6499
3 6499 6511 6510
3 6508 6517 6511
3 6508 6511 6501
3 6501 6511 6500
3 6501 6506 6508
3 6503 6512 6513
3 6502 6503 6513
3 6502 6513 6504
3 6504 6513 6515
3 6505 6504 6518
3 6504 6515 6518
3 6517 6508 6507
3 6517 6507 6518
3 6518 6507 6505
3 6506 6507 6508
3 6509 6514 6512
3 6509 6510 6516
3 6514 6509 6516
3 6510 6511 6519
3 6516 6510 6519
3 6511 6517 6519
3 6512 6514 6513
3 6515 6513 6514
3 6516 6515 6514
3 6518 6515 6516
3 6519 6518 6516
3 6517 6518 6519
3 6520 6523 6524
3 6523 6520 6525
3 6521 6520 6524
3 6527 6521 6524
3 6528 6525 6520
3 6521 6528 6520
3 6522 6521 6527
3 6530 6522 6527
3 6531 6528 6521
3 6522 6531 6521
3 6522 6530 6532
3 6531 6522 6532
3 6523 6526 6524
3 6523 6525 6526
3 6526 6529 6527
3 6524 6526 6527
3 6525 6528 6529
3 6526 6525 6529
3 6529 6538 6540
3 6529 6540 6527
3 6527 6540 6530
3 6529 6528 6531
3 6529 6531 6539
3 6529 6539 6538
3 6533 6539 6531
3 6539 6533 6542
3 6534 6532 6530
3 6534 6530 6544
3 6544 6530 6540
3 6532 6533 6531
3 6532 6534 6533
3 6534 6535 6533
3 6546 6542 6533
3 6535 6546 6533
3 6536 6534 6544
3 6548 6536 6544
3 6535 6534 6537
3 6537 6534 6536
3 6551 6546 6535
3 6537 6551 6535
3 6536 6548 6549
3 6537 6536 6549
3 6552 6537 6549
3 6551 6537 6552
3 6538 6541 6540
3 6538 6539 6543
3 6541 6538 6543
3 6539 6542 6543
3 6541 6545 6544
3 6540 6541 6544
3 6543 6547 6541
3 6547 6545 6541
3 6542 6546 6547
3 6543 6542 6547
3 6545 6550 6548
3 6544 6545 6548
3 6547 6553 6545
3 6553 6550 6545
3 6546 6551 6553
3 6547 6546 6553
3 6548 6550 6549
3 6552 6549 6550
3 6553 6552 6550
3 6551 6552 6553
3 6554 6557 6559
3 6554 6555 6558
3 6557 6554 6558
3 6558 6555 6561
3 6554 6559 6560
3 6555 6554 6560
3 6562 6555 6560
3 6563 6564 6556
3 6561 6555 6562
3 6563 6556 6566
3 6556 6564 6567
3 6566 6556 6567
3 6557 6582 6584
3 6559 6557 6584
3 6558 6583 6557
3 6557 6583 6582
3 6583 6558 6561
3 6586 6583 6561
3 6559 6584 6585
3 6560 6559 6585
3 6565 6585 6590
3 6565 6562 6585
3 6562 6560 6585
3 6561 6565 6586
3 6561 6562 6565
3 6586 6565 6588
3 6564 6563 6565
3 6588 6565 6563
3 6566 6568 6589
3 6566 6589 6563
3 6563 6589 6588
3 6589 6568 6592
3 6569 6565 6590
3 6595 6569 6590
3 6564 6570 6567
3 6564 6565 6570
3 6565 6569 6570
3 6567 6568 6566
3 6567 6570 6568
3 6570 6571 6568
3 6594 6592 6568
3 6594 6568 6572
3 6572 6568 6571
3 6594 6572 6597
3 6569 6595 6596
3 6596 6599 6573
3 6596 6573 6569
3 6569 6573 6570
3 6571 6570 6574
3 6574 6570 6573
3 6572 6571 6575
3 6575 6571 6574
3 6601 6597 6572
3 6575 6601 6572
3 6573 6599 6600
3 6600 6603 6576
3 6600 6576 6573
3 6573 6576 6574
3 6575 6574 6577
3 6577 6574 6576
3 6605 6601 6575
3 6577 6605 6575
3 6578 6576 6603
3 6608 6578 6603
3 6577 6576 6579
3 6579 6576 6578
3 6610 6605 6577
3 6579 6610 6577
3 6580 6578 6608
3 6612 6580 6608
3 6579 6578 6581
3 6581 6578 6580
3 6615 6610 6579
3 6581 6615 6579
3 6580 6612 6614
3 6581 6580 6614
3 6616 6581 6614
3 6615 6581 6616
3 6582 6624 6625
3 6584 6582 6625
3 6587 6626 6624
3 6587 6624 6583
3 6583 6624 6582
3 6583 6586 6587
3 6584 6625 6627
3 6585 6584 6627
3 6627 6587 6585
3 6627 6626 6587
3 6585 6587 6590
3 6629 6630 6587
3 6590 6587 6630
3 6591 6631 6629
3 6588 6591 6629
3 6588 6629 6587
3 6588 6587 6586
3 6588 6589 6593
3 6591 6588 6593
3 6589 6592 6593
3 6590 6630 6595
3 6630 6635 6595
3 6591 6633 6631
3 6593 6633 6591
3 6634 6633 6593
3 6598 6639 6634
3 6594 6598 6634
3 6594 6634 6593
3 6594 6593 6592
3 6594 6597 6598
3 6595 6635 6636
3 6596 6595 6636
3 6636 6599 6596
3 6642 6599 6636
3 6598 6641 6639
3 6641 6598 6597
3 6641 6597 6645
3 6645 6597 6601
3 6602 6643 6648
3 6600 6602 6604
3 6600 6642 6602
3 6600 6599 6642
3 6643 6602 6642
3 6600 6604 6603
3 6647 6605 6606
3 6647 6645 6605
3 6645 6601 6605
3 6647 6606 6651
3 6607 6602 6648
3 6652 6607 6648
3 6604 6602 6609
3 6609 6602 6607
3 6603 6609 6608
3 6604 6609 6603
3 6606 6610 6611
3 6605 6610 6606
3 6656 6651 6606
3 6611 6656 6606
3 6607 6652 6653
3 6653 6658 6613
3 6653 6613 6607
3 6607 6613 6609
3 6608 6613 6612
3 6609 6613 6608
3 6611 6661 6657
3 6611 6610 6661
3 6610 6615 6661
3 6656 6611 6657
3 6617 6659 6663
3 6658 6659 6617
3 6658 6617 6613
3 6613 6617 6618
3 6612 6619 6614
3 6612 6613 6619
3 6613 6618 6619
3 6614 6620 6616
3 6619 6620 6614
3 6616 6620 6665
3 6616 6665 6615
3 6615 6665 6661
3 6621 6617 6663
3 6667 6621 6663
3 6618 6617 6622
3 6622 6617 6621
3 6619 6618 6623
3 6623 6618 6622
3 6670 6666 6620
3 6670 6620 6623
3 6623 6620 6619
3 6665 6620 6666
3 6621 6667 6668
3 6622 6621 6668
3 6669 6622 6668
3 6623 6622 6669
3 6671 6623 6669
3 6670 6623 6671
3 6624 6628 6625
3 6624 6626 6628
3 6625 6628 6627
3 6626 6627 6628
3 6629 6632 6630
3 6629 6631 6632
3 6632 6637 6635
3 6630 6632 6635
3 6631 6633 6638
3 6631 6638 6632
3 6632 6638 6637
3 6633 6634 6640
3 6638 6633 6640
3 6634 6639 6640
3 6635 6637 6636
3 6642 6636 6637
3 6642 6637 6644
3 6644 6637 6638
3 6677 6640 6676
3 6677 6644 6640
3 6644 6638 6640
3 6646 6678 6676
3 6641 6646 6676
3 6641 6676 6640
3 6641 6640 6639
3 6641 6645 6646
3 6643 6649 6648
3 6643 6642 6644
3 6643 6644 6649
3 6649 6644 6650
3 6682 6644 6677
3 6650 6644 6682
3 6646 6680 6678
3 6645 6680 6646
3 6645 6647 6680
3 6647 6681 6680
3 6681 6647 6651
3 6685 6681 6651
3 6649 6654 6652
3 6648 6649 6652
3 6650 6655 6649
3 6655 6654 6649
3 6687 6650 6682
3 6655 6650 6687
3 6651 6656 6685
3 6685 6656 6688
3 6652 6654 6653
3 6658 6653 6654
3 6658 6654 6660
3 6660 6654 6655
3 6689 6655 6687
3 6660 6655 6689
3 6657 6661 6662
3 6657 6662 6691
3 6657 6691 6656
3 6656 6691 6688
3 6659 6664 6663
3 6659 6693 6664
3 6658 6693 6659
3 6658 6690 6693
3 6658 6660 6690
3 6689 6690 6660
3 6662 6696 6692
3 6662 6661 6696
3 6661 6665 6696
3 6691 6662 6692
3 6664 6694 6697
3 6664 6697 6663
3 6663 6697 6667
3 6693 6694 6664
3 6666 6670 6672
3 6666 6672 6701
3 6666 6701 6665
3 6665 6701 6696
3 6673 6698 6703
3 6668 6673 6674
3 6668 6697 6673
3 6668 6667 6697
3 6698 6673 6697
3 6668 6675 6669
3 6674 6675 6668
3 6708 6669 6675
3 6708 6700 6669
3 6700 6671 6669
3 6672 6670 6671
3 6672 6671 6702
3 6702 6671 6700
3 6701 6672 6702
3 6673 6703 6704
3 6674 6673 6704
3 6706 6674 6704
3 6675 6674 6706
3 6709 6675 6706
3 6708 6675 6709
3 6676 6679 6677
3 6676 6678 6679
3 6679 6683 6682
3 6677 6679 6682
3 6678 6680 6684
3 6678 6684 6679
3 6679 6684 6683
3 6680 6681 6686
3 6684 6680 6686
3 6681 6685 6686
3 6683 6711 6714
3 6683 6714 6682
3 6682 6714 6687
3 6684 6711 6683
3 6712 6711 6684
3 6686 6712 6684
3 6713 6712 6686
3 6713 6686 6685
3 6713 6685 6716
3 6716 6685 6688
3 6687 6714 6689
3 6714 6718 6689
3 6688 6691 6716
3 6716 6691 6719
3 6690 6695 6693
3 6690 6721 6695
3 6690 6689 6721
3 6689 6718 6721
3 6692 6723 6720
3 6696 6723 6692
3 6719 6691 6692
3 6720 6719 6692
3 6694 6699 6697
3 6694 6725 6699
3 6693 6725 6694
3 6693 6722 6725
3 6693 6695 6722
3 6721 6722 6695
3 6696 6701 6723
3 6723 6701 6726
3 6698 6705 6703
3 6698 6697 6699
3 6698 6699 6705
3 6705 6699 6707
3 6728 6699 6725
3 6707 6699 6728
3 6700 6708 6710
3 6731 6700 6710
3 6731 6727 6700
3 6727 6702 6700
3 6726 6701 6702
3 6727 6726 6702
3 6703 6705 6704
3 6706 6704 6705
3 6707 6706 6705
3 6707 6728 6729
3 6707 6729 6706
3 6706 6729 6709
3 6710 6708 6709
3 6710 6709 6732
3 6732 6709 6729
3 6731 6710 6732
3 6711 6715 6714
3 6735 6715 6711
3 6735 6711 6734
3 6734 6711 6712
3 6717 6737 6734
3 6717 6734 6713
3 6713 6734 6712
3 6713 6716 6717
3 6715 6736 6740
3 6715 6740 6714
3 6714 6740 6718
3 6735 6736 6715
3 6717 6739 6737
3 6739 6717 6716
3 6739 6716 6741
3 6741 6716 6719
3 6718 6740 6721
3 6740 6742 6721
3 6720 6723 6724
3 6720 6724 6744
3 6720 6744 6719
3 6719 6744 6741
3 6722 6743 6746
3 6725 6722 6746
3 6742 6722 6721
3 6743 6722 6742
3 6724 6749 6745
3 6724 6723 6749
3 6723 6726 6749
3 6744 6724 6745
3 6747 6730 6728
3 6747 6728 6746
3 6746 6728 6725
3 6730 6748 6733
3 6747 6748 6730
3 6733 6727 6731
3 6733 6748 6727
3 6748 6750 6727
3 6749 6726 6727
3 6750 6749 6727
3 6728 6730 6729
3 6732 6729 6730
3 6733 6732 6730
3 6731 6732 6733
3 6734 6738 6735
3 6734 6737 6738
3 6736 6753 6756
3 6740 6736 6756
3 6738 6736 6735
3 6738 6754 6736
3 6754 6753 6736
3 6737 6754 6738
3 6737 6739 6754
3 6739 6755 6754
3 6755 6739 6741
3 6757 6755 6741
3 6740 6756 6742
3 6756 6758 6742
3 6741 6744 6757
3 6757 6744 6761
3 6743 6759 6763
3 6746 6743 6763
3 6758 6743 6742
3 6759 6743 6758
3 6745 6765 6762
3 6749 6765 6745
3 6761 6744 6745
3 6762 6761 6745
3 6746 6763 6764
3 6747 6746 6764
3 6751 6764 6766
3 6751 6748 6764
3 6748 6747 6764
3 6748 6752 6750
3 6751 6752 6748
3 6750 6752 6768
3 6750 6768 6749
3 6749 6768 6765
3 6751 6766 6767
3 6752 6751 6767
3 6769 6752 6767
3 6768 6752 6769
3 6753 6770 6773
3 6756 6753 6773
3 6754 6771 6753
3 6753 6771 6770
3 6755 6772 6754
3 6754 6772 6771
3 6772 6755 6757
3 6776 6772 6757
3 6760 6774 6778
3 6760 6773 6774
3 6760 6758 6773
3 6758 6756 6773
3 6757 6761 6776
3 6776 6761 6782
3 6759 6760 6778
3 6759 6778 6763
3 6763 6778 6784
3 6758 6760 6759
3 6762 6788 6783
3 6765 6788 6762
3 6782 6761 6762
3 6783 6782 6762
3 6763 6784 6785
3 6764 6763 6785
3 6785 6766 6764
3 6790 6766 6785
3 6765 6768 6788
3 6788 6768 6793
3 6766 6790 6791
3 6767 6766 6791
3 6769 6767 6794
3 6767 6791 6794
3 6793 6768 6769
3 6794 6793 6769
3 6770 6775 6773
3 6797 6775 6770
3 6797 6770 6796
3 6796 6770 6771
3 6777 6798 6796
3 6777 6796 6772
3 6772 6796 6771
3 6772 6776 6777
3 6774 6779 6778
3 6774 6773 6775
3 6774 6775 6779
3 6779 6775 6780
3 6799 6775 6797
3 6799 6781 6775
3 6781 6780 6775
3 6802 6777 6801
3 6802 6781 6777
3 6798 6777 6799
3 6799 6777 6781
3 6801 6777 6776
3 6801 6776 6803
3 6803 6776 6782
3 6779 6786 6784
3 6778 6779 6784
3 6780 6787 6779
3 6787 6786 6779
3 6781 6789 6780
3 6789 6787 6780
3 6788 6804 6783
3 6788 6781 6804
3 6788 6789 6781
3 6802 6804 6781
3 6803 6782 6783
3 6804 6803 6783
3 6784 6786 6785
3 6790 6785 6786
3 6790 6786 6792
3 6792 6786 6787
3 6789 6795 6787
3 6795 6792 6787
3 6788 6793 6795
3 6789 6788 6795
3 6790 6792 6791
3 6794 6791 6792
3 6795 6794 6792
3 6793 6794 6795
3 6796 6800 6797
3 6796 6798 6800
3 6797 6800 6799
3 6798 6799 6800
3 6801 6805 6802
3 6801 6803 6805
3 6802 6805 6804
3 6803 6804 6805
3 6806 6812 6814
3 6812 6806 6816
3 6807 6806 6814
3 6820 6807 6814
3 6818 6816 6806
3 6818 6806 6808
3 6808 6806 6807
3 6818 6808 6824
3 6807 6820 6822
3 6822 6827 6809
3 6822 6809 6807
3 6807 6809 6808
3 6829 6824 6808
3 6809 6829 6808
3 6810 6809 6827
3 6832 6810 6827
3 6834 6829 6809
3 6810 6834 6809
3 6810 6832 6835
3 6834 6810 6835
3 6811 6842 6843
3 6842 6811 6844
3 6813 6811 6843
3 6846 6813 6843
3 6845 6844 6811
3 6845 6811 6815
3 6815 6811 6813
3 6817 6814 6812
3 6847 6845 6815
3 6812 6816 6817
3 6819 6813 6846
3 6848 6819 6846
3 6815 6813 6821
3 6821 6813 6819
3 6847 6815 6821
3 6847 6821 6851
3 6814 6817 6820
3 6820 6817 6823
3 6816 6818 6825
3 6816 6825 6817
3 6817 6825 6823
3 6818 6824 6825
3 6819 6848 6849
3 6849 6853 6826
3 6849 6826 6819
3 6819 6826 6821
3 6820 6823 6822
3 6821 6828 6851
3 6821 6826 6828
3 6828 6852 6851
3 6854 6852 6828
3 6827 6822 6830
3 6830 6822 6823
3 6830 6823 6825
3 6824 6829 6830
3 6825 6824 6830
3 6831 6826 6853
3 6856 6831 6853
3 6828 6826 6833
3 6833 6826 6831
3 6827 6855 6832
3 6827 6830 6855
3 6832 6855 6833
3 6854 6828 6855
3 6833 6855 6828
3 6855 6830 6829
3 6855 6829 6859
3 6859 6829 6834
3 6831 6856 6857
3 6857 6861 6836
3 6857 6836 6831
3 6831 6836 6833
3 6832 6837 6835
3 6832 6833 6837
3 6833 6836 6837
3 6835 6837 6864
3 6835 6864 6834
3 6834 6864 6859
3 6838 6836 6861
3 6866 6838 6861
3 6837 6836 6839
3 6839 6836 6838
3 6868 6864 6837
3 6839 6868 6837
3 6840 6838 6866
3 6870 6840 6866
3 6839 6838 6841
3 6841 6838 6840
3 6874 6868 6839
3 6841 6874 6839
3 6840 6870 6872
3 6841 6840 6872
3 6875 6841 6872
3 6874 6841 6875
3 6842 6878 6879
3 6843 6842 6879
3 6878 6842 6844
3 6880 6878 6844
3 6843 6879 6846
3 6879 6883 6846
3 6844 6882 6880
3 6845 6882 6844
3 6882 6845 6847
3 6886 6882 6847
3 6884 6850 6848
3 6884 6848 6883
3 6883 6848 6846
3 6884 6888 6850
3 6847 6851 6886
3 6886 6851 6889
3 6848 6850 6849
3 6850 6853 6849
3 6850 6888 6853
3 6888 6892 6853
3 6851 6891 6889
3 6852 6891 6851
3 6891 6852 6854
3 6894 6891 6854
3 6853 6892 6856
3 6892 6897 6856
3 6858 6898 6895
3 6855 6860 6858
3 6855 6858 6894
3 6855 6894 6854
3 6895 6894 6858
3 6855 6859 6860
3 6862 6857 6856
3 6862 6856 6900
3 6900 6856 6897
3 6863 6857 6858
3 6863 6861 6857
3 6858 6857 6898
3 6862 6901 6857
3 6898 6857 6901
3 6860 6865 6858
3 6865 6863 6858
3 6859 6864 6865
3 6860 6859 6865
3 6867 6862 6900
3 6904 6867 6900
3 6861 6903 6866
3 6861 6863 6903
3 6866 6903 6867
3 6901 6862 6903
3 6867 6903 6862
3 6903 6869 6906
3 6903 6863 6869
3 6863 6865 6869
3 6864 6868 6869
3 6865 6864 6869
3 6871 6867 6904
3 6909 6871 6904
3 6871 6907 6867
3 6871 6911 6907
3 6867 6907 6866
3 6873 6870 6907
3 6866 6907 6870
3 6906 6873 6907
3 6906 6869 6873
3 6869 6876 6873
3 6868 6874 6876
3 6869 6868 6876
3 6877 6871 6909
3 6913 6877 6909
3 6871 6877 6915
3 6871 6915 6911
3 6873 6872 6870
3 6875 6872 6873
3 6876 6875 6873
3 6874 6875 6876
3 6877 6913 6916
3 6915 6877 6916
3 6878 6881 6879
3 6878 6880 6881
3 6881 6885 6883
3 6879 6881 6883
3 6880 6882 6887
3 6880 6887 6881
3 6881 6887 6885
3 6882 6886 6887
3 6883 6885 6884
3 6888 6884 6885
3 6888 6885 6890
3 6890 6885 6887
3 6886 6889 6890
3 6887 6886 6890
3 6890 6893 6892
3 6888 6890 6892
3 6889 6891 6896
3 6889 6896 6890
3 6890 6896 6893
3 6891 6894 6896
3 6893 6899 6897
3 6892 6893 6897
3 6895 6898 6899
3 6895 6899 6896
3 6896 6899 6893
3 6894 6895 6896
3 6899 6902 6900
3 6897 6899 6900
3 6898 6901 6902
3 6899 6898 6902
3 6902 6905 6904
3 6900 6902 6904
3 6901 6903 6908
3 6901 6908 6902
3 6902 6908 6905
3 6903 6906 6908
3 6910 6917 6918
3 6909 6904 6905
3 6909 6905 6912
3 6919 6917 6910
3 6907 6911 6912
3 6907 6912 6908
3 6908 6912 6905
3 6906 6907 6908
3 6914 6910 6918
3 6922 6914 6918
3 6909 6921 6913
3 6909 6912 6921
3 6913 6921 6914
3 6919 6910 6921
3 6914 6921 6910
3 6921 6912 6911
3 6921 6911 6925
3 6925 6911 6915
3 6914 6922 6923
3 6913 6914 6923
3 6913 6923 6916
3 6916 6923 6926
3 6925 6915 6916
3 6926 6925 6916
3 6917 6920 6918
3 6917 6919 6920
3 6920 6924 6922
3 6918 6920 6922
3 6919 6921 6927
3 6919 6927 6920
3 6920 6927 6924
3 6921 6925 6927
3 6922 6924 6923
3 6926 6923 6924
3 6926 6924 6927
3 6933 6935 6928
3 6928 6929 6934
3 6928 6934 6933
3 6927 6925 6926
3 6934 6929 6938
3 6930 6936 6940
3 6935 6936 6930
3 6935 6930 6928
3 6928 6930 6931
3 6929 6928 6932
3 6932 6928 6931
3 6945 6938 6929
3 6932 6945 6929
3 6930 6940 6941
3 6931 6930 6941
3 6943 6931 6941
3 6932 6931 6943
3 6946 6932 6943
3 6945 6932 6946
3 6933 6937 6935
3 6933 6934 6939
3 6937 6933 6939
3 6934 6938 6939
3 6936 6942 6940
3 6936 6935 6937
3 6936 6937 6942
3 6942 6937 6944
3 6939 6947 6937
3 6947 6944 6937
3 6938 6945 6947
3 6939 6938 6947
3 6940 6942 6941
3 6943 6941 6942
3 6944 6943 6942
3 6946 6943 6944
3 6947 6946 6944
3 6945 6946 6947
3 6948 6952 6954
3 6948 6949 6953
3 6952 6948 6953
3 6953 6949 6956
3 6950 6948 6954
3 6958 6950 6954
3 6949 6948 6951
3 6951 6948 6950
3 6961 6956 6949
3 6951 6961 6949
3 6950 6958 6959
3 6951 6950 6959
3 6962 6951 6959
3 6961 6951 6962
3 6952 6955 6954
3 6952 6953 6957
3 6955 6952 6957
3 6953 6956 6957
3 6955 6960 6958
3 6954 6955 6958
3 6957 6963 6955
3 6963 6960 6955
3 6956 6961 6963
3 6957 6956 6963
3 6958 6960 6959
3 6962 6959 6960
3 6963 6962 6960
3 6961 6962 6963
3 6964 6967 6969
3 6967 6964 6970
3 6964 6969 6971
3 6972 6973 6965
3 6970 6964 6971
3 6972 6965 6974
3 6965 6973 6975
3 6974 6965 6975
3 6966 6977 6979
3 6966 6968 6978
3 6977 6966 6978
3 6978 6968 6982
3 6966 6979 6981
3 6967 6983 6969
3 6967 6966 6983
3 6967 6968 6966
3 6966 6981 6983
3 6968 6967 6970
3 6968 6970 6982
3 6982 6970 6985
3 6969 6983 6986
3 6971 6969 6986
3 6971 6986 6985
3 6971 6985 6970
3 6972 6976 6973
3 6972 6974 6976
3 6973 6976 6975
3 6974 6975 6976
3 6980 6988 6992
3 6980 6979 6977
3 6980 6977 6988
3 6988 6977 6990
3 6978 6991 6977
3 6977 6991 6990
3 6991 6978 6982
3 6994 6991 6982
3 6980 6992 6993
3 6984 6993 6996
3 6981 6993 6984
3 6981 6980 6993
3 6981 6979 6980
3 6981 6984 6983
3 6982 6985 6994
3 6994 6985 6999
3 6984 6996 6997
3 6987 6997 7001
3 6986 6997 6987
3 6986 6984 6997
3 6986 6983 6984
3 6986 6987 7002
3 6986 7002 6985
3 6985 7002 6999
3 6987 7001 7003
3 7002 6987 7003
3 6989 7005 7006
3 7005 6989 7007
3 6988 6989 7006
3 6988 7006 6992
3 6992 7006 7010
3 6989 7009 7007
3 6989 6988 7009
3 6988 6990 7009
3 6995 7012 7009
3 6995 7009 6991
3 6991 7009 6990
3 6991 6994 6995
3 6992 7010 7011
3 6993 6992 7011
3 6996 7013 6998
3 6996 6993 7013
3 6993 7011 7013
3 7012 6998 7013
3 7012 6995 6998
3 6995 7000 6998
3 6994 6999 7000
3 6995 6994 7000
3 6996 6998 6997
3 7001 6997 6998
3 7001 6998 7004
3 7004 6998 7000
3 6999 7002 7004
3 7000 6999 7004
3 7001 7004 7003
3 7002 7003 7004
3 7005 7008 7006
3 7005 7007 7008
3 7008 7015 7016
3 7008 7016 7006
3 7006 7016 7010
3 7014 7017 7015
3 7009 7014 7015
3 7009 7015 7008
3 7009 7008 7007
3 7009 7012 7014
3 7010 7016 7018
3 7011 7010 7018
3 7017 7014 7013
3 7017 7013 7018
3 7018 7013 7011
3 7012 7013 7014
3 7015 7019 7016
3 7015 7017 7019
3 7016 7019 7018
3 7017 7018 7019
3 7020 7024 7025
3 7024 7020 7027
3 7021 7026 7029
3 7025 7026 7021
3 7025 7021 7020
3 7020 7021 7022
3 7032 7027 7020
3 7022 7032 7020
3 7021 7029 7030
3 7030 7033 7023
3 7030 7023 7021
3 7021 7023 7022
3 7034 7032 7022
3 7023 7034 7022
3 7023 7033 7035
3 7034 7023 7035
3 7024 7028 7025
3 7024 7027 7028
3 7026 7031 7029
3 7026 7043 7031
3 7025 7043 7026
3 7025 7042 7043
3 7025 7028 7042
3 7042 7028 7027
3 7042 7027 7045
3 7045 7027 7032
3 7029 7031 7030
3 7031 7033 7030
3 7031 7043 7033
3 7043 7048 7033
3 7047 7034 7036
3 7047 7045 7034
3 7045 7032 7034
3 7047 7036 7050
3 7037 7035 7033
3 7037 7033 7052
3 7052 7033 7048
3 7035 7036 7034
3 7035 7037 7036
3 7037 7038 7036
3 7054 7050 7036
3 7038 7054 7036
3 7039 7037 7052
3 7056 7039 7052
3 7038 7037 7040
3 7040 7037 7039
3 7059 7054 7038
3 7040 7059 7038
3 7039 7056 7057
3 7040 7039 7057
3 7060 7040 7057
3 7059 7040 7060
3 7041 7062 7063
3 7062 7041 7064
3 7041 7063 7065
3 7067 7068 7044
3 7064 7041 7065
3 7046 7043 7042
3 7069 7067 7044
3 7042 7045 7046
3 7044 7068 7070
3 7046 7049 7048
3 7046 7048 7043
3 7044 7070 7069
3 7045 7047 7051
3 7045 7051 7046
3 7046 7051 7049
3 7047 7050 7051
3 7049 7053 7052
3 7048 7049 7052
3 7051 7055 7049
3 7055 7053 7049
3 7050 7054 7055
3 7051 7050 7055
3 7053 7058 7056
3 7052 7053 7056
3 7055 7061 7053
3 7061 7058 7053
3 7054 7059 7061
3 7055 7054 7061
3 7056 7058 7057
3 7060 7057 7058
3 7061 7060 7058
3 7059 7060 7061
3 7062 7066 7063
3 7062 7064 7066
3 7063 7066 7065
3 7064 7065 7066
3 7067 7071 7068
3 7067 7069 7071
3 7068 7071 7070
3 7069 7070 7071
3 7072 7073 7074
3 7073 7072 7075
3 7072 7074 7076
3 7075 7072 7076
3 7073 7077 7078
3 7074 7073 7078
3 7077 7073 7075
3 7079 7077 7075
3 7074 7078 7080
3 7076 7074 7080
3 7079 7075 7076
3 7080 7079 7076
3 7077 7081 7082
3 7078 7077 7082
3 7081 7077 7079
3 7083 7081 7079
3 7078 7082 7084
3 7080 7078 7084
3 7083 7079 7080
3 7084 7083 7080
3 7081 7085 7082
3 7081 7083 7085
3 7082 7085 7084
3 7083 7084 7085
3 7086 7087 7089
3 7087 7086 7090
3 7086 7089 7091
3 7090 7086 7091
3 7088 7093 7094
3 7093 7088 7096
3 7087 7092 7089
3 7088 7094 7097
3 7088 7097 7096
3 7087 7090 7092
3 7089 7092 7091
3 7090 7091 7092
3 7095 7099 7100
3 7098 7094 7093
3 7102 7099 7095
3 7093 7096 7098
3 7095 7100 7103
3 7094 7098 7097
3 7095 7103 7102
3 7096 7097 7098
3 7101 7105 7106
3 7104 7100 7099
3 7107 7105 7101
3 7099 7102 7104
3 7101 7106 7108
3 7100 7104 7103
3 7101 7108 7107
3 7102 7103 7104
3 7105 7109 7106
3 7105 7107 7109
3 7106 7109 7108
3 7107 7108 7109
3 7110 7113 7114
3 7113 7110 7116
3 7111 7115 7119
3 7114 7117 7110
3 7115 7111 7120
3 7116 7110 7117
3 7112 7111 7119
3 7121 7112 7119
3 7122 7120 7111
3 7112 7122 7111
3 7112 7121 7123
3 7122 7112 7123
3 7113 7118 7114
3 7113 7116 7118
3 7115 7124 7125
3 7119 7115 7125
3 7120 7126 7124
3 7120 7124 7115
3 7114 7118 7117
3 7116 7117 7118
3 7119 7125 7121
3 7125 7127 7121
3 7120 7122 7126
3 7126 7122 7128
3 7121 7127 7129
3 7123 7121 7129
3 7128 7122 7123
3 7129 7128 7123
3 7124 7130 7131
3 7125 7124 7131
3 7130 7124 7126
3 7132 7130 7126
3 7125 7131 7127
3 7131 7133 7127
3 7126 7128 7132
3 7132 7128 7134
3 7127 7133 7135
3 7129 7127 7135
3 7134 7128 7129
3 7135 7134 7129
3 7130 7136 7137
3 7131 7130 7137
3 7136 7130 7132
3 7138 7136 7132
3 7131 7137 7133
3 7137 7139 7133
3 7132 7134 7138
3 7138 7134 7140
3 7133 7139 7141
3 7135 7133 7141
3 7140 7134 7135
3 7141 7140 7135
3 7136 7144 7145
3 7137 7136 7145
3 7144 7136 7138
3 7146 7144 7138
3 7147 7142 7139
3 7147 7139 7145
3 7145 7139 7137
3 7142 7147 7146
3 7142 7146 7140
3 7140 7146 7138
3 7139 7142 7141
3 7140 7141 7142
3 7143 7149 7151
3 7149 7143 7152
3 7143 7151 7153
3 7152 7143 7153
3 7144 7155 7156
3 7145 7144 7156
3 7155 7144 7146
3 7159 7155 7146
3 7148 7157 7162
3 7160 7147 7145
3 7160 7145 7156
3 7157 7148 7164
3 7159 7146 7147
3 7160 7159 7147
3 7150 7163 7167
3 7162 7165 7148
3 7163 7150 7169
3 7164 7148 7165
3 7149 7154 7151
3 7150 7167 7170
3 7150 7170 7169
3 7149 7152 7154
3 7151 7154 7153
3 7152 7153 7154
3 7158 7172 7173
3 7161 7156 7155
3 7174 7172 7158
3 7155 7159 7161
3 7157 7166 7162
3 7158 7173 7175
3 7161 7160 7156
3 7158 7175 7174
3 7164 7166 7157
3 7159 7160 7161
3 7168 7176 7177
3 7171 7167 7163
3 7178 7176 7168
3 7165 7162 7166
3 7169 7171 7163
3 7164 7165 7166
3 7168 7177 7179
3 7167 7171 7170
3 7168 7179 7178
3 7169 7170 7171
3 7172 7180 7181
3 7173 7172 7181
3 7180 7172 7174
3 7182 7180 7174
3 7173 7181 7183
3 7175 7173 7183
3 7182 7174 7175
3 7183 7182 7175
3 7176 7184 7185
3 7177 7176 7185
3 7184 7176 7178
3 7186 7184 7178
3 7177 7185 7187
3 7179 7177 7187
3 7186 7178 7179
3 7187 7186 7179
3 7180 7189 7190
3 7181 7180 7190
3 7189 7180 7182
3 7192 7189 7182
3 7181 7190 7193
3 7183 7181 7193
3 7192 7182 7183
3 7193 7192 7183
3 7184 7188 7185
3 7184 7186 7188
3 7185 7188 7187
3 7186 7187 7188
3 7191 7195 7197
3 7194 7190 7189
3 7199 7195 7191
3 7189 7192 7194
3 7191 7197 7200
3 7190 7194 7193
3 7191 7200 7199
3 7192 7193 7194
3 7196 7201 7202
3 7201 7196 7205
3 7198 7203 7207
3 7202 7203 7198
3 7196 7202 7198
3 7196 7198 7197
3 7196 7197 7195
3 7196 7195 7199
3 7196 7199 7205
3 7205 7199 7211
3 7198 7207 7209
3 7197 7198 7209
3 7197 7209 7200
3 7200 7209 7212
3 7211 7199 7200
3 7212 7211 7200
3 7204 7214 7216
3 7206 7202 7201
3 7219 7214 7204
3 7201 7205 7206
3 7208 7217 7222
3 7204 7216 7220
3 7210 7207 7203
3 7217 7208 7223
3 7219 7204 7220
3 7206 7210 7202
3 7206 7213 7210
3 7210 7203 7202
3 7205 7211 7213
3 7206 7205 7213
3 7208 7222 7224
3 7207 7210 7209
3 7208 7224 7223
3 7212 7209 7210
3 7213 7212 7210
3 7211 7212 7213
3 7215 7231 7234
3 7215 7218 7232
3 7231 7215 7232
3 7221 7216 7214
3 7238 7232 7218
3 7214 7219 7221
3 7215 7234 7236
3 7218 7215 7236
3 7218 7236 7239
3 7225 7222 7217
3 7221 7220 7216
3 7218 7239 7238
3 7223 7225 7217
3 7219 7220 7221
3 7222 7225 7224
3 7223 7224 7225
3 7226 7241 7243
3 7226 7227 7242
3 7241 7226 7242
3 7242 7227 7245
3 7226 7243 7244
3 7227 7226 7244
3 7246 7227 7244
3 7248 7250 7228
3 7245 7227 7246
3 7248 7228 7252
3 7229 7228 7250
3 7255 7229 7250
3 7254 7252 7228
3 7254 7228 7230
3 7230 7228 7229
3 7254 7230 7258
3 7233 7229 7255
3 7260 7233 7255
3 7230 7229 7235
3 7235 7229 7233
3 7264 7258 7230
3 7264 7230 7235
3 7234 7231 7237
3 7231 7232 7240
3 7237 7231 7240
3 7232 7238 7240
3 7233 7260 7262
3 7235 7233 7262
3 7265 7235 7262
3 7234 7237 7236
3 7235 7265 7264
3 7239 7236 7237
3 7240 7239 7237
3 7238 7239 7240
3 7241 7267 7268
3 7243 7241 7268
3 7247 7269 7267
3 7247 7267 7242
3 7242 7267 7241
3 7242 7245 7247
3 7249 7244 7243
3 7249 7243 7272
3 7272 7243 7268
3 7251 7269 7249
3 7251 7271 7269
3 7249 7269 7244
3 7247 7246 7269
3 7244 7269 7246
3 7248 7253 7250
3 7246 7247 7245
3 7275 7271 7251
3 7248 7252 7253
3 7249 7272 7273
3 7273 7277 7256
3 7273 7256 7249
3 7249 7256 7251
3 7275 7251 7256
3 7275 7256 7278
3 7250 7253 7255
3 7255 7253 7257
3 7252 7254 7259
3 7252 7259 7253
3 7253 7259 7257
3 7254 7258 7259
3 7261 7256 7277
3 7280 7261 7277
3 7278 7256 7261
3 7278 7261 7281
3 7255 7257 7260
3 7260 7257 7263
3 7259 7266 7257
3 7266 7263 7257
3 7258 7264 7266
3 7259 7258 7266
3 7261 7280 7282
3 7260 7263 7262
3 7261 7282 7281
3 7265 7262 7263
3 7266 7265 7263
3 7264 7265 7266
3 7267 7270 7268
3 7267 7269 7270
3 7270 7274 7272
3 7268 7270 7272
3 7269 7271 7276
3 7269 7276 7270
3 7270 7276 7274
3 7271 7275 7276
3 7272 7274 7273
3 7277 7273 7274
3 7277 7274 7279
3 7279 7274 7276
3 7275 7278 7279
3 7276 7275 7279
3 7279 7283 7280
3 7277 7279 7280
3 7278 7281 7283
3 7279 7278 7283
3 7280 7283 7282
3 7281 7282 7283
3 7284 7288 7289
3 7288 7284 7291
3 7285 7290 7293
3 7289 7290 7285
3 7289 7285 7284
3 7284 7285 7286
3 7295 7291 7284
3 7286 7295 7284
3 7287 7285 7293
3 7297 7287 7293
3 7298 7296 7286
3 7298 7286 7287
3 7287 7286 7285
3 7295 7286 7296
3 7287 7297 7299
3 7298 7287 7299
3 7288 7292 7289
3 7288 7291 7292
3 7290 7294 7293
3 7290 7301 7294
3 7289 7301 7290
3 7289 7300 7301
3 7289 7292 7300
3 7300 7292 7291
3 7300 7291 7303
3 7303 7291 7295
3 7294 7302 7306
3 7294 7306 7293
3 7293 7306 7297
3 7307 7294 7298
3 7307 7302 7294
3 7298 7294 7296
3 7301 7304 7294
3 7296 7294 7304
3 7303 7295 7296
3 7304 7303 7296
3 7297 7306 7308
3 7299 7297 7308
3 7307 7298 7299
3 7308 7307 7299
3 7300 7305 7301
3 7300 7303 7305
3 7302 7309 7310
3 7306 7302 7310
3 7307 7311 7309
3 7307 7309 7302
3 7301 7305 7304
3 7303 7304 7305
3 7306 7310 7312
3 7308 7306 7312
3 7311 7307 7308
3 7312 7311 7308
3 7309 7313 7310
3 7309 7311 7313
3 7310 7313 7312
3 7311 7312 7313
3 7314 7315 7316
3 7315 7314 7317
3 7314 7316 7318
3 7317 7314 7318
3 7315 7319 7320
3 7316 7315 7320
3 7319 7315 7317
3 7321 7319 7317
3 7316 7320 7322
3 7318 7316 7322
3 7321 7317 7318
3 7322 7321 7318
3 7319 7325 7327
3 7320 7319 7327
3 7321 7323 7326
3 7321 7326 7319
3 7319 7326 7325
3 7326 7323 7328
3 7324 7322 7320
3 7324 7320 7330
3 7330 7320 7327
3 7322 7324 7331
3 7321 7322 7331
3 7321 7331 7329
3 7321 7329 7323
3 7328 7323 7329
3 7324 7330 7332
3 7331 7324 7332
3 7325 7333 7335
3 7327 7325 7335
3 7326 7334 7325
3 7325 7334 7333
3 7334 7326 7328
3 7336 7334 7328
3 7327 7335 7330
3 7335 7339 7330
3 7329 7340 7337
3 7331 7340 7329
3 7336 7328 7329
3 7337 7336 7329
3 7330 7339 7341
3 7332 7330 7341
3 7340 7331 7332
3 7341 7340 7332
3 7333 7343 7344
3 7335 7333 7344
3 7338 7345 7343
3 7338 7343 7334
3 7334 7343 7333
3 7334 7336 7338
3 7346 7342 7339
3 7346 7339 7344
3 7344 7339 7335
3 7345 7342 7346
3 7338 7342 7345
3 7338 7340 7342
3 7338 7337 7340
3 7336 7337 7338
3 7339 7342 7341
3 7340 7341 7342
3 7343 7347 7344
3 7343 7345 7347
3 7344 7347 7346
3 7345 7346 7347
3 7348 7350 7352
3 7350 7348 7353
3 7348 7352 7354
3 7353 7348 7354
3 7349 7355 7357
3 7349 7351 7356
3 7355 7349 7356
3 7356 7351 7360
3 7349 7357 7358
3 7350 7361 7352
3 7350 7349 7361
3 7350 7351 7349
3 7349 7358 7361
3 7351 7350 7353
3 7351 7353 7360
3 7360 7353 7362
3 7352 7361 7363
3 7354 7352 7363
3 7362 7353 7354
3 7363 7362 7354
3 7355 7359 7357
3 7365 7359 7355
3 7365 7355 7364
3 7364 7355 7356
3 7364 7356 7360
3 7366 7364 7360
3 7357 7359 7358
3 7359 7361 7358
3 7359 7365 7361
3 7365 7367 7361
3 7360 7362 7366
3 7366 7362 7368
3 7361 7367 7369
3 7363 7361 7369
3 7368 7362 7363
3 7369 7368 7363
3 7364 7370 7371
3 7365 7364 7371
3 7370 7364 7366
3 7372 7370 7366
3 7365 7371 7367
3 7371 7374 7367
3 7366 7368 7372
3 7372 7368 7375
3 7367 7374 7376
3 7369 7367 7376
3 7375 7368 7369
3 7376 7375 7369
3 7370 7373 7371
3 7370 7372 7373
3 7373 7377 7374
3 7371 7373 7374
3 7372 7375 7377
3 7373 7372 7377
3 7374 7377 7376
3 7375 7376 7377
3 7378 7379 7380
3 7379 7378 7382
3 7378 7380 7383
3 7382 7378 7383
3 7381 7384 7386
3 7381 7380 7379
3 7381 7379 7384
3 7384 7379 7385
3 7385 7379 7382
3 7388 7385 7382
3 7381 7386 7387
3 7380 7381 7387
3 7380 7387 7383
3 7383 7387 7389
3 7388 7382 7383
3 7389 7388 7383
3 7384 7392 7393
3 7386 7384 7393
3 7390 7394 7392
3 7390 7392 7385
3 7385 7392 7384
3 7385 7388 7390
3 7391 7387 7386
3 7391 7386 7395
3 7395 7386 7393
3 7390 7396 7394
3 7390 7387 7396
3 7390 7389 7387
3 7391 7396 7387
3 7388 7389 7390
3 7391 7395 7397
3 7396 7391 7397
3 7392 7398 7399
3 7393 7392 7399
3 7398 7392 7394
3 7400 7398 7394
3 7393 7399 7395
3 7399 7401 7395
3 7394 7396 7400
3 7400 7396 7403
3 7395 7401 7404
3 7397 7395 7404
3 7403 7396 7397
3 7404 7403 7397
3 7398 7405 7406
3 7399 7398 7406
3 7405 7398 7400
3 7408 7405 7400
3 7402 7407 7410
3 7402 7406 7407
3 7402 7401 7406
3 7401 7399 7406
3 7400 7403 7408
3 7408 7403 7412
3 7402 7410 7411
3 7401 7402 7411
3 7401 7411 7404
3 7404 7411 7413
3 7412 7403 7404
3 7413 7412 7404
3 7405 7409 7406
3 7405 7408 7409
3 7407 7415 7417
3 7410 7407 7417
3 7409 7407 7406
3 7409 7416 7407
3 7416 7415 7407
3 7416 7409 7408
3 7416 7408 7419
3 7419 7408 7412
3 7410 7417 7418
3 7411 7410 7418
3 7414 7418 7421
3 7414 7413 7418
3 7413 7411 7418
3 7413 7414 7422
3 7413 7422 7412
3 7412 7422 7419
3 7414 7421 7423
3 7422 7414 7423
3 7415 7425 7426
3 7417 7415 7426
3 7420 7427 7425
3 7420 7425 7416
3 7416 7425 7415
3 7416 7419 7420
3 7417 7426 7428
3 7418 7417 7428
3 7421 7420 7424
3 7421 7428 7420
3 7421 7418 7428
3 7428 7427 7420
3 7419 7422 7424
3 7420 7419 7424
3 7421 7424 7423
3 7422 7423 7424
3 7425 7429 7430
3 7426 7425 7430
3 7429 7425 7427
3 7431 7429 7427
3 7426 7430 7432
3 7428 7426 7432
3 7431 7427 7428
3 7432 7431 7428
3 7429 7433 7430
3 7429 7431 7433
3 7430 7433 7432
3 7431 7432 7433
3 7434 7435 7436
3 7435 7434 7437
3 7434 7436 7438
3 7437 7434 7438
3 7435 7439 7440
3 7436 7435 7440
3 7439 7435 7437
3 7441 7439 7437
3 7436 7440 7442
3 7438 7436 7442
3 7441 7437 7438
3 7442 7441 7438
3 7439 7443 7440
3 7439 7441 7443
3 7440 7443 7442
3 7441 7442 7443
3 7444 7445 7446
3 7445 7444 7448
3 7444 7446 7449
3 7448 7444 7449
3 7447 7450 7452
3 7447 7446 7445
3 7447 7445 7450
3 7450 7445 7451
3 7451 7445 7448
3 7455 7451 7448
3 7447 7452 7453
3 7446 7447 7453
3 7446 7453 7449
3 7449 7453 7456
3 7455 7448 7449
3 7456 7455 7449
3 7450 7454 7452
3 7450 7451 7457
3 7454 7450 7457
3 7451 7455 7457
3 7452 7454 7453
3 7456 7453 7454
3 7457 7456 7454
3 7455 7456 7457
3 7458 7462 7465
3 7458 7459 7464
3 7462 7458 7464
3 7464 7459 7466
3 7460 7458 7465
3 7468 7460 7465
3 7470 7467 7459
3 7470 7459 7460
3 7460 7459 7458
3 7466 7459 7467
3 7460 7468 7471
3 7470 7460 7471
3 7461 7476 7477
3 7476 7461 7479
3 7463 7461 7477
3 7480 7463 7477
3 7482 7479 7461
3 7463 7482 7461
3 7462 7463 7480
3 7462 7480 7465
3 7465 7480 7484
3 7463 7483 7482
3 7463 7462 7483
3 7462 7464 7483
3 7483 7464 7466
3 7487 7483 7466
3 7469 7485 7490
3 7469 7484 7485
3 7469 7468 7484
3 7468 7465 7484
3 7467 7492 7488
3 7470 7492 7467
3 7487 7466 7467
3 7488 7487 7467
3 7469 7490 7491
3 7472 7491 7493
3 7471 7491 7472
3 7471 7469 7491
3 7471 7468 7469
3 7471 7472 7494
3 7471 7494 7470
3 7470 7494 7492
3 7472 7493 7495
3 7494 7472 7495
3 7473 7496 7497
3 7496 7473 7499
3 7474 7473 7497
3 7501 7474 7497
3 7500 7499 7473
3 7500 7473 7475
3 7475 7473 7474
3 7500 7475 7503
3 7474 7501 7502
3 7502 7505 7478
3 7502 7478 7474
3 7474 7478 7475
3 7477 7476 7504
3 7477 7504 7475
3 7477 7475 7478
3 7503 7475 7504
3 7504 7476 7479
3 7506 7504 7479
3 7481 7478 7505
3 7507 7481 7505
3 7477 7481 7480
3 7478 7481 7477
3 7479 7482 7506
3 7506 7482 7509
3 7486 7481 7507
3 7510 7486 7507
3 7480 7486 7484
3 7481 7486 7480
3 7489 7482 7483
3 7489 7511 7482
3 7511 7509 7482
3 7483 7487 7489
3 7485 7486 7510
3 7485 7510 7490
3 7490 7510 7512
3 7484 7486 7485
3 7488 7511 7489
3 7488 7492 7511
3 7492 7514 7511
3 7487 7488 7489
3 7490 7512 7513
3 7491 7490 7513
3 7513 7493 7491
3 7515 7493 7513
3 7492 7494 7514
3 7514 7494 7517
3 7493 7515 7518
3 7495 7493 7518
3 7517 7494 7495
3 7518 7517 7495
3 7498 7520 7523
3 7498 7497 7496
3 7498 7496 7520
3 7520 7496 7522
3 7522 7496 7499
3 7526 7522 7499
3 7498 7523 7525
3 7525 7497 7498
3 7525 7529 7497
3 7529 7501 7497
3 7499 7527 7526
3 7500 7527 7499
3 7527 7500 7503
3 7532 7527 7503
3 7501 7529 7531
3 7502 7501 7531
3 7531 7505 7502
3 7535 7505 7531
3 7503 7533 7532
3 7504 7533 7503
3 7533 7504 7506
3 7538 7533 7506
3 7508 7536 7539
3 7508 7535 7536
3 7508 7507 7535
3 7507 7505 7535
3 7506 7509 7538
3 7538 7509 7541
3 7508 7539 7540
3 7540 7507 7508
3 7540 7542 7507
3 7542 7510 7507
3 7509 7511 7541
3 7541 7511 7544
3 7510 7542 7512
3 7542 7545 7512
3 7511 7514 7544
3 7544 7514 7547
3 7516 7513 7512
3 7516 7512 7548
3 7548 7512 7545
3 7513 7516 7515
3 7514 7517 7547
3 7547 7517 7551
3 7516 7548 7550
3 7515 7516 7550
3 7515 7550 7518
3 7518 7550 7552
3 7551 7517 7518
3 7552 7551 7518
3 7519 7554 7556
3 7519 7521 7555
3 7554 7519 7555
3 7555 7521 7558
3 7524 7519 7556
3 7562 7524 7556
3 7520 7524 7523
3 7520 7521 7524
3 7521 7519 7524
3 7521 7560 7558
3 7521 7520 7560
3 7520 7522 7560
3 7560 7522 7526
3 7564 7560 7526
3 7528 7524 7562
3 7566 7528 7562
3 7523 7530 7525
3 7523 7524 7530
3 7524 7528 7530
3 7525 7530 7529
3 7526 7565 7564
3 7527 7565 7526
3 7565 7527 7532
3 7569 7565 7532
3 7528 7566 7568
3 7568 7571 7534
3 7568 7534 7528
3 7528 7534 7530
3 7529 7537 7531
3 7529 7530 7537
3 7530 7534 7537
3 7531 7537 7535
3 7532 7570 7569
3 7533 7570 7532
3 7570 7533 7538
3 7574 7570 7538
3 7534 7571 7573
3 7536 7576 7539
3 7536 7534 7576
3 7536 7537 7534
3 7534 7573 7576
3 7535 7537 7536
3 7538 7541 7574
3 7574 7541 7578
3 7543 7540 7539
3 7543 7539 7579
3 7579 7539 7576
3 7540 7543 7542
3 7541 7544 7578
3 7578 7544 7581
3 7546 7543 7579
3 7582 7546 7579
3 7542 7546 7545
3 7543 7546 7542
3 7544 7547 7581
3 7581 7547 7584
3 7549 7546 7582
3 7585 7549 7582
3 7545 7549 7548
3 7546 7549 7545
3 7547 7551 7584
3 7584 7551 7587
3 7549 7585 7586
3 7553 7586 7590
3 7550 7586 7553
3 7550 7549 7586
3 7550 7548 7549
3 7592 7550 7553
3 7592 7588 7550
3 7588 7552 7550
3 7587 7551 7552
3 7588 7587 7552
3 7553 7590 7593
3 7592 7553 7593
3 7557 7596 7598
3 7557 7556 7554
3 7557 7554 7596
3 7596 7554 7597
3 7559 7601 7597
3 7559 7597 7555
3 7555 7597 7554
3 7555 7558 7559
3 7561 7599 7604
3 7598 7599 7561
3 7598 7561 7557
3 7557 7561 7563
3 7556 7563 7562
3 7557 7563 7556
3 7559 7602 7601
3 7558 7602 7559
3 7558 7560 7602
3 7560 7603 7602
3 7603 7560 7564
3 7607 7603 7564
3 7561 7604 7606
3 7606 7610 7567
3 7606 7567 7561
3 7561 7567 7563
3 7562 7567 7566
3 7563 7567 7562
3 7564 7608 7607
3 7565 7608 7564
3 7608 7565 7569
3 7613 7608 7569
3 7567 7610 7612
3 7572 7612 7616
3 7568 7612 7572
3 7568 7567 7612
3 7568 7566 7567
3 7568 7572 7571
3 7575 7569 7570
3 7575 7619 7569
3 7619 7613 7569
3 7570 7574 7575
3 7572 7616 7618
3 7577 7618 7622
3 7573 7618 7577
3 7573 7572 7618
3 7573 7571 7572
3 7573 7577 7576
3 7575 7620 7619
3 7620 7575 7574
3 7620 7574 7624
3 7624 7574 7578
3 7580 7577 7622
3 7625 7580 7622
3 7576 7580 7579
3 7577 7580 7576
3 7578 7581 7624
3 7624 7581 7627
3 7583 7580 7625
3 7628 7583 7625
3 7579 7583 7582
3 7580 7583 7579
3 7581 7584 7627
3 7627 7584 7631
3 7583 7628 7630
3 7630 7582 7583
3 7630 7633 7582
3 7633 7585 7582
3 7584 7587 7631
3 7631 7587 7636
3 7589 7634 7638
3 7586 7589 7591
3 7586 7633 7589
3 7586 7585 7633
3 7634 7589 7633
3 7586 7591 7590
3 7588 7640 7637
3 7592 7640 7588
3 7636 7587 7588
3 7637 7636 7588
3 7589 7638 7639
3 7639 7641 7594
3 7639 7594 7589
3 7589 7594 7591
3 7590 7595 7593
3 7590 7591 7595
3 7591 7594 7595
3 7593 7595 7643
3 7593 7643 7592
3 7592 7643 7640
3 7594 7641 7642
3 7595 7594 7642
3 7644 7595 7642
3 7643 7595 7644
3 7600 7646 7649
3 7600 7598 7596
3 7600 7596 7646
3 7646 7596 7647
3 7597 7648 7596
3 7596 7648 7647
3 7648 7597 7601
3 7652 7648 7601
3 7605 7650 7655
3 7649 7650 7605
3 7600 7649 7605
3 7600 7605 7604
3 7600 7604 7599
3 7598 7600 7599
3 7601 7653 7652
3 7602 7653 7601
3 7603 7654 7602
3 7602 7654 7653
3 7654 7603 7607
3 7656 7654 7607
3 7609 7605 7655
3 7659 7609 7655
3 7604 7611 7606
3 7604 7605 7611
3 7605 7609 7611
3 7606 7611 7610
3 7607 7658 7656
3 7608 7658 7607
3 7658 7608 7613
3 7661 7658 7613
3 7614 7609 7659
3 7663 7614 7659
3 7611 7609 7615
3 7615 7609 7614
3 7610 7617 7612
3 7610 7611 7617
3 7611 7615 7617
3 7612 7617 7616
3 7613 7619 7661
3 7661 7619 7667
3 7614 7663 7665
3 7615 7614 7665
3 7666 7615 7665
3 7666 7671 7621
3 7666 7621 7615
3 7615 7621 7617
3 7616 7623 7618
3 7616 7617 7623
3 7617 7621 7623
3 7618 7623 7622
3 7619 7668 7667
3 7620 7668 7619
3 7668 7620 7624
3 7674 7668 7624
3 7621 7671 7673
3 7673 7678 7626
3 7673 7626 7621
3 7621 7626 7623
3 7622 7626 7625
3 7623 7626 7622
3 7624 7627 7674
3 7674 7627 7680
3 7629 7626 7678
3 7683 7629 7678
3 7625 7629 7628
3 7626 7629 7625
3 7627 7631 7680
3 7680 7631 7685
3 7632 7629 7683
3 7687 7632 7683
3 7628 7635 7630
3 7628 7629 7635
3 7629 7632 7635
3 7630 7635 7633
3 7631 7636 7685
3 7685 7636 7690
3 7632 7687 7689
3 7634 7693 7638
3 7634 7632 7693
3 7634 7635 7632
3 7632 7689 7693
3 7633 7635 7634
3 7637 7696 7691
3 7640 7696 7637
3 7690 7636 7637
3 7691 7690 7637
3 7638 7693 7695
3 7639 7638 7695
3 7695 7641 7639
3 7698 7641 7695
3 7645 7700 7697
3 7645 7697 7696
3 7645 7696 7643
3 7643 7696 7640
3 7641 7698 7701
3 7642 7641 7701
3 7700 7645 7644
3 7700 7644 7701
3 7701 7644 7642
3 7643 7644 7645
3 7651 7702 7706
3 7651 7649 7646
3 7651 7646 7702
3 7702 7646 7703
3 7647 7704 7646
3 7646 7704 7703
3 7648 7705 7647
3 7647 7705 7704
3 7705 7648 7652
3 7707 7705 7652
3 7650 7651 7706
3 7650 7706 7655
3 7655 7706 7709
3 7649 7651 7650
3 7652 7708 7707
3 7653 7708 7652
3 7657 7712 7708
3 7657 7708 7654
3 7654 7708 7653
3 7654 7656 7657
3 7660 7710 7714
3 7660 7709 7710
3 7660 7659 7709
3 7659 7655 7709
3 7657 7713 7712
3 7662 7715 7713
3 7658 7662 7713
3 7658 7713 7657
3 7658 7657 7656
3 7658 7661 7662
3 7664 7660 7714
3 7717 7664 7714
3 7659 7664 7663
3 7660 7664 7659
3 7662 7716 7715
3 7716 7662 7661
3 7716 7661 7718
3 7718 7661 7667
3 7669 7664 7717
3 7719 7669 7717
3 7663 7670 7665
3 7663 7664 7670
3 7664 7669 7670
3 7665 7672 7666
3 7670 7672 7665
3 7666 7672 7671
3 7675 7667 7668
3 7675 7721 7667
3 7721 7718 7667
3 7668 7674 7675
3 7669 7719 7720
3 7720 7723 7676
3 7720 7676 7669
3 7669 7676 7670
3 7672 7670 7677
3 7677 7670 7676
3 7671 7679 7673
3 7671 7672 7679
3 7672 7677 7679
3 7673 7679 7678
3 7675 7722 7721
3 7722 7675 7674
3 7722 7674 7725
3 7725 7674 7680
3 7681 7676 7723
3 7727 7681 7723
3 7677 7676 7682
3 7682 7676 7681
3 7679 7677 7684
3 7684 7677 7682
3 7678 7684 7683
3 7679 7684 7678
3 7680 7685 7725
3 7725 7685 7729
3 7681 7727 7728
3 7728 7732 7686
3 7728 7686 7681
3 7681 7686 7682
3 7684 7682 7688
3 7688 7682 7686
3 7683 7688 7687
3 7684 7688 7683
3 7692 7736 7730
3 7692 7730 7729
3 7692 7729 7690
3 7690 7729 7685
3 7686 7732 7734
3 7688 7686 7734
3 7735 7688 7734
3 7694 7735 7738
3 7689 7735 7694
3 7689 7688 7735
3 7689 7687 7688
3 7689 7694 7693
3 7691 7736 7692
3 7691 7696 7736
3 7696 7741 7736
3 7690 7691 7692
3 7694 7738 7740
3 7699 7740 7744
3 7695 7740 7699
3 7695 7694 7740
3 7695 7693 7694
3 7695 7699 7698
3 7697 7746 7742
3 7700 7746 7697
3 7741 7696 7697
3 7742 7741 7697
3 7699 7744 7745
3 7698 7699 7745
3 7698 7745 7701
3 7701 7745 7747
3 7746 7700 7701
3 7747 7746 7701
3 7702 7749 7753
3 7706 7702 7753
3 7703 7750 7702
3 7702 7750 7749
3 7704 7751 7703
3 7703 7751 7750
3 7705 7752 7704
3 7704 7752 7751
3 7752 7705 7707
3 7756 7752 7707
3 7711 7754 7759
3 7711 7753 7754
3 7711 7709 7753
3 7709 7706 7753
3 7707 7758 7756
3 7708 7758 7707
3 7758 7708 7712
3 7760 7758 7712
3 7710 7711 7759
3 7710 7759 7714
3 7714 7759 7763
3 7709 7711 7710
3 7712 7762 7760
3 7713 7762 7712
3 7762 7713 7715
3 7765 7762 7715
3 7714 7763 7717
3 7763 7768 7717
3 7715 7767 7765
3 7716 7767 7715
3 7767 7716 7718
3 7770 7767 7718
3 7717 7768 7719
3 7768 7772 7719
3 7718 7721 7770
3 7770 7721 7773
3 7724 7720 7719
3 7724 7719 7775
3 7775 7719 7772
3 7720 7724 7723
3 7726 7721 7722
3 7726 7777 7721
3 7777 7773 7721
3 7722 7725 7726
3 7724 7775 7776
3 7776 7723 7724
3 7776 7779 7723
3 7779 7727 7723
3 7731 7777 7726
3 7781 7777 7731
3 7725 7729 7731
3 7726 7725 7731
3 7733 7728 7727
3 7733 7727 7783
3 7783 7727 7779
3 7728 7733 7732
3 7730 7781 7731
3 7730 7736 7781
3 7736 7785 7781
3 7729 7730 7731
3 7733 7783 7784
3 7737 7784 7788
3 7734 7784 7737
3 7734 7733 7784
3 7734 7732 7733
3 7734 7739 7735
3 7737 7739 7734
3 7735 7739 7738
3 7743 7792 7786
3 7743 7786 7785
3 7743 7785 7741
3 7741 7785 7736
3 7737 7788 7789
3 7739 7737 7789
3 7790 7739 7789
3 7738 7739 7790
3 7738 7790 7740
3 7740 7790 7791
3 7791 7744 7740
3 7795 7744 7791
3 7748 7796 7793
3 7792 7748 7793
3 7743 7748 7792
3 7743 7746 7748
3 7743 7742 7746
3 7741 7742 7743
3 7744 7795 7797
3 7745 7744 7797
3 7796 7748 7747
3 7796 7747 7797
3 7797 7747 7745
3 7746 7747 7748
3 7749 7799 7801
3 7753 7749 7801
3 7750 7800 7749
3 7749 7800 7799
3 7755 7804 7800
3 7755 7800 7751
3 7751 7800 7750
3 7751 7752 7757
3 7755 7751 7757
3 7752 7756 7757
3 7754 7802 7808
3 7759 7754 7808
3 7801 7754 7753
3 7802 7754 7801
3 7755 7806 7804
3 7757 7806 7755
3 7807 7806 7757
3 7761 7810 7807
3 7758 7761 7807
3 7758 7807 7757
3 7758 7757 7756
3 7758 7760 7761
3 7764 7809 7812
3 7764 7808 7809
3 7764 7763 7808
3 7763 7759 7808
3 7761 7811 7810
3 7766 7813 7811
3 7762 7766 7811
3 7762 7811 7761
3 7762 7761 7760
3 7762 7765 7766
3 7769 7764 7812
3 7816 7769 7812
3 7763 7769 7768
3 7764 7769 7763
3 7766 7815 7813
3 7771 7818 7815
3 7767 7771 7815
3 7767 7815 7766
3 7767 7766 7765
3 7767 7770 7771
3 7769 7816 7817
3 7817 7768 7769
3 7817 7820 7768
3 7820 7772 7768
3 7774 7818 7771
3 7822 7818 7774
3 7770 7773 7774
3 7771 7770 7774
3 7772 7820 7775
3 7820 7824 7775
3 7778 7822 7774
3 7825 7822 7778
3 7773 7777 7778
3 7774 7773 7778
3 7780 7776 7775
3 7780 7775 7827
3 7827 7775 7824
3 7776 7780 7779
3 7782 7825 7778
3 7830 7825 7782
3 7777 7781 7782
3 7778 7777 7782
3 7780 7827 7828
3 7828 7779 7780
3 7828 7832 7779
3 7832 7783 7779
3 7787 7830 7782
3 7835 7830 7787
3 7781 7785 7787
3 7782 7781 7787
3 7783 7832 7833
3 7784 7783 7833
3 7833 7788 7784
3 7838 7788 7833
3 7794 7843 7836
3 7835 7794 7836
3 7787 7794 7835
3 7787 7792 7794
3 7787 7786 7792
3 7785 7786 7787
3 7788 7838 7839
3 7789 7788 7839
3 7790 7789 7841
3 7789 7839 7841
3 7791 7790 7842
3 7790 7841 7842
3 7795 7844 7798
3 7795 7791 7844
3 7791 7842 7844
3 7843 7798 7844
3 7794 7798 7843
3 7794 7796 7798
3 7794 7793 7796
3 7792 7793 7794
3 7795 7798 7797
3 7796 7797 7798
3 7799 7803 7801
3 7799 7800 7805
3 7803 7799 7805
3 7800 7804 7805
3 7802 7846 7851
3 7808 7802 7851
3 7803 7802 7801
3 7803 7847 7802
3 7847 7846 7802
3 7805 7847 7803
3 7848 7847 7805
3 7804 7848 7805
3 7804 7806 7848
3 7806 7849 7848
3 7807 7850 7806
3 7806 7850 7849
3 7850 7807 7810
3 7855 7850 7810
3 7809 7852 7857
3 7812 7809 7857
3 7851 7809 7808
3 7852 7809 7851
3 7814 7810 7811
3 7814 7859 7810
3 7859 7855 7810
3 7811 7813 7814
3 7812 7857 7816
3 7857 7862 7816
3 7814 7861 7859
3 7819 7863 7861
3 7815 7819 7861
3 7815 7861 7814
3 7815 7814 7813
3 7815 7818 7819
3 7821 7817 7816
3 7821 7816 7865
3 7865 7816 7862
3 7817 7821 7820
3 7823 7863 7819
3 7867 7863 7823
3 7818 7822 7823
3 7819 7818 7823
3 7821 7865 7866
3 7866 7820 7821
3 7866 7869 7820
3 7869 7824 7820
3 7826 7867 7823
3 7872 7867 7826
3 7822 7825 7826
3 7823 7822 7826
3 7870 7829 7827
3 7870 7827 7869
3 7869 7827 7824
3 7870 7874 7829
3 7831 7872 7826
3 7878 7872 7831
3 7825 7830 7831
3 7826 7825 7831
3 7827 7829 7828
3 7832 7875 7834
3 7828 7875 7832
3 7828 7874 7875
3 7828 7829 7874
3 7875 7880 7834
3 7837 7878 7831
3 7883 7878 7837
3 7830 7835 7837
3 7831 7830 7837
3 7832 7834 7833
3 7838 7881 7840
3 7833 7881 7838
3 7833 7880 7881
3 7833 7834 7880
3 7881 7886 7840
3 7845 7889 7884
3 7883 7845 7884
3 7837 7845 7883
3 7837 7843 7845
3 7837 7836 7843
3 7835 7836 7837
3 7838 7840 7839
3 7840 7886 7887
3 7840 7887 7839
3 7839 7887 7841
3 7842 7841 7890
3 7841 7887 7890
3 7889 7845 7844
3 7889 7844 7890
3 7890 7844 7842
3 7843 7844 7845
3 7846 7853 7851
3 7894 7853 7846
3 7894 7846 7892
3 7892 7846 7847
3 7848 7893 7847
3 7847 7893 7892
3 7854 7897 7893
3 7854 7893 7849
3 7849 7893 7848
3 7849 7850 7856
3 7854 7849 7856
3 7850 7855 7856
3 7852 7858 7857
3 7852 7900 7858
3 7851 7900 7852
3 7851 7895 7900
3 7851 7853 7895
3 7894 7895 7853
3 7854 7899 7897
3 7899 7860 7905
3 7899 7854 7860
3 7854 7856 7860
3 7855 7859 7860
3 7856 7855 7860
3 7858 7901 7908
3 7858 7908 7857
3 7857 7908 7862
3 7900 7901 7858
3 7860 7907 7905
3 7864 7914 7907
3 7861 7864 7907
3 7861 7907 7860
3 7861 7860 7859
3 7861 7863 7864
3 7862 7908 7865
3 7908 7916 7865
3 7868 7914 7864
3 7923 7914 7868
3 7863 7867 7868
3 7864 7863 7868
3 7865 7916 7917
3 7866 7865 7917
3 7917 7869 7866
3 7926 7869 7917
3 7871 7932 7924
3 7923 7871 7924
3 7923 7868 7871
3 7868 7873 7871
3 7867 7872 7873
3 7868 7867 7873
3 7869 7926 7927
3 7870 7869 7927
3 7874 7929 7876
3 7874 7870 7929
3 7870 7927 7929
3 7929 7934 7876
3 7877 7932 7871
3 7936 7932 7877
3 7873 7879 7871
3 7879 7877 7871
3 7872 7878 7879
3 7873 7872 7879
3 7874 7876 7875
3 7876 7880 7875
3 7876 7934 7880
3 7934 7938 7880
3 7882 7936 7877
3 7941 7936 7882
3 7879 7885 7877
3 7885 7882 7877
3 7878 7883 7885
3 7879 7878 7885
3 7880 7938 7939
3 7881 7880 7939
3 7886 7942 7888
3 7886 7881 7942
3 7881 7939 7942
3 7941 7888 7942
3 7941 7882 7888
3 7882 7891 7888
3 7884 7889 7891
3 7884 7891 7885
3 7885 7891 7882
3 7883 7884 7885
3 7886 7888 7887
3 7890 7887 7888
3 7891 7890 7888
3 7889 7890 7891
3 7892 7896 7894
3 7892 7893 7898
3 7896 7892 7898
3 7893 7897 7898
3 7895 7902 7900
3 7895 7894 7896
3 7895 7896 7902
3 7902 7896 7903
3 7898 7904 7896
3 7904 7903 7896
3 7897 7899 7906
3 7897 7906 7898
3 7898 7906 7904
3 7899 7905 7906
3 7901 7909 7908
3 7901 7900 7902
3 7901 7902 7909
3 7909 7902 7910
3 7903 7911 7902
3 7911 7910 7902
3 7904 7912 7903
3 7912 7911 7903
3 7906 7913 7904
3 7913 7912 7904
3 7905 7907 7915
3 7905 7915 7906
3 7906 7915 7913
3 7907 7914 7915
3 7909 7918 7916
3 7908 7909 7916
3 7910 7919 7909
3 7919 7918 7909
3 7911 7920 7910
3 7920 7919 7910
3 7912 7921 7911
3 7921 7920 7911
3 7913 7922 7912
3 7922 7921 7912
3 7915 7925 7913
3 7925 7922 7913
3 7914 7923 7925
3 7915 7914 7925
3 7916 7918 7917
3 7926 7917 7918
3 7926 7918 7928
3 7928 7918 7919
3 7920 7930 7919
3 7930 7928 7919
3 7921 7931 7920
3 7931 7930 7920
3 7922 7933 7921
3 7933 7931 7921
3 7924 7932 7933
3 7924 7933 7925
3 7925 7933 7922
3 7923 7924 7925
3 7926 7928 7927
3 7929 7927 7928
3 7930 7929 7928
3 7934 7929 7930
3 7934 7930 7935
3 7935 7930 7931
3 7933 7937 7931
3 7937 7935 7931
3 7932 7936 7937
3 7933 7932 7937
3 7935 7940 7938
3 7934 7935 7938
3 7937 7943 7935
3 7943 7940 7935
3 7936 7941 7943
3 7937 7936 7943
3 7938 7940 7939
3 7942 7939 7940
3 7943 7942 7940
3 7941 7942 7943
3 7944 7957 7960
3 7957 7944 7962
3 7945 7944 7960
3 7966 7945 7960
3 7963 7962 7944
3 7963 7944 7946
3 7946 7944 7945
3 7946 7947 7964
3 7963 7946 7964
3 7964 7947 7969
3 7945 7966 7968
3 7968 7975 7948
3 7968 7948 7945
3 7945 7948 7946
3 7947 7946 7949
3 7949 7946 7948
3 7970 7969 7947
3 7970 7947 7950
3 7950 7947 7949
3 7950 7951 7972
3 7970 7950 7972
3 7951 7952 7973
3 7972 7951 7973
3 7973 7952 7978
3 7948 7975 7977
3 7977 7980 7953
3 7977 7953 7948
3 7948 7953 7949
3 7950 7949 7954
3 7954 7949 7953
3 7951 7950 7955
3 7955 7950 7954
3 7952 7951 7956
3 7956 7951 7955
3 7985 7978 7952
3 7956 7985 7952
3 7953 7980 7982
3 7954 7953 7982
3 7983 7954 7982
3 7955 7954 7983
3 7984 7955 7983
3 7956 7955 7984
3 7986 7956 7984
3 7985 7956 7986
3 7958 7988 7991
3 7958 7959 7990
3 7988 7958 7990
3 7990 7959 7994
3 7961 7992 7998
3 7991 7992 7961
3 7958 7991 7961
3 7958 7961 7960
3 7958 7960 7957
3 7995 7959 7958
3 7995 7958 7962
3 7995 7962 7999
3 7957 7962 7958
3 7996 8000 7965
3 7994 7959 7995
3 7996 7965 8003
3 7967 7961 7998
3 8006 7967 7998
3 7960 7967 7966
3 7961 7967 7960
3 7962 8001 7999
3 7963 8001 7962
3 8000 7964 7965
3 8000 8001 7964
3 8001 7963 7964
3 7969 7971 8005
3 7964 7969 8005
3 7964 8005 8003
3 7964 8003 7965
3 8005 7971 8007
3 7974 7967 8006
3 8010 7974 8006
3 7966 7976 7968
3 7966 7967 7976
3 7967 7974 7976
3 7968 7976 7975
3 7969 7970 7971
3 7971 8008 8007
3 7971 7970 8008
3 7970 7972 8008
3 7973 8009 7972
3 7972 8009 8008
3 8009 7973 7978
3 8013 8009 7978
3 7974 8010 8011
3 8011 8016 7979
3 8011 7979 7974
3 7974 7979 7976
3 7975 7981 7977
3 7975 7976 7981
3 7976 7979 7981
3 7977 7981 7980
3 7987 8021 8014
3 7987 8014 8013
3 7987 8013 7985
3 7985 8013 7978
3 7979 8016 8017
3 7981 7979 8017
3 8018 7981 8017
3 7980 7981 8018
3 7980 8018 7982
3 7982 8018 8019
3 7983 7982 8020
3 7982 8019 8020
3 7984 7983 8022
3 7983 8020 8022
3 8021 7987 7986
3 8021 7986 8022
3 8022 7986 7984
3 7985 7986 7987
3 7989 8024 8025
3 8024 7989 8027
3 7993 8026 8031
3 8025 8026 7993
3 7989 8025 7993
3 7989 7993 7991
3 7989 7991 7988
3 7989 8028 8027
3 7989 7988 8028
3 7988 7990 8028
3 7994 7997 8030
3 7994 8030 7990
3 7990 8030 8028
3 8030 7997 8033
3 7992 7993 8031
3 7992 8031 7998
3 7998 8031 8035
3 7991 7993 7992
3 7995 7999 8002
3 7994 7995 8002
3 7994 8002 8037
3 7994 8037 7997
3 8034 7997 8037
3 7996 8004 8000
3 7997 8034 8033
3 7996 8003 8004
3 7998 8035 8006
3 8035 8040 8006
3 7999 8001 8002
3 8002 8038 8037
3 8002 8001 8038
3 8004 8038 8000
3 8000 8038 8001
3 8003 8038 8004
3 8003 8005 8038
3 8005 8039 8038
3 8039 8005 8007
3 8041 8039 8007
3 8006 8040 8010
3 8040 8043 8010
3 8012 8007 8008
3 8012 8045 8007
3 8045 8041 8007
3 8008 8009 8015
3 8012 8008 8015
3 8009 8013 8015
3 8010 8043 8044
3 8011 8010 8044
3 8044 8016 8011
3 8047 8016 8044
3 8023 8045 8012
3 8054 8045 8023
3 8014 8021 8023
3 8014 8023 8015
3 8015 8023 8012
3 8013 8014 8015
3 8016 8047 8048
3 8017 8016 8048
3 8018 8017 8050
3 8017 8048 8050
3 8019 8018 8052
3 8018 8050 8052
3 8020 8019 8055
3 8019 8052 8055
3 8054 8023 8022
3 8054 8022 8055
3 8055 8022 8020
3 8021 8022 8023
3 8024 8057 8059
3 8025 8024 8059
3 8027 8029 8058
3 8027 8058 8024
3 8024 8058 8057
3 8058 8029 8061
3 8026 8032 8031
3 8026 8064 8032
3 8026 8025 8064
3 8025 8059 8064
3 8027 8028 8029
3 8029 8063 8061
3 8029 8028 8063
3 8028 8030 8063
3 8063 8030 8033
3 8067 8063 8033
3 8032 8036 8035
3 8031 8032 8035
3 8070 8032 8064
3 8036 8032 8070
3 8034 8073 8068
3 8037 8073 8034
3 8067 8033 8034
3 8068 8067 8034
3 8036 8071 8076
3 8036 8076 8035
3 8035 8076 8040
3 8070 8071 8036
3 8037 8075 8073
3 8038 8075 8037
3 8042 8080 8075
3 8042 8075 8039
3 8039 8075 8038
3 8039 8041 8042
3 8040 8076 8043
3 8076 8082 8043
3 8046 8080 8042
3 8089 8080 8046
3 8041 8045 8046
3 8042 8041 8046
3 8043 8082 8083
3 8044 8043 8083
3 8047 8085 8049
3 8047 8044 8085
3 8044 8083 8085
3 8049 8087 8051
3 8085 8087 8049
3 8051 8090 8053
3 8087 8090 8051
3 8089 8053 8090
3 8089 8046 8053
3 8046 8056 8053
3 8045 8054 8056
3 8046 8045 8056
3 8047 8049 8048
3 8050 8048 8049
3 8051 8050 8049
3 8052 8050 8051
3 8053 8052 8051
3 8055 8052 8053
3 8056 8055 8053
3 8054 8055 8056
3 8057 8060 8059
3 8057 8058 8062
3 8060 8057 8062
3 8058 8061 8062
3 8060 8065 8064
3 8059 8060 8064
3 8062 8066 8060
3 8066 8065 8060
3 8061 8063 8069
3 8061 8069 8062
3 8062 8069 8066
3 8063 8067 8069
3 8065 8072 8070
3 8064 8065 8070
3 8066 8074 8065
3 8074 8072 8065
3 8068 8073 8074
3 8068 8074 8069
3 8069 8074 8066
3 8067 8068 8069
3 8071 8077 8076
3 8071 8070 8072
3 8071 8072 8077
3 8077 8072 8078
3 8074 8079 8072
3 8079 8078 8072
3 8073 8075 8081
3 8073 8081 8074
3 8074 8081 8079
3 8075 8080 8081
3 8077 8084 8082
3 8076 8077 8082
3 8078 8086 8077
3 8086 8084 8077
3 8079 8088 8078
3 8088 8086 8078
3 8081 8091 8079
3 8091 8088 8079
3 8080 8089 8091
3 8081 8080 8091
3 8082 8084 8083
3 8085 8083 8084
3 8086 8085 8084
3 8087 8085 8086
3 8088 8087 8086
3 8090 8087 8088
3 8091 8090 8088
3 8089 8090 8091
3 8092 8095 8099
3 8095 8092 8101
3 8092 8099 8102
3 8101 8092 8102
3 8093 8104 8110
3 8093 8094 8105
3 8104 8093 8105
3 8094 8096 8106
3 8105 8094 8106
3 8096 8097 8107
3 8106 8096 8107
3 8097 8098 8108
3 8107 8097 8108
3 8108 8098 8113
3 8093 8110 8112
3 8112 8115 8100
3 8112 8100 8093
3 8093 8100 8094
3 8095 8100 8099
3 8095 8096 8100
3 8096 8094 8100
3 8101 8096 8095
3 8101 8103 8096
3 8103 8097 8096
3 8119 8114 8098
3 8119 8098 8103
3 8103 8098 8097
3 8113 8098 8114
3 8100 8115 8117
3 8099 8100 8117
3 8099 8117 8102
3 8102 8117 8118
3 8103 8101 8102
3 8103 8102 8120
3 8120 8102 8118
3 8119 8103 8120
3 8109 8121 8126
3 8121 8109 8128
3 8111 8122 8129
3 8111 8110 8104
3 8111 8104 8122
3 8122 8104 8123
3 8105 8124 8104
3 8104 8124 8123
3 8106 8125 8105
3 8105 8125 8124
3 8107 8127 8106
3 8106 8127 8125
3 8126 8108 8109
3 8126 8127 8108
3 8127 8107 8108
3 8109 8108 8113
3 8109 8113 8128
3 8128 8113 8132
3 8111 8129 8131
3 8116 8131 8134
3 8112 8131 8116
3 8112 8111 8131
3 8112 8110 8111
3 8112 8116 8115
3 8114 8138 8133
3 8119 8138 8114
3 8132 8113 8114
3 8133 8132 8114
3 8116 8134 8135
3 8115 8116 8135
3 8115 8135 8117
3 8117 8135 8136
3 8118 8117 8137
3 8117 8136 8137
3 8120 8118 8139
3 8118 8137 8139
3 8138 8119 8120
3 8139 8138 8120
3 8121 8140 8148
3 8126 8121 8148
3 8140 8121 8128
3 8151 8140 8128
3 8130 8142 8152
3 8130 8129 8122
3 8130 8122 8142
3 8142 8122 8144
3 8123 8145 8122
3 8122 8145 8144
3 8124 8146 8123
3 8123 8146 8145
3 8125 8147 8124
3 8124 8147 8146
3 8127 8149 8125
3 8125 8149 8147
3 8148 8127 8126
3 8149 8127 8148
3 8128 8132 8151
3 8151 8132 8155
3 8130 8152 8153
3 8129 8130 8153
3 8129 8153 8131
3 8131 8153 8154
3 8154 8134 8131
3 8158 8134 8154
3 8133 8164 8156
3 8138 8164 8133
3 8155 8132 8133
3 8156 8155 8133
3 8134 8158 8159
3 8135 8134 8159
3 8136 8135 8161
3 8135 8159 8161
3 8137 8136 8162
3 8136 8161 8162
3 8139 8137 8165
3 8137 8162 8165
3 8164 8138 8139
3 8165 8164 8139
3 8141 8168 8174
3 8141 8143 8170
3 8168 8141 8170
3 8170 8143 8176
3 8150 8171 8183
3 8150 8148 8140
3 8150 8140 8171
3 8171 8140 8173
3 8173 8140 8151
3 8186 8173 8151
3 8141 8174 8175
3 8142 8189 8152
3 8142 8141 8189
3 8142 8143 8141
3 8141 8175 8189
3 8143 8177 8176
3 8143 8142 8177
3 8142 8144 8177
3 8145 8179 8144
3 8144 8179 8177
3 8146 8181 8145
3 8145 8181 8179
3 8147 8184 8146
3 8146 8184 8181
3 8183 8149 8150
3 8183 8184 8149
3 8184 8147 8149
3 8148 8150 8149
3 8187 8157 8194
3 8157 8187 8186
3 8157 8186 8155
3 8155 8186 8151
3 8152 8189 8190
3 8153 8152 8190
3 8154 8153 8191
3 8153 8190 8191
3 8158 8192 8160
3 8158 8154 8192
3 8154 8191 8192
3 8192 8197 8160
3 8163 8198 8193
3 8163 8195 8166
3 8193 8195 8163
3 8194 8166 8195
3 8157 8166 8194
3 8157 8164 8166
3 8157 8156 8164
3 8155 8156 8157
3 8158 8160 8159
3 8160 8197 8199
3 8160 8199 8159
3 8159 8199 8161
3 8198 8163 8162
3 8198 8162 8199
3 8199 8162 8161
3 8165 8162 8163
3 8166 8165 8163
3 8164 8165 8166
3 8167 8201 8204
3 8167 8169 8202
3 8201 8167 8202
3 8202 8169 8207
3 8172 8203 8214
3 8203 8172 8217
3 8167 8204 8205
3 8168 8219 8174
3 8168 8167 8219
3 8168 8169 8167
3 8167 8205 8219
3 8169 8208 8207
3 8169 8168 8208
3 8168 8170 8208
3 8176 8178 8209
3 8176 8209 8170
3 8170 8209 8208
3 8178 8180 8210
3 8209 8178 8210
3 8180 8182 8212
3 8210 8180 8212
3 8182 8185 8215
3 8212 8182 8215
3 8214 8215 8185
3 8172 8214 8185
3 8172 8185 8183
3 8172 8183 8171
3 8172 8171 8173
3 8172 8173 8223
3 8172 8223 8217
3 8223 8173 8188
3 8173 8186 8188
3 8174 8219 8220
3 8175 8174 8220
3 8220 8189 8175
3 8226 8189 8220
3 8176 8177 8178
3 8179 8178 8177
3 8180 8178 8179
3 8181 8180 8179
3 8182 8180 8181
3 8184 8182 8181
3 8185 8182 8184
3 8183 8185 8184
3 8224 8196 8235
3 8223 8196 8224
3 8188 8196 8223
3 8188 8194 8196
3 8188 8187 8194
3 8186 8187 8188
3 8189 8226 8227
3 8190 8189 8227
3 8191 8190 8229
3 8190 8227 8229
3 8192 8191 8231
3 8191 8229 8231
3 8197 8233 8200
3 8197 8192 8233
3 8192 8231 8233
3 8200 8193 8198
3 8200 8233 8193
3 8233 8236 8193
3 8235 8196 8195
3 8235 8195 8236
3 8236 8195 8193
3 8194 8195 8196
3 8197 8200 8199
3 8198 8199 8200
3 8201 8206 8204
3 8242 8206 8201
3 8242 8201 8238
3 8238 8201 8202
3 8238 8202 8207
3 8243 8238 8207
3 8211 8239 8248
3 8211 8213 8240
3 8239 8211 8240
3 8213 8216 8241
3 8240 8213 8241
3 8218 8214 8203
3 8253 8241 8216
3 8203 8217 8218
3 8204 8206 8205
3 8219 8244 8221
3 8205 8244 8219
3 8205 8242 8244
3 8205 8206 8242
3 8246 8221 8208
3 8246 8256 8221
3 8208 8221 8207
3 8244 8243 8221
3 8207 8221 8243
3 8209 8249 8208
3 8208 8249 8246
3 8248 8210 8211
3 8248 8249 8210
3 8249 8209 8210
3 8212 8211 8210
3 8213 8211 8212
3 8215 8263 8212
3 8215 8222 8263
3 8212 8263 8213
3 8254 8216 8263
3 8213 8263 8216
3 8253 8216 8254
3 8218 8222 8214
3 8218 8225 8222
3 8222 8215 8214
3 8217 8223 8225
3 8218 8217 8225
3 8219 8221 8220
3 8226 8257 8228
3 8220 8257 8226
3 8220 8256 8257
3 8220 8221 8256
3 8228 8259 8230
3 8257 8259 8228
3 8230 8261 8232
3 8259 8261 8230
3 8232 8264 8234
3 8261 8264 8232
3 8263 8234 8264
3 8263 8222 8234
3 8222 8237 8234
3 8224 8235 8237
3 8224 8237 8225
3 8225 8237 8222
3 8223 8224 8225
3 8226 8228 8227
3 8229 8227 8228
3 8230 8229 8228
3 8231 8229 8230
3 8232 8231 8230
3 8233 8231 8232
3 8234 8233 8232
3 8236 8233 8234
3 8237 8236 8234
3 8235 8236 8237
3 8238 8245 8242
3 8243 8245 8238
3 8247 8266 8268
3 8247 8250 8267
3 8266 8247 8267
3 8251 8248 8239
3 8271 8267 8250
3 8239 8240 8252
3 8251 8239 8252
3 8240 8241 8255
3 8252 8240 8255
3 8241 8253 8255
3 8242 8245 8244
3 8244 8245 8243
3 8246 8258 8256
3 8268 8269 8247
3 8250 8247 8272
3 8247 8269 8272
3 8260 8246 8249
3 8260 8258 8246
3 8271 8250 8272
3 8251 8260 8248
3 8251 8262 8260
3 8260 8249 8248
3 8252 8265 8251
3 8265 8262 8251
3 8254 8263 8265
3 8254 8265 8255
3 8255 8265 8252
3 8253 8254 8255
3 8256 8258 8257
3 8259 8257 8258
3 8260 8259 8258
3 8261 8259 8260
3 8262 8261 8260
3 8264 8261 8262
3 8265 8264 8262
3 8263 8264 8265
3 8266 8270 8268
3 8266 8267 8273
3 8270 8266 8273
3 8267 8271 8273
3 8268 8270 8269
3 8272 8269 8270
3 8273 8272 8270
3 8271 8272 8273
3 8274 8278 8280
3 8274 8275 8279
3 8278 8274 8279
3 8279 8275 8283
3 8274 8280 8281
3 8281 8286 8276
3 8281 8276 8274
3 8274 8276 8275
3 8285 8283 8275
3 8285 8275 8277
3 8277 8275 8276
3 8285 8277 8288
3 8276 8286 8287
3 8277 8276 8287
3 8289 8277 8287
3 8288 8277 8289
3 8278 8282 8280
3 8278 8279 8284
3 8282 8278 8284
3 8279 8283 8284
3 8280 8282 8281
3 8291 8282 8284
3 8291 8286 8282
3 8291 8293 8286
3 8281 8282 8286
3 8283 8291 8284
3 8283 8285 8291
3 8285 8292 8291
3 8292 8285 8288
3 8295 8292 8288
3 8286 8293 8294
3 8287 8286 8294
3 8290 8294 8297
3 8290 8289 8294
3 8289 8287 8294
3 8289 8290 8298
3 8289 8298 8288
3 8288 8298 8295
3 8290 8297 8299
3 8298 8290 8299
3 8291 8300 8301
3 8293 8291 8301
3 8296 8302 8300
3 8296 8300 8292
3 8292 8300 8291
3 8292 8295 8296
3 8293 8301 8303
3 8294 8293 8303
3 8303 8296 8294
3 8303 8302 8296
3 8294 8296 8297
3 8305 8306 8296
3 8297 8296 8306
3 8305 8296 8295
3 8305 8295 8307
3 8307 8295 8298
3 8297 8306 8308
3 8299 8297 8308
3 8307 8298 8299
3 8308 8307 8299
3 8300 8304 8301
3 8300 8302 8304
3 8301 8304 8303
3 8302 8303 8304
3 8305 8309 8306
3 8305 8307 8309
3 8306 8309 8308
3 8307 8308 8309
3 8310 8311 8312
3 8311 8310 8313
3 8310 8312 8314
3 8313 8310 8314
3 8311 8315 8312
3 8311 8313 8315
3 8312 8315 8314
3 8313 8314 8315
3 8316 8321 8325
3 8321 8316 8327
3 8317 8324 8330
3 8317 8318 8326
3 8324 8317 8326
3 8325 8328 8316
3 8326 8318 8331
3 8327 8316 8328
3 8319 8317 8330
3 8334 8319 8330
3 8335 8332 8318
3 8335 8318 8319
3 8319 8318 8317
3 8331 8318 8332
3 8319 8334 8336
3 8335 8319 8336
3 8320 8338 8339
3 8338 8320 8342
3 8322 8340 8343
3 8339 8340 8322
3 8339 8322 8320
3 8320 8322 8323
3 8346 8342 8320
3 8323 8346 8320
3 8321 8344 8349
3 8325 8321 8349
3 8327 8329 8322
3 8327 8322 8344
3 8327 8344 8321
3 8344 8322 8343
3 8351 8347 8323
3 8351 8323 8329
3 8329 8323 8322
3 8346 8323 8347
3 8324 8348 8353
3 8330 8324 8353
3 8326 8350 8324
3 8324 8350 8348
3 8326 8333 8350
3 8326 8331 8333
3 8350 8333 8349
3 8328 8325 8333
3 8349 8333 8325
3 8328 8333 8355
3 8327 8328 8355
3 8327 8355 8352
3 8327 8352 8329
3 8351 8329 8352
3 8330 8353 8334
3 8353 8357 8334
3 8332 8335 8337
3 8332 8337 8359
3 8331 8332 8359
3 8331 8359 8356
3 8331 8356 8333
3 8355 8333 8356
3 8334 8357 8358
3 8336 8334 8358
3 8337 8335 8336
3 8337 8336 8360
3 8360 8336 8358
3 8359 8337 8360
3 8341 8363 8365
3 8341 8339 8338
3 8341 8338 8363
3 8363 8338 8364
3 8364 8338 8342
3 8368 8364 8342
3 8345 8366 8370
3 8365 8366 8345
3 8341 8365 8345
3 8341 8345 8343
3 8341 8343 8340
3 8339 8341 8340
3 8342 8346 8368
3 8368 8346 8371
3 8344 8345 8370
3 8344 8370 8349
3 8349 8370 8373
3 8343 8345 8344
3 8347 8376 8372
3 8351 8376 8347
3 8371 8346 8347
3 8372 8371 8347
3 8348 8354 8353
3 8378 8354 8348
3 8378 8348 8374
3 8374 8348 8350
3 8373 8350 8349
3 8374 8350 8373
3 8352 8381 8377
3 8355 8381 8352
3 8376 8351 8352
3 8377 8376 8352
3 8354 8379 8384
3 8354 8384 8353
3 8353 8384 8357
3 8378 8379 8354
3 8356 8385 8382
3 8359 8385 8356
3 8381 8355 8356
3 8382 8381 8356
3 8361 8358 8357
3 8361 8357 8387
3 8387 8357 8384
3 8358 8362 8360
3 8361 8362 8358
3 8360 8362 8390
3 8360 8390 8359
3 8359 8390 8385
3 8361 8387 8388
3 8362 8361 8388
3 8391 8362 8388
3 8390 8362 8391
3 8363 8367 8365
3 8363 8364 8369
3 8367 8363 8369
3 8364 8368 8369
3 8366 8393 8396
3 8370 8366 8396
3 8367 8366 8365
3 8367 8394 8366
3 8394 8393 8366
3 8369 8394 8367
3 8395 8394 8369
3 8395 8369 8368
3 8395 8368 8399
3 8399 8368 8371
3 8375 8397 8402
3 8375 8396 8397
3 8375 8373 8396
3 8373 8370 8396
3 8372 8405 8400
3 8376 8405 8372
3 8399 8371 8372
3 8400 8399 8372
3 8380 8403 8406
3 8402 8403 8380
3 8375 8402 8380
3 8375 8380 8378
3 8375 8378 8374
3 8373 8375 8374
3 8377 8381 8383
3 8377 8383 8409
3 8377 8409 8376
3 8376 8409 8405
3 8379 8380 8406
3 8379 8406 8384
3 8384 8406 8411
3 8378 8380 8379
3 8407 8386 8412
3 8386 8382 8385
3 8386 8407 8382
3 8407 8408 8382
3 8383 8381 8382
3 8383 8382 8410
3 8410 8382 8408
3 8409 8383 8410
3 8413 8389 8387
3 8413 8387 8411
3 8411 8387 8384
3 8412 8389 8413
3 8412 8386 8389
3 8386 8392 8389
3 8385 8390 8392
3 8386 8385 8392
3 8387 8389 8388
3 8391 8388 8389
3 8392 8391 8389
3 8390 8391 8392
3 8393 8398 8396
3 8417 8398 8393
3 8417 8393 8414
3 8414 8393 8394
3 8401 8419 8414
3 8401 8414 8395
3 8395 8414 8394
3 8395 8399 8401
3 8404 8415 8421
3 8404 8402 8397
3 8404 8397 8415
3 8415 8397 8416
3 8398 8397 8396
3 8398 8418 8397
3 8418 8416 8397
3 8417 8418 8398
3 8400 8419 8401
3 8400 8405 8419
3 8405 8423 8419
3 8399 8400 8401
3 8403 8404 8421
3 8403 8421 8406
3 8406 8421 8425
3 8402 8404 8403
3 8405 8409 8423
3 8423 8409 8429
3 8406 8425 8411
3 8425 8432 8411
3 8407 8433 8427
3 8412 8433 8407
3 8408 8407 8428
3 8407 8427 8428
3 8410 8408 8430
3 8408 8428 8430
3 8429 8409 8410
3 8430 8429 8410
3 8411 8432 8434
3 8413 8411 8434
3 8433 8412 8413
3 8434 8433 8413
3 8414 8420 8417
3 8414 8419 8420
3 8415 8422 8421
3 8438 8422 8415
3 8438 8415 8436
3 8436 8415 8416
3 8418 8437 8416
3 8416 8437 8436
3 8417 8437 8418
3 8417 8424 8437
3 8417 8420 8424
3 8440 8437 8424
3 8419 8423 8424
3 8420 8419 8424
3 8422 8426 8425
3 8421 8422 8425
3 8442 8422 8438
3 8426 8422 8442
3 8431 8440 8424
3 8445 8440 8431
3 8423 8429 8431
3 8424 8423 8431
3 8426 8443 8447
3 8426 8447 8425
3 8425 8447 8432
3 8449 8426 8433
3 8449 8443 8426
3 8433 8426 8427
3 8442 8444 8426
3 8427 8426 8444
3 8428 8427 8446
3 8427 8444 8446
3 8445 8431 8430
3 8445 8430 8446
3 8446 8430 8428
3 8429 8430 8431
3 8435 8448 8453
3 8450 8434 8432
3 8450 8432 8447
3 8448 8435 8454
3 8449 8433 8434
3 8450 8449 8434
3 8435 8453 8455
3 8454 8435 8455
3 8436 8439 8438
3 8436 8437 8441
3 8439 8436 8441
3 8437 8440 8441
3 8439 8458 8460
3 8439 8460 8438
3 8438 8460 8442
3 8441 8458 8439
3 8459 8458 8441
3 8459 8441 8440
3 8459 8440 8462
3 8462 8440 8445
3 8443 8451 8447
3 8443 8449 8451
3 8442 8465 8444
3 8442 8460 8465
3 8465 8452 8444
3 8467 8444 8452
3 8467 8463 8444
3 8463 8446 8444
3 8462 8445 8446
3 8463 8462 8446
3 8448 8456 8453
3 8447 8451 8450
3 8454 8456 8448
3 8466 8470 8457
3 8449 8450 8451
3 8465 8468 8452
3 8457 8471 8466
3 8467 8452 8468
3 8453 8456 8455
3 8457 8470 8472
3 8454 8455 8456
3 8471 8457 8472
3 8458 8461 8460
3 8458 8459 8464
3 8461 8458 8464
3 8459 8462 8464
3 8461 8469 8465
3 8460 8461 8465
3 8463 8467 8469
3 8463 8469 8464
3 8464 8469 8461
3 8462 8463 8464
3 8466 8473 8470
3 8468 8465 8469
3 8471 8473 8466
3 8467 8468 8469
3 8470 8473 8472
3 8471 8472 8473
3 8474 8478 8479
3 8478 8474 8481
3 8475 8474 8479
3 8483 8475 8479
3 8482 8481 8474
3 8482 8474 8476
3 8476 8474 8475
3 8482 8476 8486
3 8475 8483 8485
3 8476 8475 8485
3 8487 8476 8485
3 8486 8476 8487
3 8477 8492 8493
3 8492 8477 8494
3 8480 8477 8493
3 8497 8480 8493
3 8479 8478 8496
3 8479 8496 8477
3 8479 8477 8480
3 8494 8477 8496
3 8496 8478 8481
3 8498 8496 8481
3 8484 8480 8497
3 8500 8484 8497
3 8479 8484 8483
3 8480 8484 8479
3 8481 8499 8498
3 8482 8499 8481
3 8499 8482 8486
3 8502 8499 8486
3 8484 8500 8501
3 8488 8501 8504
3 8485 8501 8488
3 8485 8484 8501
3 8485 8483 8484
3 8485 8489 8487
3 8488 8489 8485
3 8487 8489 8506
3 8487 8506 8486
3 8486 8506 8502
3 8490 8488 8504
3 8507 8490 8504
3 8489 8488 8491
3 8491 8488 8490
3 8509 8506 8489
3 8491 8509 8489
3 8490 8507 8508
3 8491 8490 8508
3 8510 8491 8508
3 8509 8491 8510
3 8492 8495 8493
3 8492 8494 8495
3 8495 8511 8513
3 8495 8513 8493
3 8493 8513 8497
3 8494 8511 8495
3 8494 8496 8511
3 8496 8512 8511
3 8512 8496 8498
3 8515 8512 8498
3 8497 8513 8500
3 8513 8517 8500
3 8503 8498 8499
3 8503 8519 8498
3 8519 8515 8498
3 8499 8502 8503
3 8505 8501 8500
3 8505 8500 8521
3 8521 8500 8517
3 8501 8505 8504
3 8503 8520 8519
3 8520 8503 8502
3 8520 8502 8523
3 8523 8502 8506
3 8505 8521 8522
3 8522 8504 8505
3 8522 8525 8504
3 8525 8507 8504
3 8506 8509 8523
3 8523 8509 8528
3 8507 8525 8527
3 8508 8507 8527
3 8510 8508 8529
3 8508 8527 8529
3 8528 8509 8510
3 8529 8528 8510
3 8511 8514 8513
3 8511 8512 8516
3 8514 8511 8516
3 8512 8515 8516
3 8514 8518 8517
3 8513 8514 8517
3 8533 8516 8532
3 8533 8518 8516
3 8518 8514 8516
3 8532 8516 8515
3 8532 8515 8535
3 8535 8515 8519
3 8518 8534 8537
3 8518 8537 8517
3 8517 8537 8521
3 8533 8534 8518
3 8524 8519 8520
3 8524 8539 8519
3 8539 8535 8519
3 8520 8523 8524
3 8526 8522 8521
3 8526 8521 8540
3 8540 8521 8537
3 8522 8526 8525
3 8530 8539 8524
3 8542 8539 8530
3 8523 8528 8530
3 8524 8523 8530
3 8526 8540 8541
3 8531 8541 8543
3 8527 8541 8531
3 8527 8526 8541
3 8527 8525 8526
3 8530 8545 8542
3 8530 8527 8545
3 8530 8529 8527
3 8531 8545 8527
3 8528 8529 8530
3 8531 8543 8546
3 8545 8531 8546
3 8532 8536 8533
3 8532 8535 8536
3 8534 8538 8537
3 8534 8551 8538
3 8533 8551 8534
3 8533 8550 8551
3 8533 8536 8550
3 8550 8536 8535
3 8550 8535 8553
3 8553 8535 8539
3 8538 8552 8555
3 8538 8555 8537
3 8537 8555 8540
3 8551 8552 8538
3 8539 8542 8553
3 8553 8542 8557
3 8544 8541 8540
3 8544 8540 8560
3 8560 8540 8555
3 8561 8541 8544
3 8561 8558 8541
3 8543 8541 8547
3 8547 8541 8558
3 8547 8558 8557
3 8547 8557 8545
3 8545 8557 8542
3 8548 8544 8560
3 8563 8548 8560
3 8544 8548 8564
3 8544 8564 8561
3 8547 8546 8543
3 8545 8546 8547
3 8549 8548 8563
3 8565 8549 8563
3 8566 8564 8548
3 8549 8566 8548
3 8549 8565 8567
3 8566 8549 8567
3 8550 8554 8551
3 8550 8553 8554
3 8552 8556 8555
3 8552 8551 8554
3 8552 8554 8556
3 8556 8554 8559
3 8553 8557 8559
3 8554 8553 8559
3 8556 8562 8560
3 8555 8556 8560
3 8558 8561 8562
3 8558 8562 8559
3 8559 8562 8556
3 8557 8558 8559
3 8562 8568 8569
3 8562 8569 8560
3 8560 8569 8563
3 8568 8562 8561
3 8568 8561 8570
3 8570 8561 8564
3 8563 8569 8565
3 8569 8572 8565
3 8564 8566 8570
3 8570 8566 8573
3 8565 8572 8574
3 8567 8565 8574
3 8573 8566 8567
3 8574 8573 8567
3 8568 8571 8569
3 8568 8570 8571
3 8571 8575 8572
3 8569 8571 8572
3 8570 8573 8575
3 8571 8570 8575
3 8572 8575 8574
3 8573 8574 8575
3 8576 8577 8578
3 8577 8576 8579
3 8576 8578 8580
3 8579 8576 8580
3 8577 8581 8578
3 8577 8579 8581
3 8578 8581 8580
3 8579 8580 8581
3 8582 8583 8584
3 8583 8582 8585
3 8582 8584 8586
3 8585 8582 8586
3 8583 8587 8584
3 8583 8585 8587
3 8584 8587 8586
3 8585 8586 8587
3 8588 8590 8592
3 8590 8588 8594
3 8588 8592 8595
3 8597 8599 8589
3 8594 8588 8595
3 8597 8589 8601
3 8589 8599 8602
3 8601 8589 8602
3 8591 8604 8606
3 8591 8593 8605
3 8604 8591 8605
3 8596 8592 8590
3 8609 8605 8593
3 8590 8594 8596
3 8591 8606 8607
3 8607 8612 8598
3 8607 8598 8591
3 8591 8598 8593
3 8592 8596 8595
3 8593 8600 8609
3 8593 8598 8600
3 8600 8611 8609
3 8597 8603 8599
3 8595 8596 8594
3 8615 8611 8600
3 8597 8601 8603
3 8598 8612 8613
3 8600 8598 8613
3 8616 8600 8613
3 8599 8603 8602
3 8600 8616 8615
3 8601 8602 8603
3 8604 8608 8606
3 8604 8605 8610
3 8608 8604 8610
3 8605 8609 8610
3 8606 8608 8607
3 8612 8607 8608
3 8612 8608 8614
3 8614 8608 8610
3 8609 8611 8617
3 8609 8617 8610
3 8610 8617 8614
3 8611 8615 8617
3 8612 8614 8613
3 8616 8613 8614
3 8617 8616 8614
3 8615 8616 8617
3 8618 8619 8621
3 8619 8618 8623
3 8618 8621 8624
3 8623 8618 8624
3 8620 8627 8628
3 8627 8620 8631
3 8622 8629 8633
3 8628 8629 8622
3 8620 8628 8622
3 8620 8622 8621
3 8620 8621 8619
3 8620 8619 8623
3 8620 8623 8631
3 8631 8623 8635
3 8625 8622 8633
3 8638 8625 8633
3 8621 8622 8625
3 8621 8625 8636
3 8621 8636 8624
3 8636 8625 8640
3 8635 8623 8624
3 8636 8635 8624
3 8625 8638 8641
3 8640 8625 8641
3 8626 8642 8643
3 8642 8626 8645
3 8630 8626 8643
3 8648 8630 8643
3 8651 8645 8626
3 8651 8626 8630
3 8628 8627 8632
3 8627 8631 8632
3 8634 8649 8653
3 8648 8649 8634
3 8630 8648 8634
3 8630 8634 8633
3 8630 8633 8629
3 8651 8629 8655
3 8651 8630 8629
3 8655 8629 8637
3 8628 8632 8629
3 8637 8629 8632
3 8631 8635 8637
3 8632 8631 8637
3 8639 8634 8653
3 8657 8639 8653
3 8633 8639 8638
3 8634 8639 8633
3 8636 8655 8637
3 8636 8640 8655
3 8640 8660 8655
3 8635 8636 8637
3 8639 8657 8659
3 8638 8639 8659
3 8638 8659 8641
3 8641 8659 8661
3 8660 8640 8641
3 8661 8660 8641
3 8644 8662 8663
3 8646 8643 8642
3 8665 8662 8644
3 8642 8645 8646
3 8647 8664 8667
3 8663 8664 8647
3 8663 8647 8644
3 8644 8647 8650
3 8665 8644 8650
3 8665 8650 8669
3 8643 8646 8648
3 8648 8646 8652
3 8645 8651 8652
3 8646 8645 8652
3 8654 8647 8667
3 8671 8654 8667
3 8649 8654 8653
3 8649 8650 8654
3 8650 8647 8654
3 8669 8649 8673
3 8669 8650 8649
3 8673 8649 8656
3 8648 8652 8649
3 8656 8649 8652
3 8651 8655 8656
3 8652 8651 8656
3 8658 8654 8671
3 8676 8658 8671
3 8653 8658 8657
3 8654 8658 8653
3 8656 8675 8673
3 8675 8656 8655
3 8675 8655 8681
3 8681 8655 8660
3 8658 8676 8678
3 8657 8658 8678
3 8657 8678 8659
3 8659 8678 8679
3 8661 8659 8682
3 8659 8679 8682
3 8681 8660 8661
3 8682 8681 8661
3 8662 8666 8663
3 8662 8665 8666
3 8668 8684 8686
3 8668 8667 8664
3 8668 8664 8684
3 8684 8664 8685
3 8663 8685 8664
3 8663 8670 8685
3 8663 8666 8670
3 8688 8685 8670
3 8665 8669 8670
3 8666 8665 8670
3 8672 8668 8686
3 8690 8672 8686
3 8667 8672 8671
3 8668 8672 8667
3 8674 8688 8670
3 8692 8688 8674
3 8669 8673 8674
3 8670 8669 8674
3 8677 8672 8690
3 8694 8677 8690
3 8671 8677 8676
3 8672 8677 8671
3 8680 8692 8674
3 8697 8692 8680
3 8673 8675 8683
3 8673 8683 8674
3 8674 8683 8680
3 8675 8681 8683
3 8677 8694 8695
3 8676 8677 8695
3 8676 8695 8678
3 8678 8695 8698
3 8697 8680 8679
3 8697 8679 8698
3 8698 8679 8678
3 8682 8679 8680
3 8683 8682 8680
3 8681 8682 8683
3 8684 8687 8686
3 8684 8685 8689
3 8687 8684 8689
3 8685 8688 8689
3 8687 8691 8690
3 8686 8687 8690
3 8689 8693 8687
3 8693 8691 8687
3 8688 8692 8693
3 8689 8688 8693
3 8691 8696 8694
3 8690 8691 8694
3 8693 8699 8691
3 8699 8696 8691
3 8692 8697 8699
3 8693 8692 8699
3 8694 8696 8695
3 8698 8695 8696
3 8699 8698 8696
3 8697 8698 8699
3 8700 8701 8703
3 8701 8700 8704
3 8700 8703 8705
3 8704 8700 8705
3 8702 8706 8707
3 8706 8702 8710
3 8701 8708 8713
3 8703 8701 8713
3 8708 8701 8704
3 8708 8704 8714
3 8711 8702 8707
3 8710 8702 8711
3 8703 8713 8715
3 8705 8703 8715
3 8714 8704 8705
3 8715 8714 8705
3 8709 8717 8718
3 8712 8707 8706
3 8719 8717 8709
3 8706 8710 8712
3 8708 8716 8713
3 8709 8718 8720
3 8712 8711 8707
3 8709 8720 8719
3 8714 8716 8708
3 8710 8711 8712
3 8713 8716 8715
3 8714 8715 8716
3 8717 8721 8718
3 8717 8719 8721
3 8718 8721 8720
3 8719 8720 8721
3 8722 8732 8734
3 8722 8723 8733
3 8732 8722 8733
3 8733 8723 8735
3 8724 8722 8734
3 8736 8724 8734
3 8723 8722 8725
3 8725 8722 8724
3 8737 8735 8723
3 8725 8737 8723
3 8726 8724 8736
3 8739 8726 8736
3 8725 8724 8727
3 8727 8724 8726
3 8738 8737 8725
3 8738 8725 8728
3 8728 8725 8727
3 8738 8728 8741
3 8729 8726 8739
3 8744 8729 8739
3 8727 8726 8730
3 8730 8726 8729
3 8745 8742 8728
3 8745 8728 8730
3 8730 8728 8727
3 8741 8728 8742
3 8731 8729 8744
3 8747 8731 8744
3 8748 8746 8730
3 8748 8730 8731
3 8731 8730 8729
3 8745 8730 8746
3 8731 8747 8749
3 8748 8731 8749
3 8732 8751 8753
3 8734 8732 8753
3 8733 8752 8732
3 8732 8752 8751
3 8752 8733 8735
3 8755 8752 8735
3 8734 8753 8736
3 8753 8757 8736
3 8735 8737 8755
3 8755 8737 8759
3 8758 8740 8739
3 8758 8739 8757
3 8757 8739 8736
3 8758 8760 8740
3 8743 8737 8738
3 8743 8762 8737
3 8762 8759 8737
3 8738 8741 8743
3 8740 8761 8763
3 8740 8763 8739
3 8739 8763 8744
3 8760 8761 8740
3 8742 8762 8743
3 8742 8745 8762
3 8745 8765 8762
3 8741 8742 8743
3 8764 8750 8747
3 8764 8747 8763
3 8763 8747 8744
3 8750 8746 8748
3 8750 8764 8746
3 8764 8766 8746
3 8765 8745 8746
3 8766 8765 8746
3 8747 8750 8749
3 8748 8749 8750
3 8751 8754 8753
3 8751 8752 8756
3 8754 8751 8756
3 8752 8755 8756
3 8754 8767 8769
3 8754 8769 8753
3 8753 8769 8757
3 8756 8767 8754
3 8768 8767 8756
3 8768 8756 8755
3 8768 8755 8772
3 8772 8755 8759
3 8757 8769 8770
3 8758 8757 8770
3 8770 8760 8758
3 8774 8760 8770
3 8759 8762 8772
3 8772 8762 8776
3 8761 8775 8778
3 8763 8761 8778
3 8774 8761 8760
3 8775 8761 8774
3 8762 8765 8776
3 8776 8765 8781
3 8763 8778 8779
3 8764 8763 8779
3 8766 8764 8782
3 8764 8779 8782
3 8781 8765 8766
3 8782 8781 8766
3 8767 8771 8769
3 8767 8768 8773
3 8771 8767 8773
3 8768 8772 8773
3 8769 8771 8770
3 8774 8770 8771
3 8774 8771 8777
3 8777 8771 8773
3 8772 8776 8777
3 8773 8772 8777
3 8775 8780 8778
3 8775 8774 8777
3 8775 8777 8780
3 8780 8777 8783
3 8776 8781 8783
3 8777 8776 8783
3 8778 8780 8779
3 8782 8779 8780
3 8783 8782 8780
3 8781 8782 8783
3 8784 8786 8787
3 8786 8784 8788
3 8785 8784 8787
3 8790 8785 8787
3 8792 8788 8784
3 8785 8792 8784
3 8785 8790 8793
3 8792 8785 8793
3 8786 8789 8787
3 8786 8788 8789
3 8791 8794 8796
3 8789 8795 8794
3 8789 8794 8790
3 8789 8790 8787
3 8790 8794 8791
3 8795 8789 8788
3 8795 8788 8799
3 8799 8788 8792
3 8791 8796 8797
3 8790 8791 8797
3 8790 8797 8793
3 8793 8797 8800
3 8799 8792 8793
3 8800 8799 8793
3 8794 8798 8796
3 8794 8795 8801
3 8798 8794 8801
3 8795 8799 8801
3 8796 8798 8797
3 8800 8797 8798
3 8801 8800 8798
3 8799 8800 8801
3 8802 8803 8806
3 8803 8802 8807
3 8802 8806 8808
3 8807 8802 8808
3 8804 8812 8814
3 8804 8805 8813
3 8812 8804 8813
3 8813 8805 8817
3 8803 8809 8806
3 8804 8814 8816
3 8816 8818 8805
3 8816 8805 8804
3 8803 8807 8809
3 8817 8805 8818
3 8806 8809 8808
3 8807 8808 8809
3 8810 8820 8822
3 8810 8811 8821
3 8820 8810 8821
3 8821 8811 8825
3 8810 8822 8823
3 8823 8829 8815
3 8823 8815 8810
3 8810 8815 8811
3 8814 8812 8827
3 8814 8827 8811
3 8814 8811 8815
3 8825 8811 8827
3 8813 8828 8812
3 8812 8828 8827
3 8828 8813 8817
3 8832 8828 8817
3 8815 8829 8831
3 8819 8831 8836
3 8816 8831 8819
3 8816 8815 8831
3 8816 8814 8815
3 8838 8816 8819
3 8838 8833 8816
3 8833 8818 8816
3 8832 8817 8818
3 8833 8832 8818
3 8819 8836 8839
3 8838 8819 8839
3 8820 8824 8822
3 8820 8821 8826
3 8824 8820 8826
3 8821 8825 8826
3 8824 8823 8822
3 8841 8844 8830
3 8841 8829 8842
3 8841 8830 8829
3 8842 8829 8826
3 8823 8824 8829
3 8826 8829 8824
3 8825 8842 8826
3 8825 8827 8842
3 8827 8843 8842
3 8834 8845 8843
3 8834 8843 8828
3 8828 8843 8827
3 8828 8832 8834
3 8835 8830 8844
3 8848 8835 8844
3 8829 8837 8831
3 8829 8830 8837
3 8830 8835 8837
3 8831 8837 8836
3 8847 8838 8840
3 8847 8845 8838
3 8833 8838 8834
3 8834 8838 8845
3 8833 8834 8832
3 8840 8852 8847
3 8835 8848 8849
3 8837 8835 8849
3 8850 8837 8849
3 8836 8837 8850
3 8836 8850 8839
3 8839 8850 8851
3 8840 8838 8839
3 8840 8839 8853
3 8853 8839 8851
3 8852 8840 8853
3 8841 8859 8861
3 8844 8841 8861
3 8842 8860 8841
3 8841 8860 8859
3 8846 8863 8860
3 8846 8860 8843
3 8843 8860 8842
3 8843 8845 8846
3 8844 8861 8848
3 8861 8867 8848
3 8846 8865 8863
3 8854 8870 8865
3 8847 8854 8865
3 8847 8865 8846
3 8847 8846 8845
3 8847 8852 8854
3 8855 8849 8848
3 8855 8848 8873
3 8873 8848 8867
3 8849 8856 8850
3 8855 8856 8849
3 8850 8857 8851
3 8856 8857 8850
3 8854 8877 8870
3 8854 8851 8877
3 8854 8853 8851
3 8857 8877 8851
3 8852 8853 8854
3 8855 8873 8875
3 8856 8855 8875
3 8876 8856 8875
3 8857 8856 8876
3 8878 8857 8876
3 8880 8882 8858
3 8877 8857 8878
3 8880 8858 8884
3 8858 8882 8885
3 8884 8858 8885
3 8859 8862 8861
3 8859 8860 8864
3 8862 8859 8864
3 8860 8863 8864
3 8866 8886 8889
3 8866 8868 8887
3 8886 8866 8887
3 8862 8888 8887
3 8862 8887 8867
3 8862 8867 8861
3 8867 8887 8868
3 8888 8869 8891
3 8888 8862 8869
3 8862 8864 8869
3 8863 8865 8871
3 8863 8871 8864
3 8864 8871 8869
3 8865 8870 8871
3 8872 8866 8889
3 8894 8872 8889
3 8868 8866 8874
3 8874 8866 8872
3 8867 8874 8873
3 8868 8874 8867
3 8869 8893 8891
3 8893 8879 8899
3 8893 8869 8879
3 8869 8871 8879
3 8870 8877 8879
3 8871 8870 8879
3 8872 8894 8895
3 8874 8872 8895
3 8896 8874 8895
3 8873 8874 8896
3 8873 8896 8875
3 8875 8896 8897
3 8881 8897 8903
3 8881 8876 8897
3 8876 8875 8897
3 8883 8899 8881
3 8883 8901 8899
3 8881 8899 8876
3 8879 8878 8899
3 8876 8899 8878
3 8877 8878 8879
3 8880 8901 8882
3 8880 8902 8901
3 8901 8883 8882
3 8902 8880 8884
3 8907 8902 8884
3 8881 8903 8905
3 8883 8881 8905
3 8906 8883 8905
3 8882 8883 8906
3 8882 8906 8885
3 8885 8906 8908
3 8907 8884 8885
3 8908 8907 8885
3 8886 8909 8910
3 8889 8886 8910
3 8890 8911 8909
3 8890 8909 8887
3 8887 8909 8886
3 8887 8888 8892
3 8890 8887 8892
3 8888 8891 8892
3 8889 8910 8894
3 8910 8914 8894
3 8890 8913 8911
3 8913 8898 8917
3 8913 8890 8898
3 8890 8892 8898
3 8891 8893 8900
3 8891 8900 8892
3 8892 8900 8898
3 8893 8899 8900
3 8894 8914 8915
3 8895 8894 8915
3 8896 8895 8918
3 8895 8915 8918
3 8904 8920 8924
3 8897 8918 8898
3 8897 8896 8918
3 8918 8917 8898
3 8920 8903 8921
3 8920 8904 8903
3 8921 8903 8900
3 8897 8898 8903
3 8900 8903 8898
3 8899 8921 8900
3 8899 8901 8921
3 8901 8922 8921
3 8902 8923 8901
3 8901 8923 8922
3 8923 8902 8907
3 8930 8923 8907
3 8904 8924 8926
3 8903 8904 8926
3 8903 8926 8905
3 8905 8926 8927
3 8906 8905 8928
3 8905 8927 8928
3 8908 8906 8931
3 8906 8928 8931
3 8930 8907 8908
3 8931 8930 8908
3 8909 8912 8910
3 8909 8911 8912
3 8912 8916 8914
3 8910 8912 8914
3 8911 8913 8919
3 8911 8919 8912
3 8912 8919 8916
3 8913 8917 8919
3 8914 8916 8915
3 8918 8915 8916
3 8918 8916 8919
3 8933 8937 8925
3 8917 8918 8919
3 8920 8933 8924
3 8920 8934 8933
3 8933 8925 8924
3 8921 8935 8920
3 8920 8935 8934
3 8929 8942 8935
3 8929 8935 8922
3 8922 8935 8921
3 8922 8923 8932
3 8929 8922 8932
3 8923 8930 8932
3 8925 8937 8938
3 8924 8925 8938
3 8924 8938 8926
3 8926 8938 8940
3 8927 8926 8943
3 8926 8940 8943
3 8942 8929 8928
3 8942 8928 8943
3 8943 8928 8927
3 8931 8928 8929
3 8932 8931 8929
3 8930 8931 8932
3 8936 8945 8948
3 8945 8936 8949
3 8933 8939 8937
3 8933 8934 8941
3 8939 8933 8941
3 8934 8935 8944
3 8941 8934 8944
3 8936 8948 8950
3 8942 8944 8935
3 8949 8936 8950
3 8937 8939 8938
3 8940 8938 8939
3 8941 8940 8939
3 8943 8940 8941
3 8944 8943 8941
3 8942 8943 8944
3 8946 8952 8954
3 8946 8947 8953
3 8952 8946 8953
3 8953 8947 8957
3 8945 8951 8948
3 8945 8949 8951
3 8946 8954 8955
3 8947 8946 8955
3 8958 8947 8955
3 8957 8947 8958
3 8948 8951 8950
3 8949 8950 8951
3 8952 8956 8954
3 8952 8953 8959
3 8956 8952 8959
3 8953 8957 8959
3 8954 8956 8955
3 8958 8955 8956
3 8959 8958 8956
3 8957 8958 8959
3 8960 8961 8962
3 8961 8960 8963
3 8960 8962 8964
3 8963 8960 8964
3 8961 8967 8968
3 8962 8961 8968
3 8967 8961 8963
3 8969 8967 8963
3 8965 8964 8962
3 8965 8962 8971
3 8971 8962 8968
3 8964 8965 8972
3 8964 8972 8963
3 8963 8972 8969
3 8966 8965 8971
3 8973 8966 8971
3 8974 8972 8965
3 8966 8974 8965
3 8966 8973 8975
3 8974 8966 8975
3 8967 8970 8968
3 8967 8969 8970
3 8970 8977 8978
3 8970 8978 8968
3 8968 8978 8971
3 8977 8970 8969
3 8977 8969 8979
3 8979 8969 8972
3 8971 8978 8973
3 8978 8981 8973
3 8972 8974 8979
3 8979 8974 8982
3 8976 8975 8973
3 8976 8973 8984
3 8984 8973 8981
3 8975 8976 8985
3 8975 8985 8974
3 8974 8985 8982
3 8976 8984 8986
3 8985 8976 8986
3 8977 8980 8978
3 8977 8979 8980
3 8980 8983 8981
3 8978 8980 8981
3 8979 8982 8983
3 8980 8979 8983
3 8983 8987 8984
3 8981 8983 8984
3 8982 8985 8987
3 8983 8982 8987
3 8984 8987 8986
3 8985 8986 8987
3 8988 8989 8990
3 8989 8988 8991
3 8988 8990 8992
3 8991 8988 8992
3 8989 8993 8990
3 8989 8991 8993
3 8990 8993 8992
3 8991 8992 8993
3 8994 8997 8998
3 8997 8994 9000
3 8995 8999 9003
3 8998 8999 8995
3 8998 8995 8994
3 8994 8995 8996
3 9007 9000 8994
3 8996 9007 8994
3 8995 9003 9005
3 8996 8995 9005
3 9008 8996 9005
3 9007 8996 9008
3 8997 9001 8998
3 8997 9000 9001
3 9002 9011 9015
3 9002 9004 9013
3 9011 9002 9013
3 9006 9003 8999
3 9017 9013 9004
3 8999 8998 9001
3 8999 9001 9006
3 9006 9001 9009
3 9000 9007 9009
3 9001 9000 9009
3 9002 9015 9016
3 9004 9002 9016
3 9018 9004 9016
3 9003 9006 9005
3 9004 9018 9017
3 9008 9005 9006
3 9009 9008 9006
3 9007 9008 9009
3 9010 9023 9027
3 9010 9012 9025
3 9023 9010 9025
3 9012 9014 9026
3 9025 9012 9026
3 9026 9014 9029
3 9010 9027 9028
3 9011 9032 9015
3 9011 9010 9032
3 9011 9012 9010
3 9010 9028 9032
3 9013 9033 9011
3 9013 9019 9033
3 9011 9033 9012
3 9030 9014 9033
3 9012 9033 9014
3 9014 9030 9029
3 9013 9017 9019
3 9015 9032 9034
3 9016 9015 9034
3 9033 9019 9018
3 9033 9018 9034
3 9034 9018 9016
3 9017 9018 9019
3 9020 9036 9038
3 9036 9020 9039
3 9021 9020 9038
3 9040 9021 9038
3 9041 9039 9020
3 9021 9041 9020
3 9022 9021 9040
3 9043 9022 9040
3 9042 9041 9021
3 9042 9021 9024
3 9024 9021 9022
3 9042 9024 9045
3 9022 9043 9044
3 9023 9047 9027
3 9023 9022 9047
3 9023 9024 9022
3 9022 9044 9047
3 9024 9046 9045
3 9024 9023 9046
3 9023 9025 9046
3 9031 9050 9046
3 9031 9046 9026
3 9026 9046 9025
3 9026 9029 9031
3 9027 9047 9048
3 9028 9027 9048
3 9032 9051 9035
3 9032 9028 9051
3 9028 9048 9051
3 9050 9035 9051
3 9031 9035 9050
3 9031 9033 9035
3 9031 9030 9033
3 9029 9030 9031
3 9032 9035 9034
3 9033 9034 9035
3 9037 9053 9054
3 9053 9037 9055
3 9036 9037 9054
3 9036 9054 9038
3 9038 9054 9057
3 9037 9036 9039
3 9037 9039 9055
3 9055 9039 9058
3 9038 9057 9040
3 9057 9060 9040
3 9039 9041 9058
3 9058 9041 9061
3 9040 9060 9043
3 9060 9064 9043
3 9041 9063 9061
3 9042 9063 9041
3 9063 9042 9045
3 9067 9063 9045
3 9043 9064 9065
3 9044 9043 9065
3 9047 9068 9049
3 9047 9044 9068
3 9044 9065 9068
3 9046 9052 9049
3 9046 9049 9067
3 9046 9067 9045
3 9068 9067 9049
3 9046 9050 9052
3 9047 9049 9048
3 9051 9048 9049
3 9052 9051 9049
3 9050 9051 9052
3 9053 9056 9054
3 9053 9055 9056
3 9056 9059 9057
3 9054 9056 9057
3 9055 9058 9059
3 9056 9055 9059
3 9059 9062 9060
3 9057 9059 9060
3 9058 9061 9062
3 9059 9058 9062
3 9062 9066 9064
3 9060 9062 9064
3 9061 9063 9069
3 9061 9069 9062
3 9062 9069 9066
3 9063 9067 9069
3 9064 9066 9065
3 9068 9065 9066
3 9069 9068 9066
3 9067 9068 9069
3 9070 9071 9074
3 9071 9070 9076
3 9070 9074 9077
3 9076 9070 9077
3 9072 9080 9082
3 9072 9073 9081
3 9080 9072 9081
3 9081 9073 9085
3 9075 9083 9087
3 9082 9083 9075
3 9072 9082 9075
3 9072 9075 9074
3 9072 9074 9071
3 9076 9072 9071
3 9076 9078 9072
3 9078 9073 9072
3 9091 9085 9073
3 9078 9091 9073
3 9075 9087 9088
3 9074 9075 9088
3 9074 9088 9077
3 9077 9088 9090
3 9076 9077 9090
3 9076 9090 9079
3 9076 9079 9078
3 9093 9079 9090
3 9094 9091 9078
3 9079 9094 9078
3 9079 9093 9095
3 9094 9079 9095
3 9080 9084 9082
3 9099 9084 9080
3 9099 9080 9097
3 9097 9080 9081
3 9085 9086 9098
3 9085 9098 9081
3 9081 9098 9097
3 9098 9086 9102
3 9083 9089 9087
3 9083 9104 9089
3 9082 9104 9083
3 9082 9100 9104
3 9082 9084 9100
3 9099 9100 9084
3 9086 9091 9092
3 9085 9091 9086
3 9109 9102 9086
3 9092 9109 9086
3 9087 9089 9088
3 9089 9104 9105
3 9089 9105 9088
3 9088 9105 9090
3 9093 9107 9096
3 9093 9090 9107
3 9090 9105 9107
3 9092 9107 9110
3 9092 9094 9107
3 9092 9091 9094
3 9094 9096 9107
3 9109 9092 9110
3 9093 9096 9095
3 9094 9095 9096
3 9097 9101 9099
3 9097 9098 9103
3 9101 9097 9103
3 9098 9102 9103
3 9100 9106 9104
3 9100 9099 9101
3 9100 9101 9106
3 9106 9101 9108
3 9103 9111 9101
3 9111 9108 9101
3 9102 9109 9111
3 9103 9102 9111
3 9104 9106 9105
3 9107 9105 9106
3 9108 9107 9106
3 9110 9107 9108
3 9111 9110 9108
3 9109 9110 9111
3 9112 9115 9118
3 9112 9113 9116
3 9115 9112 9116
3 9113 9114 9117
3 9116 9113 9117
3 9117 9114 9121
3 9112 9118 9119
3 9113 9112 9119
3 9120 9113 9119
3 9114 9113 9120
3 9122 9114 9120
3 9121 9114 9122
3 9115 9123 9127
3 9118 9115 9127
3 9116 9124 9115
3 9115 9124 9123
3 9117 9126 9116
3 9116 9126 9124
3 9126 9117 9121
3 9130 9126 9121
3 9118 9127 9128
3 9119 9118 9128
3 9120 9119 9129
3 9119 9128 9129
3 9122 9120 9131
3 9120 9129 9131
3 9130 9121 9122
3 9131 9130 9122
3 9125 9132 9133
3 9132 9125 9136
3 9123 9134 9138
3 9127 9123 9138
3 9133 9124 9125
3 9133 9134 9124
3 9134 9123 9124
3 9125 9137 9136
3 9125 9124 9137
3 9124 9126 9137
3 9137 9126 9130
3 9141 9137 9130
3 9127 9138 9139
3 9128 9127 9139
3 9129 9128 9140
3 9128 9139 9140
3 9131 9129 9142
3 9129 9140 9142
3 9141 9130 9131
3 9142 9141 9131
3 9135 9143 9145
3 9135 9133 9132
3 9135 9132 9143
3 9143 9132 9144
3 9144 9132 9136
3 9147 9144 9136
3 9134 9135 9145
3 9134 9145 9138
3 9138 9145 9149
3 9133 9135 9134
3 9136 9148 9147
3 9137 9148 9136
3 9148 9137 9141
3 9154 9148 9141
3 9138 9149 9150
3 9139 9138 9150
3 9140 9139 9152
3 9139 9150 9152
3 9142 9140 9155
3 9140 9152 9155
3 9154 9141 9142
3 9155 9154 9142
3 9143 9146 9145
3 9158 9146 9143
3 9158 9143 9157
3 9157 9143 9144
3 9157 9144 9147
3 9159 9157 9147
3 9146 9151 9149
3 9145 9146 9149
3 9160 9146 9158
3 9160 9153 9146
3 9153 9151 9146
3 9148 9156 9153
3 9148 9153 9159
3 9148 9159 9147
3 9160 9159 9153
3 9148 9154 9156
3 9149 9151 9150
3 9152 9150 9151
3 9153 9152 9151
3 9155 9152 9153
3 9156 9155 9153
3 9154 9155 9156
3 9157 9161 9158
3 9157 9159 9161
3 9158 9161 9160
3 9159 9160 9161
3 9162 9163 9164
3 9163 9162 9165
3 9162 9164 9166
3 9165 9162 9166
3 9163 9169 9170
3 9164 9163 9170
3 9169 9163 9165
3 9172 9169 9165
3 9167 9171 9173
3 9166 9167 9168
3 9166 9170 9167
3 9166 9164 9170
3 9171 9167 9170
3 9166 9168 9175
3 9166 9175 9165
3 9165 9175 9172
3 9167 9173 9174
3 9168 9167 9174
3 9176 9168 9174
3 9175 9168 9176
3 9169 9179 9181
3 9170 9169 9181
3 9179 9169 9172
3 9184 9179 9172
3 9171 9182 9187
3 9173 9171 9187
3 9181 9177 9170
3 9181 9185 9177
3 9170 9177 9171
3 9188 9182 9177
3 9171 9177 9182
3 9177 9185 9184
3 9177 9184 9175
3 9175 9184 9172
3 9173 9187 9189
3 9174 9173 9189
3 9188 9177 9176
3 9188 9176 9189
3 9189 9176 9174
3 9175 9176 9177
3 9178 9190 9191
3 9190 9178 9192
3 9178 9191 9193
3 9195 9196 9180
3 9192 9178 9193
3 9195 9180 9198
3 9183 9197 9201
3 9180 9196 9199
3 9186 9181 9179
3 9197 9183 9202
3 9180 9199 9198
3 9179 9184 9186
3 9182 9183 9201
3 9182 9201 9187
3 9187 9201 9204
3 9185 9181 9186
3 9188 9202 9182
3 9188 9205 9202
3 9202 9183 9182
3 9184 9185 9186
3 9187 9204 9206
3 9189 9187 9206
3 9205 9188 9189
3 9206 9205 9189
3 9190 9194 9191
3 9190 9192 9194
3 9191 9194 9193
3 9192 9193 9194
3 9195 9200 9196
3 9195 9198 9200
3 9197 9203 9201
3 9199 9196 9200
3 9202 9203 9197
3 9198 9199 9200
3 9203 9207 9204
3 9201 9203 9204
3 9202 9205 9207
3 9203 9202 9207
3 9204 9207 9206
3 9205 9206 9207
3 9208 9210 9211
3 9210 9208 9212
3 9209 9208 9211
3 9214 9209 9211
3 9216 9212 9208
3 9209 9216 9208
3 9209 9214 9217
3 9216 9209 9217
3 9210 9220 9223
3 9211 9210 9223
3 9212 9213 9221
3 9212 9221 9210
3 9210 9221 9220
3 9221 9213 9226
3 9215 9224 9228
3 9215 9223 9224
3 9215 9214 9223
3 9214 9211 9223
3 9213 9230 9227
3 9213 9212 9230
3 9212 9216 9230
3 9226 9213 9227
3 9218 9229 9232
3 9228 9229 9218
3 9228 9218 9215
3 9215 9218 9219
3 9214 9215 9219
3 9214 9219 9231
3 9214 9231 9217
3 9231 9219 9234
3 9230 9216 9217
3 9231 9230 9217
3 9218 9232 9233
3 9219 9218 9233
3 9235 9219 9233
3 9234 9219 9235
3 9222 9236 9238
3 9236 9222 9241
3 9225 9237 9243
3 9225 9223 9220
3 9225 9220 9237
3 9237 9220 9239
3 9238 9221 9222
3 9238 9239 9221
3 9239 9220 9221
3 9222 9221 9226
3 9222 9226 9241
3 9241 9226 9244
3 9224 9225 9243
3 9224 9243 9228
3 9228 9243 9246
3 9223 9225 9224
3 9227 9249 9245
3 9230 9249 9227
3 9244 9226 9227
3 9245 9244 9227
3 9229 9247 9251
3 9232 9229 9251
3 9246 9229 9228
3 9247 9229 9246
3 9231 9253 9250
3 9234 9253 9231
3 9249 9230 9231
3 9250 9249 9231
3 9232 9251 9252
3 9233 9232 9252
3 9235 9233 9254
3 9233 9252 9254
3 9253 9234 9235
3 9254 9253 9235
3 9240 9255 9256
3 9242 9238 9236
3 9258 9255 9240
3 9236 9241 9242
3 9237 9257 9261
3 9243 9237 9261
3 9256 9239 9240
3 9256 9257 9239
3 9257 9237 9239
3 9240 9260 9258
3 9240 9239 9260
3 9242 9260 9238
3 9238 9260 9239
3 9260 9242 9241
3 9260 9241 9263
3 9263 9241 9244
3 9248 9262 9266
3 9248 9261 9262
3 9248 9246 9261
3 9246 9243 9261
3 9245 9268 9264
3 9249 9268 9245
3 9263 9244 9245
3 9264 9263 9245
3 9247 9248 9266
3 9247 9266 9251
3 9251 9266 9271
3 9246 9248 9247
3 9250 9274 9269
3 9253 9274 9250
3 9268 9249 9250
3 9269 9268 9250
3 9251 9271 9272
3 9252 9251 9272
3 9254 9252 9275
3 9252 9272 9275
3 9274 9253 9254
3 9275 9274 9254
3 9255 9259 9256
3 9255 9258 9259
3 9257 9277 9279
3 9261 9257 9279
3 9259 9257 9256
3 9259 9278 9257
3 9278 9277 9257
3 9265 9281 9278
3 9260 9265 9278
3 9260 9278 9259
3 9260 9259 9258
3 9260 9263 9265
3 9262 9267 9266
3 9262 9284 9267
3 9262 9261 9284
3 9261 9279 9284
3 9270 9285 9282
3 9281 9270 9282
3 9265 9270 9281
3 9265 9268 9270
3 9265 9264 9268
3 9263 9264 9265
3 9267 9273 9271
3 9266 9267 9271
3 9286 9267 9284
3 9286 9276 9267
3 9276 9273 9267
3 9285 9276 9286
3 9270 9276 9285
3 9270 9274 9276
3 9270 9269 9274
3 9268 9269 9270
3 9271 9273 9272
3 9275 9272 9273
3 9276 9275 9273
3 9274 9275 9276
3 9277 9280 9279
3 9277 9278 9283
3 9280 9277 9283
3 9278 9281 9283
3 9280 9287 9284
3 9279 9280 9284
3 9282 9285 9287
3 9282 9287 9283
3 9283 9287 9280
3 9281 9282 9283
3 9284 9287 9286
3 9285 9286 9287
3 9288 9289 9290
3 9289 9288 9291
3 9288 9290 9292
3 9291 9288 9292
3 9289 9294 9295
3 9290 9289 9295
3 9294 9289 9291
3 9297 9294 9291
3 9293 9292 9290
3 9293 9290 9298
3 9298 9290 9295
3 9292 9293 9300
3 9292 9300 9291
3 9291 9300 9297
3 9293 9298 9301
3 9300 9293 9301
3 9296 9302 9304
3 9296 9295 9294
3 9296 9294 9302
3 9302 9294 9303
3 9303 9294 9297
3 9306 9303 9297
3 9299 9296 9304
3 9308 9299 9304
3 9295 9299 9298
3 9296 9299 9295
3 9297 9300 9306
3 9306 9300 9310
3 9299 9308 9309
3 9298 9299 9309
3 9298 9309 9301
3 9301 9309 9311
3 9310 9300 9301
3 9311 9310 9301
3 9305 9313 9315
3 9305 9304 9302
3 9305 9302 9313
3 9313 9302 9314
3 9307 9318 9314
3 9307 9314 9303
3 9303 9314 9302
3 9303 9306 9307
3 9305 9315 9316
3 9316 9304 9305
3 9316 9320 9304
3 9320 9308 9304
3 9312 9318 9307
3 9321 9318 9312
3 9306 9310 9312
3 9307 9306 9312
3 9308 9320 9322
3 9309 9308 9322
3 9321 9312 9311
3 9321 9311 9322
3 9322 9311 9309
3 9310 9311 9312
3 9313 9317 9315
3 9313 9314 9319
3 9317 9313 9319
3 9314 9318 9319
3 9315 9317 9316
3 9320 9316 9317
3 9320 9317 9323
3 9323 9317 9319
3 9318 9321 9323
3 9319 9318 9323
3 9320 9323 9322
3 9321 9322 9323
3 9324 9325 9327
3 9325 9324 9328
3 9324 9327 9329
3 9328 9324 9329
3 9326 9331 9332
3 9331 9326 9333
3 9325 9326 9332
3 9325 9332 9327
3 9327 9332 9335
3 9328 9330 9334
3 9325 9328 9334
3 9325 9334 9333
3 9325 9333 9326
3 9334 9330 9337
3 9327 9335 9336
3 9329 9327 9336
3 9330 9328 9329
3 9330 9329 9338
3 9338 9329 9336
3 9337 9330 9338
3 9331 9339 9341
3 9332 9331 9341
3 9339 9331 9333
3 9342 9339 9333
3 9332 9341 9335
3 9341 9344 9335
3 9333 9343 9342
3 9334 9343 9333
3 9343 9334 9337
3 9347 9343 9337
3 9335 9344 9345
3 9336 9335 9345
3 9338 9336 9348
3 9336 9345 9348
3 9347 9337 9338
3 9348 9347 9338
3 9340 9350 9351
3 9350 9340 9352
3 9339 9340 9351
3 9339 9351 9341
3 9341 9351 9354
3 9340 9339 9342
3 9340 9342 9352
3 9352 9342 9355
3 9356 9346 9344
3 9356 9344 9354
3 9354 9344 9341
3 9343 9349 9346
3 9343 9346 9355
3 9343 9355 9342
3 9356 9355 9346
3 9343 9347 9349
3 9344 9346 9345
3 9348 9345 9346
3 9349 9348 9346
3 9347 9348 9349
3 9350 9353 9351
3 9350 9352 9353
3 9353 9357 9354
3 9351 9353 9354
3 9352 9355 9357
3 9353 9352 9357
3 9354 9357 9356
3 9355 9356 9357
3 9358 9360 9363
3 9358 9359 9362
3 9360 9358 9362
3 9362 9359 9365
3 9358 9363 9364
3 9359 9358 9364
3 9366 9359 9364
3 9365 9359 9366
3 9361 9368 9369
3 9368 9361 9371
3 9360 9361 9369
3 9360 9369 9363
3 9363 9369 9372
3 9361 9360 9362
3 9361 9362 9374
3 9361 9374 9371
3 9374 9362 9367
3 9362 9365 9367
3 9363 9372 9375
3 9364 9363 9375
3 9374 9367 9366
3 9374 9366 9375
3 9375 9366 9364
3 9365 9366 9367
3 9370 9377 9382
3 9370 9369 9368
3 9370 9368 9377
3 9377 9368 9379
3 9379 9368 9371
3 9384 9379 9371
3 9373 9370 9382
3 9385 9373 9382
3 9369 9373 9372
3 9370 9373 9369
3 9371 9374 9384
3 9384 9374 9388
3 9373 9385 9386
3 9372 9373 9386
3 9372 9386 9375
3 9375 9386 9389
3 9388 9374 9375
3 9389 9388 9375
3 9376 9391 9394
3 9376 9378 9392
3 9391 9376 9392
3 9392 9378 9396
3 9380 9393 9398
3 9380 9381 9395
3 9393 9380 9395
3 9394 9395 9381
3 9394 9381 9376
3 9376 9381 9383
3 9377 9383 9382
3 9377 9378 9383
3 9378 9376 9383
3 9378 9397 9396
3 9378 9377 9397
3 9377 9379 9397
3 9397 9379 9384
3 9405 9397 9384
3 9380 9398 9399
3 9381 9380 9399
3 9400 9381 9399
3 9383 9381 9400
3 9401 9383 9400
3 9383 9385 9382
3 9383 9403 9385
3 9383 9401 9403
3 9387 9385 9403
3 9387 9406 9390
3 9403 9406 9387
3 9390 9406 9405
3 9390 9405 9388
3 9388 9405 9384
3 9385 9387 9386
3 9389 9386 9387
3 9390 9389 9387
3 9388 9389 9390
3 9391 9408 9411
3 9394 9391 9411
3 9392 9409 9391
3 9391 9409 9408
3 9409 9392 9396
3 9415 9409 9396
3 9393 9410 9418
3 9398 9393 9418
3 9395 9412 9393
3 9393 9412 9410
3 9411 9402 9394
3 9411 9413 9402
3 9394 9402 9395
3 9421 9412 9402
3 9395 9402 9412
3 9402 9416 9404
3 9413 9416 9402
3 9397 9407 9404
3 9397 9404 9415
3 9397 9415 9396
3 9416 9415 9404
3 9397 9405 9407
3 9398 9418 9419
3 9399 9398 9419
3 9400 9399 9422
3 9399 9419 9422
3 9421 9402 9401
3 9421 9401 9422
3 9422 9401 9400
3 9403 9401 9402
3 9404 9403 9402
3 9406 9403 9404
3 9407 9406 9404
3 9405 9406 9407
3 9408 9414 9411
3 9408 9409 9417
3 9414 9408 9417
3 9409 9415 9417
3 9410 9420 9418
3 9424 9420 9410
3 9424 9410 9423
3 9423 9410 9412
3 9421 9425 9423
3 9421 9423 9412
3 9411 9414 9413
3 9416 9413 9414
3 9417 9416 9414
3 9415 9416 9417
3 9418 9420 9419
3 9420 9424 9426
3 9420 9426 9419
3 9419 9426 9422
3 9425 9421 9422
3 9426 9425 9422
3 9423 9427 9424
3 9423 9425 9427
3 9424 9427 9426
3 9425 9426 9427
3 9428 9432 9437
3 9428 9429 9434
3 9432 9428 9434
3 9434 9429 9438
3 9430 9428 9437
3 9440 9430 9437
3 9441 9439 9429
3 9441 9429 9430
3 9430 9429 9428
3 9438 9429 9439
3 9430 9440 9442
3 9441 9430 9442
3 9431 9443 9448
3 9431 9433 9444
3 9443 9431 9444
3 9433 9435 9446
3 9444 9433 9446
3 9435 9436 9447
3 9446 9435 9447
3 9447 9436 9450
3 9431 9448 9449
3 9432 9452 9437
3 9432 9431 9452
3 9432 9433 9431
3 9431 9449 9452
3 9434 9433 9432
3 9435 9433 9434
3 9451 9436 9435
3 9451 9435 9438
3 9451 9438 9454
3 9434 9438 9435
3 9450 9436 9451
3 9437 9452 9440
3 9452 9457 9440
3 9439 9459 9455
3 9441 9459 9439
3 9454 9438 9439
3 9455 9454 9439
3 9440 9457 9460
3 9442 9440 9460
3 9459 9441 9442
3 9460 9459 9442
3 9445 9461 9462
3 9461 9445 9464
3 9443 9463 9468
3 9448 9443 9468
3 9462 9444 9445
3 9462 9463 9444
3 9463 9443 9444
3 9445 9466 9464
3 9445 9444 9466
3 9444 9446 9466
3 9447 9467 9446
3 9446 9467 9466
3 9467 9447 9450
3 9471 9467 9450
3 9453 9449 9448
3 9453 9448 9474
3 9474 9448 9468
3 9449 9453 9452
3 9456 9476 9470
3 9456 9451 9454
3 9456 9470 9451
3 9470 9472 9451
3 9471 9450 9451
3 9472 9471 9451
3 9458 9453 9474
3 9477 9458 9474
3 9452 9458 9457
3 9453 9458 9452
3 9455 9476 9456
3 9455 9459 9476
3 9459 9480 9476
3 9454 9455 9456
3 9458 9477 9478
3 9457 9458 9478
3 9457 9478 9460
3 9460 9478 9481
3 9480 9459 9460
3 9481 9480 9460
3 9461 9465 9462
3 9461 9464 9465
3 9463 9469 9468
3 9463 9485 9469
3 9462 9485 9463
3 9462 9483 9485
3 9462 9465 9483
3 9464 9483 9465
3 9464 9466 9483
3 9466 9484 9483
3 9473 9487 9484
3 9473 9484 9467
3 9467 9484 9466
3 9467 9471 9473
3 9469 9475 9474
3 9468 9469 9474
3 9490 9469 9485
3 9475 9469 9490
3 9470 9491 9488
3 9476 9491 9470
3 9487 9473 9472
3 9487 9472 9488
3 9488 9472 9470
3 9471 9472 9473
3 9475 9479 9477
3 9474 9475 9477
3 9492 9475 9490
3 9492 9482 9475
3 9482 9479 9475
3 9482 9492 9491
3 9482 9491 9480
3 9480 9491 9476
3 9477 9479 9478
3 9481 9478 9479
3 9482 9481 9479
3 9480 9481 9482
3 9483 9486 9485
3 9483 9484 9489
3 9486 9483 9489
3 9484 9487 9489
3 9486 9493 9490
3 9485 9486 9490
3 9488 9491 9493
3 9488 9493 9489
3 9489 9493 9486
3 9487 9488 9489
3 9490 9493 9492
3 9491 9492 9493
3 9494 9496 9497
3 9496 9494 9498
3 9495 9494 9497
3 9500 9495 9497
3 9502 9498 9494
3 9495 9502 9494
3 9495 9500 9503
3 9502 9495 9503
3 9496 9504 9506
3 9497 9496 9506
3 9498 9499 9505
3 9498 9505 9496
3 9496 9505 9504
3 9505 9499 9509
3 9501 9507 9512
3 9501 9506 9507
3 9501 9500 9506
3 9500 9497 9506
3 9499 9515 9510
3 9499 9498 9515
3 9498 9502 9515
3 9509 9499 9510
3 9501 9512 9513
3 9500 9501 9513
3 9500 9513 9503
3 9503 9513 9516
3 9515 9502 9503
3 9516 9515 9503
3 9504 9508 9506
3 9504 9505 9511
3 9508 9504 9511
3 9505 9509 9511
3 9507 9514 9512
3 9507 9506 9508
3 9507 9508 9514
3 9514 9508 9517
3 9510 9515 9517
3 9510 9517 9511
3 9511 9517 9508
3 9509 9510 9511
3 9512 9514 9513
3 9516 9513 9514
3 9517 9516 9514
3 9515 9516 9517
3 9518 9521 9523
3 9518 9519 9522
3 9521 9518 9522
3 9522 9519 9526
3 9518 9523 9524
3 9524 9527 9520
3 9524 9520 9518
3 9518 9520 9519
3 9528 9526 9519
3 9520 9528 9519
3 9520 9527 9529
3 9528 9520 9529
3 9521 9525 9523
3 9531 9525 9521
3 9531 9521 9530
3 9530 9521 9522
3 9530 9522 9526
3 9532 9530 9526
3 9523 9525 9524
3 9525 9527 9524
3 9525 9531 9527
3 9531 9534 9527
3 9526 9528 9532
3 9532 9528 9535
3 9527 9534 9536
3 9529 9527 9536
3 9535 9528 9529
3 9536 9535 9529
3 9530 9533 9531
3 9530 9532 9533
3 9533 9537 9534
3 9531 9533 9534
3 9532 9535 9537
3 9533 9532 9537
3 9534 9537 9536
3 9535 9536 9537
3 9538 9539 9540
3 9539 9538 9541
3 9538 9540 9542
3 9541 9538 9542
3 9539 9543 9540
3 9539 9541 9543
3 9540 9543 9542
3 9541 9542 9543
3 9544 9550 9553
3 9544 9545 9551
3 9550 9544 9551
3 9545 9546 9552
3 9551 9545 9552
3 9552 9546 9554
3 9547 9544 9553
3 9556 9547 9553
3 9545 9544 9548
3 9548 9544 9547
3 9546 9545 9549
3 9549 9545 9548
3 9560 9554 9546
3 9549 9560 9546
3 9547 9556 9558
3 9548 9547 9558
3 9559 9548 9558
3 9549 9548 9559
3 9561 9549 9559
3 9560 9549 9561
3 9550 9564 9566
3 9553 9550 9566
3 9551 9565 9550
3 9550 9565 9564
3 9555 9569 9565
3 9555 9565 9552
3 9552 9565 9551
3 9552 9554 9555
3 9557 9567 9572
3 9557 9566 9567
3 9557 9556 9566
3 9556 9553 9566
3 9555 9571 9569
3 9571 9555 9554
3 9571 9554 9574
3 9574 9554 9560
3 9562 9557 9572
3 9577 9562 9572
3 9556 9563 9558
3 9556 9557 9563
3 9557 9562 9563
3 9580 9558 9563
3 9580 9573 9558
3 9573 9559 9558
3 9561 9559 9575
3 9559 9573 9575
3 9574 9560 9561
3 9575 9574 9561
3 9562 9577 9578
3 9563 9562 9578
3 9581 9563 9578
3 9580 9563 9581
3 9564 9568 9566
3 9564 9565 9570
3 9568 9564 9570
3 9565 9569 9570
3 9567 9583 9586
3 9572 9567 9586
3 9568 9567 9566
3 9568 9584 9567
3 9584 9583 9567
3 9570 9584 9568
3 9585 9584 9570
3 9576 9591 9585
3 9571 9576 9585
3 9571 9585 9570
3 9571 9570 9569
3 9571 9574 9576
3 9587 9579 9577
3 9587 9577 9586
3 9586 9577 9572
3 9579 9589 9582
3 9587 9589 9579
3 9582 9573 9580
3 9582 9589 9573
3 9589 9592 9573
3 9591 9576 9575
3 9591 9575 9592
3 9592 9575 9573
3 9574 9575 9576
3 9577 9579 9578
3 9581 9578 9579
3 9582 9581 9579
3 9580 9581 9582
3 9583 9588 9586
3 9583 9584 9590
3 9588 9583 9590
3 9584 9585 9593
3 9590 9584 9593
3 9585 9591 9593
3 9586 9588 9587
3 9589 9587 9588
3 9590 9589 9588
3 9592 9589 9590
3 9593 9592 9590
3 9591 9592 9593
3 9594 9596 9597
3 9596 9594 9598
3 9595 9594 9597
3 9600 9595 9597
3 9601 9598 9594
3 9595 9601 9594
3 9595 9600 9602
3 9601 9595 9602
3 9596 9599 9597
3 9596 9598 9599
3 9599 9603 9600
3 9597 9599 9600
3 9598 9601 9603
3 9599 9598 9603
3 9600 9603 9602
3 9601 9602 9603
3 9604 9609 9611
3 9609 9604 9614
3 9605 9610 9615
3 9605 9606 9612
3 9610 9605 9612
3 9611 9612 9606
3 9611 9606 9604
3 9604 9606 9607
3 9617 9614 9604
3 9607 9617 9604
3 9605 9615 9616
3 9616 9619 9608
3 9616 9608 9605
3 9605 9608 9606
3 9620 9618 9607
3 9620 9607 9608
3 9608 9607 9606
3 9617 9607 9618
3 9608 9619 9621
3 9620 9608 9621
3 9613 9622 9624
3 9613 9611 9609
3 9613 9609 9622
3 9622 9609 9623
3 9623 9609 9614
3 9626 9623 9614
3 9610 9625 9627
3 9615 9610 9627
3 9624 9612 9613
3 9624 9625 9612
3 9625 9610 9612
3 9611 9613 9612
3 9614 9617 9626
3 9626 9617 9629
3 9615 9627 9628
3 9616 9615 9628
3 9628 9619 9616
3 9632 9619 9628
3 9618 9633 9630
3 9620 9633 9618
3 9629 9617 9618
3 9630 9629 9618
3 9619 9632 9634
3 9621 9619 9634
3 9633 9620 9621
3 9634 9633 9621
3 9622 9636 9638
3 9624 9622 9638
3 9623 9637 9622
3 9622 9637 9636
3 9637 9623 9626
3 9640 9637 9626
3 9625 9639 9643
3 9627 9625 9643
3 9638 9625 9624
3 9639 9625 9638
3 9631 9646 9641
3 9631 9641 9640
3 9631 9640 9629
3 9629 9640 9626
3 9627 9643 9644
3 9628 9627 9644
3 9632 9647 9635
3 9632 9628 9647
3 9628 9644 9647
3 9646 9635 9647
3 9631 9635 9646
3 9631 9633 9635
3 9631 9630 9633
3 9629 9630 9631
3 9632 9635 9634
3 9633 9634 9635
3 9636 9648 9649
3 9638 9636 9649
3 9642 9650 9648
3 9642 9648 9637
3 9637 9648 9636
3 9637 9640 9642
3 9639 9645 9643
3 9639 9652 9645
3 9639 9638 9652
3 9638 9649 9652
3 9641 9650 9642
3 9641 9646 9650
3 9646 9653 9650
3 9640 9641 9642
3 9643 9645 9644
3 9645 9652 9654
3 9645 9654 9644
3 9644 9654 9647
3 9653 9646 9647
3 9654 9653 9647
3 9648 9651 9649
3 9648 9650 9651
3 9651 9655 9652
3 9649 9651 9652
3 9650 9653 9655
3 9651 9650 9655
3 9652 9655 9654
3 9653 9654 9655
3 9656 9658 9659
3 9658 9656 9660
3 9657 9656 9659
3 9661 9657 9659
3 9662 9660 9656
3 9657 9662 9656
3 9657 9661 9663
3 9662 9657 9663
3 9658 9664 9665
3 9659 9658 9665
3 9664 9658 9660
3 9666 9664 9660
3 9659 9665 9661
3 9665 9668 9661
3 9660 9662 9666
3 9666 9662 9669
3 9661 9668 9670
3 9663 9661 9670
3 9669 9662 9663
3 9670 9669 9663
3 9664 9667 9665
3 9664 9666 9667
3 9667 9671 9668
3 9665 9667 9668
3 9666 9669 9671
3 9667 9666 9671
3 9668 9671 9670
3 9669 9670 9671
3 9672 9673 9674
3 9673 9672 9675
3 9672 9674 9676
3 9675 9672 9676
3 9673 9677 9678
3 9674 9673 9678
3 9677 9673 9675
3 9679 9677 9675
3 9674 9678 9680
3 9676 9674 9680
3 9679 9675 9676
3 9680 9679 9676
3 9677 9681 9682
3 9678 9677 9682
3 9681 9677 9679
3 9683 9681 9679
3 9678 9682 9684
3 9680 9678 9684
3 9683 9679 9680
3 9684 9683 9680
3 9681 9685 9686
3 9682 9681 9686
3 9685 9681 9683
3 9687 9685 9683
3 9682 9686 9688
3 9684 9682 9688
3 9687 9683 9684
3 9688 9687 9684
3 9685 9689 9690
3 9686 9685 9690
3 9689 9685 9687
3 9691 9689 9687
3 9686 9690 9692
3 9688 9686 9692
3 9691 9687 9688
3 9692 9691 9688
3 9689 9693 9690
3 9689 9691 9693
3 9693 9692 9690
3 9696 9697 9694
3 9692 9693 9691
3 9694 9698 9696
3 9695 9694 9697
3 9700 9695 9697
3 9701 9698 9694
3 9695 9701 9694
3 9695 9700 9702
3 9701 9695 9702
3 9696 9699 9697
3 9696 9698 9699
3 9699 9703 9700
3 9697 9699 9700
3 9698 9701 9703
3 9699 9698 9703
3 9700 9703 9702
3 9701 9702 9703
3 9704 9707 9708
3 9707 9704 9709
3 9705 9704 9708
3 9711 9705 9708
3 9712 9709 9704
3 9705 9712 9704
3 9706 9705 9711
3 9714 9706 9711
3 9715 9712 9705
3 9706 9715 9705
3 9706 9714 9716
3 9715 9706 9716
3 9707 9710 9708
3 9707 9709 9710
3 9710 9713 9711
3 9708 9710 9711
3 9709 9712 9713
3 9710 9709 9713
3 9713 9717 9714
3 9711 9713 9714
3 9712 9715 9717
3 9713 9712 9717
3 9714 9717 9716
3 9715 9716 9717
3 9718 9719 9721
3 9719 9718 9722
3 9718 9721 9723
3 9722 9718 9723
3 9720 9724 9725
3 9724 9720 9726
3 9719 9720 9725
3 9719 9725 9721
3 9721 9725 9727
3 9720 9719 9722
3 9720 9722 9726
3 9726 9722 9728
3 9721 9727 9729
3 9723 9721 9729
3 9728 9722 9723
3 9729 9728 9723
3 9724 9730 9732
3 9725 9724 9732
3 9730 9724 9726
3 9733 9730 9726
3 9725 9732 9727
3 9732 9735 9727
3 9726 9728 9733
3 9733 9728 9736
3 9727 9735 9737
3 9729 9727 9737
3 9736 9728 9729
3 9737 9736 9729
3 9731 9739 9740
3 9739 9731 9742
3 9730 9741 9744
3 9732 9730 9744
3 9733 9734 9731
3 9733 9731 9741
3 9733 9741 9730
3 9741 9731 9740
3 9746 9742 9731
3 9734 9746 9731
3 9745 9738 9735
3 9745 9735 9744
3 9744 9735 9732
3 9734 9745 9747
3 9734 9736 9745
3 9734 9733 9736
3 9736 9738 9745
3 9746 9734 9747
3 9735 9738 9737
3 9736 9737 9738
3 9739 9743 9740
3 9739 9742 9743
3 9741 9749 9750
3 9744 9741 9750
3 9740 9749 9741
3 9740 9748 9749
3 9740 9743 9748
3 9751 9749 9748
3 9742 9746 9748
3 9743 9742 9748
3 9744 9750 9752
3 9745 9744 9752
3 9751 9748 9747
3 9751 9747 9752
3 9752 9747 9745
3 9746 9747 9748
3 9749 9753 9750
3 9749 9751 9753
3 9750 9753 9752
3 9751 9752 9753
3 9754 9755 9756
3 9755 9754 9757
3 9754 9756 9758
3 9757 9754 9758
3 9755 9759 9761
3 9756 9755 9761
3 9759 9755 9757
3 9763 9759 9757
3 9756 9761 9764
3 9758 9756 9764
3 9763 9757 9758
3 9764 9763 9758
3 9760 9766 9767
3 9766 9760 9769
3 9762 9768 9772
3 9760 9767 9770
3 9765 9761 9759
3 9768 9762 9773
3 9760 9770 9769
3 9759 9763 9765
3 9762 9772 9774
3 9761 9765 9764
3 9762 9774 9773
3 9763 9764 9765
3 9766 9771 9767
3 9766 9769 9771
3 9768 9775 9772
3 9770 9767 9771
3 9773 9775 9768
3 9769 9770 9771
3 9772 9775 9774
3 9773 9774 9775
3 9776 9777 9778
3 9777 9776 9779
3 9776 9778 9780
3 9779 9776 9780
3 9777 9781 9778
3 9777 9779 9781
3 9778 9781 9780
3 9779 9780 9781
3 9782 9783 9784
3 9783 9782 9785
3 9782 9784 9786
3 9785 9782 9786
3 9783 9787 9784
3 9783 9785 9787
3 9784 9787 9786
3 9785 9786 9787
3 9788 9795 9797
3 9788 9789 9796
3 9795 9788 9796
3 9796 9789 9800
3 9788 9797 9798
3 9798 9803 9790
3 9798 9790 9788
3 9788 9790 9789
3 9802 9800 9789
3 9802 9789 9791
3 9791 9789 9790
3 9802 9791 9806
3 9792 9804 9808
3 9803 9804 9792
3 9803 9792 9790
3 9790 9792 9793
3 9791 9790 9794
3 9794 9790 9793
3 9813 9806 9791
3 9794 9813 9791
3 9792 9808 9809
3 9793 9792 9809
3 9811 9793 9809
3 9794 9793 9811
3 9814 9794 9811
3 9813 9794 9814
3 9795 9799 9797
3 9795 9796 9801
3 9799 9795 9801
3 9796 9800 9801
3 9797 9799 9798
3 9803 9798 9799
3 9803 9799 9805
3 9805 9799 9801
3 9800 9802 9807
3 9800 9807 9801
3 9801 9807 9805
3 9802 9806 9807
3 9804 9810 9808
3 9804 9803 9805
3 9804 9805 9810
3 9810 9805 9812
3 9807 9815 9805
3 9815 9812 9805
3 9806 9813 9815
3 9807 9806 9815
3 9808 9810 9809
3 9811 9809 9810
3 9812 9811 9810
3 9814 9811 9812
3 9815 9814 9812
3 9813 9814 9815
3 9816 9819 9820
3 9819 9816 9821
3 9817 9816 9820
3 9822 9817 9820
3 9823 9821 9816
3 9817 9823 9816
3 9817 9822 9824
3 9823 9817 9824
3 9818 9825 9826
3 9825 9818 9827
3 9818 9826 9828
3 9830 9820 9819
3 9830 9819 9829
3 9827 9818 9828
3 9829 9819 9821
3 9831 9829 9821
3 9820 9830 9822
3 9830 9833 9822
3 9821 9823 9831
3 9831 9823 9834
3 9822 9833 9835
3 9824 9822 9835
3 9834 9823 9824
3 9835 9834 9824
3 9825 9837 9839
3 9826 9825 9839
3 9837 9825 9827
3 9841 9837 9827
3 9826 9839 9842
3 9828 9826 9842
3 9828 9842 9841
3 9828 9841 9827
3 9829 9832 9830
3 9829 9831 9832
3 9832 9836 9833
3 9830 9832 9833
3 9831 9834 9836
3 9832 9831 9836
3 9833 9836 9835
3 9834 9835 9836
3 9838 9849 9851
3 9838 9840 9850
3 9849 9838 9850
3 9843 9839 9837
3 9854 9850 9840
3 9837 9841 9843
3 9838 9851 9852
3 9852 9858 9844
3 9852 9844 9838
3 9838 9844 9840
3 9839 9843 9842
3 9840 9845 9854
3 9840 9844 9845
3 9845 9856 9854
3 9842 9843 9841
3 9845 9862 9856
3 9844 9858 9860
3 9845 9844 9860
3 9863 9845 9860
3 9862 9845 9863
3 9846 9866 9869
3 9866 9846 9872
3 9847 9867 9875
3 9847 9848 9870
3 9867 9847 9870
3 9869 9873 9846
3 9870 9848 9878
3 9872 9846 9873
3 9847 9875 9876
3 9848 9847 9876
3 9879 9848 9876
3 9878 9848 9879
3 9849 9853 9851
3 9849 9850 9855
3 9853 9849 9855
3 9850 9854 9855
3 9857 9881 9883
3 9882 9881 9857
3 9882 9857 9859
3 9852 9851 9853
3 9885 9882 9859
3 9858 9852 9861
3 9861 9852 9853
3 9861 9853 9855
3 9854 9856 9864
3 9854 9864 9855
3 9855 9864 9861
3 9856 9862 9864
3 9865 9857 9883
3 9888 9865 9883
3 9890 9886 9859
3 9890 9859 9865
3 9865 9859 9857
3 9858 9861 9860
3 9859 9886 9885
3 9863 9860 9861
3 9864 9863 9861
3 9862 9863 9864
3 9868 9889 9892
3 9888 9889 9868
3 9888 9868 9865
3 9865 9868 9871
3 9895 9890 9865
3 9895 9865 9871
3 9869 9866 9874
3 9866 9872 9874
3 9867 9877 9875
3 9868 9892 9893
3 9871 9868 9896
3 9868 9893 9896
3 9880 9867 9870
3 9880 9877 9867
3 9874 9873 9869
3 9871 9896 9895
3 9878 9880 9870
3 9872 9873 9874
3 9875 9877 9876
3 9879 9876 9877
3 9880 9879 9877
3 9878 9879 9880
3 9881 9884 9883
3 9881 9882 9887
3 9884 9881 9887
3 9882 9885 9887
3 9884 9891 9888
3 9883 9884 9888
3 9886 9890 9891
3 9886 9891 9887
3 9887 9891 9884
3 9885 9886 9887
3 9889 9894 9892
3 9889 9888 9891
3 9889 9891 9894
3 9894 9891 9897
3 9890 9895 9897
3 9891 9890 9897
3 9892 9894 9893
3 9896 9893 9894
3 9897 9896 9894
3 9895 9896 9897
3 9898 9899 9900
3 9899 9898 9901
3 9898 9900 9902
3 9901 9898 9902
3 9899 9903 9900
3 9899 9901 9903
3 9900 9903 9902
3 9901 9902 9903
3 9904 9905 9906
3 9905 9904 9907
3 9904 9906 9908
3 9907 9904 9908
3 9905 9909 9911
3 9906 9905 9911
3 9909 9905 9907
3 9912 9909 9907
3 9906 9911 9913
3 9908 9906 9913
3 9912 9907 9908
3 9913 9912 9908
3 9910 9914 9915
3 9914 9910 9916
3 9909 9910 9915
3 9909 9915 9911
3 9911 9915 9918
3 9910 9909 9912
3 9910 9912 9916
3 9916 9912 9919
3 9911 9918 9920
3 9913 9911 9920
3 9919 9912 9913
3 9920 9919 9913
3 9914 9917 9915
3 9914 9916 9917
3 9917 9921 9918
3 9915 9917 9918
3 9916 9919 9921
3 9917 9916 9921
3 9918 9921 9920
3 9919 9920 9921
3 9922 9923 9924
3 9923 9922 9925
3 9922 9924 9926
3 9925 9922 9926
3 9923 9927 9928
3 9924 9923 9928
3 9927 9923 9925
3 9929 9927 9925
3 9924 9928 9930
3 9926 9924 9930
3 9929 9925 9926
3 9930 9929 9926
3 9927 9931 9928
3 9927 9929 9931
3 9928 9931 9930
3 9929 9930 9931
3 9932 9933 9934
3 9933 9932 9935
3 9932 9934 9936
3 9935 9932 9936
3 9933 9937 9938
3 9934 9933 9938
3 9937 9933 9935
3 9939 9937 9935
3 9934 9938 9940
3 9936 9934 9940
3 9939 9935 9936
3 9940 9939 9936
3 9937 9941 9942
3 9938 9937 9942
3 9941 9937 9939
3 9943 9941 9939
3 9938 9942 9944
3 9940 9938 9944
3 9943 9939 9940
3 9944 9943 9940
3 9941 9945 9946
3 9942 9941 9946
3 9945 9941 9943
3 9947 9945 9943
3 9942 9946 9948
3 9944 9942 9948
3 9947 9943 9944
3 9948 9947 9944
3 9945 9949 9946
3 9945 9947 9949
3 9946 9949 9948
3 9947 9948 9949
3 9950 9951 9952
3 9951 9950 9953
3 9950 9952 9954
3 9953 9950 9954
3 9951 9955 9952
3 9951 9953 9955
3 9955 9954 9952
3 9957 9958 9956
3 9954 9955 9953
3 9956 9959 9957
3 9956 9958 9960
3 9959 9956 9960
3 9957 9961 9958
3 9957 9959 9961
3 9958 9961 9960
3 9959 9960 9961
3 9962 9964 9966
3 9962 9963 9965
3 9964 9962 9965
3 9965 9963 9970
3 9962 9966 9968
3 9963 9962 9968
3 9971 9963 9968
3 9970 9963 9971
3 9967 9973 9975
3 9969 9966 9964
3 9977 9973 9967
3 9964 9965 9972
3 9969 9964 9972
3 9965 9970 9972
3 9967 9975 9978
3 9966 9969 9968
3 9967 9978 9977
3 9971 9968 9969
3 9972 9971 9969
3 9970 9971 9972
3 9974 9980 9982
3 9974 9976 9981
3 9980 9974 9981
3 9979 9975 9973
3 9985 9981 9976
3 9973 9977 9979
3 9974 9982 9983
3 9976 9974 9983
3 9986 9976 9983
3 9975 9979 9978
3 9976 9986 9985
3 9977 9978 9979
3 9980 9984 9982
3 9980 9981 9987
3 9984 9980 9987
3 9981 9985 9987
3 9982 9984 9983
3 9986 9983 9984
3 9987 9986 9984
3 9985 9986 9987
3 9988 9990 9991
3 9990 9988 9992
3 9989 9988 9991
3 9994 9989 9991
3 9995 9992 9988
3 9989 9995 9988
3 9989 9994 9996
3 9995 9989 9996
3 9990 9993 9991
3 9990 9992 9993
3 9993 9997 9994
3 9991 9993 9994
3 9992 9995 9997
3 9993 9992 9997
3 9994 9997 9996
3 9995 9996 9997
3 9998 10000 10002
3 9998 9999 10001
3 10000 9998 10001
3 10001 9999 10005
3 9998 10002 10003
3 9999 9998 10003
3 10006 9999 10003
3 10005 9999 10006
3 10000 10004 10002
3 10000 10001 10007
3 10004 10000 10007
3 10001 10005 10007
3 10002 10004 10003
3 10006 10003 10004
3 10007 10006 10004
3 10005 10006 10007
3 10008 10009 10010
3 10009 10008 10011
3 10008 10010 10012
3 10011 10008 10012
3 10009 10013 10010
3 10009 10011 10013
3 10014 10016 10018
3 10017 10016 10014
3 10017 10014 10015
3 10012 10010 10013
3 10012 10013 10011
3 10015 10021 10017
3 10014 10018 10019
3 10015 10014 10019
3 10022 10015 10019
3 10021 10015 10022
3 10016 10020 10018
3 10016 10017 10023
3 10020 10016 10023
3 10017 10021 10023
3 10018 10020 10019
3 10022 10019 10020
3 10023 10022 10020
3 10021 10022 10023
3 10024 10029 10030
3 10029 10024 10031
3 10024 10030 10032
3 10031 10024 10032
3 10025 10034 10035
3 10034 10025 10036
3 10026 10025 10035
3 10037 10026 10035
3 10038 10036 10025
3 10026 10038 10025
3 10027 10026 10037
3 10040 10027 10037
3 10039 10038 10026
3 10039 10026 10028
3 10028 10026 10027
3 10039 10028 10042
3 10027 10040 10041
3 10028 10027 10041
3 10043 10028 10041
3 10042 10028 10043
3 10029 10033 10030
3 10029 10031 10033
3 10030 10033 10032
3 10031 10032 10033
3 10034 10045 10047
3 10035 10034 10047
3 10045 10034 10036
3 10048 10045 10036
3 10035 10047 10037
3 10047 10049 10037
3 10036 10038 10048
3 10048 10038 10050
3 10037 10049 10040
3 10049 10052 10040
3 10038 10051 10050
3 10039 10051 10038
3 10051 10039 10042
3 10054 10051 10042
3 10040 10052 10053
3 10041 10040 10053
3 10043 10041 10055
3 10041 10053 10055
3 10054 10042 10043
3 10055 10054 10043
3 10044 10057 10058
3 10057 10044 10059
3 10046 10044 10058
3 10060 10046 10058
3 10061 10059 10044
3 10046 10061 10044
3 10045 10046 10060
3 10045 10060 10047
3 10047 10060 10062
3 10046 10045 10048
3 10046 10048 10061
3 10061 10048 10063
3 10047 10062 10049
3 10062 10064 10049
3 10048 10050 10063
3 10063 10050 10065
3 10049 10064 10052
3 10064 10066 10052
3 10056 10050 10051
3 10056 10067 10050
3 10067 10065 10050
3 10051 10054 10056
3 10052 10066 10068
3 10053 10052 10068
3 10067 10056 10055
3 10067 10055 10068
3 10068 10055 10053
3 10054 10055 10056
3 10057 10070 10073
3 10058 10057 10073
3 10070 10057 10059
3 10074 10070 10059
3 10058 10073 10060
3 10073 10075 10060
3 10059 10061 10074
3 10074 10061 10076
3 10060 10075 10062
3 10075 10078 10062
3 10061 10063 10076
3 10076 10063 10079
3 10062 10078 10064
3 10078 10081 10064
3 10063 10065 10079
3 10079 10065 10082
3 10083 10069 10066
3 10083 10066 10081
3 10081 10066 10064
3 10069 10083 10082
3 10069 10082 10067
3 10067 10082 10065
3 10066 10069 10068
3 10067 10068 10069
3 10071 10085 10087
3 10071 10072 10086
3 10085 10071 10086
3 10086 10072 10088
3 10070 10071 10087
3 10070 10087 10073
3 10073 10087 10091
3 10089 10072 10071
3 10089 10071 10074
3 10089 10074 10092
3 10070 10074 10071
3 10088 10072 10089
3 10093 10077 10075
3 10093 10075 10091
3 10091 10075 10073
3 10077 10093 10092
3 10077 10092 10076
3 10076 10092 10074
3 10077 10080 10078
3 10075 10077 10078
3 10076 10079 10080
3 10077 10076 10080
3 10080 10084 10081
3 10078 10080 10081
3 10079 10082 10084
3 10080 10079 10084
3 10081 10084 10083
3 10082 10083 10084
3 10085 10095 10096
3 10087 10085 10096
3 10090 10097 10095
3 10090 10095 10086
3 10086 10095 10085
3 10086 10088 10090
3 10098 10094 10091
3 10098 10091 10096
3 10096 10091 10087
3 10097 10094 10098
3 10090 10094 10097
3 10090 10092 10094
3 10090 10089 10092
3 10088 10089 10090
3 10091 10094 10093
3 10092 10093 10094
3 10095 10099 10096
3 10095 10097 10099
3 10096 10099 10098
3 10097 10098 10099
3 10100 10103 10105
3 10103 10100 10106
3 10101 10100 10105
3 10108 10101 10105
3 10109 10106 10100
3 10101 10109 10100
3 10102 10101 10108
3 10111 10102 10108
3 10112 10109 10101
3 10102 10112 10101
3 10102 10111 10113
3 10112 10102 10113
3 10104 10115 10117
3 10115 10104 10118
3 10103 10104 10117
3 10103 10117 10105
3 10105 10117 10121
3 10104 10103 10106
3 10104 10106 10118
3 10118 10106 10122
3 10107 10120 10123
3 10120 10107 10124
3 10105 10121 10108
3 10121 10125 10108
3 10106 10109 10122
3 10122 10109 10126
3 10110 10107 10123
3 10127 10110 10123
3 10129 10124 10107
3 10110 10129 10107
3 10108 10125 10111
3 10125 10131 10111
3 10128 10112 10114
3 10128 10126 10112
3 10126 10109 10112
3 10127 10130 10110
3 10128 10114 10134
3 10129 10110 10130
3 10111 10131 10132
3 10113 10111 10132
3 10114 10112 10113
3 10114 10113 10135
3 10135 10113 10132
3 10134 10114 10135
3 10116 10139 10140
3 10139 10116 10141
3 10115 10116 10140
3 10115 10140 10117
3 10117 10140 10144
3 10118 10119 10142
3 10115 10118 10142
3 10115 10142 10141
3 10115 10141 10116
3 10142 10119 10145
3 10117 10144 10121
3 10144 10148 10121
3 10119 10149 10146
3 10119 10118 10149
3 10118 10122 10149
3 10150 10123 10120
3 10150 10120 10147
3 10145 10119 10146
3 10147 10120 10124
3 10152 10147 10124
3 10121 10148 10125
3 10148 10153 10125
3 10122 10126 10149
3 10149 10126 10154
3 10123 10150 10127
3 10150 10156 10127
3 10124 10129 10152
3 10152 10129 10158
3 10155 10133 10131
3 10155 10131 10153
3 10153 10131 10125
3 10128 10136 10133
3 10128 10133 10154
3 10128 10154 10126
3 10155 10154 10133
3 10128 10134 10136
3 10127 10159 10130
3 10127 10156 10159
3 10159 10137 10130
3 10130 10137 10160
3 10130 10160 10129
3 10129 10160 10158
3 10131 10133 10132
3 10135 10132 10133
3 10136 10135 10133
3 10137 10159 10161
3 10134 10135 10136
3 10160 10137 10161
3 10138 10163 10164
3 10163 10138 10165
3 10138 10164 10166
3 10165 10138 10166
3 10139 10168 10170
3 10140 10139 10170
3 10141 10143 10169
3 10141 10169 10139
3 10139 10169 10168
3 10169 10143 10172
3 10140 10170 10144
3 10170 10174 10144
3 10141 10142 10143
3 10143 10142 10145
3 10143 10145 10172
3 10172 10145 10175
3 10144 10174 10148
3 10174 10178 10148
3 10146 10149 10151
3 10145 10151 10175
3 10145 10146 10151
3 10175 10151 10177
3 10150 10147 10151
3 10177 10151 10147
3 10177 10147 10152
3 10179 10177 10152
3 10148 10178 10153
3 10178 10181 10153
3 10151 10154 10157
3 10149 10154 10151
3 10150 10157 10156
3 10151 10157 10150
3 10152 10158 10179
3 10179 10158 10185
3 10153 10181 10182
3 10155 10153 10182
3 10157 10154 10155
3 10157 10155 10183
3 10183 10155 10182
3 10157 10159 10156
3 10157 10186 10159
3 10157 10183 10186
3 10162 10159 10186
3 10162 10186 10185
3 10162 10185 10160
3 10160 10185 10158
3 10159 10162 10161
3 10160 10161 10162
3 10163 10167 10164
3 10163 10165 10167
3 10164 10167 10166
3 10165 10166 10167
3 10168 10171 10170
3 10168 10169 10173
3 10171 10168 10173
3 10169 10172 10173
3 10171 10188 10189
3 10171 10189 10170
3 10170 10189 10174
3 10188 10176 10190
3 10188 10171 10176
3 10171 10173 10176
3 10172 10175 10176
3 10173 10172 10176
3 10174 10189 10178
3 10189 10193 10178
3 10176 10192 10190
3 10180 10195 10192
3 10177 10180 10192
3 10177 10192 10176
3 10177 10176 10175
3 10177 10179 10180
3 10178 10193 10181
3 10193 10198 10181
3 10184 10199 10196
3 10195 10184 10196
3 10195 10180 10184
3 10180 10187 10184
3 10179 10185 10187
3 10180 10179 10187
3 10181 10198 10200
3 10182 10181 10200
3 10199 10184 10183
3 10199 10183 10200
3 10200 10183 10182
3 10186 10183 10184
3 10187 10186 10184
3 10185 10186 10187
3 10188 10191 10189
3 10188 10190 10191
3 10191 10194 10193
3 10189 10191 10193
3 10190 10192 10197
3 10190 10197 10191
3 10191 10197 10194
3 10192 10195 10197
3 10194 10201 10198
3 10193 10194 10198
3 10196 10199 10201
3 10196 10201 10197
3 10197 10201 10194
3 10195 10196 10197
3 10198 10201 10200
3 10199 10200 10201
3 10202 10203 10204
3 10203 10202 10205
3 10202 10204 10206
3 10205 10202 10206
3 10203 10207 10204
3 10203 10205 10207
3 10204 10207 10206
3 10205 10206 10207
3 10208 10212 10214
3 10208 10209 10213
3 10212 10208 10213
3 10213 10209 10215
3 10210 10208 10214
3 10216 10210 10214
3 10209 10208 10211
3 10211 10208 10210
3 10218 10215 10209
3 10211 10218 10209
3 10210 10216 10217
3 10211 10210 10217
3 10219 10211 10217
3 10218 10211 10219
3 10212 10221 10223
3 10214 10212 10223
3 10213 10222 10212
3 10212 10222 10221
3 10222 10213 10215
3 10225 10222 10215
3 10214 10223 10216
3 10223 10228 10216
3 10227 10218 10220
3 10227 10225 10218
3 10225 10215 10218
3 10227 10220 10233
3 10216 10228 10229
3 10217 10216 10229
3 10219 10217 10231
3 10217 10229 10231
3 10220 10218 10219
3 10220 10219 10234
3 10234 10219 10231
3 10233 10220 10234
3 10221 10224 10223
3 10221 10222 10226
3 10224 10221 10226
3 10222 10225 10226
3 10224 10230 10228
3 10223 10224 10228
3 10226 10232 10224
3 10232 10230 10224
3 10225 10227 10235
3 10225 10235 10226
3 10226 10235 10232
3 10227 10233 10235
3 10228 10230 10229
3 10231 10229 10230
3 10232 10231 10230
3 10234 10231 10232
3 10235 10234 10232
3 10233 10234 10235
3 10236 10238 10239
3 10238 10236 10242
3 10237 10240 10246
3 10239 10243 10236
3 10240 10237 10248
3 10242 10236 10243
3 10237 10246 10249
3 10248 10237 10249
3 10241 10259 10263
3 10241 10239 10238
3 10241 10238 10259
3 10259 10238 10260
3 10260 10238 10242
3 10265 10260 10242
3 10244 10261 10267
3 10244 10245 10262
3 10261 10244 10262
3 10245 10247 10264
3 10262 10245 10264
3 10263 10264 10247
3 10241 10263 10247
3 10241 10247 10246
3 10241 10246 10240
3 10243 10241 10266
3 10243 10239 10241
3 10266 10241 10270
3 10240 10248 10241
3 10270 10241 10248
3 10265 10242 10243
3 10266 10265 10243
3 10250 10244 10267
3 10272 10250 10267
3 10245 10244 10251
3 10251 10244 10250
3 10247 10245 10252
3 10252 10245 10251
3 10246 10247 10252
3 10246 10252 10271
3 10246 10271 10249
3 10271 10252 10276
3 10270 10248 10249
3 10271 10270 10249
3 10253 10273 10279
3 10272 10273 10253
3 10272 10253 10250
3 10250 10253 10254
3 10281 10275 10251
3 10281 10251 10254
3 10254 10251 10250
3 10252 10251 10275
3 10277 10252 10275
3 10276 10252 10277
3 10253 10279 10280
3 10280 10285 10255
3 10280 10255 10253
3 10253 10255 10254
3 10282 10281 10254
3 10282 10254 10256
3 10256 10254 10255
3 10282 10256 10286
3 10257 10255 10285
3 10287 10257 10285
3 10256 10255 10258
3 10258 10255 10257
3 10290 10286 10256
3 10258 10290 10256
3 10257 10287 10289
3 10258 10257 10289
3 10291 10258 10289
3 10290 10258 10291
3 10259 10295 10297
3 10263 10259 10297
3 10260 10296 10259
3 10259 10296 10295
3 10296 10260 10265
3 10300 10296 10265
3 10261 10268 10267
3 10261 10262 10269
3 10268 10261 10269
3 10305 10269 10262
3 10305 10262 10298
3 10298 10262 10264
3 10297 10264 10263
3 10298 10264 10297
3 10266 10307 10301
3 10270 10307 10266
3 10300 10265 10266
3 10301 10300 10266
3 10274 10303 10308
3 10268 10304 10303
3 10268 10303 10272
3 10268 10272 10267
3 10272 10303 10274
3 10269 10304 10268
3 10306 10304 10269
3 10305 10306 10269
3 10271 10276 10278
3 10271 10278 10309
3 10271 10309 10270
3 10270 10309 10307
3 10273 10274 10308
3 10273 10308 10279
3 10279 10308 10311
3 10272 10274 10273
3 10275 10281 10283
3 10275 10284 10277
3 10283 10284 10275
3 10277 10284 10313
3 10276 10277 10313
3 10276 10313 10310
3 10276 10310 10278
3 10309 10278 10310
3 10279 10311 10312
3 10280 10279 10312
3 10312 10285 10280
3 10315 10285 10312
3 10281 10282 10283
3 10314 10284 10283
3 10314 10283 10286
3 10314 10286 10318
3 10282 10286 10283
3 10313 10284 10314
3 10288 10316 10321
3 10288 10315 10316
3 10288 10287 10315
3 10287 10285 10315
3 10319 10290 10292
3 10319 10318 10290
3 10318 10286 10290
3 10319 10292 10324
3 10293 10288 10321
3 10326 10293 10321
3 10287 10294 10289
3 10287 10288 10294
3 10288 10293 10294
3 10329 10289 10294
3 10329 10323 10289
3 10323 10291 10289
3 10292 10290 10291
3 10292 10291 10325
3 10325 10291 10323
3 10324 10292 10325
3 10293 10326 10327
3 10294 10293 10327
3 10330 10294 10327
3 10329 10294 10330
3 10295 10299 10297
3 10295 10296 10302
3 10299 10295 10302
3 10296 10300 10302
3 10298 10333 10337
3 10305 10298 10337
3 10299 10298 10297
3 10299 10334 10298
3 10334 10333 10298
3 10301 10307 10340
3 10301 10340 10299
3 10301 10299 10302
3 10299 10340 10334
3 10300 10301 10302
3 10303 10335 10342
3 10308 10303 10342
3 10304 10336 10303
3 10303 10336 10335
3 10306 10338 10304
3 10304 10338 10336
3 10337 10306 10305
3 10338 10306 10337
3 10307 10309 10340
3 10340 10309 10343
3 10308 10342 10311
3 10342 10346 10311
3 10310 10347 10344
3 10313 10347 10310
3 10343 10309 10310
3 10344 10343 10310
3 10317 10312 10311
3 10317 10311 10348
3 10348 10311 10346
3 10312 10317 10315
3 10314 10318 10320
3 10314 10320 10351
3 10314 10351 10313
3 10313 10351 10347
3 10316 10322 10321
3 10317 10348 10349
3 10349 10315 10317
3 10349 10352 10315
3 10316 10315 10322
3 10322 10315 10352
3 10318 10319 10320
3 10320 10319 10324
3 10320 10324 10351
3 10351 10324 10353
3 10322 10328 10326
3 10321 10322 10326
3 10355 10322 10352
3 10328 10322 10355
3 10323 10329 10331
3 10359 10323 10331
3 10359 10354 10323
3 10354 10325 10323
3 10353 10324 10325
3 10354 10353 10325
3 10328 10327 10326
3 10356 10362 10332
3 10332 10363 10356
3 10328 10355 10327
3 10327 10355 10358
3 10327 10358 10330
3 10331 10329 10330
3 10331 10330 10360
3 10360 10330 10358
3 10359 10331 10360
3 10332 10362 10364
3 10363 10332 10364
3 10333 10339 10337
3 10333 10334 10341
3 10339 10333 10341
3 10334 10340 10341
3 10335 10365 10369
3 10342 10335 10369
3 10336 10366 10335
3 10335 10366 10365
3 10338 10367 10336
3 10336 10367 10366
3 10339 10338 10337
3 10339 10368 10338
3 10368 10367 10338
3 10368 10345 10370
3 10368 10339 10345
3 10339 10341 10345
3 10340 10343 10345
3 10341 10340 10345
3 10342 10369 10346
3 10369 10371 10346
3 10344 10370 10345
3 10344 10347 10370
3 10347 10373 10370
3 10343 10344 10345
3 10372 10350 10348
3 10372 10348 10371
3 10371 10348 10346
3 10372 10374 10350
3 10347 10351 10373
3 10373 10351 10375
3 10348 10350 10349
3 10350 10352 10349
3 10350 10374 10352
3 10374 10376 10352
3 10351 10353 10375
3 10375 10353 10379
3 10357 10377 10382
3 10357 10376 10377
3 10357 10355 10376
3 10355 10352 10376
3 10361 10384 10378
3 10361 10354 10359
3 10361 10378 10354
3 10378 10380 10354
3 10379 10353 10354
3 10380 10379 10354
3 10356 10357 10382
3 10356 10382 10362
3 10362 10382 10386
3 10358 10357 10385
3 10358 10355 10357
3 10385 10357 10387
3 10356 10363 10357
3 10387 10357 10363
3 10384 10361 10360
3 10384 10360 10385
3 10385 10360 10358
3 10359 10360 10361
3 10362 10386 10388
3 10364 10362 10388
3 10387 10363 10364
3 10388 10387 10364
3 10365 10390 10394
3 10369 10365 10394
3 10366 10391 10365
3 10365 10391 10390
3 10367 10392 10366
3 10366 10392 10391
3 10368 10393 10367
3 10367 10393 10392
3 10393 10368 10370
3 10395 10393 10370
3 10369 10394 10371
3 10394 10396 10371
3 10370 10373 10395
3 10395 10373 10399
3 10371 10396 10397
3 10372 10371 10397
3 10397 10374 10372
3 10400 10374 10397
3 10373 10375 10399
3 10399 10375 10401
3 10374 10400 10376
3 10400 10404 10376
3 10381 10406 10402
3 10381 10402 10401
3 10381 10401 10379
3 10379 10401 10375
3 10383 10403 10409
3 10383 10382 10377
3 10383 10377 10403
3 10403 10377 10405
3 10404 10377 10376
3 10405 10377 10404
3 10378 10412 10407
3 10384 10412 10378
3 10406 10381 10380
3 10406 10380 10407
3 10407 10380 10378
3 10379 10380 10381
3 10383 10409 10410
3 10383 10386 10382
3 10383 10411 10386
3 10383 10410 10411
3 10389 10386 10411
3 10389 10385 10387
3 10389 10411 10385
3 10411 10413 10385
3 10412 10384 10385
3 10413 10412 10385
3 10386 10389 10388
3 10387 10388 10389
3 10390 10415 10420
3 10394 10390 10420
3 10391 10416 10390
3 10390 10416 10415
3 10392 10418 10391
3 10391 10418 10416
3 10393 10419 10392
3 10392 10419 10418
3 10419 10393 10395
3 10423 10419 10395
3 10421 10398 10396
3 10421 10396 10420
3 10420 10396 10394
3 10421 10425 10398
3 10395 10399 10423
3 10423 10399 10426
3 10396 10398 10397
3 10398 10400 10397
3 10398 10425 10400
3 10425 10427 10400
3 10399 10401 10426
3 10426 10401 10429
3 10400 10427 10404
3 10427 10432 10404
3 10408 10434 10428
3 10408 10402 10406
3 10408 10428 10402
3 10428 10430 10402
3 10429 10401 10402
3 10430 10429 10402
3 10403 10431 10437
3 10409 10403 10437
3 10405 10433 10403
3 10403 10433 10431
3 10432 10414 10404
3 10432 10435 10414
3 10404 10414 10405
3 10440 10433 10414
3 10405 10414 10433
3 10434 10414 10435
3 10408 10414 10434
3 10408 10412 10414
3 10408 10407 10412
3 10406 10407 10408
3 10409 10437 10438
3 10410 10409 10438
3 10411 10410 10441
3 10410 10438 10441
3 10440 10414 10413
3 10440 10413 10441
3 10441 10413 10411
3 10412 10413 10414
3 10417 10444 10445
3 10444 10417 10446
3 10415 10422 10420
3 10417 10445 10449
3 10417 10449 10415
3 10417 10415 10416
3 10422 10415 10449
3 10417 10448 10446
3 10417 10416 10448
3 10416 10418 10448
3 10424 10451 10448
3 10424 10448 10419
3 10419 10448 10418
3 10419 10423 10424
3 10420 10422 10421
3 10422 10425 10421
3 10422 10449 10425
3 10449 10454 10425
3 10424 10453 10451
3 10453 10424 10423
3 10453 10423 10456
3 10456 10423 10426
3 10425 10454 10427
3 10454 10458 10427
3 10426 10429 10456
3 10456 10429 10459
3 10427 10458 10432
3 10458 10461 10432
3 10428 10434 10436
3 10463 10428 10436
3 10463 10460 10428
3 10460 10430 10428
3 10459 10429 10430
3 10460 10459 10430
3 10431 10439 10437
3 10431 10433 10442
3 10439 10431 10442
3 10432 10461 10462
3 10432 10462 10435
3 10440 10442 10433
3 10434 10435 10462
3 10434 10462 10443
3 10434 10443 10436
3 10464 10443 10462
3 10466 10463 10436
3 10443 10466 10436
3 10437 10439 10438
3 10441 10438 10439
3 10442 10441 10439
3 10440 10441 10442
3 10443 10464 10467
3 10466 10443 10467
3 10444 10447 10445
3 10444 10446 10447
3 10447 10450 10449
3 10445 10447 10449
3 10446 10448 10452
3 10446 10452 10447
3 10447 10452 10450
3 10448 10451 10452
3 10450 10469 10470
3 10450 10470 10449
3 10449 10470 10454
3 10469 10455 10472
3 10469 10450 10455
3 10450 10452 10455
3 10451 10453 10457
3 10451 10457 10452
3 10452 10457 10455
3 10453 10456 10457
3 10454 10470 10458
3 10470 10476 10458
3 10455 10474 10472
3 10457 10474 10455
3 10475 10474 10457
3 10475 10457 10456
3 10475 10456 10478
3 10478 10456 10459
3 10458 10476 10461
3 10476 10481 10461
3 10460 10482 10479
3 10463 10482 10460
3 10478 10459 10460
3 10479 10478 10460
3 10465 10462 10461
3 10465 10461 10485
3 10485 10461 10481
3 10486 10462 10465
3 10486 10483 10462
3 10464 10462 10468
3 10468 10462 10483
3 10468 10483 10482
3 10468 10482 10466
3 10466 10482 10463
3 10465 10485 10487
3 10464 10468 10467
3 10465 10487 10486
3 10466 10467 10468
3 10471 10494 10495
3 10473 10470 10469
3 10497 10494 10471
3 10469 10472 10473
3 10471 10495 10498
3 10471 10498 10497
3 10473 10500 10470
3 10470 10500 10501
3 10470 10501 10476
3 10477 10502 10500
3 10474 10477 10500
3 10474 10500 10473
3 10474 10473 10472
3 10474 10475 10480
3 10477 10474 10480
3 10475 10478 10480
3 10476 10501 10481
3 10501 10504 10481
3 10484 10502 10477
3 10505 10502 10484
3 10479 10482 10484
3 10479 10484 10480
3 10480 10484 10477
3 10478 10479 10480
3 10506 10488 10485
3 10506 10485 10504
3 10504 10485 10481
3 10505 10488 10506
3 10484 10488 10505
3 10484 10486 10488
3 10484 10483 10486
3 10482 10483 10484
3 10485 10488 10487
3 10486 10487 10488
3 10489 10508 10509
3 10508 10489 10511
3 10490 10510 10512
3 10509 10510 10490
3 10509 10490 10489
3 10489 10490 10491
3 10514 10511 10489
3 10491 10514 10489
3 10492 10490 10512
3 10515 10492 10512
3 10491 10490 10493
3 10493 10490 10492
3 10518 10514 10491
3 10493 10518 10491
3 10492 10515 10516
3 10516 10519 10496
3 10516 10496 10492
3 10492 10496 10493
3 10520 10518 10493
3 10520 10493 10496
3 10495 10494 10499
3 10494 10497 10499
3 10496 10519 10521
3 10495 10499 10498
3 10496 10521 10520
3 10497 10498 10499
3 10500 10503 10501
3 10500 10502 10503
3 10503 10507 10504
3 10501 10503 10504
3 10502 10505 10507
3 10503 10502 10507
3 10504 10507 10506
3 10505 10506 10507
3 10508 10523 10524
3 10509 10508 10524
3 10523 10508 10511
3 10525 10523 10511
3 10510 10513 10512
3 10510 10527 10513
3 10510 10509 10527
3 10509 10524 10527
3 10511 10514 10525
3 10525 10514 10528
3 10513 10517 10515
3 10512 10513 10515
3 10530 10513 10527
3 10517 10513 10530
3 10514 10518 10528
3 10528 10518 10531
3 10515 10517 10516
3 10519 10532 10522
3 10516 10532 10519
3 10516 10530 10532
3 10516 10517 10530
3 10522 10532 10531
3 10522 10531 10520
3 10520 10531 10518
3 10519 10522 10521
3 10520 10521 10522
3 10523 10526 10524
3 10523 10525 10526
3 10526 10529 10527
3 10524 10526 10527
3 10525 10528 10529
3 10526 10525 10529
3 10529 10533 10530
3 10527 10529 10530
3 10528 10531 10533
3 10529 10528 10533
3 10530 10533 10532
3 10531 10532 10533
3 10534 10538 10542
3 10534 10535 10540
3 10538 10534 10540
3 10540 10535 10543
3 10536 10534 10542
3 10544 10536 10542
3 10535 10534 10537
3 10537 10534 10536
3 10546 10543 10535
3 10537 10546 10535
3 10536 10544 10545
3 10537 10536 10545
3 10547 10537 10545
3 10546 10537 10547
3 10539 10548 10550
3 10539 10541 10549
3 10548 10539 10549
3 10549 10541 10551
3 10538 10539 10550
3 10538 10550 10542
3 10542 10550 10552
3 10540 10539 10538
3 10541 10539 10540
3 10541 10540 10543
3 10541 10543 10551
3 10551 10543 10554
3 10542 10552 10544
3 10552 10556 10544
3 10543 10546 10554
3 10554 10546 10559
3 10544 10556 10557
3 10545 10544 10557
3 10547 10545 10560
3 10545 10557 10560
3 10559 10546 10547
3 10560 10559 10547
3 10548 10562 10564
3 10550 10548 10564
3 10549 10563 10548
3 10548 10563 10562
3 10563 10549 10551
3 10567 10563 10551
3 10565 10553 10552
3 10565 10552 10564
3 10564 10552 10550
3 10553 10568 10555
3 10565 10568 10553
3 10555 10568 10567
3 10555 10567 10554
3 10554 10567 10551
3 10553 10558 10556
3 10552 10553 10556
3 10555 10561 10553
3 10561 10558 10553
3 10554 10559 10561
3 10555 10554 10561
3 10556 10558 10557
3 10560 10557 10558
3 10561 10560 10558
3 10559 10560 10561
3 10562 10566 10564
3 10562 10563 10569
3 10566 10562 10569
3 10563 10567 10569
3 10564 10566 10565
3 10568 10565 10566
3 10569 10568 10566
3 10567 10568 10569
3 10570 10572 10573
3 10572 10570 10574
3 10571 10570 10573
3 10576 10571 10573
3 10577 10574 10570
3 10571 10577 10570
3 10571 10576 10578
3 10577 10571 10578
3 10572 10575 10573
3 10572 10574 10575
3 10575 10579 10576
3 10573 10575 10576
3 10574 10577 10579
3 10575 10574 10579
3 10576 10579 10578
3 10577 10578 10579
3 10580 10581 10582
3 10581 10580 10583
3 10580 10582 10584
3 10583 10580 10584
3 10581 10585 10582
3 10581 10583 10585
3 10582 10585 10584
3 10583 10584 10585
3 10586 10589 10590
3 10589 10586 10591
3 10587 10586 10590
3 10593 10587 10590
3 10592 10591 10586
3 10592 10586 10588
3 10588 10586 10587
3 10592 10588 10595
3 10587 10593 10594
3 10588 10587 10594
3 10596 10588 10594
3 10595 10588 10596
3 10589 10598 10599
3 10590 10589 10599
3 10598 10589 10591
3 10600 10598 10591
3 10590 10599 10593
3 10599 10602 10593
3 10597 10591 10592
3 10597 10603 10591
3 10603 10600 10591
3 10592 10595 10597
3 10593 10602 10604
3 10594 10593 10604
3 10603 10597 10596
3 10603 10596 10604
3 10604 10596 10594
3 10595 10596 10597
3 10598 10601 10599
3 10598 10600 10601
3 10601 10605 10602
3 10599 10601 10602
3 10600 10603 10605
3 10601 10600 10605
3 10602 10605 10604
3 10603 10604 10605
3 10606 10608 10611
3 10608 10606 10612
3 10606 10611 10613
3 10614 10615 10607
3 10612 10606 10613
3 10614 10607 10617
3 10607 10615 10618
3 10617 10607 10618
3 10609 10620 10622
3 10609 10610 10621
3 10620 10609 10621
3 10621 10610 10624
3 10608 10609 10622
3 10608 10622 10611
3 10611 10622 10627
3 10625 10610 10609
3 10625 10609 10612
3 10625 10612 10628
3 10608 10612 10609
3 10624 10610 10625
3 10616 10613 10611
3 10616 10611 10631
3 10631 10611 10627
3 10612 10616 10628
3 10612 10613 10616
3 10628 10616 10629
3 10615 10614 10616
3 10629 10616 10614
3 10629 10614 10617
3 10633 10629 10617
3 10619 10616 10631
3 10635 10619 10631
3 10615 10616 10619
3 10615 10619 10634
3 10615 10634 10618
3 10634 10619 10636
3 10633 10617 10618
3 10634 10633 10618
3 10619 10635 10637
3 10636 10619 10637
3 10620 10623 10622
3 10620 10621 10626
3 10623 10620 10626
3 10621 10624 10626
3 10623 10641 10643
3 10623 10643 10622
3 10622 10643 10627
3 10626 10628 10623
3 10626 10625 10628
3 10623 10628 10641
3 10630 10642 10628
3 10641 10628 10642
3 10625 10626 10624
3 10630 10646 10642
3 10644 10632 10631
3 10644 10631 10643
3 10643 10631 10627
3 10628 10629 10630
3 10632 10644 10648
3 10630 10629 10633
3 10630 10633 10646
3 10646 10633 10649
3 10632 10638 10635
3 10631 10632 10635
3 10652 10634 10648
3 10652 10639 10634
3 10648 10634 10632
3 10636 10638 10634
3 10632 10634 10638
3 10651 10649 10633
3 10651 10633 10639
3 10651 10639 10640
3 10639 10633 10634
3 10651 10640 10655
3 10635 10638 10637
3 10639 10652 10653
3 10636 10637 10638
3 10640 10639 10653
3 10656 10640 10653
3 10655 10640 10656
3 10641 10645 10643
3 10641 10642 10647
3 10645 10641 10647
3 10642 10646 10647
3 10643 10645 10644
3 10648 10644 10645
3 10648 10645 10650
3 10650 10645 10647
3 10646 10649 10650
3 10647 10646 10650
3 10650 10654 10652
3 10648 10650 10652
3 10649 10651 10657
3 10649 10657 10650
3 10650 10657 10654
3 10651 10655 10657
3 10652 10654 10653
3 10656 10653 10654
3 10657 10656 10654
3 10655 10656 10657
3 10658 10659 10660
3 10659 10658 10661
3 10658 10660 10662
3 10661 10658 10662
3 10659 10663 10660
3 10659 10661 10663
3 10660 10663 10662
3 10661 10662 10663
3 10664 10666 10668
3 10664 10665 10667
3 10666 10664 10667
3 10667 10665 10670
3 10664 10668 10669
3 10665 10664 10669
3 10671 10665 10669
3 10670 10665 10671
3 10666 10673 10676
3 10668 10666 10676
3 10667 10674 10666
3 10666 10674 10673
3 10674 10667 10670
3 10678 10674 10670
3 10672 10669 10668
3 10672 10668 10681
3 10681 10668 10676
3 10682 10669 10672
3 10682 10679 10669
3 10679 10671 10669
3 10678 10670 10671
3 10679 10678 10671
3 10672 10681 10683
3 10682 10672 10683
3 10675 10688 10690
3 10688 10675 10691
3 10673 10677 10676
3 10680 10677 10673
3 10680 10673 10674
3 10675 10690 10692
3 10675 10692 10691
3 10674 10678 10680
3 10677 10684 10681
3 10676 10677 10681
3 10679 10682 10684
3 10679 10684 10680
3 10680 10684 10677
3 10678 10679 10680
3 10681 10684 10683
3 10682 10683 10684
3 10685 10694 10696
3 10685 10686 10695
3 10694 10685 10695
3 10695 10686 10698
3 10687 10685 10696
3 10699 10687 10696
3 10686 10685 10689
3 10689 10685 10687
3 10702 10698 10686
3 10689 10702 10686
3 10687 10699 10700
3 10689 10687 10700
3 10689 10700 10703
3 10693 10690 10688
3 10689 10703 10702
3 10688 10691 10693
3 10690 10693 10692
3 10691 10692 10693
3 10694 10697 10696
3 10706 10697 10694
3 10706 10694 10705
3 10705 10694 10695
3 10705 10695 10698
3 10707 10705 10698
3 10697 10701 10699
3 10696 10697 10699
3 10710 10697 10706
3 10701 10697 10710
3 10709 10702 10704
3 10709 10707 10702
3 10707 10698 10702
3 10709 10704 10713
3 10699 10701 10700
3 10701 10710 10711
3 10701 10711 10700
3 10700 10711 10703
3 10704 10702 10703
3 10704 10703 10714
3 10714 10703 10711
3 10713 10704 10714
3 10705 10708 10706
3 10705 10707 10708
3 10708 10712 10710
3 10706 10708 10710
3 10707 10709 10715
3 10707 10715 10708
3 10708 10715 10712
3 10709 10713 10715
3 10710 10712 10711
3 10714 10711 10712
3 10715 10714 10712
3 10713 10714 10715
3 10716 10717 10718
3 10717 10716 10719
3 10716 10718 10720
3 10719 10716 10720
3 10717 10721 10718
3 10717 10719 10721
3 10718 10721 10720
3 10719 10720 10721
3 10722 10723 10724
3 10723 10722 10725
3 10722 10724 10726
3 10725 10722 10726
3 10723 10727 10724
3 10723 10725 10727
3 10724 10727 10726
3 10725 10726 10727
3 10728 10730 10732
3 10728 10729 10731
3 10730 10728 10731
3 10731 10729 10734
3 10728 10732 10733
3 10729 10728 10733
3 10735 10729 10733
3 10734 10729 10735
3 10730 10737 10740
3 10732 10730 10740
3 10731 10738 10730
3 10730 10738 10737
3 10734 10736 10739
3 10734 10739 10731
3 10731 10739 10738
3 10739 10736 10743
3 10732 10740 10741
3 10733 10732 10741
3 10735 10733 10742
3 10733 10741 10742
3 10736 10734 10735
3 10736 10735 10744
3 10744 10735 10742
3 10743 10736 10744
3 10737 10747 10751
3 10740 10737 10751
3 10738 10748 10737
3 10737 10748 10747
3 10739 10749 10738
3 10738 10749 10748
3 10743 10745 10750
3 10743 10750 10739
3 10739 10750 10749
3 10750 10745 10755
3 10740 10751 10752
3 10741 10740 10752
3 10742 10741 10753
3 10741 10752 10753
3 10744 10742 10754
3 10742 10753 10754
3 10745 10743 10744
3 10745 10744 10756
3 10756 10744 10754
3 10757 10758 10746
3 10755 10745 10756
3 10757 10746 10759
3 10746 10758 10760
3 10759 10746 10760
3 10747 10761 10765
3 10751 10747 10765
3 10748 10762 10747
3 10747 10762 10761
3 10749 10763 10748
3 10748 10763 10762
3 10750 10764 10749
3 10749 10764 10763
3 10764 10750 10755
3 10770 10764 10755
3 10751 10765 10766
3 10752 10751 10766
3 10753 10752 10767
3 10752 10766 10767
3 10754 10753 10768
3 10753 10767 10768
3 10756 10754 10771
3 10754 10768 10771
3 10757 10773 10758
3 10773 10776 10758
3 10756 10770 10755
3 10756 10771 10770
3 10773 10757 10759
3 10778 10773 10759
3 10758 10776 10779
3 10760 10758 10779
3 10778 10759 10760
3 10779 10778 10760
3 10761 10781 10783
3 10765 10761 10783
3 10762 10782 10761
3 10761 10782 10781
3 10769 10785 10782
3 10769 10782 10763
3 10763 10782 10762
3 10763 10764 10772
3 10769 10763 10772
3 10764 10770 10772
3 10774 10766 10765
3 10774 10765 10790
3 10790 10765 10783
3 10791 10766 10774
3 10791 10786 10766
3 10786 10767 10766
3 10775 10788 10793
3 10768 10786 10769
3 10768 10767 10786
3 10786 10785 10769
3 10777 10789 10788
3 10777 10788 10775
3 10772 10771 10769
3 10769 10771 10768
3 10773 10780 10776
3 10771 10772 10770
3 10796 10789 10777
3 10773 10778 10780
3 10774 10790 10792
3 10791 10774 10792
3 10775 10793 10795
3 10777 10775 10795
3 10797 10777 10795
3 10776 10780 10779
3 10777 10797 10796
3 10778 10779 10780
3 10781 10784 10783
3 10781 10782 10787
3 10784 10781 10787
3 10782 10785 10787
3 10784 10800 10803
3 10784 10803 10783
3 10783 10803 10790
3 10787 10791 10784
3 10787 10786 10791
3 10784 10791 10800
3 10794 10801 10791
3 10800 10791 10801
3 10785 10786 10787
3 10788 10801 10793
3 10788 10802 10801
3 10801 10794 10793
3 10798 10808 10802
3 10798 10802 10789
3 10789 10802 10788
3 10789 10796 10798
3 10790 10803 10804
3 10792 10790 10804
3 10794 10791 10792
3 10794 10792 10806
3 10806 10792 10804
3 10793 10794 10806
3 10793 10806 10795
3 10795 10806 10809
3 10808 10798 10797
3 10808 10797 10809
3 10809 10797 10795
3 10796 10797 10798
3 10811 10812 10799
3 10811 10799 10813
3 10799 10812 10814
3 10813 10799 10814
3 10800 10805 10803
3 10800 10801 10807
3 10805 10800 10807
3 10801 10802 10810
3 10807 10801 10810
3 10802 10808 10810
3 10803 10805 10804
3 10806 10804 10805
3 10807 10806 10805
3 10809 10806 10807
3 10810 10809 10807
3 10808 10809 10810
3 10811 10815 10812
3 10811 10813 10815
3 10812 10815 10814
3 10813 10814 10815
3 10816 10834 10837
3 10816 10817 10835
3 10834 10816 10835
3 10817 10818 10836
3 10835 10817 10836
3 10836 10818 10839
3 10819 10838 10841
3 10837 10838 10819
3 10837 10819 10816
3 10816 10819 10820
3 10817 10816 10821
3 10821 10816 10820
3 10818 10817 10822
3 10822 10817 10821
3 10840 10839 10818
3 10840 10818 10823
3 10823 10818 10822
3 10840 10823 10842
3 10824 10819 10841
3 10844 10824 10841
3 10820 10819 10825
3 10825 10819 10824
3 10821 10820 10826
3 10826 10820 10825
3 10822 10821 10827
3 10827 10821 10826
3 10823 10822 10828
3 10828 10822 10827
3 10847 10842 10823
3 10828 10847 10823
3 10824 10844 10845
3 10845 10849 10829
3 10845 10829 10824
3 10824 10829 10825
3 10826 10825 10830
3 10830 10825 10829
3 10827 10826 10831
3 10831 10826 10830
3 10828 10827 10832
3 10832 10827 10831
3 10852 10847 10828
3 10832 10852 10828
3 10829 10849 10850
3 10830 10829 10850
3 10851 10830 10850
3 10851 10856 10833
3 10851 10833 10830
3 10830 10833 10831
3 10858 10853 10832
3 10858 10832 10833
3 10833 10832 10831
3 10852 10832 10853
3 10833 10856 10859
3 10858 10833 10859
3 10834 10866 10869
3 10837 10834 10869
3 10835 10867 10834
3 10834 10867 10866
3 10836 10868 10835
3 10835 10868 10867
3 10868 10836 10839
3 10873 10868 10839
3 10838 10870 10877
3 10841 10838 10877
3 10869 10838 10837
3 10870 10838 10869
3 10839 10875 10873
3 10840 10875 10839
3 10842 10843 10876
3 10842 10876 10840
3 10840 10876 10875
3 10876 10843 10880
3 10878 10846 10844
3 10878 10844 10877
3 10877 10844 10841
3 10878 10882 10846
3 10843 10847 10848
3 10842 10847 10843
3 10883 10880 10843
3 10848 10883 10843
3 10844 10846 10845
3 10846 10849 10845
3 10846 10882 10849
3 10882 10885 10849
3 10848 10852 10854
3 10847 10852 10848
3 10884 10883 10848
3 10884 10848 10855
3 10855 10848 10854
3 10884 10855 10888
3 10849 10885 10886
3 10850 10849 10886
3 10857 10886 10889
3 10857 10851 10886
3 10851 10850 10886
3 10851 10857 10856
3 10853 10858 10860
3 10853 10854 10852
3 10853 10860 10854
3 10860 10861 10854
3 10855 10854 10862
3 10862 10854 10861
3 10891 10888 10855
3 10862 10891 10855
3 10857 10889 10890
3 10863 10890 10893
3 10859 10890 10863
3 10859 10857 10890
3 10859 10856 10857
3 10859 10860 10858
3 10859 10863 10860
3 10863 10864 10860
3 10861 10860 10865
3 10865 10860 10864
3 10896 10892 10862
3 10896 10862 10865
3 10865 10862 10861
3 10891 10862 10892
3 10863 10893 10894
3 10864 10863 10894
3 10895 10864 10894
3 10865 10864 10895
3 10897 10865 10895
3 10896 10865 10897
3 10866 10871 10869
3 10866 10867 10872
3 10871 10866 10872
3 10867 10868 10874
3 10872 10867 10874
3 10868 10873 10874
3 10870 10879 10877
3 10870 10905 10879
3 10869 10905 10870
3 10869 10901 10905
3 10869 10871 10901
3 10872 10901 10871
3 10902 10901 10872
3 10874 10902 10872
3 10903 10902 10874
3 10873 10903 10874
3 10873 10875 10903
3 10875 10904 10903
3 10881 10909 10904
3 10881 10904 10876
3 10876 10904 10875
3 10876 10880 10881
3 10877 10879 10878
3 10879 10882 10878
3 10879 10905 10882
3 10905 10912 10882
3 10881 10911 10909
3 10911 10881 10880
3 10911 10880 10917
3 10917 10880 10883
3 10913 10887 10885
3 10913 10885 10912
3 10912 10885 10882
3 10913 10919 10887
3 10883 10918 10917
3 10884 10918 10883
3 10918 10884 10888
3 10922 10918 10888
3 10885 10887 10886
3 10887 10889 10886
3 10887 10919 10889
3 10919 10923 10889
3 10888 10891 10922
3 10922 10891 10927
3 10889 10923 10924
3 10890 10889 10924
3 10924 10893 10890
3 10928 10893 10924
3 10892 10896 10898
3 10892 10898 10931
3 10892 10931 10891
3 10891 10931 10927
3 10893 10928 10929
3 10894 10893 10929
3 10895 10894 10930
3 10894 10929 10930
3 10899 10930 10932
3 10899 10897 10930
3 10897 10895 10930
3 10897 10898 10896
3 10897 10899 10898
3 10899 10900 10898
3 10935 10931 10898
3 10900 10935 10898
3 10899 10932 10934
3 10900 10899 10934
3 10936 10900 10934
3 10935 10900 10936
3 10901 10906 10905
3 10901 10902 10907
3 10906 10901 10907
3 10902 10903 10908
3 10907 10902 10908
3 10903 10904 10910
3 10908 10903 10910
3 10904 10909 10910
3 10906 10914 10912
3 10905 10906 10912
3 10907 10915 10906
3 10915 10914 10906
3 10908 10916 10907
3 10916 10915 10907
3 10939 10910 10937
3 10939 10916 10910
3 10916 10908 10910
3 10909 10937 10910
3 10909 10911 10937
3 10911 10938 10937
3 10938 10911 10917
3 10941 10938 10917
3 10912 10914 10913
3 10919 10913 10914
3 10919 10914 10920
3 10920 10914 10915
3 10916 10921 10915
3 10921 10920 10915
3 10944 10916 10939
3 10921 10916 10944
3 10917 10943 10941
3 10918 10943 10917
3 10943 10918 10922
3 10947 10943 10922
3 10920 10925 10923
3 10919 10920 10923
3 10921 10926 10920
3 10926 10925 10920
3 10949 10921 10944
3 10926 10921 10949
3 10922 10927 10947
3 10947 10927 10952
3 10923 10925 10924
3 10950 10925 10926
3 10950 10928 10925
3 10950 10953 10928
3 10924 10925 10928
3 10949 10950 10926
3 10927 10931 10952
3 10952 10931 10956
3 10928 10953 10954
3 10929 10928 10954
3 10933 10954 10957
3 10933 10930 10954
3 10930 10929 10954
3 10930 10933 10932
3 10931 10935 10956
3 10956 10935 10961
3 10933 10957 10958
3 10932 10933 10958
3 10932 10958 10934
3 10934 10958 10960
3 10936 10934 10962
3 10934 10960 10962
3 10961 10935 10936
3 10962 10961 10936
3 10937 10940 10939
3 10937 10938 10942
3 10940 10937 10942
3 10938 10941 10942
3 10940 10945 10944
3 10939 10940 10944
3 10942 10946 10940
3 10946 10945 10940
3 10941 10943 10948
3 10941 10948 10942
3 10942 10948 10946
3 10943 10947 10948
3 10945 10951 10949
3 10944 10945 10949
3 10968 10946 10966
3 10968 10951 10946
3 10951 10945 10946
3 10948 10966 10946
3 10967 10966 10948
3 10967 10948 10947
3 10967 10947 10971
3 10971 10947 10952
3 10950 10955 10953
3 10950 10973 10955
3 10949 10973 10950
3 10949 10969 10973
3 10949 10951 10969
3 10968 10969 10951
3 10952 10956 10971
3 10971 10956 10976
3 10953 10955 10954
3 10957 10974 10959
3 10954 10974 10957
3 10954 10973 10974
3 10954 10955 10973
3 10974 10977 10959
3 10956 10961 10976
3 10976 10961 10979
3 10957 10959 10958
3 10959 10977 10978
3 10959 10978 10958
3 10958 10978 10960
3 10963 10978 10981
3 10963 10962 10978
3 10962 10960 10978
3 10980 10979 10961
3 10980 10961 10963
3 10980 10963 10964
3 10963 10961 10962
3 10980 10964 10983
3 10965 10963 10981
3 10985 10965 10981
3 10986 10984 10964
3 10986 10964 10965
3 10965 10964 10963
3 10983 10964 10984
3 10965 10985 10987
3 10986 10965 10987
3 10966 10970 10968
3 10966 10967 10972
3 10970 10966 10972
3 10967 10971 10972
3 10969 10975 10973
3 10969 10991 10975
3 10968 10991 10969
3 10968 10989 10991
3 10968 10970 10989
3 10972 10989 10970
3 10990 10989 10972
3 10990 10972 10971
3 10990 10971 10993
3 10993 10971 10976
3 10973 10975 10974
3 10975 10977 10974
3 10975 10991 10977
3 10991 10995 10977
3 10976 10979 10993
3 10993 10979 10998
3 10977 10995 10996
3 10978 10977 10996
3 10981 10999 10982
3 10981 10978 10999
3 10978 10996 10999
3 11000 10982 10980
3 11000 11001 10982
3 10980 10982 10979
3 10999 10998 10982
3 10979 10982 10998
3 11000 10980 10983
3 11003 11000 10983
3 10982 11002 11004
3 10982 11004 10981
3 10981 11004 10985
3 10984 10986 10988
3 10982 11001 11002
3 10984 10988 11007
3 10984 11007 10983
3 10983 11007 11003
3 10985 11004 11005
3 10987 10985 11005
3 10988 10986 10987
3 10988 10987 11008
3 11008 10987 11005
3 11007 10988 11008
3 10989 10992 10991
3 10989 10990 10994
3 10992 10989 10994
3 10990 10993 10994
3 10992 10997 10995
3 10991 10992 10995
3 11010 10994 11009
3 11010 10997 10994
3 10997 10992 10994
3 11009 10994 10993
3 11009 10993 11011
3 11011 10993 10998
3 10995 10997 10996
3 10997 11010 11012
3 10997 11012 10996
3 10996 11012 10999
3 11000 11014 11001
3 11014 11015 11001
3 10999 11011 10998
3 10999 11012 11011
3 11014 11000 11003
3 11016 11014 11003
3 11002 11006 11004
3 11002 11018 11006
3 11002 11001 11018
3 11001 11015 11018
3 11003 11007 11016
3 11016 11007 11019
3 11004 11006 11005
3 11006 11018 11020
3 11006 11020 11005
3 11005 11020 11008
3 11019 11007 11008
3 11020 11019 11008
3 11009 11013 11010
3 11009 11011 11013
3 11010 11013 11012
3 11011 11012 11013
3 11014 11017 11015
3 11014 11016 11017
3 11017 11021 11022
3 11017 11022 11015
3 11015 11022 11018
3 11021 11017 11016
3 11021 11016 11023
3 11023 11016 11019
3 11018 11022 11024
3 11020 11018 11024
3 11023 11019 11020
3 11024 11023 11020
3 11021 11025 11022
3 11021 11023 11025
3 11022 11025 11024
3 11023 11024 11025
3 11026 11030 11031
3 11030 11026 11032
3 11027 11026 11031
3 11034 11027 11031
3 11035 11032 11026
3 11027 11035 11026
3 11027 11034 11036
3 11037 11039 11028
3 11035 11027 11036
3 11037 11028 11040
3 11028 11039 11041
3 11040 11028 11041
3 11029 11044 11046
3 11044 11029 11048
3 11029 11046 11049
3 11048 11029 11049
3 11030 11033 11031
3 11030 11032 11033
3 11033 11055 11057
3 11033 11057 11031
3 11031 11057 11034
3 11033 11032 11035
3 11033 11035 11056
3 11033 11056 11055
3 11038 11056 11035
3 11056 11038 11059
3 11034 11057 11058
3 11036 11034 11058
3 11039 11038 11060
3 11039 11037 11038
3 11060 11038 11058
3 11035 11036 11038
3 11058 11038 11036
3 11038 11037 11040
3 11038 11040 11059
3 11059 11040 11062
3 11042 11041 11039
3 11042 11039 11065
3 11065 11039 11060
3 11063 11062 11040
3 11063 11040 11042
3 11063 11042 11043
3 11042 11040 11041
3 11063 11043 11066
3 11045 11042 11065
3 11069 11045 11065
3 11043 11042 11047
3 11047 11042 11045
3 11046 11044 11067
3 11046 11067 11043
3 11046 11043 11047
3 11066 11043 11067
3 11048 11050 11068
3 11048 11068 11044
3 11044 11068 11067
3 11068 11050 11073
3 11051 11070 11076
3 11069 11070 11051
3 11069 11051 11045
3 11045 11051 11052
3 11047 11045 11053
3 11053 11045 11052
3 11046 11047 11053
3 11046 11053 11072
3 11046 11072 11049
3 11072 11053 11079
3 11050 11048 11049
3 11050 11049 11074
3 11074 11049 11072
3 11073 11050 11074
3 11051 11076 11077
3 11052 11051 11077
3 11078 11052 11077
3 11053 11052 11078
3 11080 11053 11078
3 11079 11053 11080
3 11054 11084 11088
3 11084 11054 11090
3 11054 11088 11091
3 11090 11054 11091
3 11055 11092 11094
3 11057 11055 11094
3 11056 11093 11055
3 11055 11093 11092
3 11093 11056 11059
3 11095 11093 11059
3 11061 11058 11057
3 11061 11057 11097
3 11097 11057 11094
3 11058 11061 11060
3 11096 11062 11064
3 11096 11095 11062
3 11095 11059 11062
3 11096 11064 11099
3 11061 11097 11098
3 11098 11060 11061
3 11098 11100 11060
3 11100 11065 11060
3 11062 11063 11064
3 11064 11063 11066
3 11064 11066 11099
3 11099 11066 11103
3 11071 11101 11105
3 11071 11100 11101
3 11071 11069 11100
3 11069 11065 11100
3 11066 11104 11103
3 11067 11104 11066
3 11075 11106 11104
3 11075 11104 11068
3 11068 11104 11067
3 11068 11073 11075
3 11070 11071 11105
3 11070 11105 11076
3 11076 11105 11109
3 11069 11071 11070
3 11072 11079 11081
3 11082 11106 11081
3 11082 11107 11106
3 11081 11106 11072
3 11075 11074 11106
3 11072 11106 11074
3 11074 11075 11073
3 11082 11110 11107
3 11083 11077 11076
3 11083 11076 11112
3 11112 11076 11109
3 11077 11085 11078
3 11083 11085 11077
3 11078 11086 11080
3 11085 11086 11078
3 11080 11081 11079
3 11080 11086 11081
3 11086 11087 11081
3 11115 11111 11082
3 11115 11082 11087
3 11087 11082 11081
3 11110 11082 11111
3 11089 11083 11112
3 11119 11089 11112
3 11084 11089 11088
3 11084 11085 11089
3 11085 11083 11089
3 11114 11086 11085
3 11114 11085 11090
3 11114 11090 11121
3 11084 11090 11085
3 11087 11086 11114
3 11116 11087 11114
3 11115 11087 11116
3 11089 11119 11120
3 11088 11089 11120
3 11088 11120 11091
3 11091 11120 11122
3 11121 11090 11091
3 11122 11121 11091
3 11092 11124 11126
3 11094 11092 11126
3 11093 11125 11092
3 11092 11125 11124
3 11125 11093 11095
3 11127 11125 11095
3 11094 11126 11097
3 11126 11130 11097
3 11095 11129 11127
3 11096 11129 11095
3 11129 11096 11099
3 11131 11129 11099
3 11102 11098 11097
3 11102 11097 11133
3 11133 11097 11130
3 11098 11102 11100
3 11099 11103 11131
3 11131 11103 11134
3 11101 11102 11133
3 11101 11133 11105
3 11105 11133 11137
3 11100 11102 11101
3 11103 11135 11134
3 11104 11135 11103
3 11106 11108 11136
3 11106 11136 11104
3 11104 11136 11135
3 11136 11108 11138
3 11105 11137 11109
3 11137 11139 11109
3 11106 11107 11108
3 11108 11107 11110
3 11108 11110 11138
3 11138 11110 11141
3 11140 11113 11112
3 11140 11112 11139
3 11139 11112 11109
3 11140 11145 11113
3 11111 11115 11117
3 11142 11141 11110
3 11142 11110 11117
3 11142 11117 11118
3 11117 11110 11111
3 11142 11118 11151
3 11113 11146 11152
3 11113 11152 11112
3 11112 11152 11119
3 11145 11146 11113
3 11114 11155 11148
3 11121 11155 11114
3 11116 11114 11149
3 11114 11148 11149
3 11117 11115 11116
3 11117 11116 11150
3 11150 11116 11149
3 11150 11159 11123
3 11150 11123 11117
3 11117 11123 11118
3 11161 11151 11118
3 11123 11161 11118
3 11119 11152 11153
3 11120 11119 11153
3 11122 11120 11156
3 11120 11153 11156
3 11155 11121 11122
3 11156 11155 11122
3 11123 11159 11162
3 11161 11123 11162
3 11124 11164 11165
3 11126 11124 11165
3 11128 11166 11164
3 11128 11164 11125
3 11125 11164 11124
3 11125 11127 11128
3 11126 11165 11130
3 11165 11169 11130
3 11128 11168 11166
3 11132 11170 11168
3 11129 11132 11168
3 11129 11168 11128
3 11129 11128 11127
3 11129 11131 11132
3 11130 11169 11133
3 11169 11172 11133
3 11132 11171 11170
3 11171 11132 11131
3 11171 11131 11173
3 11173 11131 11134
3 11133 11172 11137
3 11172 11176 11137
3 11134 11174 11173
3 11135 11174 11134
3 11136 11175 11135
3 11135 11175 11174
3 11175 11136 11138
3 11177 11175 11138
3 11137 11176 11139
3 11176 11181 11139
3 11178 11141 11143
3 11178 11177 11141
3 11177 11138 11141
3 11143 11144 11180
3 11178 11143 11180
3 11180 11144 11184
3 11139 11181 11182
3 11140 11139 11182
3 11145 11183 11147
3 11145 11140 11183
3 11140 11182 11183
3 11183 11187 11147
3 11141 11142 11143
3 11185 11144 11143
3 11185 11143 11151
3 11185 11151 11190
3 11142 11151 11143
3 11184 11144 11185
3 11146 11154 11152
3 11146 11192 11154
3 11145 11192 11146
3 11145 11188 11192
3 11145 11147 11188
3 11148 11155 11157
3 11147 11187 11188
3 11148 11158 11149
3 11157 11158 11148
3 11149 11160 11150
3 11158 11160 11149
3 11150 11160 11159
3 11151 11161 11190
3 11190 11161 11197
3 11152 11154 11153
3 11154 11192 11193
3 11154 11193 11153
3 11153 11193 11156
3 11157 11155 11156
3 11157 11156 11194
3 11194 11156 11193
3 11158 11157 11194
3 11195 11158 11194
3 11160 11158 11195
3 11196 11160 11195
3 11163 11196 11203
3 11162 11196 11163
3 11162 11160 11196
3 11162 11159 11160
3 11162 11163 11205
3 11162 11205 11161
3 11161 11205 11197
3 11163 11203 11206
3 11205 11163 11206
3 11164 11167 11165
3 11164 11166 11167
3 11167 11210 11212
3 11167 11212 11165
3 11165 11212 11169
3 11166 11210 11167
3 11166 11168 11210
3 11168 11211 11210
3 11211 11168 11170
3 11213 11211 11170
3 11169 11212 11172
3 11212 11216 11172
3 11170 11215 11213
3 11171 11215 11170
3 11215 11171 11173
3 11217 11215 11173
3 11172 11216 11176
3 11216 11222 11176
3 11173 11219 11217
3 11174 11219 11173
3 11175 11220 11174
3 11174 11220 11219
3 11177 11179 11221
3 11177 11221 11175
3 11175 11221 11220
3 11221 11179 11225
3 11176 11222 11181
3 11222 11228 11181
3 11177 11178 11179
3 11179 11227 11225
3 11179 11178 11227
3 11178 11180 11227
3 11227 11180 11184
3 11229 11227 11184
3 11186 11182 11181
3 11186 11181 11230
3 11230 11181 11228
3 11182 11189 11183
3 11186 11189 11182
3 11183 11189 11187
3 11185 11190 11191
3 11185 11191 11232
3 11185 11232 11184
3 11184 11232 11229
3 11186 11230 11231
3 11188 11234 11192
3 11188 11186 11234
3 11188 11189 11186
3 11186 11231 11234
3 11187 11189 11188
3 11191 11197 11198
3 11190 11197 11191
3 11233 11232 11191
3 11233 11191 11199
3 11199 11191 11198
3 11233 11199 11235
3 11200 11193 11192
3 11200 11192 11238
3 11238 11192 11234
3 11193 11201 11194
3 11200 11201 11193
3 11194 11202 11195
3 11201 11202 11194
3 11195 11204 11196
3 11202 11204 11195
3 11196 11204 11203
3 11198 11205 11207
3 11197 11205 11198
3 11242 11236 11199
3 11242 11199 11207
3 11207 11199 11198
3 11235 11199 11236
3 11200 11238 11239
3 11201 11200 11239
3 11240 11201 11239
3 11202 11201 11240
3 11241 11202 11240
3 11241 11247 11208
3 11241 11208 11202
3 11202 11208 11204
3 11203 11209 11206
3 11203 11204 11209
3 11204 11208 11209
3 11206 11209 11249
3 11205 11206 11249
3 11205 11249 11243
3 11205 11243 11207
3 11242 11207 11243
3 11208 11247 11248
3 11209 11208 11248
3 11250 11209 11248
3 11249 11209 11250
3 11210 11255 11256
3 11212 11210 11256
3 11214 11257 11255
3 11214 11255 11211
3 11211 11255 11210
3 11211 11213 11214
3 11212 11256 11216
3 11256 11260 11216
3 11214 11259 11257
3 11218 11261 11259
3 11215 11218 11259
3 11215 11259 11214
3 11215 11214 11213
3 11215 11217 11218
3 11216 11260 11222
3 11260 11264 11222
3 11218 11263 11261
3 11223 11265 11263
3 11219 11223 11263
3 11219 11263 11218
3 11219 11218 11217
3 11219 11220 11224
3 11223 11219 11224
3 11220 11221 11226
3 11224 11220 11226
3 11221 11225 11226
3 11222 11264 11228
3 11264 11271 11228
3 11223 11267 11265
3 11224 11267 11223
3 11268 11267 11224
3 11226 11268 11224
3 11269 11268 11226
3 11225 11269 11226
3 11225 11227 11269
3 11227 11270 11269
3 11270 11227 11229
3 11274 11270 11229
3 11228 11271 11230
3 11271 11276 11230
3 11229 11232 11274
3 11274 11232 11278
3 11230 11276 11277
3 11231 11230 11277
3 11277 11234 11231
3 11280 11234 11277
3 11237 11232 11233
3 11237 11282 11232
3 11282 11278 11232
3 11233 11235 11237
3 11234 11280 11238
3 11280 11285 11238
3 11284 11242 11244
3 11284 11282 11242
3 11236 11242 11237
3 11237 11242 11282
3 11236 11237 11235
3 11244 11288 11284
3 11245 11239 11238
3 11245 11238 11290
3 11290 11238 11285
3 11239 11246 11240
3 11245 11246 11239
3 11292 11240 11246
3 11292 11287 11240
3 11287 11241 11240
3 11287 11247 11241
3 11294 11247 11287
3 11243 11249 11251
3 11243 11251 11297
3 11242 11243 11297
3 11242 11297 11289
3 11242 11289 11244
3 11288 11244 11289
3 11245 11290 11291
3 11246 11245 11291
3 11293 11246 11291
3 11295 11301 11252
3 11292 11246 11293
3 11248 11252 11253
3 11248 11294 11252
3 11248 11247 11294
3 11295 11252 11294
3 11248 11254 11250
3 11253 11254 11248
3 11250 11254 11305
3 11249 11250 11305
3 11249 11305 11298
3 11249 11298 11251
3 11297 11251 11298
3 11252 11301 11303
3 11253 11252 11303
3 11304 11253 11303
3 11254 11253 11304
3 11306 11254 11304
3 11305 11254 11306
3 11255 11258 11256
3 11255 11257 11258
3 11258 11309 11310
3 11258 11310 11256
3 11256 11310 11260
3 11262 11311 11309
3 11259 11262 11309
3 11259 11309 11258
3 11259 11258 11257
3 11259 11261 11262
3 11260 11310 11264
3 11310 11314 11264
3 11262 11313 11311
3 11266 11315 11313
3 11263 11266 11313
3 11263 11313 11262
3 11263 11262 11261
3 11263 11265 11266
3 11264 11314 11271
3 11314 11319 11271
3 11266 11317 11315
3 11265 11317 11266
3 11265 11267 11317
3 11267 11318 11317
3 11272 11320 11318
3 11272 11318 11268
3 11268 11318 11267
3 11268 11269 11273
3 11272 11268 11273
3 11269 11270 11275
3 11273 11269 11275
3 11270 11274 11275
3 11271 11319 11276
3 11319 11324 11276
3 11272 11322 11320
3 11273 11322 11272
3 11323 11322 11273
3 11323 11279 11325
3 11323 11273 11279
3 11273 11275 11279
3 11274 11278 11279
3 11275 11274 11279
3 11281 11277 11276
3 11281 11276 11327
3 11327 11276 11324
3 11277 11281 11280
3 11283 11325 11279
3 11328 11325 11283
3 11278 11282 11283
3 11279 11278 11283
3 11286 11281 11327
3 11332 11286 11327
3 11280 11286 11285
3 11281 11286 11280
3 11283 11330 11328
3 11282 11330 11283
3 11282 11284 11330
3 11284 11331 11330
3 11331 11284 11288
3 11335 11331 11288
3 11286 11332 11333
3 11333 11285 11286
3 11333 11336 11285
3 11336 11290 11285
3 11287 11292 11296
3 11287 11296 11294
3 11289 11297 11299
3 11289 11299 11337
3 11289 11337 11288
3 11288 11337 11335
3 11300 11291 11290
3 11300 11290 11340
3 11340 11290 11336
3 11291 11302 11293
3 11300 11302 11291
3 11293 11296 11292
3 11293 11302 11296
3 11295 11296 11301
3 11301 11296 11302
3 11294 11296 11295
3 11298 11305 11307
3 11298 11307 11346
3 11297 11298 11346
3 11297 11346 11338
3 11297 11338 11299
3 11337 11299 11338
3 11300 11340 11341
3 11341 11348 11308
3 11341 11308 11300
3 11300 11308 11302
3 11301 11302 11308
3 11301 11308 11343
3 11301 11343 11303
3 11343 11308 11349
3 11304 11303 11344
3 11303 11343 11344
3 11306 11304 11345
3 11304 11344 11345
3 11307 11305 11306
3 11307 11306 11347
3 11347 11306 11345
3 11346 11307 11347
3 11308 11348 11350
3 11349 11308 11350
3 11309 11312 11310
3 11309 11311 11312
3 11312 11352 11353
3 11312 11353 11310
3 11310 11353 11314
3 11316 11354 11352
3 11313 11316 11352
3 11313 11352 11312
3 11313 11312 11311
3 11313 11315 11316
3 11314 11353 11319
3 11353 11359 11319
3 11316 11356 11354
3 11315 11356 11316
3 11315 11317 11356
3 11317 11358 11356
3 11321 11361 11358
3 11321 11358 11318
3 11318 11358 11317
3 11318 11320 11321
3 11319 11359 11324
3 11359 11365 11324
3 11321 11363 11361
3 11320 11363 11321
3 11320 11322 11363
3 11322 11364 11363
3 11326 11369 11364
3 11326 11364 11323
3 11323 11364 11322
3 11323 11325 11326
3 11324 11365 11327
3 11365 11371 11327
3 11329 11369 11326
3 11375 11369 11329
3 11325 11328 11329
3 11326 11325 11329
3 11327 11371 11332
3 11371 11379 11332
3 11329 11377 11375
3 11334 11385 11377
3 11330 11334 11377
3 11330 11377 11329
3 11330 11329 11328
3 11387 11334 11330
3 11387 11330 11378
3 11378 11330 11331
3 11378 11331 11335
3 11389 11378 11335
3 11332 11379 11380
3 11333 11332 11380
3 11380 11336 11333
3 11392 11336 11380
3 11334 11388 11385
3 11388 11339 11398
3 11388 11334 11339
3 11390 11339 11387
3 11387 11339 11334
3 11339 11390 11389
3 11339 11389 11337
3 11337 11389 11335
3 11393 11342 11340
3 11393 11340 11392
3 11392 11340 11336
3 11393 11399 11342
3 11338 11398 11339
3 11338 11346 11398
3 11346 11406 11398
3 11337 11338 11339
3 11340 11342 11341
3 11348 11400 11351
3 11341 11400 11348
3 11341 11399 11400
3 11341 11342 11399
3 11351 11343 11349
3 11351 11400 11343
3 11400 11402 11343
3 11344 11343 11404
3 11343 11402 11404
3 11345 11344 11405
3 11344 11404 11405
3 11347 11345 11407
3 11345 11405 11407
3 11406 11346 11347
3 11407 11406 11347
3 11348 11351 11350
3 11349 11350 11351
3 11352 11355 11353
3 11354 11355 11352
3 11357 11409 11410
3 11409 11357 11411
3 11355 11360 11359
3 11353 11355 11359
3 11355 11356 11360
3 11355 11354 11356
3 11360 11356 11413
3 11357 11410 11356
3 11413 11356 11410
3 11357 11356 11358
3 11357 11358 11414
3 11357 11414 11411
3 11414 11358 11362
3 11358 11361 11362
3 11360 11366 11365
3 11359 11360 11365
3 11415 11360 11413
3 11415 11367 11360
3 11367 11366 11360
3 11418 11362 11417
3 11418 11367 11362
3 11414 11362 11415
3 11415 11362 11367
3 11368 11419 11417
3 11363 11368 11417
3 11363 11417 11362
3 11363 11362 11361
3 11363 11364 11370
3 11368 11363 11370
3 11364 11369 11370
3 11366 11372 11371
3 11365 11366 11371
3 11367 11373 11366
3 11373 11372 11366
3 11421 11367 11418
3 11373 11367 11421
3 11374 11419 11368
3 11422 11419 11374
3 11370 11376 11368
3 11376 11374 11368
3 11369 11375 11376
3 11370 11369 11376
3 11372 11381 11379
3 11371 11372 11379
3 11373 11382 11372
3 11382 11381 11372
3 11424 11373 11421
3 11382 11373 11424
3 11383 11422 11374
3 11425 11422 11383
3 11376 11384 11374
3 11384 11383 11374
3 11375 11377 11386
3 11375 11386 11376
3 11376 11386 11384
3 11377 11385 11386
3 11378 11391 11387
3 11378 11389 11391
3 11379 11381 11380
3 11392 11380 11381
3 11392 11381 11394
3 11394 11381 11382
3 11428 11382 11424
3 11394 11382 11428
3 11395 11425 11383
3 11429 11425 11395
3 11384 11396 11383
3 11396 11395 11383
3 11386 11397 11384
3 11397 11396 11384
3 11385 11397 11386
3 11385 11427 11397
3 11385 11388 11427
3 11427 11433 11397
3 11398 11435 11427
3 11398 11427 11388
3 11387 11391 11390
3 11389 11390 11391
3 11392 11394 11393
3 11399 11430 11401
3 11393 11430 11399
3 11393 11428 11430
3 11393 11394 11428
3 11429 11401 11430
3 11429 11395 11401
3 11395 11403 11401
3 11438 11396 11432
3 11438 11403 11396
3 11403 11395 11396
3 11397 11432 11396
3 11434 11432 11397
3 11434 11408 11441
3 11434 11397 11408
3 11436 11408 11433
3 11433 11408 11397
3 11408 11436 11435
3 11408 11435 11406
3 11406 11435 11398
3 11399 11401 11400
3 11402 11400 11401
3 11403 11402 11401
3 11403 11438 11439
3 11403 11439 11402
3 11402 11439 11404
3 11405 11404 11442
3 11404 11439 11442
3 11441 11408 11407
3 11441 11407 11442
3 11442 11407 11405
3 11406 11407 11408
3 11409 11412 11410
3 11409 11411 11412
3 11412 11416 11413
3 11410 11412 11413
3 11411 11414 11416
3 11412 11411 11416
3 11413 11416 11415
3 11414 11415 11416
3 11417 11420 11418
3 11417 11419 11420
3 11420 11423 11421
3 11418 11420 11421
3 11419 11422 11423
3 11420 11419 11423
3 11423 11426 11424
3 11421 11423 11424
3 11422 11425 11426
3 11423 11422 11426
3 11426 11431 11428
3 11424 11426 11428
3 11425 11429 11431
3 11426 11425 11431
3 11427 11437 11433
3 11427 11435 11437
3 11428 11431 11430
3 11429 11430 11431
3 11432 11440 11438
3 11432 11434 11443
3 11440 11432 11443
3 11436 11433 11437
3 11441 11443 11434
3 11435 11436 11437
3 11438 11440 11439
3 11442 11439 11440
3 11443 11442 11440
3 11441 11442 11443
3 11444 11449 11451
3 11444 11445 11450
3 11449 11444 11450
3 11450 11445 11453
3 11444 11451 11452
3 11445 11444 11452
3 11454 11445 11452
3 11455 11457 11446
3 11453 11445 11454
3 11446 11447 11456
3 11455 11446 11456
3 11456 11447 11459
3 11446 11457 11458
3 11458 11460 11448
3 11458 11448 11446
3 11446 11448 11447
3 11461 11459 11447
3 11448 11461 11447
3 11448 11460 11462
3 11461 11448 11462
3 11449 11465 11467
3 11451 11449 11467
3 11450 11466 11449
3 11449 11466 11465
3 11466 11450 11453
3 11470 11466 11453
3 11451 11467 11468
3 11452 11451 11468
3 11454 11452 11471
3 11452 11468 11471
3 11455 11473 11457
3 11473 11475 11457
3 11454 11470 11453
3 11454 11471 11470
3 11456 11474 11455
3 11455 11474 11473
3 11474 11456 11459
3 11477 11474 11459
3 11457 11475 11476
3 11458 11457 11476
3 11476 11460 11458
3 11480 11460 11476
3 11479 11461 11463
3 11479 11477 11461
3 11477 11459 11461
3 11479 11463 11481
3 11464 11462 11460
3 11464 11460 11484
3 11484 11460 11480
3 11462 11464 11485
3 11461 11462 11485
3 11461 11485 11482
3 11461 11482 11463
3 11481 11463 11482
3 11464 11484 11486
3 11485 11464 11486
3 11465 11469 11467
3 11465 11466 11472
3 11469 11465 11472
3 11466 11470 11472
3 11467 11469 11468
3 11471 11468 11469
3 11472 11471 11469
3 11473 11488 11489
3 11473 11489 11475
3 11471 11472 11470
3 11478 11491 11488
3 11478 11488 11474
3 11474 11488 11473
3 11474 11477 11478
3 11475 11489 11492
3 11476 11475 11492
3 11492 11478 11476
3 11492 11491 11478
3 11476 11478 11480
3 11494 11495 11478
3 11480 11478 11495
3 11483 11497 11494
3 11479 11483 11494
3 11479 11494 11478
3 11479 11478 11477
3 11479 11481 11483
3 11480 11495 11484
3 11495 11500 11484
3 11499 11485 11487
3 11499 11497 11485
3 11482 11485 11483
3 11483 11485 11497
3 11482 11483 11481
3 11487 11502 11499
3 11484 11500 11501
3 11486 11484 11501
3 11487 11485 11486
3 11487 11486 11503
3 11503 11486 11501
3 11502 11487 11503
3 11490 11505 11506
3 11493 11489 11488
3 11507 11505 11490
3 11488 11491 11493
3 11490 11506 11508
3 11492 11489 11493
3 11510 11511 11496
3 11490 11508 11507
3 11494 11498 11495
3 11492 11493 11491
3 11512 11510 11496
3 11494 11497 11498
3 11496 11511 11513
3 11496 11513 11512
3 11498 11515 11495
3 11495 11515 11516
3 11495 11516 11500
3 11504 11518 11515
3 11499 11504 11515
3 11499 11515 11498
3 11499 11498 11497
3 11499 11502 11504
3 11500 11516 11519
3 11501 11500 11519
3 11518 11504 11503
3 11518 11503 11519
3 11519 11503 11501
3 11502 11503 11504
3 11505 11509 11506
3 11505 11507 11509
3 11506 11509 11508
3 11507 11508 11509
3 11510 11514 11511
3 11510 11512 11514
3 11514 11513 11511
3 11521 11522 11517
3 11515 11520 11516
3 11513 11514 11512
3 11523 11521 11517
3 11515 11518 11520
3 11517 11522 11524
3 11516 11520 11519
3 11517 11524 11523
3 11518 11519 11520
3 11521 11525 11522
3 11521 11523 11525
3 11522 11525 11524
3 11523 11524 11525
3 11526 11528 11530
3 11526 11527 11529
3 11528 11526 11529
3 11529 11527 11532
3 11526 11530 11531
3 11527 11526 11531
3 11533 11527 11531
3 11532 11527 11533
3 11528 11535 11537
3 11530 11528 11537
3 11529 11536 11528
3 11528 11536 11535
3 11536 11529 11532
3 11540 11536 11532
3 11530 11537 11539
3 11531 11530 11539
3 11533 11531 11541
3 11531 11539 11541
3 11540 11532 11533
3 11540 11533 11541
3 11544 11534 11543
3 11543 11534 11546
3 11534 11544 11547
3 11546 11534 11547
3 11538 11550 11552
3 11538 11537 11535
3 11538 11535 11550
3 11550 11535 11551
3 11542 11554 11551
3 11542 11551 11536
3 11536 11551 11535
3 11536 11540 11542
3 11538 11552 11553
3 11537 11538 11553
3 11537 11553 11539
3 11539 11553 11555
3 11545 11557 11559
3 11541 11555 11542
3 11541 11539 11555
3 11555 11554 11542
3 11540 11541 11542
3 11543 11557 11544
3 11543 11558 11557
3 11557 11545 11544
3 11558 11543 11546
3 11562 11558 11546
3 11545 11559 11561
3 11548 11561 11565
3 11547 11561 11548
3 11547 11545 11561
3 11547 11544 11545
3 11564 11562 11546
3 11564 11546 11548
3 11564 11548 11549
3 11548 11546 11547
3 11564 11549 11568
3 11548 11565 11567
3 11549 11548 11567
3 11569 11549 11567
3 11568 11549 11569
3 11550 11572 11573
3 11552 11550 11573
3 11556 11574 11572
3 11556 11572 11551
3 11551 11572 11550
3 11551 11554 11556
3 11552 11573 11575
3 11553 11552 11575
3 11560 11577 11579
3 11555 11575 11556
3 11555 11553 11575
3 11575 11574 11556
3 11554 11555 11556
3 11557 11577 11559
3 11557 11578 11577
3 11577 11560 11559
3 11563 11582 11578
3 11563 11578 11558
3 11558 11578 11557
3 11558 11562 11563
3 11560 11579 11581
3 11566 11581 11586
3 11561 11581 11566
3 11561 11560 11581
3 11561 11559 11560
3 11563 11584 11582
3 11565 11561 11566
3 11562 11584 11563
3 11562 11564 11584
3 11564 11585 11584
3 11585 11564 11568
3 11589 11585 11568
3 11566 11586 11588
3 11570 11588 11591
3 11567 11588 11570
3 11567 11566 11588
3 11567 11565 11566
3 11567 11571 11569
3 11570 11571 11567
3 11569 11571 11594
3 11569 11594 11568
3 11568 11594 11589
3 11570 11591 11593
3 11571 11570 11593
3 11595 11571 11593
3 11594 11571 11595
3 11572 11576 11573
3 11572 11574 11576
3 11576 11575 11573
3 11599 11601 11580
3 11574 11575 11576
3 11577 11599 11579
3 11577 11600 11599
3 11599 11580 11579
3 11583 11604 11600
3 11583 11600 11578
3 11578 11600 11577
3 11578 11582 11583
3 11580 11601 11602
3 11587 11602 11608
3 11581 11602 11587
3 11581 11580 11602
3 11581 11579 11580
3 11583 11606 11604
3 11586 11581 11587
3 11582 11606 11583
3 11582 11584 11606
3 11584 11607 11606
3 11590 11612 11607
3 11590 11607 11585
3 11585 11607 11584
3 11585 11589 11590
3 11587 11608 11609
3 11592 11609 11614
3 11588 11609 11592
3 11588 11587 11609
3 11588 11586 11587
3 11588 11592 11591
3 11596 11612 11590
3 11617 11612 11596
3 11589 11594 11596
3 11590 11589 11596
3 11597 11592 11614
3 11619 11597 11614
3 11591 11598 11593
3 11591 11592 11598
3 11592 11597 11598
3 11596 11622 11617
3 11596 11593 11622
3 11596 11595 11593
3 11598 11622 11593
3 11594 11595 11596
3 11597 11619 11620
3 11598 11597 11620
3 11623 11598 11620
3 11622 11598 11623
3 11599 11603 11601
3 11599 11600 11605
3 11603 11599 11605
3 11600 11604 11605
3 11601 11603 11602
3 11608 11602 11603
3 11608 11603 11610
3 11610 11603 11605
3 11604 11606 11611
3 11604 11611 11605
3 11605 11611 11610
3 11606 11607 11613
3 11611 11606 11613
3 11607 11612 11613
3 11610 11609 11608
3 11625 11626 11615
3 11627 11625 11615
3 11614 11609 11616
3 11616 11609 11610
3 11616 11610 11611
3 11613 11618 11611
3 11618 11616 11611
3 11612 11617 11618
3 11613 11612 11618
3 11615 11626 11628
3 11616 11621 11619
3 11616 11619 11614
3 11615 11628 11627
3 11618 11624 11616
3 11624 11621 11616
3 11617 11622 11624
3 11618 11617 11624
3 11619 11621 11620
3 11623 11620 11621
3 11624 11623 11621
3 11622 11623 11624
3 11625 11629 11626
3 11625 11627 11629
3 11626 11629 11628
3 11627 11628 11629
3 11630 11633 11636
3 11630 11631 11634
3 11633 11630 11634
3 11631 11632 11635
3 11634 11631 11635
3 11635 11632 11640
3 11630 11636 11637
3 11631 11630 11637
3 11639 11631 11637
3 11632 11631 11639
3 11641 11632 11639
3 11640 11632 11641
3 11633 11638 11636
3 11645 11638 11633
3 11645 11633 11643
3 11643 11633 11634
3 11635 11644 11634
3 11634 11644 11643
3 11644 11635 11640
3 11647 11644 11640
3 11636 11638 11637
3 11638 11645 11646
3 11638 11646 11637
3 11637 11646 11639
3 11641 11639 11648
3 11639 11646 11648
3 11647 11640 11641
3 11648 11647 11641
3 11642 11649 11650
3 11649 11642 11652
3 11642 11650 11653
3 11652 11642 11653
3 11643 11656 11658
3 11645 11643 11658
3 11644 11657 11643
3 11643 11657 11656
3 11657 11644 11647
3 11661 11657 11647
3 11645 11658 11659
3 11646 11645 11659
3 11648 11646 11662
3 11646 11659 11662
3 11661 11647 11648
3 11661 11648 11662
3 11667 11651 11664
3 11651 11650 11649
3 11651 11649 11664
3 11664 11649 11665
3 11665 11649 11652
3 11670 11665 11652
3 11651 11667 11669
3 11650 11651 11669
3 11650 11669 11653
3 11653 11669 11671
3 11670 11652 11653
3 11670 11653 11671
3 11674 11654 11673
3 11673 11654 11676
3 11654 11674 11677
3 11678 11679 11655
3 11676 11654 11677
3 11678 11655 11680
3 11655 11679 11681
3 11680 11655 11681
3 11656 11660 11658
3 11656 11657 11663
3 11660 11656 11663
3 11657 11661 11663
3 11666 11683 11686
3 11658 11660 11659
3 11666 11687 11683
3 11662 11659 11660
3 11662 11660 11663
3 11684 11689 11668
3 11661 11662 11663
3 11664 11684 11667
3 11664 11685 11684
3 11684 11668 11667
3 11672 11693 11685
3 11672 11685 11665
3 11665 11685 11664
3 11665 11670 11672
3 11666 11686 11688
3 11687 11666 11688
3 11668 11689 11691
3 11667 11668 11691
3 11667 11691 11669
3 11669 11691 11694
3 11675 11696 11698
3 11671 11694 11672
3 11671 11669 11694
3 11694 11693 11672
3 11670 11671 11672
3 11673 11696 11674
3 11673 11697 11696
3 11696 11675 11674
3 11697 11673 11676
3 11701 11697 11676
3 11675 11698 11700
3 11674 11675 11700
3 11674 11700 11677
3 11677 11700 11702
3 11678 11703 11679
3 11703 11704 11679
3 11677 11701 11676
3 11677 11702 11701
3 11703 11678 11680
3 11706 11703 11680
3 11682 11681 11679
3 11682 11679 11708
3 11708 11679 11704
3 11681 11682 11710
3 11681 11710 11680
3 11680 11710 11706
3 11682 11708 11711
3 11710 11682 11711
3 11683 11712 11714
3 11686 11683 11714
3 11687 11690 11713
3 11687 11713 11683
3 11683 11713 11712
3 11692 11689 11684
3 11717 11713 11690
3 11684 11685 11695
3 11692 11684 11695
3 11685 11693 11695
3 11686 11714 11715
3 11688 11686 11715
3 11690 11687 11688
3 11690 11688 11718
3 11718 11688 11715
3 11689 11692 11691
3 11690 11718 11717
3 11694 11691 11692
3 11694 11692 11695
3 11720 11725 11699
3 11693 11694 11695
3 11696 11720 11698
3 11696 11721 11720
3 11720 11699 11698
3 11697 11722 11696
3 11696 11722 11721
3 11722 11697 11701
3 11729 11722 11701
3 11699 11725 11727
3 11698 11699 11727
3 11698 11727 11700
3 11700 11727 11728
3 11705 11728 11733
3 11705 11702 11728
3 11702 11700 11728
3 11703 11707 11704
3 11702 11705 11701
3 11701 11705 11735
3 11701 11735 11729
3 11703 11706 11707
3 11709 11705 11733
3 11739 11709 11733
3 11704 11736 11708
3 11704 11707 11736
3 11708 11736 11709
3 11735 11705 11736
3 11709 11736 11705
3 11736 11707 11706
3 11736 11706 11742
3 11742 11706 11710
3 11709 11739 11741
3 11708 11709 11741
3 11708 11741 11711
3 11711 11741 11743
3 11742 11710 11711
3 11743 11742 11711
3 11712 11716 11714
3 11712 11713 11719
3 11716 11712 11719
3 11713 11717 11719
3 11716 11715 11714
3 11747 11752 11723
3 11724 11748 11747
3 11724 11747 11723
3 11719 11718 11716
3 11716 11718 11715
3 11724 11726 11749
3 11724 11749 11748
3 11719 11717 11718
3 11726 11725 11720
3 11726 11720 11749
3 11749 11720 11750
3 11721 11751 11720
3 11720 11751 11750
3 11730 11759 11751
3 11730 11751 11722
3 11722 11751 11721
3 11722 11729 11730
3 11723 11752 11753
3 11724 11723 11753
3 11755 11724 11753
3 11755 11762 11731
3 11755 11731 11724
3 11724 11731 11726
3 11725 11732 11727
3 11725 11726 11732
3 11726 11731 11732
3 11727 11734 11728
3 11732 11734 11727
3 11730 11761 11759
3 11733 11728 11734
3 11761 11730 11729
3 11761 11729 11768
3 11768 11729 11735
3 11737 11763 11770
3 11762 11764 11731
3 11763 11737 11771
3 11764 11773 11738
3 11764 11738 11731
3 11731 11738 11732
3 11734 11732 11740
3 11740 11732 11738
3 11733 11740 11739
3 11734 11740 11733
3 11744 11735 11736
3 11744 11779 11735
3 11779 11768 11735
3 11736 11742 11744
3 11737 11770 11772
3 11774 11782 11745
3 11771 11737 11772
3 11773 11774 11745
3 11773 11745 11738
3 11738 11745 11746
3 11784 11777 11740
3 11784 11740 11746
3 11746 11740 11738
3 11739 11740 11777
3 11739 11777 11741
3 11741 11777 11780
3 11779 11744 11743
3 11779 11743 11780
3 11780 11743 11741
3 11742 11743 11744
3 11745 11782 11783
3 11746 11745 11783
3 11785 11746 11783
3 11784 11746 11785
3 11747 11754 11752
3 11747 11748 11756
3 11754 11747 11756
3 11748 11749 11757
3 11756 11748 11757
3 11749 11750 11758
3 11757 11749 11758
3 11750 11751 11760
3 11758 11750 11760
3 11751 11759 11760
3 11752 11754 11753
3 11755 11753 11754
3 11756 11755 11754
3 11762 11755 11756
3 11762 11756 11765
3 11765 11756 11757
3 11758 11766 11757
3 11766 11765 11757
3 11760 11767 11758
3 11767 11766 11758
3 11759 11761 11769
3 11759 11769 11760
3 11760 11769 11767
3 11761 11768 11769
3 11763 11787 11789
3 11770 11763 11789
3 11765 11764 11762
3 11788 11763 11775
3 11788 11787 11763
3 11763 11771 11775
3 11792 11788 11775
3 11773 11764 11776
3 11776 11764 11765
3 11776 11765 11766
3 11767 11778 11766
3 11778 11776 11766
3 11769 11781 11767
3 11781 11778 11767
3 11768 11779 11781
3 11769 11768 11781
3 11770 11789 11790
3 11772 11770 11790
3 11782 11775 11794
3 11782 11774 11775
3 11794 11775 11790
3 11771 11772 11775
3 11790 11775 11772
3 11792 11774 11795
3 11792 11775 11774
3 11795 11774 11786
3 11773 11776 11774
3 11786 11774 11776
3 11777 11784 11786
3 11777 11786 11778
3 11778 11786 11776
3 11780 11777 11778
3 11781 11780 11778
3 11779 11780 11781
3 11782 11794 11796
3 11783 11782 11796
3 11795 11786 11785
3 11795 11785 11796
3 11796 11785 11783
3 11784 11785 11786
3 11787 11791 11789
3 11787 11788 11793
3 11791 11787 11793
3 11788 11792 11793
3 11789 11791 11790
3 11794 11790 11791
3 11794 11791 11797
3 11797 11791 11793
3 11792 11795 11797
3 11793 11792 11797
3 11794 11797 11796
3 11795 11796 11797
3 11798 11805 11809
3 11798 11799 11807
3 11805 11798 11807
3 11807 11799 11811
3 11800 11798 11809
3 11812 11800 11809
3 11799 11798 11801
3 11801 11798 11800
3 11815 11811 11799
3 11801 11815 11799
3 11800 11812 11814
3 11801 11800 11814
3 11816 11801 11814
3 11815 11801 11816
3 11802 11817 11819
3 11802 11803 11818
3 11817 11802 11818
3 11818 11803 11821
3 11804 11802 11819
3 11823 11804 11819
3 11803 11802 11806
3 11806 11802 11804
3 11822 11821 11803
3 11822 11803 11808
3 11808 11803 11806
3 11822 11808 11824
3 11810 11804 11823
3 11826 11810 11823
3 11805 11810 11809
3 11805 11806 11810
3 11806 11804 11810
3 11807 11806 11805
3 11808 11806 11807
3 11808 11807 11811
3 11808 11811 11824
3 11824 11811 11827
3 11813 11810 11826
3 11829 11813 11826
3 11809 11813 11812
3 11810 11813 11809
3 11811 11815 11827
3 11827 11815 11834
3 11813 11829 11830
3 11812 11813 11830
3 11812 11830 11814
3 11814 11830 11832
3 11816 11814 11835
3 11814 11832 11835
3 11834 11815 11816
3 11835 11834 11816
3 11820 11837 11840
3 11820 11819 11817
3 11820 11817 11837
3 11837 11817 11838
3 11818 11839 11817
3 11817 11839 11838
3 11839 11818 11821
3 11844 11839 11821
3 11820 11840 11841
3 11841 11819 11820
3 11841 11846 11819
3 11846 11823 11819
3 11825 11821 11822
3 11825 11848 11821
3 11848 11844 11821
3 11822 11824 11825
3 11823 11846 11826
3 11846 11850 11826
3 11828 11848 11825
3 11853 11848 11828
3 11824 11827 11828
3 11825 11824 11828
3 11851 11831 11829
3 11851 11829 11850
3 11850 11829 11826
3 11831 11854 11833
3 11851 11854 11831
3 11853 11833 11854
3 11853 11828 11833
3 11828 11836 11833
3 11827 11834 11836
3 11828 11827 11836
3 11829 11831 11830
3 11832 11830 11831
3 11833 11832 11831
3 11835 11832 11833
3 11836 11835 11833
3 11834 11835 11836
3 11837 11842 11840
3 11837 11838 11843
3 11842 11837 11843
3 11838 11839 11845
3 11843 11838 11845
3 11839 11844 11845
3 11840 11842 11841
3 11846 11841 11842
3 11846 11842 11847
3 11847 11842 11843
3 11845 11849 11843
3 11849 11847 11843
3 11844 11848 11849
3 11845 11844 11849
3 11847 11852 11850
3 11846 11847 11850
3 11849 11855 11847
3 11855 11852 11847
3 11848 11853 11855
3 11849 11848 11855
3 11850 11852 11851
3 11854 11851 11852
3 11855 11854 11852
3 11853 11854 11855
3 11856 11857 11858
3 11857 11856 11859
3 11856 11858 11860
3 11859 11856 11860
3 11857 11861 11858
3 11857 11859 11861
3 11861 11860 11858
3 11865 11866 11862
3 11860 11861 11859
3 11862 11867 11865
3 11863 11862 11866
3 11869 11863 11866
3 11870 11867 11862
3 11863 11870 11862
3 11864 11863 11869
3 11871 11864 11869
3 11872 11870 11863
3 11864 11872 11863
3 11864 11871 11873
3 11872 11864 11873
3 11865 11868 11866
3 11865 11867 11868
3 11868 11877 11878
3 11868 11878 11866
3 11866 11878 11869
3 11877 11868 11867
3 11877 11867 11879
3 11879 11867 11870
3 11869 11878 11871
3 11878 11881 11871
3 11880 11872 11874
3 11880 11879 11872
3 11879 11870 11872
3 11880 11874 11882
3 11875 11873 11871
3 11875 11871 11884
3 11884 11871 11881
3 11873 11874 11872
3 11873 11875 11874
3 11875 11876 11874
3 11887 11882 11874
3 11876 11887 11874
3 11875 11884 11885
3 11876 11875 11885
3 11888 11876 11885
3 11887 11876 11888
3 11877 11890 11891
3 11878 11877 11891
3 11890 11877 11879
3 11892 11890 11879
3 11878 11891 11881
3 11891 11894 11881
3 11883 11879 11880
3 11883 11895 11879
3 11895 11892 11879
3 11880 11882 11883
3 11896 11886 11884
3 11896 11884 11894
3 11894 11884 11881
3 11895 11886 11896
3 11895 11883 11886
3 11883 11889 11886
3 11882 11887 11889
3 11883 11882 11889
3 11884 11886 11885
3 11888 11885 11886
3 11889 11888 11886
3 11887 11888 11889
3 11890 11893 11891
3 11890 11892 11893
3 11893 11897 11894
3 11891 11893 11894
3 11892 11895 11897
3 11893 11892 11897
3 11894 11897 11896
3 11895 11896 11897
3 11898 11901 11904
3 11901 11898 11905
3 11899 11902 11908
3 11899 11900 11903
3 11902 11899 11903
3 11903 11900 11911
3 11898 11904 11906
3 11905 11898 11906
3 11899 11908 11910
3 11900 11899 11910
3 11912 11900 11910
3 11911 11900 11912
3 11901 11907 11904
3 11905 11907 11901
3 11909 11916 11918
3 11909 11908 11902
3 11909 11902 11916
3 11916 11902 11917
3 11913 11920 11917
3 11913 11917 11903
3 11903 11917 11902
3 11903 11911 11913
3 11904 11907 11906
3 11918 11922 11914
3 11918 11914 11909
3 11905 11906 11907
3 11908 11915 11910
3 11908 11909 11915
3 11909 11914 11915
3 11913 11924 11920
3 11913 11910 11924
3 11913 11912 11910
3 11915 11924 11910
3 11911 11912 11913
3 11914 11922 11923
3 11915 11914 11923
3 11925 11915 11923
3 11924 11915 11925
3 11916 11919 11918
3 11916 11917 11921
3 11919 11916 11921
3 11917 11920 11921
3 11919 11926 11928
3 11919 11928 11918
3 11918 11928 11922
3 11921 11926 11919
3 11927 11926 11921
3 11927 11921 11920
3 11927 11920 11931
3 11931 11920 11924
3 11922 11928 11929
3 11923 11922 11929
3 11925 11923 11932
3 11923 11929 11932
3 11931 11924 11925
3 11932 11931 11925
3 11926 11930 11928
3 11926 11927 11933
3 11930 11926 11933
3 11927 11931 11933
3 11928 11930 11929
3 11932 11929 11930
3 11933 11932 11930
3 11931 11932 11933
3 11934 11935 11936
3 11935 11934 11937
3 11934 11936 11938
3 11937 11934 11938
3 11935 11939 11936
3 11937 11939 11935
3 11940 11941 11942
3 11941 11940 11943
3 11936 11939 11938
3 11940 11942 11944
3 11937 11938 11939
3 11943 11940 11944
3 11941 11945 11942
3 11941 11943 11945
3 11942 11945 11944
3 11943 11944 11945
3 11946 11948 11950
3 11946 11947 11949
3 11948 11946 11949
3 11949 11947 11953
3 11946 11950 11951
3 11947 11946 11951
3 11954 11947 11951
3 11953 11947 11954
3 11948 11952 11950
3 11948 11949 11955
3 11952 11948 11955
3 11949 11953 11955
3 11950 11952 11951
3 11954 11951 11952
3 11955 11954 11952
3 11953 11954 11955
3 11956 11957 11959
3 11957 11956 11960
3 11956 11959 11961
3 11960 11956 11961
3 11958 11965 11966
3 11965 11958 11967
3 11957 11962 11959
3 11963 11958 11966
3 11963 11966 11969
3 11962 11957 11960
3 11970 11967 11958
3 11963 11970 11958
3 11959 11962 11961
3 11969 11972 11964
3 11969 11964 11963
3 11960 11961 11962
3 11973 11970 11963
3 11964 11973 11963
3 11964 11972 11974
3 11973 11964 11974
3 11965 11968 11966
3 11965 11967 11968
3 11968 11971 11969
3 11966 11968 11969
3 11967 11970 11971
3 11968 11967 11971
3 11971 11975 11972
3 11969 11971 11972
3 11970 11973 11975
3 11971 11970 11975
3 11972 11975 11974
3 11973 11974 11975
3 11976 11977 11978
3 11977 11976 11979
3 11976 11978 11980
3 11979 11976 11980
3 11977 11981 11978
3 11977 11979 11981
3 11978 11981 11980
3 11979 11980 11981
3 11982 11983 11984
3 11983 11982 11985
3 11982 11984 11986
3 11985 11982 11986
3 11983 11987 11984
3 11983 11985 11987
3 11984 11987 11986
3 11985 11986 11987
3 11988 11993 11995
3 11988 11989 11994
3 11993 11988 11994
3 11994 11989 11997
3 11990 11988 11995
3 11999 11990 11995
3 11989 11988 11991
3 11991 11988 11990
3 12001 11997 11989
3 11991 12001 11989
3 11990 11999 12000
3 12000 12002 11992
3 12000 11992 11990
3 11990 11992 11991
3 12004 12001 11991
3 11992 12004 11991
3 11992 12002 12005
3 12004 11992 12005
3 11993 11996 11995
3 11993 11994 11998
3 11996 11993 11998
3 11994 11997 11998
3 11996 12007 12009
3 11996 12009 11995
3 11995 12009 11999
3 11998 12007 11996
3 12008 12007 11998
3 12008 11998 11997
3 12008 11997 12011
3 12011 11997 12001
3 12003 12000 11999
3 12003 11999 12013
3 12013 11999 12009
3 12000 12003 12002
3 12001 12004 12011
3 12011 12004 12016
3 12003 12013 12014
3 12006 12014 12018
3 12005 12014 12006
3 12005 12003 12014
3 12005 12002 12003
3 12005 12006 12020
3 12005 12020 12004
3 12004 12020 12016
3 12006 12018 12021
3 12020 12006 12021
3 12007 12010 12009
3 12007 12008 12012
3 12010 12007 12012
3 12008 12011 12012
3 12010 12015 12013
3 12009 12010 12013
3 12012 12017 12010
3 12017 12015 12010
3 12011 12016 12017
3 12012 12011 12017
3 12015 12014 12013
3 12030 12031 12019
3 12033 12030 12019
3 12018 12014 12022
3 12022 12014 12015
3 12022 12015 12017
3 12016 12020 12022
3 12017 12016 12022
3 12023 12032 12035
3 12031 12032 12023
3 12031 12023 12019
3 12019 12023 12024
3 12019 12024 12037
3 12019 12037 12033
3 12022 12021 12018
3 12020 12021 12022
3 12025 12023 12035
3 12040 12025 12035
3 12042 12038 12024
3 12042 12024 12025
3 12025 12024 12023
3 12037 12024 12038
3 12026 12041 12043
3 12040 12041 12026
3 12040 12026 12025
3 12025 12026 12027
3 12045 12042 12025
3 12027 12045 12025
3 12028 12026 12043
3 12047 12028 12043
3 12027 12026 12029
3 12029 12026 12028
3 12050 12045 12027
3 12029 12050 12027
3 12028 12047 12048
3 12029 12028 12048
3 12051 12029 12048
3 12050 12029 12051
3 12030 12034 12031
3 12030 12033 12034
3 12032 12036 12035
3 12032 12031 12034
3 12032 12034 12036
3 12036 12034 12039
3 12033 12037 12039
3 12034 12033 12039
3 12036 12053 12054
3 12036 12054 12035
3 12035 12054 12040
3 12038 12042 12055
3 12038 12055 12036
3 12038 12036 12039
3 12036 12055 12053
3 12037 12038 12039
3 12041 12044 12043
3 12056 12040 12054
3 12056 12044 12040
3 12056 12046 12044
3 12044 12041 12040
3 12046 12056 12055
3 12046 12055 12045
3 12045 12055 12042
3 12044 12049 12047
3 12043 12044 12047
3 12046 12052 12044
3 12052 12049 12044
3 12045 12050 12052
3 12046 12045 12052
3 12047 12049 12048
3 12051 12048 12049
3 12052 12051 12049
3 12050 12051 12052
3 12053 12057 12054
3 12053 12055 12057
3 12054 12057 12056
3 12055 12056 12057
3 12058 12062 12064
3 12062 12058 12065
3 12059 12058 12064
3 12066 12059 12064
3 12067 12065 12058
3 12059 12067 12058
3 12059 12066 12068
3 12067 12059 12068
3 12060 12070 12072
3 12060 12061 12071
3 12070 12060 12071
3 12071 12061 12073
3 12063 12060 12072
3 12076 12063 12072
3 12077 12074 12061
3 12077 12061 12063
3 12063 12061 12060
3 12073 12061 12074
3 12062 12063 12076
3 12062 12076 12064
3 12064 12076 12079
3 12063 12062 12065
3 12063 12065 12077
3 12077 12065 12080
3 12064 12079 12066
3 12079 12083 12066
3 12081 12067 12069
3 12081 12080 12067
3 12080 12065 12067
3 12081 12069 12085
3 12066 12083 12084
3 12068 12066 12084
3 12069 12067 12068
3 12069 12068 12086
3 12086 12068 12084
3 12085 12069 12086
3 12070 12087 12090
3 12072 12070 12090
3 12071 12088 12070
3 12070 12088 12087
3 12073 12075 12089
3 12073 12089 12071
3 12071 12089 12088
3 12089 12075 12092
3 12072 12090 12076
3 12090 12095 12076
3 12074 12077 12078
3 12074 12078 12097
3 12073 12074 12097
3 12073 12097 12093
3 12073 12093 12075
3 12092 12075 12093
3 12076 12095 12079
3 12095 12099 12079
3 12078 12080 12082
3 12077 12080 12078
3 12100 12097 12078
3 12082 12100 12078
3 12079 12099 12083
3 12099 12101 12083
3 12080 12081 12082
3 12082 12081 12085
3 12082 12085 12100
3 12100 12085 12103
3 12083 12101 12102
3 12084 12083 12102
3 12086 12084 12104
3 12084 12102 12104
3 12103 12085 12086
3 12104 12103 12086
3 12087 12091 12090
3 12106 12091 12087
3 12106 12087 12105
3 12105 12087 12088
3 12094 12107 12105
3 12094 12105 12089
3 12089 12105 12088
3 12089 12092 12094
3 12091 12096 12095
3 12090 12091 12095
3 12110 12091 12106
3 12096 12091 12110
3 12109 12097 12098
3 12109 12107 12097
3 12093 12097 12094
3 12094 12097 12107
3 12093 12094 12092
3 12098 12113 12109
3 12096 12111 12116
3 12096 12116 12095
3 12095 12116 12099
3 12110 12111 12096
3 12098 12117 12114
3 12098 12097 12117
3 12097 12100 12117
3 12113 12098 12114
3 12099 12116 12101
3 12116 12118 12101
3 12100 12103 12117
3 12117 12103 12120
3 12101 12118 12119
3 12102 12101 12119
3 12104 12102 12121
3 12102 12119 12121
3 12120 12103 12104
3 12121 12120 12104
3 12105 12108 12106
3 12105 12107 12108
3 12108 12112 12110
3 12106 12108 12110
3 12107 12109 12115
3 12107 12115 12108
3 12108 12115 12112
3 12109 12113 12115
3 12111 12122 12124
3 12116 12111 12124
3 12112 12111 12110
3 12112 12123 12111
3 12123 12122 12111
3 12114 12117 12126
3 12114 12126 12112
3 12114 12112 12115
3 12112 12126 12123
3 12113 12114 12115
3 12116 12124 12118
3 12124 12128 12118
3 12117 12120 12126
3 12126 12120 12131
3 12118 12128 12129
3 12119 12118 12129
3 12121 12119 12132
3 12119 12129 12132
3 12131 12120 12121
3 12132 12131 12121
3 12122 12125 12124
3 12122 12123 12127
3 12125 12122 12127
3 12123 12126 12127
3 12125 12130 12128
3 12124 12125 12128
3 12127 12133 12125
3 12133 12130 12125
3 12126 12131 12133
3 12127 12126 12133
3 12128 12130 12129
3 12132 12129 12130
3 12133 12132 12130
3 12131 12132 12133
3 12134 12135 12136
3 12135 12134 12137
3 12134 12136 12138
3 12137 12134 12138
3 12135 12139 12140
3 12136 12135 12140
3 12139 12135 12137
3 12142 12139 12137
3 12136 12140 12143
3 12138 12136 12143
3 12142 12137 12138
3 12143 12142 12138
3 12141 12144 12147
3 12141 12140 12139
3 12141 12139 12144
3 12144 12139 12145
3 12145 12139 12142
3 12150 12145 12142
3 12141 12147 12148
3 12140 12141 12148
3 12140 12148 12143
3 12143 12148 12151
3 12150 12142 12143
3 12151 12150 12143
3 12146 12153 12154
3 12153 12146 12155
3 12144 12149 12147
3 12152 12149 12144
3 12152 12144 12145
3 12146 12154 12156
3 12146 12156 12155
3 12145 12150 12152
3 12147 12149 12148
3 12151 12148 12149
3 12152 12151 12149
3 12150 12151 12152
3 12153 12157 12154
3 12153 12155 12157
3 12154 12157 12156
3 12155 12156 12157
3 12158 12159 12160
3 12159 12158 12161
3 12158 12160 12162
3 12161 12158 12162
3 12159 12164 12167
3 12160 12159 12167
3 12161 12163 12165
3 12161 12165 12159
3 12159 12165 12164
3 12165 12163 12170
3 12160 12167 12168
3 12162 12160 12168
3 12163 12161 12162
3 12163 12162 12171
3 12171 12162 12168
3 12170 12163 12171
3 12166 12173 12174
3 12173 12166 12175
3 12164 12169 12167
3 12172 12169 12164
3 12172 12164 12165
3 12166 12174 12176
3 12166 12176 12175
3 12165 12170 12172
3 12167 12169 12168
3 12171 12168 12169
3 12172 12171 12169
3 12170 12171 12172
3 12173 12177 12174
3 12173 12175 12177
3 12174 12177 12176
3 12175 12176 12177
3 12178 12180 12182
3 12178 12179 12181
3 12180 12178 12181
3 12181 12179 12185
3 12178 12182 12183
3 12179 12178 12183
3 12186 12179 12183
3 12185 12179 12186
3 12180 12184 12182
3 12188 12184 12180
3 12188 12180 12187
3 12187 12180 12181
3 12187 12181 12185
3 12189 12187 12185
3 12182 12184 12183
3 12184 12188 12190
3 12184 12190 12183
3 12183 12190 12186
3 12189 12185 12186
3 12190 12189 12186
3 12187 12191 12188
3 12187 12189 12191
3 12188 12191 12190
3 12189 12190 12191
3 12192 12194 12198
3 12194 12192 12199
3 12192 12198 12200
3 12199 12192 12200
3 12193 12213 12216
3 12213 12193 12219
3 12195 12214 12220
3 12195 12196 12217
3 12214 12195 12217
3 12216 12217 12196
3 12216 12196 12193
3 12193 12196 12197
3 12221 12219 12193
3 12197 12221 12193
3 12194 12195 12220
3 12194 12220 12198
3 12198 12220 12222
3 12199 12195 12194
3 12199 12201 12195
3 12201 12196 12195
3 12197 12196 12202
3 12202 12196 12201
3 12226 12221 12197
3 12202 12226 12197
3 12198 12222 12223
3 12200 12198 12223
3 12201 12199 12200
3 12201 12200 12225
3 12225 12200 12223
3 12202 12201 12225
3 12227 12202 12225
3 12226 12202 12227
3 12203 12230 12237
3 12203 12204 12231
3 12230 12203 12231
3 12231 12204 12238
3 12205 12203 12237
3 12244 12205 12237
3 12204 12203 12206
3 12206 12203 12205
3 12239 12238 12204
3 12239 12204 12207
3 12207 12204 12206
3 12239 12207 12245
3 12208 12205 12244
3 12250 12208 12244
3 12206 12205 12209
3 12209 12205 12208
3 12207 12206 12210
3 12210 12206 12209
3 12246 12245 12207
3 12246 12207 12211
3 12211 12207 12210
3 12246 12211 12253
3 12208 12250 12251
3 12209 12208 12251
3 12252 12209 12251
3 12252 12258 12212
3 12252 12212 12209
3 12209 12212 12210
3 12260 12254 12211
3 12260 12211 12212
3 12212 12211 12210
3 12253 12211 12254
3 12212 12258 12261
3 12260 12212 12261
3 12215 12263 12266
3 12215 12218 12264
3 12263 12215 12264
3 12218 12216 12213
3 12218 12213 12264
3 12264 12213 12265
3 12265 12213 12219
3 12269 12265 12219
3 12214 12215 12266
3 12214 12266 12220
3 12220 12266 12271
3 12217 12215 12214
3 12218 12215 12217
3 12216 12218 12217
3 12219 12221 12269
3 12269 12221 12274
3 12272 12224 12222
3 12272 12222 12271
3 12271 12222 12220
3 12272 12278 12224
3 12276 12226 12228
3 12276 12274 12226
3 12274 12221 12226
3 12228 12229 12277
3 12276 12228 12277
3 12277 12229 12280
3 12222 12224 12223
3 12224 12225 12223
3 12224 12283 12225
3 12224 12278 12283
3 12283 12232 12225
3 12225 12233 12227
3 12232 12233 12225
3 12227 12228 12226
3 12227 12233 12228
3 12233 12234 12228
3 12229 12228 12235
3 12235 12228 12234
3 12281 12280 12229
3 12281 12229 12236
3 12236 12229 12235
3 12281 12236 12285
3 12230 12284 12286
3 12237 12230 12286
3 12283 12231 12232
3 12283 12284 12231
3 12284 12230 12231
3 12238 12232 12231
3 12238 12240 12232
3 12240 12233 12232
3 12234 12233 12241
3 12241 12233 12240
3 12235 12234 12242
3 12242 12234 12241
3 12236 12235 12243
3 12243 12235 12242
3 12287 12285 12236
3 12243 12287 12236
3 12237 12286 12244
3 12286 12288 12244
3 12238 12239 12240
3 12245 12240 12239
3 12245 12247 12240
3 12247 12241 12240
3 12242 12241 12248
3 12248 12241 12247
3 12243 12242 12249
3 12249 12242 12248
3 12289 12287 12243
3 12249 12289 12243
3 12244 12288 12250
3 12288 12290 12250
3 12245 12246 12247
3 12253 12247 12246
3 12253 12255 12247
3 12255 12248 12247
3 12249 12248 12256
3 12256 12248 12255
3 12292 12289 12249
3 12256 12292 12249
3 12257 12251 12250
3 12257 12250 12295
3 12295 12250 12290
3 12251 12259 12252
3 12257 12259 12251
3 12252 12259 12258
3 12254 12260 12262
3 12254 12262 12300
3 12253 12254 12300
3 12253 12300 12291
3 12253 12291 12255
3 12256 12255 12291
3 12293 12256 12291
3 12292 12256 12293
3 12257 12295 12296
3 12259 12257 12296
3 12298 12259 12296
3 12258 12259 12298
3 12258 12298 12261
3 12261 12298 12299
3 12262 12260 12261
3 12262 12261 12301
3 12301 12261 12299
3 12300 12262 12301
3 12263 12267 12266
3 12263 12264 12268
3 12267 12263 12268
3 12264 12265 12270
3 12268 12264 12270
3 12265 12269 12270
3 12267 12302 12303
3 12267 12303 12266
3 12266 12303 12271
3 12302 12273 12304
3 12302 12267 12273
3 12267 12268 12273
3 12270 12275 12268
3 12275 12273 12268
3 12269 12274 12275
3 12270 12269 12275
3 12271 12303 12305
3 12272 12271 12305
3 12305 12273 12272
3 12305 12304 12273
3 12272 12273 12278
3 12307 12311 12273
3 12278 12273 12311
3 12275 12307 12273
3 12308 12307 12275
3 12279 12312 12308
3 12276 12279 12308
3 12276 12308 12275
3 12276 12275 12274
3 12313 12279 12276
3 12313 12276 12309
3 12309 12276 12277
3 12280 12282 12310
3 12280 12310 12277
3 12277 12310 12309
3 12310 12282 12317
3 12278 12311 12283
3 12311 12319 12283
3 12279 12314 12312
3 12313 12314 12279
3 12280 12281 12282
3 12282 12281 12285
3 12282 12285 12317
3 12317 12285 12323
3 12284 12320 12324
3 12286 12284 12324
3 12319 12284 12283
3 12320 12284 12319
3 12285 12287 12323
3 12323 12287 12329
3 12286 12324 12288
3 12324 12331 12288
3 12287 12289 12329
3 12329 12289 12336
3 12288 12331 12290
3 12331 12338 12290
3 12294 12344 12337
3 12294 12337 12336
3 12294 12336 12292
3 12292 12336 12289
3 12339 12297 12295
3 12339 12295 12338
3 12338 12295 12290
3 12339 12347 12297
3 12291 12352 12345
3 12300 12352 12291
3 12344 12294 12293
3 12344 12293 12345
3 12345 12293 12291
3 12292 12293 12294
3 12295 12297 12296
3 12297 12347 12348
3 12297 12348 12296
3 12296 12348 12298
3 12299 12298 12350
3 12298 12348 12350
3 12301 12299 12353
3 12299 12350 12353
3 12352 12300 12301
3 12353 12352 12301
3 12302 12306 12303
3 12302 12304 12306
3 12303 12306 12305
3 12307 12355 12358
3 12307 12358 12311
3 12305 12306 12304
3 12308 12356 12307
3 12307 12356 12355
3 12312 12315 12357
3 12312 12357 12308
3 12308 12357 12356
3 12316 12313 12309
3 12363 12357 12315
3 12309 12310 12318
3 12316 12309 12318
3 12310 12317 12318
3 12359 12321 12319
3 12359 12319 12358
3 12358 12319 12311
3 12321 12361 12322
3 12359 12361 12321
3 12312 12314 12315
3 12322 12361 12367
3 12315 12365 12363
3 12315 12314 12365
3 12316 12365 12313
3 12313 12365 12314
3 12318 12365 12316
3 12366 12365 12318
3 12366 12318 12317
3 12366 12317 12371
3 12371 12317 12323
3 12320 12325 12324
3 12320 12319 12321
3 12320 12321 12325
3 12325 12321 12326
3 12322 12327 12321
3 12327 12326 12321
3 12368 12322 12367
3 12368 12328 12322
3 12328 12327 12322
3 12368 12375 12328
3 12373 12329 12330
3 12373 12371 12329
3 12371 12323 12329
3 12373 12330 12379
3 12325 12374 12382
3 12325 12382 12324
3 12324 12382 12331
3 12374 12332 12383
3 12374 12325 12332
3 12325 12326 12332
3 12327 12333 12326
3 12333 12332 12326
3 12328 12334 12327
3 12334 12333 12327
3 12376 12328 12375
3 12376 12335 12328
3 12335 12334 12328
3 12376 12386 12335
3 12330 12387 12380
3 12330 12329 12387
3 12329 12336 12387
3 12379 12330 12380
3 12384 12340 12338
3 12384 12338 12382
3 12382 12338 12331
3 12383 12340 12384
3 12383 12332 12340
3 12332 12341 12340
3 12333 12342 12332
3 12342 12341 12332
3 12334 12343 12333
3 12343 12342 12333
3 12335 12346 12334
3 12346 12343 12334
3 12344 12388 12337
3 12344 12335 12388
3 12344 12346 12335
3 12386 12388 12335
3 12387 12336 12337
3 12388 12387 12337
3 12338 12340 12339
3 12347 12339 12340
3 12347 12340 12349
3 12349 12340 12341
3 12342 12351 12341
3 12351 12349 12341
3 12343 12354 12342
3 12354 12351 12342
3 12345 12352 12354
3 12345 12354 12346
3 12346 12354 12343
3 12344 12345 12346
3 12347 12349 12348
3 12350 12348 12349
3 12351 12350 12349
3 12353 12350 12351
3 12354 12353 12351
3 12352 12353 12354
3 12355 12360 12358
3 12355 12356 12362
3 12360 12355 12362
3 12356 12357 12364
3 12362 12356 12364
3 12357 12363 12364
3 12358 12360 12359
3 12361 12359 12360
3 12362 12361 12360
3 12367 12361 12362
3 12367 12362 12369
3 12369 12362 12364
3 12363 12365 12370
3 12363 12370 12364
3 12364 12370 12369
3 12365 12366 12372
3 12370 12365 12372
3 12366 12371 12372
3 12367 12369 12368
3 12375 12368 12369
3 12375 12369 12377
3 12377 12369 12370
3 12372 12378 12370
3 12378 12377 12370
3 12371 12373 12381
3 12371 12381 12372
3 12372 12381 12378
3 12373 12379 12381
3 12374 12398 12400
3 12382 12374 12400
3 12383 12385 12399
3 12383 12399 12374
3 12374 12399 12398
3 12399 12385 12401
3 12375 12377 12376
3 12386 12376 12377
3 12386 12377 12389
3 12389 12377 12378
3 12380 12387 12389
3 12380 12389 12381
3 12381 12389 12378
3 12379 12380 12381
3 12390 12384 12382
3 12390 12382 12404
3 12404 12382 12400
3 12384 12385 12383
3 12384 12390 12385
3 12390 12391 12385
3 12402 12401 12385
3 12402 12385 12392
3 12392 12385 12391
3 12402 12392 12405
3 12386 12389 12388
3 12387 12388 12389
3 12393 12390 12404
3 12407 12393 12404
3 12391 12390 12394
3 12394 12390 12393
3 12392 12391 12395
3 12395 12391 12394
3 12409 12405 12392
3 12395 12409 12392
3 12393 12407 12408
3 12408 12411 12396
3 12408 12396 12393
3 12393 12396 12394
3 12395 12394 12397
3 12397 12394 12396
3 12414 12409 12395
3 12397 12414 12395
3 12396 12411 12412
3 12397 12396 12412
3 12415 12397 12412
3 12414 12397 12415
3 12398 12417 12420
3 12400 12398 12420
3 12399 12418 12398
3 12398 12418 12417
3 12401 12403 12419
3 12401 12419 12399
3 12399 12419 12418
3 12419 12403 12422
3 12400 12420 12404
3 12420 12426 12404
3 12401 12402 12403
3 12405 12406 12424
3 12402 12405 12424
3 12402 12424 12422
3 12402 12422 12403
3 12424 12406 12427
3 12404 12426 12407
3 12426 12429 12407
3 12406 12409 12410
3 12405 12409 12406
3 12432 12427 12406
3 12410 12432 12406
3 12407 12429 12430
3 12408 12407 12430
3 12411 12431 12413
3 12411 12408 12431
3 12408 12430 12431
3 12431 12433 12413
3 12410 12414 12416
3 12409 12414 12410
3 12436 12432 12410
3 12416 12436 12410
3 12411 12413 12412
3 12413 12433 12434
3 12413 12434 12412
3 12412 12434 12415
3 12416 12414 12415
3 12416 12415 12437
3 12437 12415 12434
3 12436 12416 12437
3 12417 12439 12441
3 12420 12417 12441
3 12421 12442 12439
3 12421 12439 12418
3 12418 12439 12417
3 12418 12419 12423
3 12421 12418 12423
3 12422 12423 12419
3 12425 12440 12445
3 12440 12425 12447
3 12420 12441 12426
3 12441 12450 12426
3 12421 12444 12442
3 12423 12444 12421
3 12446 12444 12423
3 12445 12424 12425
3 12445 12446 12424
3 12422 12424 12423
3 12423 12424 12446
3 12427 12428 12449
3 12424 12427 12449
3 12424 12449 12447
3 12424 12447 12425
3 12449 12428 12452
3 12426 12450 12429
3 12450 12455 12429
3 12428 12462 12453
3 12428 12427 12462
3 12427 12432 12462
3 12452 12428 12453
3 12429 12455 12456
3 12430 12429 12456
3 12431 12430 12458
3 12430 12456 12458
3 12433 12460 12435
3 12433 12431 12460
3 12431 12458 12460
3 12435 12463 12438
3 12460 12463 12435
3 12438 12463 12462
3 12438 12462 12436
3 12436 12462 12432
3 12433 12435 12434
3 12437 12434 12435
3 12438 12437 12435
3 12436 12437 12438
3 12439 12443 12441
3 12439 12442 12443
3 12440 12448 12445
3 12440 12447 12448
3 12443 12451 12450
3 12441 12443 12450
3 12442 12451 12443
3 12442 12465 12451
3 12442 12444 12465
3 12465 12468 12451
3 12446 12466 12444
3 12444 12466 12465
3 12448 12446 12445
3 12448 12467 12446
3 12467 12466 12446
3 12454 12473 12467
3 12449 12454 12467
3 12449 12467 12448
3 12449 12448 12447
3 12449 12452 12454
3 12451 12457 12455
3 12450 12451 12455
3 12469 12451 12468
3 12469 12459 12451
3 12459 12457 12451
3 12459 12471 12461
3 12469 12471 12459
3 12461 12474 12464
3 12471 12474 12461
3 12473 12464 12474
3 12454 12464 12473
3 12454 12462 12464
3 12454 12453 12462
3 12452 12453 12454
3 12455 12457 12456
3 12458 12456 12457
3 12459 12458 12457
3 12460 12458 12459
3 12461 12460 12459
3 12463 12460 12461
3 12464 12463 12461
3 12462 12463 12464
3 12465 12470 12468
3 12465 12466 12472
3 12470 12465 12472
3 12466 12467 12475
3 12472 12466 12475
3 12467 12473 12475
3 12468 12470 12469
3 12471 12469 12470
3 12472 12471 12470
3 12474 12471 12472
3 12475 12474 12472
3 12473 12474 12475
3 12476 12477 12478
3 12477 12476 12479
3 12476 12478 12480
3 12479 12476 12480
3 12477 12481 12478
3 12477 12479 12481
3 12481 12480 12478
3 12483 12485 12482
3 12480 12481 12479
3 12482 12486 12483
3 12482 12485 12487
3 12486 12482 12487
3 12484 12504 12505
3 12504 12484 12506
3 12483 12484 12505
3 12483 12505 12485
3 12485 12505 12511
3 12486 12488 12507
3 12483 12486 12507
3 12483 12507 12506
3 12483 12506 12484
3 12488 12489 12509
3 12507 12488 12509
3 12509 12489 12512
3 12490 12487 12485
3 12490 12485 12516
3 12516 12485 12511
3 12487 12488 12486
3 12487 12490 12488
3 12490 12491 12488
3 12489 12488 12492
3 12492 12488 12491
3 12513 12512 12489
3 12513 12489 12493
3 12493 12489 12492
3 12513 12493 12518
3 12490 12516 12517
3 12517 12522 12494
3 12517 12494 12490
3 12490 12494 12491
3 12492 12491 12495
3 12495 12491 12494
3 12493 12492 12496
3 12496 12492 12495
3 12519 12518 12493
3 12519 12493 12497
3 12497 12493 12496
3 12519 12497 12524
3 12498 12494 12522
3 12526 12498 12522
3 12495 12494 12499
3 12499 12494 12498
3 12496 12495 12500
3 12500 12495 12499
3 12497 12496 12501
3 12501 12496 12500
3 12525 12524 12497
3 12525 12497 12502
3 12502 12497 12501
3 12525 12502 12532
3 12503 12498 12526
3 12535 12503 12526
3 12536 12528 12499
3 12536 12499 12503
3 12503 12499 12498
3 12500 12499 12528
3 12530 12500 12528
3 12501 12500 12530
3 12531 12501 12530
3 12502 12501 12531
3 12533 12502 12531
3 12532 12502 12533
3 12503 12535 12537
3 12536 12503 12537
3 12504 12539 12542
3 12505 12504 12542
3 12506 12508 12540
3 12506 12540 12504
3 12504 12540 12539
3 12508 12510 12541
3 12540 12508 12541
3 12541 12510 12543
3 12505 12542 12511
3 12542 12547 12511
3 12506 12507 12508
3 12509 12508 12507
3 12510 12508 12509
3 12512 12514 12545
3 12509 12512 12545
3 12509 12545 12543
3 12509 12543 12510
3 12514 12515 12546
3 12545 12514 12546
3 12546 12515 12548
3 12511 12547 12516
3 12547 12550 12516
3 12512 12513 12514
3 12518 12514 12513
3 12518 12520 12514
3 12520 12515 12514
3 12549 12548 12515
3 12549 12515 12521
3 12521 12515 12520
3 12549 12521 12554
3 12516 12550 12551
3 12517 12516 12551
3 12522 12552 12523
3 12522 12517 12552
3 12517 12551 12552
3 12552 12557 12523
3 12518 12519 12520
3 12555 12521 12520
3 12555 12520 12524
3 12555 12524 12560
3 12519 12524 12520
3 12554 12521 12555
3 12523 12527 12526
3 12522 12523 12526
3 12558 12523 12557
3 12558 12529 12523
3 12529 12527 12523
3 12558 12562 12529
3 12534 12524 12525
3 12534 12565 12524
3 12565 12560 12524
3 12525 12532 12534
3 12527 12538 12535
3 12526 12527 12535
3 12528 12536 12538
3 12528 12538 12529
3 12529 12538 12527
3 12529 12562 12563
3 12529 12563 12528
3 12528 12563 12530
3 12531 12530 12566
3 12530 12563 12566
3 12565 12534 12533
3 12565 12533 12566
3 12566 12533 12531
3 12532 12533 12534
3 12535 12538 12537
3 12536 12537 12538
3 12539 12568 12570
3 12542 12539 12570
3 12540 12569 12539
3 12539 12569 12568
3 12544 12572 12569
3 12544 12569 12541
3 12541 12569 12540
3 12541 12543 12544
3 12542 12570 12547
3 12570 12577 12547
3 12544 12574 12572
3 12543 12574 12544
3 12543 12545 12574
3 12545 12575 12574
3 12546 12576 12545
3 12545 12576 12575
3 12576 12546 12548
3 12581 12576 12548
3 12547 12577 12550
3 12577 12584 12550
3 12553 12590 12582
3 12549 12556 12553
3 12549 12553 12581
3 12549 12581 12548
3 12582 12581 12553
3 12549 12554 12556
3 12550 12584 12585
3 12551 12550 12585
3 12552 12551 12587
3 12551 12585 12587
3 12557 12589 12559
3 12557 12552 12589
3 12552 12587 12589
3 12589 12591 12559
3 12561 12590 12553
3 12592 12590 12561
3 12555 12560 12561
3 12555 12561 12556
3 12556 12561 12553
3 12554 12555 12556
3 12557 12559 12558
3 12562 12593 12564
3 12558 12593 12562
3 12558 12591 12593
3 12558 12559 12591
3 12592 12564 12593
3 12592 12561 12564
3 12561 12567 12564
3 12560 12565 12567
3 12561 12560 12567
3 12562 12564 12563
3 12566 12563 12564
3 12567 12566 12564
3 12565 12566 12567
3 12568 12571 12570
3 12568 12569 12573
3 12571 12568 12573
3 12569 12572 12573
3 12571 12578 12577
3 12570 12571 12577
3 12596 12573 12595
3 12596 12578 12573
3 12578 12571 12573
3 12579 12597 12595
3 12574 12579 12595
3 12574 12595 12573
3 12574 12573 12572
3 12574 12575 12580
3 12579 12574 12580
3 12575 12576 12583
3 12580 12575 12583
3 12576 12581 12583
3 12578 12586 12584
3 12577 12578 12584
3 12598 12578 12596
3 12598 12588 12578
3 12588 12586 12578
3 12602 12579 12600
3 12602 12588 12579
3 12597 12579 12598
3 12598 12579 12588
3 12580 12600 12579
3 12601 12600 12580
3 12582 12590 12605
3 12582 12605 12580
3 12582 12580 12583
3 12580 12605 12601
3 12581 12582 12583
3 12584 12586 12585
3 12587 12585 12586
3 12588 12587 12586
3 12588 12602 12603
3 12588 12603 12587
3 12587 12603 12589
3 12591 12606 12594
3 12591 12589 12606
3 12589 12603 12606
3 12594 12606 12605
3 12594 12605 12592
3 12592 12605 12590
3 12591 12594 12593
3 12592 12593 12594
3 12595 12599 12596
3 12595 12597 12599
3 12596 12599 12598
3 12597 12598 12599
3 12600 12604 12602
3 12600 12601 12607
3 12604 12600 12607
3 12601 12605 12607
3 12602 12604 12603
3 12606 12603 12604
3 12607 12606 12604
3 12605 12606 12607
3 12608 12612 12613
3 12612 12608 12614
3 12608 12613 12615
3 12616 12619 12609
3 12614 12608 12615
3 12616 12609 12621
3 12610 12620 12623
3 12619 12620 12610
3 12619 12610 12609
3 12609 12610 12611
3 12625 12621 12609
3 12611 12625 12609
3 12610 12623 12624
3 12611 12610 12624
3 12626 12611 12624
3 12625 12611 12626
3 12612 12630 12633
3 12613 12612 12633
3 12614 12617 12631
3 12614 12631 12612
3 12612 12631 12630
3 12617 12618 12632
3 12631 12617 12632
3 12632 12618 12637
3 12613 12633 12634
3 12615 12613 12634
3 12619 12617 12639
3 12619 12616 12617
3 12639 12617 12634
3 12614 12615 12617
3 12634 12617 12615
3 12621 12617 12616
3 12621 12622 12617
3 12622 12618 12617
3 12642 12637 12618
3 12622 12642 12618
3 12620 12640 12644
3 12623 12620 12644
3 12639 12620 12619
3 12640 12620 12639
3 12622 12625 12627
3 12621 12625 12622
3 12649 12642 12622
3 12627 12649 12622
3 12623 12644 12645
3 12624 12623 12645
3 12626 12624 12647
3 12624 12645 12647
3 12627 12625 12626
3 12627 12626 12650
3 12650 12626 12647
3 12652 12654 12628
3 12649 12627 12650
3 12628 12629 12653
3 12652 12628 12653
3 12653 12629 12657
3 12628 12654 12656
3 12629 12628 12656
3 12658 12629 12656
3 12657 12629 12658
3 12630 12635 12633
3 12630 12631 12636
3 12635 12630 12636
3 12631 12632 12638
3 12636 12631 12638
3 12632 12637 12638
3 12633 12635 12634
3 12639 12634 12635
3 12639 12635 12641
3 12641 12635 12636
3 12638 12643 12636
3 12643 12641 12636
3 12637 12642 12643
3 12638 12637 12643
3 12640 12646 12644
3 12640 12639 12641
3 12640 12641 12646
3 12646 12641 12648
3 12643 12651 12641
3 12651 12648 12641
3 12642 12649 12651
3 12643 12642 12651
3 12644 12646 12645
3 12647 12645 12646
3 12648 12647 12646
3 12650 12647 12648
3 12650 12648 12651
3 12660 12662 12655
3 12649 12650 12651
3 12652 12660 12654
3 12652 12661 12660
3 12660 12655 12654
3 12659 12665 12661
3 12659 12661 12653
3 12653 12661 12652
3 12653 12657 12659
3 12655 12662 12663
3 12654 12655 12663
3 12654 12663 12656
3 12656 12663 12666
3 12665 12659 12658
3 12665 12658 12666
3 12666 12658 12656
3 12657 12658 12659
3 12660 12664 12662
3 12660 12661 12667
3 12664 12660 12667
3 12661 12665 12667
3 12662 12664 12663
3 12666 12663 12664
3 12667 12666 12664
3 12665 12666 12667
3 12668 12671 12672
3 12671 12668 12673
3 12668 12672 12674
3 12676 12677 12669
3 12673 12668 12674
3 12676 12669 12678
3 12669 12677 12679
3 12681 12682 12670
3 12678 12669 12679
3 12681 12670 12683
3 12670 12682 12684
3 12683 12670 12684
3 12671 12675 12672
3 12671 12673 12675
3 12672 12675 12674
3 12673 12674 12675
3 12676 12680 12677
3 12676 12678 12680
3 12677 12680 12679
3 12678 12679 12680
3 12681 12685 12682
3 12681 12683 12685
3 12682 12685 12684
3 12683 12684 12685
3 12686 12689 12691
3 12686 12687 12690
3 12689 12686 12690
3 12690 12687 12694
3 12686 12691 12692
3 12692 12695 12688
3 12692 12688 12686
3 12686 12688 12687
3 12696 12694 12687
3 12688 12696 12687
3 12688 12695 12697
3 12696 12688 12697
3 12689 12693 12691
3 12702 12693 12689
3 12702 12689 12701
3 12701 12689 12690
3 12701 12690 12694
3 12703 12701 12694
3 12691 12693 12692
3 12695 12704 12698
3 12692 12704 12695
3 12692 12702 12704
3 12692 12693 12702
3 12706 12707 12699
3 12703 12696 12704
3 12703 12694 12696
3 12696 12698 12704
3 12706 12699 12708
3 12695 12698 12697
3 12707 12709 12700
3 12707 12700 12699
3 12696 12697 12698
3 12710 12708 12699
3 12700 12710 12699
3 12700 12709 12711
3 12710 12700 12711
3 12701 12705 12702
3 12701 12703 12705
3 12702 12705 12704
3 12706 12712 12713
3 12706 12713 12707
3 12704 12705 12703
3 12712 12706 12708
3 12714 12712 12708
3 12707 12713 12709
3 12713 12716 12709
3 12708 12710 12714
3 12714 12710 12717
3 12709 12716 12718
3 12711 12709 12718
3 12717 12710 12711
3 12718 12717 12711
3 12712 12715 12713
3 12712 12714 12715
3 12715 12719 12716
3 12713 12715 12716
3 12714 12717 12719
3 12715 12714 12719
3 12716 12719 12718
3 12717 12718 12719
3 12720 12721 12722
3 12721 12720 12723
3 12720 12722 12724
3 12723 12720 12724
3 12721 12726 12728
3 12722 12721 12728
3 12726 12721 12723
3 12729 12726 12723
3 12725 12724 12722
3 12725 12722 12732
3 12732 12722 12728
3 12724 12725 12733
3 12724 12733 12723
3 12723 12733 12729
3 12725 12732 12734
3 12733 12725 12734
3 12727 12737 12738
3 12737 12727 12739
3 12726 12730 12728
3 12727 12738 12740
3 12726 12729 12730
3 12740 12739 12727
3 12731 12742 12743
3 12742 12731 12744
3 12730 12735 12732
3 12728 12730 12732
3 12729 12733 12730
3 12733 12735 12730
3 12743 12736 12731
3 12743 12745 12736
3 12746 12744 12731
3 12736 12746 12731
3 12732 12735 12734
3 12736 12745 12747
3 12733 12734 12735
3 12746 12736 12747
3 12737 12741 12738
3 12737 12739 12741
3 12738 12741 12740
3 12742 12748 12749
3 12742 12749 12743
3 12740 12741 12739
3 12748 12742 12744
3 12750 12748 12744
3 12743 12749 12745
3 12749 12751 12745
3 12744 12746 12750
3 12750 12746 12752
3 12745 12751 12753
3 12747 12745 12753
3 12752 12746 12747
3 12753 12752 12747
3 12748 12755 12756
3 12749 12748 12756
3 12755 12748 12750
3 12757 12755 12750
3 12758 12754 12751
3 12758 12751 12756
3 12756 12751 12749
3 12754 12758 12757
3 12754 12757 12752
3 12752 12757 12750
3 12751 12754 12753
3 12752 12753 12754
3 12755 12759 12756
3 12755 12757 12759
3 12756 12759 12758
3 12757 12758 12759
3 12760 12761 12763
3 12761 12760 12764
3 12760 12763 12765
3 12764 12760 12765
3 12762 12767 12768
3 12767 12762 12769
3 12761 12766 12763
3 12762 12768 12770
3 12764 12766 12761
3 12769 12762 12770
3 12763 12766 12765
3 12764 12765 12766
3 12767 12771 12772
3 12768 12767 12772
3 12771 12767 12769
3 12773 12771 12769
3 12768 12772 12774
3 12770 12768 12774
3 12773 12769 12770
3 12774 12773 12770
3 12771 12775 12772
3 12771 12773 12775
3 12772 12775 12774
3 12773 12774 12775
3 12776 12777 12778
3 12777 12776 12779
3 12776 12778 12780
3 12779 12776 12780
3 12777 12781 12778
3 12777 12779 12781
3 12778 12781 12780
3 12779 12780 12781
3 12782 12783 12784
3 12783 12782 12785
3 12782 12784 12786
3 12785 12782 12786
3 12783 12787 12784
3 12785 12787 12783
3 12788 12789 12790
3 12789 12788 12791
3 12784 12787 12786
3 12788 12790 12792
3 12785 12786 12787
3 12791 12788 12792
3 12789 12793 12790
3 12789 12791 12793
3 12790 12793 12792
3 12791 12792 12793
3 12794 12795 12796
3 12795 12794 12797
3 12794 12796 12798
3 12797 12794 12798
3 12795 12799 12796
3 12795 12797 12799
3 12796 12799 12798
3 12797 12798 12799
3 12800 12808 12811
3 12808 12800 12812
3 12800 12811 12813
3 12812 12800 12813
3 12801 12816 12817
3 12816 12801 12819
3 12802 12818 12821
3 12817 12818 12802
3 12817 12802 12801
3 12801 12802 12803
3 12820 12819 12801
3 12820 12801 12804
3 12804 12801 12803
3 12820 12804 12824
3 12802 12821 12822
3 12822 12825 12805
3 12822 12805 12802
3 12802 12805 12803
3 12804 12803 12806
3 12806 12803 12805
3 12828 12824 12804
3 12806 12828 12804
3 12805 12825 12826
3 12826 12830 12807
3 12826 12807 12805
3 12805 12807 12806
3 12832 12828 12806
3 12807 12832 12806
3 12809 12831 12834
3 12830 12831 12809
3 12830 12809 12807
3 12807 12809 12810
3 12837 12832 12807
3 12810 12837 12807
3 12808 12814 12811
3 12809 12834 12835
3 12812 12814 12808
3 12815 12809 12839
3 12815 12810 12809
3 12809 12835 12839
3 12840 12837 12810
3 12815 12840 12810
3 12811 12814 12813
3 12815 12839 12841
3 12812 12813 12814
3 12840 12815 12841
3 12816 12843 12844
3 12817 12816 12844
3 12843 12816 12819
3 12845 12843 12819
3 12818 12823 12821
3 12818 12848 12823
3 12818 12817 12848
3 12817 12844 12848
3 12819 12847 12845
3 12820 12847 12819
3 12847 12820 12824
3 12850 12847 12824
3 12821 12823 12822
3 12825 12849 12827
3 12822 12849 12825
3 12822 12848 12849
3 12822 12823 12848
3 12849 12852 12827
3 12851 12828 12829
3 12851 12850 12828
3 12850 12824 12828
3 12851 12829 12853
3 12825 12827 12826
3 12827 12830 12826
3 12827 12852 12830
3 12852 12855 12830
3 12829 12832 12833
3 12828 12832 12829
3 12856 12853 12829
3 12833 12856 12829
3 12831 12836 12834
3 12831 12858 12836
3 12831 12830 12858
3 12830 12855 12858
3 12833 12837 12838
3 12832 12837 12833
3 12861 12856 12833
3 12838 12861 12833
3 12834 12836 12835
3 12839 12859 12842
3 12835 12859 12839
3 12835 12858 12859
3 12835 12836 12858
3 12838 12859 12862
3 12838 12840 12859
3 12838 12837 12840
3 12840 12842 12859
3 12861 12838 12862
3 12839 12842 12841
3 12840 12841 12842
3 12843 12846 12844
3 12843 12845 12846
3 12846 12864 12866
3 12846 12866 12844
3 12844 12866 12848
3 12845 12864 12846
3 12845 12847 12864
3 12847 12865 12864
3 12865 12847 12850
3 12869 12865 12850
3 12848 12866 12867
3 12849 12848 12867
3 12867 12852 12849
3 12871 12852 12867
3 12854 12850 12851
3 12854 12872 12850
3 12872 12869 12850
3 12851 12853 12854
3 12852 12871 12855
3 12871 12874 12855
3 12857 12872 12854
3 12875 12872 12857
3 12853 12856 12857
3 12854 12853 12857
3 12876 12860 12858
3 12876 12858 12874
3 12874 12858 12855
3 12875 12860 12876
3 12875 12857 12860
3 12857 12863 12860
3 12856 12861 12863
3 12857 12856 12863
3 12858 12860 12859
3 12862 12859 12860
3 12863 12862 12860
3 12861 12862 12863
3 12864 12868 12866
3 12864 12865 12870
3 12868 12864 12870
3 12865 12869 12870
3 12866 12868 12867
3 12871 12867 12868
3 12871 12868 12873
3 12873 12868 12870
3 12869 12872 12873
3 12870 12869 12873
3 12873 12877 12874
3 12871 12873 12874
3 12872 12875 12877
3 12873 12872 12877
3 12874 12877 12876
3 12875 12876 12877
3 12878 12882 12883
3 12882 12878 12884
3 12878 12883 12885
3 12884 12878 12885
3 12879 12889 12891
3 12889 12879 12893
3 12880 12879 12891
3 12894 12880 12891
3 12896 12893 12879
3 12880 12896 12879
3 12881 12880 12894
3 12898 12881 12894
3 12899 12896 12880
3 12881 12899 12880
3 12881 12898 12900
3 12899 12881 12900
3 12882 12901 12903
3 12883 12882 12903
3 12884 12886 12902
3 12884 12902 12882
3 12882 12902 12901
3 12902 12886 12905
3 12887 12885 12883
3 12887 12883 12908
3 12908 12883 12903
3 12885 12886 12884
3 12885 12887 12886
3 12887 12888 12886
3 12907 12905 12886
3 12907 12886 12890
3 12890 12886 12888
3 12907 12890 12911
3 12887 12908 12909
3 12909 12913 12892
3 12909 12892 12887
3 12887 12892 12888
3 12889 12892 12891
3 12889 12890 12892
3 12890 12888 12892
3 12890 12889 12893
3 12890 12893 12911
3 12911 12893 12914
3 12895 12892 12913
3 12916 12895 12913
3 12891 12895 12894
3 12892 12895 12891
3 12915 12896 12897
3 12915 12914 12896
3 12914 12893 12896
3 12915 12897 12918
3 12895 12916 12917
3 12917 12894 12895
3 12917 12920 12894
3 12920 12898 12894
3 12897 12921 12919
3 12897 12896 12921
3 12896 12899 12921
3 12918 12897 12919
3 12898 12920 12922
3 12900 12898 12922
3 12921 12899 12900
3 12922 12921 12900
3 12901 12904 12903
3 12901 12902 12906
3 12904 12901 12906
3 12902 12905 12906
3 12904 12910 12908
3 12903 12904 12908
3 12924 12906 12923
3 12924 12910 12906
3 12910 12904 12906
3 12912 12925 12923
3 12907 12912 12923
3 12907 12923 12906
3 12907 12906 12905
3 12907 12911 12912
3 12908 12910 12909
3 12910 12913 12909
3 12910 12924 12913
3 12924 12928 12913
3 12912 12927 12925
3 12927 12912 12911
3 12927 12911 12930
3 12930 12911 12914
3 12913 12928 12916
3 12928 12933 12916
3 12914 12932 12930
3 12915 12932 12914
3 12932 12915 12918
3 12937 12932 12918
3 12916 12933 12934
3 12917 12916 12934
3 12934 12920 12917
3 12940 12920 12934
3 12919 12941 12938
3 12921 12941 12919
3 12937 12918 12919
3 12938 12937 12919
3 12920 12940 12942
3 12922 12920 12942
3 12941 12921 12922
3 12942 12941 12922
3 12923 12926 12924
3 12923 12925 12926
3 12926 12929 12928
3 12924 12926 12928
3 12925 12927 12931
3 12925 12931 12926
3 12926 12931 12929
3 12927 12930 12931
3 12929 12935 12933
3 12928 12929 12933
3 12931 12936 12929
3 12936 12935 12929
3 12930 12932 12939
3 12930 12939 12931
3 12931 12939 12936
3 12932 12937 12939
3 12933 12935 12934
3 12940 12934 12935
3 12940 12935 12943
3 12943 12935 12936
3 12938 12941 12943
3 12938 12943 12939
3 12939 12943 12936
3 12937 12938 12939
3 12940 12943 12942
3 12941 12942 12943
3 12944 12948 12950
3 12944 12945 12949
3 12948 12944 12949
3 12949 12945 12953
3 12944 12950 12951
3 12951 12954 12946
3 12951 12946 12944
3 12944 12946 12945
3 12955 12953 12945
3 12946 12955 12945
3 12947 12946 12954
3 12956 12947 12954
3 12957 12955 12946
3 12947 12957 12946
3 12947 12956 12958
3 12957 12947 12958
3 12948 12952 12950
3 12960 12952 12948
3 12960 12948 12959
3 12959 12948 12949
3 12959 12949 12953
3 12961 12959 12953
3 12950 12952 12951
3 12952 12954 12951
3 12952 12960 12954
3 12960 12962 12954
3 12953 12955 12961
3 12961 12955 12963
3 12954 12962 12956
3 12962 12964 12956
3 12955 12957 12963
3 12963 12957 12965
3 12956 12964 12966
3 12958 12956 12966
3 12965 12957 12958
3 12966 12965 12958
3 12959 12967 12968
3 12960 12959 12968
3 12967 12959 12961
3 12969 12967 12961
3 12960 12968 12962
3 12968 12971 12962
3 12961 12963 12969
3 12969 12963 12972
3 12962 12971 12964
3 12971 12974 12964
3 12963 12965 12972
3 12972 12965 12975
3 12964 12974 12976
3 12966 12964 12976
3 12975 12965 12966
3 12976 12975 12966
3 12967 12970 12968
3 12967 12969 12970
3 12970 12973 12971
3 12968 12970 12971
3 12969 12972 12973
3 12970 12969 12973
3 12973 12977 12974
3 12971 12973 12974
3 12972 12975 12977
3 12973 12972 12977
3 12974 12977 12976
3 12975 12976 12977
3 12978 12988 12991
3 12978 12979 12990
3 12988 12978 12990
3 12990 12979 12992
3 12980 12978 12991
3 12995 12980 12991
3 12979 12978 12981
3 12981 12978 12980
3 12994 12992 12979
3 12994 12979 12982
3 12982 12979 12981
3 12994 12982 13000
3 12980 12995 12996
3 12981 12980 12996
3 12998 12981 12996
3 12998 13001 12983
3 12998 12983 12981
3 12981 12983 12982
3 13002 13000 12982
3 12983 13002 12982
3 12983 13001 13003
3 13005 13009 12984
3 13002 12983 13003
3 13005 12984 13010
3 12985 13006 13011
3 12985 12986 13008
3 13006 12985 13008
3 13008 12986 13013
3 12987 12984 13009
3 13015 12987 13009
3 13017 13010 12984
3 12987 13017 12984
3 12985 13011 13012
3 12986 12985 13012
3 13014 12986 13012
3 13013 12986 13014
3 12987 13015 13018
3 13017 12987 13018
3 12989 13020 13021
3 13020 12989 13022
3 12988 12989 13021
3 12988 13021 12991
3 12991 13021 13024
3 12989 12988 12990
3 12989 12990 13025
3 12989 13025 13022
3 13025 12990 12993
3 12990 12992 12993
3 13026 12997 12995
3 13026 12995 13024
3 13024 12995 12991
3 13025 12997 13026
3 13025 12993 12997
3 12993 12999 12997
3 12992 12999 12993
3 12992 13027 12999
3 12992 12994 13027
3 13027 13029 12999
3 13027 12994 13000
3 13030 13027 13000
3 12995 12997 12996
3 12998 12996 12997
3 12999 12998 12997
3 13001 13031 13004
3 12998 13031 13001
3 12998 13029 13031
3 12998 12999 13029
3 13004 13031 13030
3 13004 13030 13002
3 13002 13030 13000
3 13007 13033 13037
3 13033 13007 13038
3 13001 13004 13003
3 13005 13034 13040
3 13005 13040 13009
3 13003 13004 13002
3 13034 13005 13010
3 13042 13034 13010
3 13006 13007 13037
3 13006 13037 13011
3 13011 13037 13046
3 13007 13039 13038
3 13007 13006 13039
3 13006 13008 13039
3 13013 13016 13041
3 13013 13041 13008
3 13008 13041 13039
3 13016 13040 13041
3 13016 13015 13040
3 13015 13009 13040
3 13044 13017 13019
3 13044 13042 13017
3 13042 13010 13017
3 13044 13019 13051
3 13011 13046 13047
3 13012 13011 13047
3 13014 13012 13048
3 13012 13047 13048
3 13016 13013 13014
3 13016 13014 13049
3 13049 13014 13048
3 13015 13016 13049
3 13015 13049 13018
3 13018 13049 13050
3 13019 13017 13018
3 13019 13018 13052
3 13052 13018 13050
3 13051 13019 13052
3 13020 13053 13056
3 13021 13020 13056
3 13022 13023 13055
3 13022 13055 13020
3 13020 13055 13053
3 13055 13023 13057
3 13021 13056 13024
3 13056 13062 13024
3 13023 13063 13058
3 13023 13022 13063
3 13022 13025 13063
3 13059 13065 13028
3 13057 13023 13058
3 13059 13028 13067
3 13024 13062 13064
3 13026 13024 13064
3 13063 13025 13026
3 13064 13063 13026
3 13027 13028 13065
3 13027 13065 13029
3 13029 13065 13071
3 13030 13032 13068
3 13027 13030 13068
3 13027 13068 13067
3 13027 13067 13028
3 13068 13032 13074
3 13029 13071 13073
3 13031 13029 13073
3 13030 13031 13073
3 13030 13073 13035
3 13030 13035 13032
3 13079 13035 13073
3 13075 13074 13032
3 13075 13032 13036
3 13036 13032 13035
3 13075 13036 13082
3 13033 13077 13083
3 13037 13033 13083
3 13077 13033 13038
3 13084 13077 13038
3 13034 13043 13040
3 13035 13079 13081
3 13042 13043 13034
3 13045 13035 13089
3 13045 13036 13035
3 13035 13081 13089
3 13091 13082 13036
3 13045 13091 13036
3 13037 13083 13046
3 13083 13093 13046
3 13038 13085 13084
3 13039 13085 13038
3 13041 13087 13039
3 13039 13087 13085
3 13043 13041 13040
3 13043 13090 13041
3 13090 13087 13041
3 13089 13044 13045
3 13089 13090 13044
3 13042 13044 13043
3 13043 13044 13090
3 13045 13044 13051
3 13045 13051 13091
3 13091 13051 13098
3 13046 13093 13094
3 13047 13046 13094
3 13048 13047 13095
3 13047 13094 13095
3 13049 13048 13096
3 13048 13095 13096
3 13050 13049 13097
3 13049 13096 13097
3 13052 13050 13099
3 13050 13097 13099
3 13098 13051 13052
3 13099 13098 13052
3 13054 13101 13102
3 13101 13054 13103
3 13053 13054 13102
3 13053 13102 13056
3 13056 13102 13107
3 13054 13104 13103
3 13054 13053 13104
3 13053 13055 13104
3 13057 13060 13105
3 13057 13105 13055
3 13055 13105 13104
3 13060 13061 13106
3 13105 13060 13106
3 13106 13061 13108
3 13056 13107 13062
3 13107 13110 13062
3 13058 13063 13066
3 13058 13060 13057
3 13058 13066 13060
3 13059 13060 13065
3 13065 13060 13066
3 13067 13060 13059
3 13067 13069 13060
3 13069 13061 13060
3 13109 13108 13061
3 13109 13061 13070
3 13070 13061 13069
3 13109 13070 13112
3 13062 13110 13111
3 13064 13062 13111
3 13063 13064 13111
3 13063 13111 13072
3 13063 13072 13066
3 13113 13072 13111
3 13065 13072 13071
3 13066 13072 13065
3 13067 13068 13069
3 13074 13069 13068
3 13074 13076 13069
3 13076 13070 13069
3 13115 13112 13070
3 13076 13115 13070
3 13078 13072 13113
3 13116 13078 13113
3 13071 13080 13073
3 13071 13072 13080
3 13072 13078 13080
3 13073 13080 13079
3 13074 13075 13076
3 13076 13075 13082
3 13076 13082 13115
3 13115 13082 13120
3 13077 13117 13123
3 13083 13077 13123
3 13084 13086 13078
3 13084 13078 13117
3 13084 13117 13077
3 13117 13078 13116
3 13080 13078 13088
3 13088 13078 13086
3 13079 13080 13088
3 13079 13088 13119
3 13079 13119 13081
3 13119 13088 13124
3 13119 13089 13081
3 13125 13089 13119
3 13121 13091 13092
3 13121 13120 13091
3 13120 13082 13091
3 13121 13092 13129
3 13083 13123 13093
3 13123 13132 13093
3 13084 13085 13086
3 13087 13086 13085
3 13088 13086 13087
3 13088 13126 13124
3 13088 13087 13126
3 13087 13090 13126
3 13125 13100 13089
3 13125 13127 13100
3 13089 13100 13090
3 13136 13126 13100
3 13090 13100 13126
3 13092 13127 13130
3 13092 13098 13127
3 13092 13091 13098
3 13098 13100 13127
3 13129 13092 13130
3 13093 13132 13133
3 13094 13093 13133
3 13095 13094 13134
3 13094 13133 13134
3 13096 13095 13135
3 13095 13134 13135
3 13097 13096 13137
3 13096 13135 13137
3 13136 13100 13099
3 13136 13099 13137
3 13137 13099 13097
3 13098 13099 13100
3 13101 13139 13140
3 13102 13101 13140
3 13139 13101 13103
3 13141 13139 13103
3 13102 13140 13107
3 13140 13146 13107
3 13103 13143 13141
3 13104 13143 13103
3 13105 13144 13104
3 13104 13144 13143
3 13106 13145 13105
3 13105 13145 13144
3 13145 13106 13108
3 13149 13145 13108
3 13107 13146 13110
3 13146 13151 13110
3 13108 13150 13149
3 13109 13150 13108
3 13150 13109 13112
3 13152 13150 13112
3 13114 13111 13110
3 13114 13110 13153
3 13153 13110 13151
3 13111 13114 13113
3 13112 13115 13152
3 13152 13115 13154
3 13118 13114 13153
3 13156 13118 13153
3 13113 13118 13116
3 13114 13118 13113
3 13155 13120 13122
3 13155 13154 13120
3 13154 13115 13120
3 13155 13122 13159
3 13117 13118 13156
3 13117 13156 13123
3 13123 13156 13161
3 13116 13118 13117
3 13119 13162 13157
3 13124 13162 13119
3 13125 13158 13128
3 13125 13119 13158
3 13119 13157 13158
3 13160 13120 13158
3 13160 13122 13120
3 13158 13120 13128
3 13121 13131 13120
3 13128 13120 13131
3 13122 13160 13159
3 13121 13129 13131
3 13123 13161 13132
3 13161 13164 13132
3 13138 13124 13126
3 13138 13167 13124
3 13167 13162 13124
3 13127 13125 13128
3 13136 13138 13126
3 13130 13127 13128
3 13131 13130 13128
3 13129 13130 13131
3 13132 13164 13165
3 13133 13132 13165
3 13134 13133 13166
3 13133 13165 13166
3 13135 13134 13168
3 13134 13166 13168
3 13167 13138 13137
3 13167 13137 13168
3 13168 13137 13135
3 13136 13137 13138
3 13139 13142 13140
3 13139 13141 13142
3 13142 13147 13146
3 13140 13142 13146
3 13141 13147 13142
3 13141 13170 13147
3 13141 13143 13170
3 13170 13173 13147
3 13148 13175 13170
3 13148 13170 13144
3 13144 13170 13143
3 13176 13148 13144
3 13176 13144 13171
3 13171 13144 13145
3 13171 13145 13149
3 13179 13171 13149
3 13147 13174 13182
3 13147 13182 13146
3 13146 13182 13151
3 13173 13174 13147
3 13148 13177 13175
3 13176 13177 13148
3 13149 13180 13179
3 13150 13180 13149
3 13180 13150 13152
3 13183 13180 13152
3 13151 13182 13153
3 13182 13184 13153
3 13152 13154 13183
3 13183 13154 13185
3 13153 13184 13156
3 13184 13188 13156
3 13154 13186 13185
3 13155 13186 13154
3 13186 13155 13159
3 13193 13186 13159
3 13156 13188 13161
3 13188 13195 13161
3 13163 13196 13189
3 13163 13157 13162
3 13163 13189 13157
3 13189 13190 13157
3 13158 13157 13191
3 13157 13190 13191
3 13160 13158 13194
3 13158 13191 13194
3 13193 13159 13160
3 13194 13193 13160
3 13161 13195 13164
3 13195 13197 13164
3 13169 13196 13163
3 13200 13196 13169
3 13162 13167 13169
3 13163 13162 13169
3 13164 13197 13198
3 13165 13164 13198
3 13166 13165 13201
3 13165 13198 13201
3 13200 13169 13168
3 13200 13168 13201
3 13201 13168 13166
3 13167 13168 13169
3 13172 13203 13207
3 13203 13172 13209
3 13170 13204 13212
3 13173 13170 13212
3 13175 13178 13205
3 13175 13205 13170
3 13170 13205 13204
3 13178 13176 13171
3 13178 13171 13205
3 13205 13171 13206
3 13179 13181 13208
3 13179 13208 13171
3 13171 13208 13206
3 13207 13210 13172
3 13208 13181 13214
3 13209 13172 13210
3 13174 13213 13216
3 13182 13174 13216
3 13212 13174 13173
3 13213 13174 13212
3 13175 13177 13178
3 13176 13178 13177
3 13179 13180 13181
3 13181 13180 13183
3 13181 13183 13214
3 13214 13183 13217
3 13182 13216 13184
3 13216 13220 13184
3 13218 13185 13187
3 13218 13217 13185
3 13217 13183 13185
3 13218 13187 13222
3 13184 13220 13188
3 13220 13223 13188
3 13192 13225 13221
3 13185 13186 13187
3 13192 13221 13227
3 13187 13186 13193
3 13187 13193 13222
3 13222 13193 13229
3 13188 13223 13195
3 13223 13231 13195
3 13189 13233 13224
3 13196 13233 13189
3 13190 13189 13226
3 13189 13224 13226
3 13225 13192 13191
3 13225 13191 13226
3 13226 13191 13190
3 13192 13227 13230
3 13192 13230 13191
3 13191 13230 13194
3 13229 13193 13194
3 13230 13229 13194
3 13232 13199 13197
3 13232 13197 13231
3 13231 13197 13195
3 13199 13234 13202
3 13232 13234 13199
3 13202 13234 13233
3 13202 13233 13200
3 13200 13233 13196
3 13197 13199 13198
3 13201 13198 13199
3 13202 13201 13199
3 13200 13201 13202
3 13203 13211 13207
3 13203 13209 13211
3 13204 13237 13242
3 13212 13204 13242
3 13205 13238 13204
3 13204 13238 13237
3 13206 13239 13205
3 13205 13239 13238
3 13208 13240 13206
3 13206 13240 13239
3 13211 13210 13207
3 13241 13208 13215
3 13241 13240 13208
3 13208 13214 13215
3 13210 13211 13209
3 13215 13245 13241
3 13213 13243 13246
3 13216 13213 13246
3 13242 13213 13212
3 13243 13213 13242
3 13215 13217 13219
3 13214 13217 13215
3 13247 13245 13215
3 13219 13247 13215
3 13216 13246 13220
3 13246 13248 13220
3 13217 13218 13219
3 13219 13218 13222
3 13219 13222 13247
3 13247 13222 13249
3 13220 13248 13223
3 13248 13250 13223
3 13221 13225 13228
3 13221 13228 13227
3 13222 13229 13249
3 13249 13229 13252
3 13223 13250 13231
3 13250 13254 13231
3 13224 13256 13251
3 13233 13256 13224
3 13235 13251 13258
3 13235 13226 13251
3 13226 13224 13251
3 13226 13228 13225
3 13226 13235 13228
3 13235 13236 13228
3 13227 13228 13236
3 13227 13236 13253
3 13227 13253 13230
3 13253 13236 13261
3 13252 13229 13230
3 13253 13252 13230
3 13231 13254 13255
3 13232 13231 13255
3 13234 13232 13257
3 13232 13255 13257
3 13256 13233 13234
3 13257 13256 13234
3 13235 13258 13260
3 13236 13235 13260
3 13262 13236 13260
3 13261 13236 13262
3 13244 13264 13270
3 13244 13242 13237
3 13244 13237 13264
3 13264 13237 13265
3 13238 13266 13237
3 13237 13266 13265
3 13239 13267 13238
3 13238 13267 13266
3 13240 13268 13239
3 13239 13268 13267
3 13241 13269 13240
3 13240 13269 13268
3 13269 13241 13245
3 13273 13269 13245
3 13243 13244 13270
3 13243 13270 13246
3 13246 13270 13275
3 13242 13244 13243
3 13245 13247 13273
3 13273 13247 13279
3 13246 13275 13248
3 13275 13280 13248
3 13247 13249 13279
3 13279 13249 13285
3 13248 13280 13250
3 13280 13286 13250
3 13249 13252 13285
3 13285 13252 13288
3 13250 13286 13254
3 13286 13289 13254
3 13251 13256 13259
3 13251 13259 13258
3 13253 13261 13263
3 13253 13263 13296
3 13253 13296 13252
3 13252 13296 13288
3 13254 13289 13290
3 13255 13254 13290
3 13257 13255 13292
3 13255 13290 13292
3 13259 13256 13257
3 13259 13257 13293
3 13293 13257 13292
3 13258 13259 13293
3 13258 13293 13260
3 13260 13293 13294
3 13262 13260 13295
3 13260 13294 13295
3 13263 13261 13262
3 13263 13262 13297
3 13297 13262 13295
3 13296 13263 13297
3 13264 13271 13270
3 13264 13265 13272
3 13271 13264 13272
3 13301 13272 13265
3 13301 13265 13298
3 13298 13265 13266
3 13267 13299 13266
3 13266 13299 13298
3 13268 13300 13267
3 13267 13300 13299
3 13274 13305 13300
3 13274 13300 13269
3 13269 13300 13268
3 13269 13273 13274
3 13271 13276 13275
3 13270 13271 13275
3 13272 13277 13271
3 13277 13276 13271
3 13302 13272 13301
3 13302 13278 13272
3 13278 13277 13272
3 13302 13308 13278
3 13274 13307 13305
3 13307 13274 13273
3 13307 13273 13312
3 13312 13273 13279
3 13276 13281 13280
3 13275 13276 13280
3 13277 13282 13276
3 13282 13281 13276
3 13278 13283 13277
3 13283 13282 13277
3 13309 13278 13308
3 13309 13284 13278
3 13284 13283 13278
3 13309 13316 13284
3 13279 13285 13312
3 13312 13285 13319
3 13281 13314 13321
3 13281 13321 13280
3 13280 13321 13286
3 13282 13314 13281
3 13315 13314 13282
3 13315 13287 13324
3 13315 13282 13287
3 13282 13283 13287
3 13326 13284 13317
3 13326 13287 13284
3 13287 13283 13284
3 13316 13317 13284
3 13285 13288 13319
3 13319 13288 13330
3 13322 13291 13289
3 13322 13289 13321
3 13321 13289 13286
3 13322 13332 13291
3 13287 13327 13324
3 13326 13327 13287
3 13288 13296 13330
3 13330 13296 13341
3 13289 13291 13290
3 13291 13332 13333
3 13291 13333 13290
3 13290 13333 13292
3 13293 13292 13335
3 13292 13333 13335
3 13294 13293 13337
3 13293 13335 13337
3 13295 13294 13339
3 13294 13337 13339
3 13297 13295 13342
3 13295 13339 13342
3 13341 13296 13297
3 13342 13341 13297
3 13298 13303 13301
3 13298 13299 13304
3 13303 13298 13304
3 13299 13300 13306
3 13304 13299 13306
3 13300 13305 13306
3 13301 13303 13302
3 13308 13302 13303
3 13308 13303 13310
3 13310 13303 13304
3 13306 13311 13304
3 13311 13310 13304
3 13305 13307 13313
3 13305 13313 13306
3 13306 13313 13311
3 13307 13312 13313
3 13308 13310 13309
3 13316 13309 13310
3 13316 13310 13318
3 13318 13310 13311
3 13313 13320 13311
3 13320 13318 13311
3 13312 13319 13320
3 13313 13312 13320
3 13314 13323 13321
3 13314 13315 13325
3 13323 13314 13325
3 13315 13324 13325
3 13317 13328 13326
3 13317 13316 13318
3 13317 13318 13328
3 13328 13318 13329
3 13320 13331 13318
3 13331 13329 13318
3 13319 13330 13331
3 13320 13319 13331
3 13321 13323 13322
3 13332 13322 13323
3 13332 13323 13334
3 13334 13323 13325
3 13324 13327 13336
3 13324 13336 13325
3 13325 13336 13334
3 13327 13326 13328
3 13327 13328 13336
3 13336 13328 13338
3 13329 13340 13328
3 13340 13338 13328
3 13331 13343 13329
3 13343 13340 13329
3 13330 13341 13343
3 13331 13330 13343
3 13332 13334 13333
3 13335 13333 13334
3 13336 13335 13334
3 13337 13335 13336
3 13338 13337 13336
3 13339 13337 13338
3 13340 13339 13338
3 13342 13339 13340
3 13343 13342 13340
3 13341 13342 13343
3 13344 13345 13346
3 13345 13344 13347
3 13344 13346 13348
3 13347 13344 13348
3 13345 13349 13346
3 13345 13347 13349
3 13346 13349 13348
3 13347 13348 13349
3 13350 13351 13352
3 13351 13350 13353
3 13350 13352 13354
3 13353 13350 13354
3 13351 13355 13356
3 13352 13351 13356
3 13355 13351 13353
3 13357 13355 13353
3 13352 13356 13358
3 13354 13352 13358
3 13357 13353 13354
3 13358 13357 13354
3 13355 13359 13360
3 13356 13355 13360
3 13359 13355 13357
3 13361 13359 13357
3 13356 13360 13362
3 13358 13356 13362
3 13361 13357 13358
3 13362 13361 13358
3 13359 13363 13360
3 13359 13361 13363
3 13360 13363 13362
3 13361 13362 13363
3 13364 13366 13368
3 13364 13365 13367
3 13366 13364 13367
3 13367 13365 13371
3 13364 13368 13369
3 13365 13364 13369
3 13372 13365 13369
3 13371 13365 13372
3 13366 13370 13368
3 13366 13367 13373
3 13370 13366 13373
3 13367 13371 13373
3 13368 13370 13369
3 13372 13369 13370
3 13373 13372 13370
3 13371 13372 13373
3 13374 13375 13376
3 13375 13374 13377
3 13374 13376 13378
3 13377 13374 13378
3 13375 13381 13383
3 13376 13375 13383
3 13377 13379 13382
3 13377 13382 13375
3 13375 13382 13381
3 13382 13379 13384
3 13380 13378 13376
3 13380 13376 13386
3 13386 13376 13383
3 13378 13380 13387
3 13377 13378 13387
3 13377 13387 13385
3 13377 13385 13379
3 13384 13379 13385
3 13380 13386 13388
3 13387 13380 13388
3 13381 13390 13393
3 13383 13381 13393
3 13382 13391 13381
3 13381 13391 13390
3 13391 13382 13384
3 13394 13391 13384
3 13383 13393 13386
3 13393 13395 13386
3 13385 13387 13389
3 13385 13389 13397
3 13385 13397 13384
3 13384 13397 13394
3 13386 13395 13396
3 13388 13386 13396
3 13389 13387 13388
3 13389 13388 13398
3 13398 13388 13396
3 13397 13389 13398
3 13392 13400 13402
3 13400 13392 13405
3 13390 13401 13407
3 13393 13390 13407
3 13391 13403 13390
3 13390 13403 13401
3 13403 13391 13394
3 13403 13394 13408
3 13406 13392 13402
3 13405 13392 13406
3 13393 13407 13395
3 13407 13411 13395
3 13409 13397 13399
3 13409 13408 13397
3 13408 13394 13397
3 13409 13399 13415
3 13395 13411 13412
3 13396 13395 13412
3 13398 13396 13414
3 13396 13412 13414
3 13399 13397 13398
3 13399 13398 13416
3 13416 13398 13414
3 13415 13399 13416
3 13404 13418 13420
3 13404 13402 13400
3 13404 13400 13418
3 13418 13400 13419
3 13419 13400 13405
3 13423 13419 13405
3 13401 13421 13425
3 13407 13401 13425
3 13420 13403 13404
3 13420 13421 13403
3 13421 13401 13403
3 13408 13404 13403
3 13408 13410 13404
3 13402 13404 13406
3 13406 13404 13410
3 13406 13410 13429
3 13406 13429 13405
3 13405 13429 13423
3 13426 13413 13411
3 13426 13411 13425
3 13425 13411 13407
3 13426 13431 13413
3 13408 13409 13410
3 13415 13417 13430
3 13409 13415 13430
3 13409 13430 13429
3 13409 13429 13410
3 13430 13417 13435
3 13411 13413 13412
3 13413 13431 13432
3 13413 13432 13412
3 13412 13432 13414
3 13416 13414 13434
3 13414 13432 13434
3 13417 13415 13416
3 13417 13416 13436
3 13436 13416 13434
3 13435 13417 13436
3 13418 13422 13420
3 13418 13419 13424
3 13422 13418 13424
3 13419 13423 13424
3 13421 13427 13425
3 13421 13420 13422
3 13421 13422 13427
3 13427 13422 13428
3 13440 13424 13439
3 13440 13428 13424
3 13428 13422 13424
3 13439 13424 13423
3 13439 13423 13441
3 13441 13423 13429
3 13425 13427 13426
3 13431 13426 13427
3 13431 13427 13433
3 13433 13427 13428
3 13445 13428 13440
3 13433 13428 13445
3 13429 13443 13441
3 13430 13443 13429
3 13435 13437 13444
3 13435 13444 13430
3 13430 13444 13443
3 13444 13437 13450
3 13431 13433 13432
3 13433 13445 13446
3 13433 13446 13432
3 13432 13446 13434
3 13436 13434 13448
3 13434 13446 13448
3 13435 13436 13448
3 13435 13448 13438
3 13435 13438 13437
3 13452 13438 13448
3 13453 13450 13437
3 13438 13453 13437
3 13438 13452 13454
3 13453 13438 13454
3 13439 13442 13440
3 13439 13441 13442
3 13442 13447 13445
3 13440 13442 13445
3 13441 13443 13449
3 13441 13449 13442
3 13442 13449 13447
3 13443 13444 13451
3 13449 13443 13451
3 13444 13450 13451
3 13445 13447 13446
3 13448 13446 13447
3 13449 13448 13447
3 13452 13448 13449
3 13452 13449 13455
3 13455 13449 13451
3 13450 13453 13455
3 13451 13450 13455
3 13452 13455 13454
3 13453 13454 13455
3 13456 13457 13458
3 13457 13456 13459
3 13456 13458 13460
3 13459 13456 13460
3 13457 13461 13458
3 13459 13461 13457
3 13462 13464 13465
3 13464 13462 13466
3 13458 13461 13460
3 13465 13468 13463
3 13465 13463 13462
3 13459 13460 13461
3 13469 13466 13462
3 13463 13469 13462
3 13463 13468 13470
3 13469 13463 13470
3 13464 13472 13474
3 13465 13464 13474
3 13466 13467 13473
3 13466 13473 13464
3 13464 13473 13472
3 13473 13467 13475
3 13465 13474 13468
3 13474 13476 13468
3 13467 13469 13471
3 13466 13469 13467
3 13479 13475 13467
3 13471 13479 13467
3 13468 13476 13477
3 13470 13468 13477
3 13471 13469 13470
3 13471 13470 13480
3 13480 13470 13477
3 13479 13471 13480
3 13472 13482 13484
3 13474 13472 13484
3 13473 13483 13472
3 13472 13483 13482
3 13483 13473 13475
3 13487 13483 13475
3 13485 13478 13476
3 13485 13476 13484
3 13484 13476 13474
3 13485 13490 13478
3 13489 13479 13481
3 13489 13487 13479
3 13487 13475 13479
3 13489 13481 13493
3 13476 13478 13477
3 13478 13490 13491
3 13478 13491 13477
3 13477 13491 13480
3 13481 13479 13480
3 13481 13480 13494
3 13494 13480 13491
3 13493 13481 13494
3 13482 13486 13484
3 13482 13483 13488
3 13486 13482 13488
3 13483 13487 13488
3 13484 13486 13485
3 13490 13485 13486
3 13490 13486 13492
3 13492 13486 13488
3 13487 13492 13488
3 13487 13495 13492
3 13487 13489 13495
3 13495 13496 13492
3 13495 13489 13493
3 13497 13495 13493
3 13490 13492 13491
3 13492 13496 13498
3 13492 13498 13491
3 13491 13498 13494
3 13497 13493 13494
3 13498 13497 13494
3 13495 13499 13496
3 13495 13497 13499
3 13496 13499 13498
3 13497 13498 13499
3 13500 13502 13504
3 13500 13501 13503
3 13502 13500 13503
3 13503 13501 13506
3 13500 13504 13505
3 13501 13500 13505
3 13507 13501 13505
3 13506 13501 13507
3 13502 13511 13513
3 13504 13502 13513
3 13503 13512 13502
3 13502 13512 13511
3 13512 13503 13506
3 13515 13512 13506
3 13508 13505 13504
3 13508 13504 13518
3 13518 13504 13513
3 13505 13509 13507
3 13508 13509 13505
3 13517 13515 13506
3 13517 13506 13509
3 13517 13509 13510
3 13509 13506 13507
3 13517 13510 13523
3 13508 13518 13519
3 13509 13508 13519
3 13521 13509 13519
3 13510 13509 13521
3 13524 13510 13521
3 13523 13510 13524
3 13511 13514 13513
3 13511 13512 13516
3 13514 13511 13516
3 13512 13515 13516
3 13514 13520 13518
3 13513 13514 13518
3 13516 13522 13514
3 13522 13520 13514
3 13515 13522 13516
3 13515 13525 13522
3 13515 13517 13525
3 13525 13526 13522
3 13525 13517 13523
3 13527 13525 13523
3 13518 13520 13519
3 13521 13519 13520
3 13522 13521 13520
3 13522 13526 13528
3 13522 13528 13521
3 13521 13528 13524
3 13527 13523 13524
3 13528 13527 13524
3 13525 13529 13526
3 13525 13527 13529
3 13526 13529 13528
3 13527 13528 13529
3 13530 13531 13533
3 13531 13530 13534
3 13530 13533 13535
3 13534 13530 13535
3 13532 13537 13539
3 13537 13532 13540
3 13531 13536 13533
3 13532 13539 13541
3 13532 13541 13540
3 13531 13534 13536
3 13533 13536 13535
3 13534 13535 13536
3 13538 13543 13544
3 13543 13538 13545
3 13537 13538 13544
3 13537 13544 13539
3 13539 13544 13548
3 13540 13542 13547
3 13537 13540 13547
3 13537 13547 13545
3 13537 13545 13538
3 13547 13542 13550
3 13539 13548 13549
3 13541 13539 13549
3 13542 13540 13541
3 13542 13541 13551
3 13551 13541 13549
3 13550 13542 13551
3 13543 13546 13544
3 13543 13545 13546
3 13546 13553 13556
3 13546 13556 13544
3 13544 13556 13548
3 13545 13553 13546
3 13545 13547 13553
3 13547 13554 13553
3 13550 13552 13555
3 13550 13555 13547
3 13547 13555 13554
3 13555 13552 13560
3 13548 13556 13557
3 13549 13548 13557
3 13551 13549 13559
3 13549 13557 13559
3 13552 13550 13551
3 13552 13551 13561
3 13561 13551 13559
3 13560 13552 13561
3 13553 13558 13556
3 13565 13558 13553
3 13565 13553 13564
3 13564 13553 13554
3 13562 13566 13564
3 13562 13564 13555
3 13555 13564 13554
3 13555 13560 13562
3 13556 13558 13557
3 13558 13559 13557
3 13558 13568 13559
3 13558 13565 13568
3 13568 13563 13559
3 13562 13569 13566
3 13562 13559 13569
3 13562 13561 13559
3 13563 13569 13559
3 13560 13561 13562
3 13563 13568 13570
3 13569 13563 13570
3 13564 13567 13565
3 13564 13566 13567
3 13567 13571 13568
3 13565 13567 13568
3 13566 13569 13571
3 13567 13566 13571
3 13568 13571 13570
3 13569 13570 13571
3 13572 13573 13574
3 13573 13572 13575
3 13572 13574 13576
3 13575 13572 13576
3 13573 13577 13578
3 13574 13573 13578
3 13577 13573 13575
3 13579 13577 13575
3 13574 13578 13580
3 13576 13574 13580
3 13579 13575 13576
3 13580 13579 13576
3 13577 13581 13582
3 13578 13577 13582
3 13581 13577 13579
3 13583 13581 13579
3 13578 13582 13584
3 13580 13578 13584
3 13583 13579 13580
3 13584 13583 13580
3 13581 13585 13582
3 13581 13583 13585
3 13582 13585 13584
3 13583 13584 13585
3 13586 13588 13590
3 13588 13586 13592
3 13586 13590 13593
3 13592 13586 13593
3 13587 13594 13596
3 13587 13589 13595
3 13594 13587 13595
3 13595 13589 13598
3 13591 13587 13596
3 13599 13591 13596
3 13588 13591 13590
3 13588 13589 13591
3 13589 13587 13591
3 13589 13588 13592
3 13589 13592 13598
3 13598 13592 13602
3 13591 13599 13601
3 13590 13591 13601
3 13590 13601 13593
3 13593 13601 13603
3 13602 13592 13593
3 13603 13602 13593
3 13597 13605 13608
3 13597 13596 13594
3 13597 13594 13605
3 13605 13594 13606
3 13595 13607 13594
3 13594 13607 13606
3 13607 13595 13598
3 13609 13607 13598
3 13600 13597 13608
3 13611 13600 13608
3 13596 13600 13599
3 13597 13600 13596
3 13604 13613 13610
3 13604 13610 13609
3 13604 13609 13602
3 13602 13609 13598
3 13600 13611 13612
3 13599 13600 13612
3 13599 13612 13601
3 13601 13612 13614
3 13613 13604 13603
3 13613 13603 13614
3 13614 13603 13601
3 13602 13603 13604
3 13605 13615 13618
3 13608 13605 13618
3 13606 13616 13605
3 13605 13616 13615
3 13607 13617 13606
3 13606 13617 13616
3 13617 13607 13609
3 13620 13617 13609
3 13608 13618 13611
3 13618 13623 13611
3 13610 13626 13621
3 13613 13626 13610
3 13620 13609 13610
3 13621 13620 13610
3 13611 13623 13624
3 13612 13611 13624
3 13614 13612 13627
3 13612 13624 13627
3 13626 13613 13614
3 13627 13626 13614
3 13615 13629 13630
3 13618 13615 13630
3 13619 13631 13629
3 13619 13629 13616
3 13616 13629 13615
3 13616 13617 13622
3 13619 13616 13622
3 13617 13620 13622
3 13632 13625 13623
3 13632 13623 13630
3 13630 13623 13618
3 13631 13625 13632
3 13631 13619 13625
3 13619 13628 13625
3 13621 13626 13628
3 13621 13628 13622
3 13622 13628 13619
3 13620 13621 13622
3 13623 13625 13624
3 13627 13624 13625
3 13628 13627 13625
3 13626 13627 13628
3 13629 13633 13630
3 13629 13631 13633
3 13630 13633 13632
3 13631 13632 13633
3 13634 13637 13639
3 13637 13634 13640
3 13634 13639 13641
3 13642 13644 13635
3 13640 13634 13641
3 13642 13635 13645
3 13635 13644 13646
3 13645 13635 13646
3 13636 13647 13649
3 13636 13638 13648
3 13647 13636 13648
3 13648 13638 13652
3 13636 13649 13650
3 13637 13655 13639
3 13637 13636 13655
3 13637 13638 13636
3 13636 13650 13655
3 13640 13643 13654
3 13637 13640 13654
3 13637 13654 13652
3 13637 13652 13638
3 13654 13643 13658
3 13639 13655 13656
3 13641 13639 13656
3 13644 13643 13660
3 13644 13642 13643
3 13660 13643 13656
3 13640 13641 13643
3 13656 13643 13641
3 13643 13642 13645
3 13643 13645 13658
3 13658 13645 13661
3 13644 13660 13662
3 13646 13644 13662
3 13661 13645 13646
3 13662 13661 13646
3 13647 13651 13649
3 13647 13648 13653
3 13651 13647 13653
3 13648 13652 13653
3 13649 13651 13650
3 13655 13650 13651
3 13655 13651 13657
3 13657 13651 13653
3 13652 13654 13659
3 13652 13659 13653
3 13653 13659 13657
3 13654 13658 13659
3 13655 13657 13656
3 13660 13656 13657
3 13660 13657 13663
3 13663 13657 13659
3 13658 13661 13663
3 13659 13658 13663
3 13660 13663 13662
3 13661 13662 13663
3 13664 13671 13675
3 13664 13665 13672
3 13671 13664 13672
3 13672 13665 13678
3 13664 13675 13676
3 13676 13682 13666
3 13676 13666 13664
3 13664 13666 13665
3 13679 13678 13665
3 13679 13665 13667
3 13667 13665 13666
3 13679 13667 13685
3 13666 13682 13683
3 13683 13687 13668
3 13683 13668 13666
3 13666 13668 13667
3 13688 13685 13667
3 13668 13688 13667
3 13668 13687 13689
3 13688 13668 13689
3 13669 13691 13693
3 13669 13670 13692
3 13691 13669 13692
3 13692 13670 13694
3 13673 13669 13693
3 13698 13673 13693
3 13700 13695 13670
3 13700 13670 13673
3 13673 13670 13669
3 13697 13701 13674
3 13694 13670 13695
3 13697 13674 13703
3 13671 13677 13675
3 13673 13698 13705
3 13673 13705 13671
3 13673 13671 13672
3 13677 13671 13705
3 13678 13680 13702
3 13672 13678 13702
3 13672 13702 13700
3 13672 13700 13673
3 13701 13702 13680
3 13701 13680 13674
3 13674 13680 13681
3 13707 13703 13674
3 13681 13707 13674
3 13675 13677 13676
3 13682 13706 13684
3 13676 13706 13682
3 13676 13705 13706
3 13676 13677 13705
3 13678 13679 13680
3 13684 13706 13711
3 13708 13681 13680
3 13708 13680 13685
3 13708 13685 13713
3 13679 13685 13680
3 13710 13715 13686
3 13707 13681 13708
3 13710 13686 13717
3 13682 13684 13683
3 13687 13714 13690
3 13683 13714 13687
3 13683 13711 13714
3 13683 13684 13711
3 13690 13714 13713
3 13690 13713 13688
3 13688 13713 13685
3 13686 13715 13718
3 13717 13686 13718
3 13687 13690 13689
3 13688 13689 13690
3 13691 13720 13721
3 13693 13691 13721
3 13696 13723 13720
3 13696 13720 13692
3 13692 13720 13691
3 13692 13694 13696
3 13699 13722 13725
3 13699 13721 13722
3 13699 13698 13721
3 13698 13693 13721
3 13695 13723 13696
3 13695 13700 13723
3 13700 13728 13723
3 13694 13695 13696
3 13697 13704 13701
3 13697 13703 13704
3 13699 13725 13726
3 13726 13698 13699
3 13726 13731 13698
3 13731 13705 13698
3 13700 13730 13728
3 13702 13730 13700
3 13701 13730 13702
3 13701 13709 13730
3 13701 13704 13709
3 13733 13730 13709
3 13703 13707 13709
3 13704 13703 13709
3 13712 13706 13705
3 13712 13705 13736
3 13736 13705 13731
3 13706 13712 13711
3 13735 13713 13716
3 13735 13733 13713
3 13708 13713 13709
3 13709 13713 13733
3 13710 13719 13715
3 13708 13709 13707
3 13741 13735 13716
3 13710 13717 13719
3 13712 13736 13737
3 13711 13712 13737
3 13711 13737 13714
3 13714 13737 13739
3 13716 13713 13714
3 13716 13714 13742
3 13742 13714 13739
3 13715 13719 13718
3 13716 13742 13741
3 13717 13718 13719
3 13720 13724 13721
3 13720 13723 13724
3 13722 13727 13725
3 13722 13721 13724
3 13722 13724 13727
3 13727 13724 13729
3 13723 13728 13729
3 13724 13723 13729
3 13725 13727 13726
3 13731 13726 13727
3 13731 13727 13732
3 13732 13727 13729
3 13728 13730 13734
3 13728 13734 13729
3 13729 13734 13732
3 13730 13733 13734
3 13732 13738 13736
3 13731 13732 13736
3 13734 13740 13732
3 13740 13738 13732
3 13733 13735 13743
3 13733 13743 13734
3 13734 13743 13740
3 13735 13741 13743
3 13736 13738 13737
3 13739 13737 13738
3 13740 13739 13738
3 13742 13739 13740
3 13743 13742 13740
3 13741 13742 13743
3 13744 13747 13750
3 13747 13744 13751
3 13744 13750 13752
3 13751 13744 13752
3 13745 13757 13760
3 13757 13745 13762
3 13746 13745 13760
3 13764 13746 13760
3 13766 13762 13745
3 13746 13766 13745
3 13746 13764 13767
3 13766 13746 13767
3 13748 13771 13773
3 13748 13749 13772
3 13771 13748 13772
3 13772 13749 13775
3 13747 13748 13773
3 13747 13773 13750
3 13750 13773 13780
3 13751 13748 13747
3 13751 13753 13748
3 13753 13749 13748
3 13783 13775 13749
3 13753 13783 13749
3 13754 13777 13785
3 13754 13755 13778
3 13777 13754 13778
3 13778 13755 13788
3 13750 13780 13781
3 13752 13750 13781
3 13753 13751 13752
3 13753 13752 13784
3 13784 13752 13781
3 13786 13790 13756
3 13783 13753 13784
3 13785 13786 13756
3 13785 13756 13754
3 13754 13756 13758
3 13755 13754 13759
3 13759 13754 13758
3 13792 13788 13755
3 13759 13792 13755
3 13761 13756 13790
3 13794 13761 13790
3 13757 13761 13760
3 13757 13758 13761
3 13758 13756 13761
3 13762 13758 13757
3 13762 13763 13758
3 13763 13759 13758
3 13795 13792 13759
3 13763 13795 13759
3 13765 13761 13794
3 13797 13765 13794
3 13760 13765 13764
3 13761 13765 13760
3 13763 13766 13768
3 13762 13766 13763
3 13799 13795 13763
3 13768 13799 13763
3 13765 13797 13798
3 13769 13798 13801
3 13767 13798 13769
3 13767 13765 13798
3 13767 13764 13765
3 13767 13768 13766
3 13767 13769 13768
3 13769 13770 13768
3 13803 13799 13768
3 13770 13803 13768
3 13769 13801 13802
3 13770 13769 13802
3 13804 13770 13802
3 13803 13770 13804
3 13771 13774 13773
3 13810 13774 13771
3 13810 13771 13805
3 13805 13771 13772
3 13775 13776 13806
3 13775 13806 13772
3 13772 13806 13805
3 13806 13776 13812
3 13779 13809 13813
3 13809 13779 13816
3 13774 13782 13780
3 13773 13774 13780
3 13819 13774 13810
3 13782 13774 13819
3 13776 13783 13787
3 13775 13783 13776
3 13785 13777 13814
3 13785 13814 13776
3 13785 13776 13787
3 13812 13776 13814
3 13813 13778 13779
3 13813 13814 13778
3 13814 13777 13778
3 13788 13789 13817
3 13778 13788 13817
3 13778 13817 13816
3 13778 13816 13779
3 13817 13789 13821
3 13780 13782 13781
3 13782 13784 13781
3 13782 13822 13784
3 13782 13819 13822
3 13822 13791 13784
3 13784 13787 13783
3 13784 13791 13787
3 13786 13787 13790
3 13790 13787 13791
3 13785 13787 13786
3 13789 13792 13793
3 13788 13792 13789
3 13826 13821 13789
3 13793 13826 13789
3 13791 13822 13823
3 13823 13790 13791
3 13823 13828 13790
3 13828 13794 13790
3 13793 13795 13796
3 13792 13795 13793
3 13831 13826 13793
3 13796 13831 13793
3 13794 13828 13797
3 13828 13833 13797
3 13796 13799 13800
3 13795 13799 13796
3 13836 13831 13796
3 13800 13836 13796
3 13797 13833 13834
3 13798 13797 13834
3 13834 13801 13798
3 13838 13801 13834
3 13800 13841 13837
3 13800 13799 13841
3 13799 13803 13841
3 13836 13800 13837
3 13801 13838 13839
3 13802 13801 13839
3 13804 13802 13842
3 13802 13839 13842
3 13841 13803 13804
3 13842 13841 13804
3 13807 13844 13846
3 13807 13808 13845
3 13844 13807 13845
3 13845 13808 13847
3 13805 13811 13810
3 13807 13846 13850
3 13807 13850 13805
3 13807 13805 13806
3 13811 13805 13850
3 13812 13807 13806
3 13812 13815 13807
3 13815 13808 13807
3 13813 13809 13848
3 13813 13848 13808
3 13813 13808 13815
3 13847 13808 13848
3 13816 13818 13849
3 13816 13849 13809
3 13809 13849 13848
3 13849 13818 13852
3 13811 13820 13819
3 13810 13811 13819
3 13854 13811 13850
3 13820 13811 13854
3 13812 13814 13815
3 13813 13815 13814
3 13816 13817 13818
3 13818 13817 13821
3 13818 13821 13852
3 13852 13821 13857
3 13820 13824 13822
3 13819 13820 13822
3 13855 13820 13854
3 13855 13825 13820
3 13825 13824 13820
3 13855 13859 13825
3 13858 13826 13827
3 13858 13857 13826
3 13857 13821 13826
3 13858 13827 13862
3 13822 13824 13823
3 13828 13823 13824
3 13828 13824 13829
3 13829 13824 13825
3 13860 13825 13859
3 13860 13830 13825
3 13830 13829 13825
3 13860 13863 13830
3 13827 13831 13832
3 13826 13831 13827
3 13865 13862 13827
3 13832 13865 13827
3 13829 13835 13833
3 13828 13829 13833
3 13868 13830 13864
3 13868 13835 13830
3 13835 13829 13830
3 13863 13864 13830
3 13832 13873 13866
3 13832 13831 13873
3 13831 13836 13873
3 13865 13832 13866
3 13833 13835 13834
3 13838 13869 13840
3 13834 13869 13838
3 13834 13868 13869
3 13834 13835 13868
3 13840 13871 13843
3 13869 13871 13840
3 13843 13837 13841
3 13843 13871 13837
3 13871 13874 13837
3 13873 13836 13837
3 13874 13873 13837
3 13838 13840 13839
3 13842 13839 13840
3 13843 13842 13840
3 13841 13842 13843
3 13844 13876 13878
3 13846 13844 13878
3 13845 13877 13844
3 13844 13877 13876
3 13877 13845 13847
3 13881 13877 13847
3 13851 13879 13884
3 13851 13878 13879
3 13851 13850 13878
3 13850 13846 13878
3 13847 13883 13881
3 13848 13883 13847
3 13853 13890 13883
3 13853 13883 13849
3 13849 13883 13848
3 13849 13852 13853
3 13851 13884 13885
3 13851 13854 13850
3 13851 13887 13854
3 13851 13885 13887
3 13856 13854 13887
3 13887 13893 13856
3 13853 13892 13890
3 13892 13853 13852
3 13892 13852 13897
3 13897 13852 13857
3 13854 13856 13855
3 13859 13894 13861
3 13855 13894 13859
3 13855 13893 13894
3 13855 13856 13893
3 13894 13900 13861
3 13857 13899 13897
3 13858 13899 13857
3 13899 13858 13862
3 13903 13899 13862
3 13859 13861 13860
3 13861 13863 13860
3 13861 13900 13863
3 13900 13906 13863
3 13867 13909 13904
3 13867 13904 13903
3 13867 13903 13865
3 13865 13903 13862
3 13864 13870 13868
3 13907 13863 13906
3 13907 13870 13863
3 13907 13872 13870
3 13870 13864 13863
3 13872 13910 13875
3 13907 13910 13872
3 13909 13875 13910
3 13867 13875 13909
3 13867 13873 13875
3 13867 13866 13873
3 13865 13866 13867
3 13868 13870 13869
3 13871 13869 13870
3 13872 13871 13870
3 13874 13871 13872
3 13875 13874 13872
3 13873 13874 13875
3 13876 13880 13878
3 13876 13877 13882
3 13880 13876 13882
3 13877 13881 13882
3 13879 13886 13884
3 13879 13878 13880
3 13879 13880 13886
3 13886 13880 13888
3 13882 13889 13880
3 13889 13888 13880
3 13881 13883 13891
3 13881 13891 13882
3 13882 13891 13889
3 13883 13890 13891
3 13884 13886 13885
3 13887 13885 13886
3 13888 13887 13886
3 13893 13887 13888
3 13893 13888 13895
3 13895 13888 13889
3 13891 13896 13889
3 13896 13895 13889
3 13890 13892 13898
3 13890 13898 13891
3 13891 13898 13896
3 13892 13897 13898
3 13893 13895 13894
3 13900 13894 13895
3 13900 13895 13901
3 13901 13895 13896
3 13898 13902 13896
3 13902 13901 13896
3 13897 13899 13905
3 13897 13905 13898
3 13898 13905 13902
3 13899 13903 13905
3 13901 13908 13906
3 13900 13901 13906
3 13902 13911 13901
3 13911 13908 13901
3 13904 13909 13911
3 13904 13911 13905
3 13905 13911 13902
3 13903 13904 13905
3 13906 13908 13907
3 13910 13907 13908
3 13911 13910 13908
3 13909 13910 13911
3 13912 13916 13917
3 13916 13912 13918
3 13912 13917 13919
3 13920 13922 13913
3 13918 13912 13919
3 13920 13913 13923
3 13914 13913 13922
3 13926 13914 13922
3 13924 13923 13913
3 13924 13913 13915
3 13915 13913 13914
3 13924 13915 13928
3 13914 13926 13927
3 13915 13914 13927
3 13929 13915 13927
3 13928 13915 13929
3 13916 13931 13934
3 13917 13916 13934
3 13918 13921 13932
3 13918 13932 13916
3 13916 13932 13931
3 13932 13921 13936
3 13917 13934 13935
3 13919 13917 13935
3 13922 13921 13938
3 13922 13920 13921
3 13938 13921 13935
3 13918 13919 13921
3 13935 13921 13919
3 13923 13925 13937
3 13920 13923 13937
3 13920 13937 13936
3 13920 13936 13921
3 13937 13925 13940
3 13922 13938 13926
3 13938 13943 13926
3 13930 13923 13924
3 13930 13944 13923
3 13925 13923 13941
3 13941 13923 13944
3 13925 13941 13940
3 13924 13928 13930
3 13926 13943 13945
3 13927 13926 13945
3 13944 13930 13929
3 13944 13929 13945
3 13945 13929 13927
3 13928 13929 13930
3 13933 13947 13948
3 13947 13933 13950
3 13931 13949 13952
3 13934 13931 13952
3 13948 13932 13933
3 13948 13949 13932
3 13949 13931 13932
3 13933 13932 13936
3 13933 13936 13950
3 13950 13936 13953
3 13939 13935 13934
3 13939 13934 13955
3 13955 13934 13952
3 13935 13939 13938
3 13942 13936 13937
3 13942 13957 13936
3 13957 13953 13936
3 13937 13940 13942
3 13939 13955 13956
3 13939 13943 13938
3 13939 13958 13943
3 13939 13956 13958
3 13946 13943 13958
3 13957 13946 13958
3 13942 13946 13957
3 13942 13944 13946
3 13942 13941 13944
3 13940 13941 13942
3 13943 13946 13945
3 13944 13945 13946
3 13947 13951 13948
3 13947 13950 13951
3 13949 13960 13961
3 13952 13949 13961
3 13948 13960 13949
3 13948 13954 13960
3 13948 13951 13954
3 13962 13960 13954
3 13950 13953 13954
3 13951 13950 13954
3 13952 13961 13955
3 13961 13964 13955
3 13959 13962 13954
3 13965 13962 13959
3 13953 13957 13959
3 13954 13953 13959
3 13955 13964 13966
3 13956 13955 13966
3 13965 13959 13958
3 13965 13958 13966
3 13966 13958 13956
3 13957 13958 13959
3 13960 13963 13961
3 13960 13962 13963
3 13963 13967 13964
3 13961 13963 13964
3 13962 13965 13967
3 13963 13962 13967
3 13964 13967 13966
3 13965 13966 13967
3 13968 13970 13972
3 13968 13969 13971
3 13970 13968 13971
3 13971 13969 13974
3 13968 13972 13973
3 13969 13968 13973
3 13975 13969 13973
3 13974 13969 13975
3 13970 13977 13979
3 13972 13970 13979
3 13971 13978 13970
3 13970 13978 13977
3 13978 13971 13974
3 13980 13978 13974
3 13976 13973 13972
3 13976 13972 13983
3 13983 13972 13979
3 13984 13973 13976
3 13984 13981 13973
3 13981 13975 13973
3 13980 13974 13975
3 13981 13980 13975
3 13976 13983 13985
3 13984 13976 13985
3 13977 13987 13988
3 13979 13977 13988
3 13982 13989 13987
3 13982 13987 13978
3 13978 13987 13977
3 13978 13980 13982
3 13979 13988 13983
3 13988 13992 13983
3 13991 13984 13986
3 13991 13989 13984
3 13981 13984 13982
3 13982 13984 13989
3 13981 13982 13980
3 13986 13995 13991
3 13983 13992 13993
3 13985 13983 13993
3 13986 13984 13985
3 13986 13985 13996
3 13996 13985 13993
3 13995 13986 13996
3 13987 13990 13988
3 13987 13989 13990
3 13990 13994 13992
3 13988 13990 13992
3 13989 13991 13997
3 13989 13997 13990
3 13990 13997 13994
3 13991 13995 13997
3 13992 13994 13993
3 13996 13993 13994
3 13997 13996 13994
3 13995 13996 13997
3 13998 14001 14004
3 13998 13999 14003
3 14001 13998 14003
3 14003 13999 14007
3 13998 14004 14005
3 14005 14010 14000
3 14005 14000 13998
3 13998 14000 13999
3 14011 14007 13999
3 14000 14011 13999
3 14000 14010 14012
3 14011 14000 14012
3 14002 14015 14016
3 14015 14002 14017
3 14001 14006 14004
3 14002 14016 14018
3 14002 14018 14017
3 14001 14020 14006
3 14001 14003 14020
3 14020 14023 14006
3 14007 14008 14021
3 14007 14021 14003
3 14003 14021 14020
3 14008 14009 14022
3 14021 14008 14022
3 14022 14009 14025
3 14004 14006 14005
3 14010 14024 14013
3 14005 14024 14010
3 14005 14023 14024
3 14005 14006 14023
3 14011 14024 14007
3 14011 14013 14024
3 14007 14024 14008
3 14027 14014 14024
3 14008 14024 14014
3 14028 14026 14009
3 14028 14009 14014
3 14014 14009 14008
3 14025 14009 14026
3 14010 14013 14012
3 14014 14027 14029
3 14011 14012 14013
3 14028 14014 14029
3 14015 14019 14016
3 14015 14017 14019
3 14016 14019 14018
3 14020 14031 14034
3 14020 14034 14023
3 14018 14019 14017
3 14021 14032 14020
3 14020 14032 14031
3 14022 14033 14021
3 14021 14033 14032
3 14033 14022 14025
3 14039 14033 14025
3 14023 14034 14035
3 14024 14023 14035
3 14027 14037 14030
3 14027 14024 14037
3 14024 14035 14037
3 14030 14026 14028
3 14030 14037 14026
3 14037 14040 14026
3 14039 14025 14026
3 14040 14039 14026
3 14027 14030 14029
3 14028 14029 14030
3 14031 14036 14034
3 14031 14032 14038
3 14036 14031 14038
3 14032 14033 14041
3 14038 14032 14041
3 14033 14039 14041
3 14034 14036 14035
3 14037 14035 14036
3 14038 14037 14036
3 14040 14037 14038
3 14041 14040 14038
3 14039 14040 14041
3 14042 14045 14047
3 14042 14043 14046
3 14045 14042 14046
3 14046 14043 14050
3 14042 14047 14048
3 14048 14051 14044
3 14048 14044 14042
3 14042 14044 14043
3 14052 14050 14043
3 14044 14052 14043
3 14044 14051 14053
3 14052 14044 14053
3 14045 14049 14047
3 14055 14049 14045
3 14055 14045 14054
3 14054 14045 14046
3 14054 14046 14050
3 14056 14054 14050
3 14047 14049 14048
3 14049 14051 14048
3 14049 14055 14051
3 14055 14058 14051
3 14050 14052 14056
3 14056 14052 14059
3 14051 14058 14060
3 14053 14051 14060
3 14059 14052 14053
3 14060 14059 14053
3 14054 14057 14055
3 14054 14056 14057
3 14057 14061 14058
3 14055 14057 14058
3 14056 14059 14061
3 14057 14056 14061
3 14058 14061 14060
3 14059 14060 14061
3 14062 14063 14064
3 14063 14062 14065
3 14062 14064 14066
3 14065 14062 14066
3 14063 14067 14064
3 14063 14065 14067
3 14064 14067 14066
3 14065 14066 14067
3 14068 14076 14078
3 14076 14068 14079
3 14069 14068 14078
3 14083 14069 14078
3 14080 14079 14068
3 14080 14068 14070
3 14070 14068 14069
3 14080 14070 14084
3 14071 14069 14083
3 14087 14071 14083
3 14070 14069 14072
3 14072 14069 14071
3 14088 14084 14070
3 14072 14088 14070
3 14073 14071 14087
3 14092 14073 14087
3 14072 14071 14074
3 14074 14071 14073
3 14089 14088 14072
3 14089 14072 14075
3 14075 14072 14074
3 14089 14075 14095
3 14073 14092 14093
3 14074 14073 14093
3 14094 14074 14093
3 14075 14074 14094
3 14096 14075 14094
3 14095 14075 14096
3 14077 14100 14101
3 14100 14077 14102
3 14076 14077 14101
3 14076 14101 14078
3 14078 14101 14106
3 14079 14081 14104
3 14076 14079 14104
3 14076 14104 14102
3 14076 14102 14077
3 14081 14082 14105
3 14104 14081 14105
3 14105 14082 14108
3 14078 14106 14083
3 14106 14111 14083
3 14079 14080 14081
3 14084 14081 14080
3 14084 14085 14081
3 14085 14082 14081
3 14110 14108 14082
3 14110 14082 14086
3 14086 14082 14085
3 14110 14086 14112
3 14083 14111 14087
3 14111 14114 14087
3 14085 14088 14090
3 14084 14088 14085
3 14086 14085 14091
3 14091 14085 14090
3 14115 14112 14086
3 14091 14115 14086
3 14087 14114 14092
3 14114 14117 14092
3 14088 14089 14090
3 14116 14091 14090
3 14116 14090 14095
3 14116 14095 14119
3 14089 14095 14090
3 14115 14091 14116
3 14097 14093 14092
3 14097 14092 14123
3 14123 14092 14117
3 14124 14093 14097
3 14124 14118 14093
3 14118 14094 14093
3 14096 14094 14120
3 14094 14118 14120
3 14119 14095 14096
3 14120 14119 14096
3 14098 14097 14123
3 14130 14098 14123
3 14125 14124 14097
3 14125 14097 14099
3 14099 14097 14098
3 14125 14099 14132
3 14098 14130 14131
3 14099 14098 14131
3 14133 14099 14131
3 14132 14099 14133
3 14100 14103 14101
3 14100 14102 14103
3 14103 14134 14135
3 14103 14135 14101
3 14101 14135 14106
3 14107 14136 14134
3 14104 14107 14134
3 14104 14134 14103
3 14104 14103 14102
3 14104 14105 14109
3 14107 14104 14109
3 14105 14108 14109
3 14106 14135 14111
3 14135 14140 14111
3 14107 14138 14136
3 14109 14138 14107
3 14139 14138 14109
3 14113 14143 14139
3 14110 14113 14139
3 14110 14139 14109
3 14110 14109 14108
3 14110 14112 14113
3 14111 14140 14114
3 14140 14146 14114
3 14113 14145 14143
3 14145 14113 14112
3 14145 14112 14148
3 14148 14112 14115
3 14114 14146 14117
3 14146 14151 14117
3 14116 14119 14121
3 14150 14148 14115
3 14150 14115 14121
3 14150 14121 14122
3 14121 14115 14116
3 14150 14122 14153
3 14117 14151 14123
3 14151 14155 14123
3 14118 14124 14126
3 14118 14127 14120
3 14126 14127 14118
3 14120 14121 14119
3 14120 14127 14121
3 14127 14128 14121
3 14122 14121 14129
3 14129 14121 14128
3 14159 14153 14122
3 14129 14159 14122
3 14123 14155 14130
3 14155 14162 14130
3 14124 14125 14126
3 14156 14127 14126
3 14156 14126 14132
3 14156 14132 14165
3 14125 14132 14126
3 14128 14127 14156
3 14157 14128 14156
3 14129 14128 14157
3 14160 14129 14157
3 14159 14129 14160
3 14130 14162 14163
3 14131 14130 14163
3 14133 14131 14166
3 14131 14163 14166
3 14165 14132 14133
3 14166 14165 14133
3 14134 14137 14135
3 14134 14136 14137
3 14137 14141 14140
3 14135 14137 14140
3 14136 14138 14142
3 14136 14142 14137
3 14137 14142 14141
3 14138 14139 14144
3 14142 14138 14144
3 14139 14143 14144
3 14141 14170 14172
3 14141 14172 14140
3 14140 14172 14146
3 14142 14170 14141
3 14171 14170 14142
3 14171 14147 14174
3 14171 14142 14147
3 14142 14144 14147
3 14143 14145 14149
3 14143 14149 14144
3 14144 14149 14147
3 14145 14148 14149
3 14146 14172 14151
3 14172 14177 14151
3 14147 14176 14174
3 14176 14152 14180
3 14176 14147 14152
3 14147 14149 14152
3 14148 14150 14154
3 14148 14154 14149
3 14149 14154 14152
3 14150 14153 14154
3 14151 14177 14155
3 14177 14184 14155
3 14158 14180 14152
3 14189 14180 14158
3 14192 14154 14182
3 14192 14158 14154
3 14158 14152 14154
3 14154 14153 14159
3 14154 14159 14183
3 14154 14183 14182
3 14161 14183 14159
3 14183 14161 14195
3 14185 14164 14162
3 14185 14162 14184
3 14184 14162 14155
3 14164 14187 14167
3 14185 14187 14164
3 14167 14156 14165
3 14167 14187 14156
3 14187 14190 14156
3 14189 14158 14157
3 14189 14157 14190
3 14190 14157 14156
3 14158 14192 14193
3 14158 14193 14157
3 14157 14193 14160
3 14159 14160 14193
3 14159 14193 14168
3 14159 14168 14161
3 14198 14168 14193
3 14197 14195 14161
3 14197 14161 14169
3 14169 14161 14168
3 14197 14169 14201
3 14162 14164 14163
3 14166 14163 14164
3 14167 14166 14164
3 14165 14166 14167
3 14168 14198 14199
3 14169 14168 14199
3 14202 14169 14199
3 14201 14169 14202
3 14170 14173 14172
3 14170 14171 14175
3 14173 14170 14175
3 14171 14174 14175
3 14173 14178 14177
3 14172 14173 14177
3 14175 14179 14173
3 14179 14178 14173
3 14174 14176 14181
3 14174 14181 14175
3 14175 14181 14179
3 14176 14180 14181
3 14178 14186 14184
3 14177 14178 14184
3 14179 14188 14178
3 14188 14186 14178
3 14181 14191 14179
3 14191 14188 14179
3 14180 14189 14191
3 14181 14180 14191
3 14182 14194 14192
3 14182 14183 14196
3 14194 14182 14196
3 14183 14195 14196
3 14184 14186 14185
3 14187 14185 14186
3 14188 14187 14186
3 14190 14187 14188
3 14191 14190 14188
3 14189 14190 14191
3 14192 14194 14193
3 14198 14193 14194
3 14198 14194 14200
3 14200 14194 14196
3 14195 14197 14203
3 14195 14203 14196
3 14196 14203 14200
3 14197 14201 14203
3 14198 14200 14199
3 14202 14199 14200
3 14203 14202 14200
3 14201 14202 14203
3 14204 14217 14222
3 14204 14205 14219
3 14217 14204 14219
3 14219 14205 14223
3 14206 14204 14222
3 14226 14206 14222
3 14205 14204 14207
3 14207 14204 14206
3 14227 14223 14205
3 14207 14227 14205
3 14208 14206 14226
3 14230 14208 14226
3 14207 14206 14209
3 14209 14206 14208
3 14231 14227 14207
3 14209 14231 14207
3 14210 14208 14230
3 14234 14210 14230
3 14209 14208 14211
3 14211 14208 14210
3 14236 14231 14209
3 14211 14236 14209
3 14210 14234 14235
3 14211 14210 14235
3 14237 14211 14235
3 14236 14211 14237
3 14212 14238 14240
3 14212 14213 14239
3 14238 14212 14239
3 14239 14213 14241
3 14214 14212 14240
3 14244 14214 14240
3 14213 14212 14215
3 14215 14212 14214
3 14242 14241 14213
3 14242 14213 14216
3 14216 14213 14215
3 14242 14216 14245
3 14218 14214 14244
3 14247 14218 14244
3 14215 14214 14220
3 14220 14214 14218
3 14216 14215 14221
3 14221 14215 14220
3 14248 14245 14216
3 14221 14248 14216
3 14217 14218 14247
3 14217 14247 14222
3 14222 14247 14251
3 14219 14218 14217
3 14220 14218 14219
3 14223 14220 14219
3 14223 14224 14220
3 14224 14221 14220
3 14249 14248 14221
3 14249 14221 14225
3 14225 14221 14224
3 14249 14225 14253
3 14222 14251 14226
3 14251 14255 14226
3 14224 14227 14228
3 14223 14227 14224
3 14225 14224 14229
3 14229 14224 14228
3 14258 14253 14225
3 14229 14258 14225
3 14226 14255 14230
3 14255 14260 14230
3 14228 14231 14232
3 14227 14231 14228
3 14229 14228 14233
3 14233 14228 14232
3 14264 14258 14229
3 14233 14264 14229
3 14230 14260 14234
3 14260 14267 14234
3 14232 14270 14263
3 14232 14231 14270
3 14231 14236 14270
3 14233 14232 14263
3 14265 14233 14263
3 14264 14233 14265
3 14234 14267 14268
3 14235 14234 14268
3 14237 14235 14271
3 14235 14268 14271
3 14270 14236 14237
3 14271 14270 14237
3 14238 14273 14276
3 14240 14238 14276
3 14239 14274 14238
3 14238 14274 14273
3 14241 14243 14275
3 14241 14275 14239
3 14239 14275 14274
3 14275 14243 14277
3 14240 14276 14244
3 14276 14279 14244
3 14241 14242 14243
3 14245 14246 14278
3 14242 14245 14278
3 14242 14278 14277
3 14242 14277 14243
3 14278 14246 14280
3 14244 14279 14247
3 14279 14281 14247
3 14246 14248 14250
3 14245 14248 14246
3 14285 14280 14246
3 14250 14285 14246
3 14282 14252 14251
3 14282 14251 14281
3 14281 14251 14247
3 14282 14288 14252
3 14248 14249 14250
3 14253 14254 14286
3 14249 14253 14286
3 14249 14286 14285
3 14249 14285 14250
3 14286 14254 14292
3 14252 14256 14255
3 14251 14252 14255
3 14289 14252 14288
3 14289 14257 14252
3 14257 14256 14252
3 14289 14294 14257
3 14254 14258 14259
3 14253 14258 14254
3 14297 14292 14254
3 14259 14297 14254
3 14256 14261 14260
3 14255 14256 14260
3 14257 14262 14256
3 14262 14261 14256
3 14299 14257 14294
3 14262 14257 14299
3 14259 14264 14266
3 14258 14264 14259
3 14304 14297 14259
3 14266 14304 14259
3 14261 14269 14267
3 14260 14261 14267
3 14262 14272 14261
3 14272 14269 14261
3 14270 14300 14263
3 14270 14262 14300
3 14270 14272 14262
3 14299 14300 14262
3 14265 14263 14302
3 14263 14300 14302
3 14266 14264 14265
3 14266 14265 14305
3 14305 14265 14302
3 14304 14266 14305
3 14267 14269 14268
3 14271 14268 14269
3 14272 14271 14269
3 14270 14271 14272
3 14273 14308 14311
3 14276 14273 14311
3 14274 14309 14273
3 14273 14309 14308
3 14275 14310 14274
3 14274 14310 14309
3 14310 14275 14277
3 14314 14310 14277
3 14276 14311 14279
3 14311 14317 14279
3 14277 14316 14314
3 14278 14316 14277
3 14316 14278 14280
3 14323 14316 14280
3 14318 14283 14281
3 14318 14281 14317
3 14317 14281 14279
3 14283 14320 14284
3 14318 14320 14283
3 14320 14326 14284
3 14325 14285 14287
3 14325 14323 14285
3 14323 14280 14285
3 14325 14287 14330
3 14281 14283 14282
3 14288 14282 14283
3 14288 14283 14290
3 14290 14283 14284
3 14327 14284 14326
3 14327 14291 14284
3 14291 14290 14284
3 14327 14333 14291
3 14285 14286 14287
3 14292 14293 14332
3 14286 14292 14332
3 14286 14332 14330
3 14286 14330 14287
3 14332 14293 14337
3 14288 14290 14289
3 14294 14289 14290
3 14294 14290 14295
3 14295 14290 14291
3 14334 14291 14333
3 14334 14296 14291
3 14296 14295 14291
3 14334 14338 14296
3 14293 14297 14298
3 14292 14297 14293
3 14339 14337 14293
3 14298 14339 14293
3 14295 14301 14299
3 14294 14295 14299
3 14296 14303 14295
3 14303 14301 14295
3 14340 14296 14338
3 14303 14296 14340
3 14298 14304 14306
3 14297 14304 14298
3 14342 14339 14298
3 14306 14342 14298
3 14299 14301 14300
3 14302 14300 14301
3 14303 14302 14301
3 14303 14340 14341
3 14303 14341 14302
3 14302 14341 14305
3 14304 14305 14341
3 14304 14341 14307
3 14304 14307 14306
3 14344 14307 14341
3 14345 14342 14306
3 14307 14345 14306
3 14307 14344 14346
3 14345 14307 14346
3 14308 14312 14311
3 14308 14309 14313
3 14312 14308 14313
3 14309 14310 14315
3 14313 14309 14315
3 14310 14314 14315
3 14312 14319 14317
3 14311 14312 14317
3 14313 14321 14312
3 14321 14319 14312
3 14315 14322 14313
3 14322 14321 14313
3 14314 14316 14324
3 14314 14324 14315
3 14315 14324 14322
3 14316 14323 14324
3 14317 14319 14318
3 14320 14318 14319
3 14321 14320 14319
3 14326 14320 14321
3 14326 14321 14328
3 14328 14321 14322
3 14324 14329 14322
3 14329 14328 14322
3 14323 14325 14331
3 14323 14331 14324
3 14324 14331 14329
3 14325 14330 14331
3 14326 14328 14327
3 14333 14327 14328
3 14333 14328 14335
3 14335 14328 14329
3 14331 14336 14329
3 14336 14335 14329
3 14330 14336 14331
3 14330 14348 14336
3 14330 14332 14348
3 14348 14349 14336
3 14348 14332 14337
3 14351 14348 14337
3 14333 14335 14334
3 14350 14335 14336
3 14350 14338 14335
3 14350 14353 14338
3 14334 14335 14338
3 14349 14350 14336
3 14337 14339 14351
3 14351 14339 14355
3 14338 14353 14340
3 14353 14358 14340
3 14357 14342 14343
3 14357 14355 14342
3 14355 14339 14342
3 14357 14343 14362
3 14340 14358 14359
3 14341 14340 14359
3 14359 14344 14341
3 14363 14344 14359
3 14343 14345 14347
3 14342 14345 14343
3 14366 14362 14343
3 14347 14366 14343
3 14344 14363 14364
3 14346 14344 14364
3 14347 14345 14346
3 14347 14346 14367
3 14367 14346 14364
3 14366 14347 14367
3 14348 14352 14349
3 14348 14351 14352
3 14350 14354 14353
3 14350 14349 14352
3 14350 14352 14354
3 14354 14352 14356
3 14351 14355 14356
3 14352 14351 14356
3 14354 14360 14358
3 14353 14354 14358
3 14356 14361 14354
3 14361 14360 14354
3 14355 14361 14356
3 14355 14371 14361
3 14355 14357 14371
3 14371 14372 14361
3 14371 14357 14362
3 14373 14371 14362
3 14358 14360 14359
3 14363 14359 14360
3 14363 14360 14365
3 14365 14360 14361
3 14376 14361 14372
3 14365 14361 14376
3 14375 14366 14368
3 14375 14373 14366
3 14373 14362 14366
3 14375 14368 14378
3 14363 14365 14364
3 14365 14367 14364
3 14365 14379 14367
3 14365 14376 14379
3 14379 14369 14367
3 14367 14368 14366
3 14367 14369 14368
3 14369 14370 14368
3 14381 14378 14368
3 14370 14381 14368
3 14369 14379 14380
3 14370 14369 14380
3 14382 14370 14380
3 14381 14370 14382
3 14371 14374 14372
3 14371 14373 14374
3 14374 14377 14376
3 14372 14374 14376
3 14373 14377 14374
3 14373 14389 14377
3 14373 14375 14389
3 14389 14390 14377
3 14389 14375 14378
3 14392 14389 14378
3 14377 14391 14395
3 14377 14395 14376
3 14376 14395 14379
3 14390 14391 14377
3 14394 14381 14383
3 14394 14392 14381
3 14392 14378 14381
3 14394 14383 14398
3 14384 14380 14379
3 14384 14379 14400
3 14400 14379 14395
3 14380 14385 14382
3 14384 14385 14380
3 14382 14383 14381
3 14382 14385 14383
3 14385 14386 14383
3 14404 14398 14383
3 14386 14404 14383
3 14384 14400 14401
3 14401 14406 14387
3 14401 14387 14384
3 14384 14387 14385
3 14386 14385 14388
3 14388 14385 14387
3 14409 14404 14386
3 14388 14409 14386
3 14387 14406 14407
3 14388 14387 14407
3 14410 14388 14407
3 14409 14388 14410
3 14389 14393 14390
3 14389 14392 14393
3 14391 14396 14395
3 14391 14390 14393
3 14391 14393 14396
3 14396 14393 14397
3 14392 14394 14399
3 14392 14399 14393
3 14393 14399 14397
3 14394 14398 14399
3 14396 14402 14400
3 14395 14396 14400
3 14397 14403 14396
3 14403 14402 14396
3 14399 14405 14397
3 14405 14403 14397
3 14398 14404 14405
3 14399 14398 14405
3 14400 14402 14401
3 14406 14401 14402
3 14406 14402 14408
3 14408 14402 14403
3 14405 14411 14403
3 14411 14408 14403
3 14404 14409 14411
3 14405 14404 14411
3 14406 14408 14407
3 14410 14407 14408
3 14411 14410 14408
3 14409 14410 14411
3 14412 14416 14422
3 14412 14413 14418
3 14416 14412 14418
3 14413 14414 14420
3 14418 14413 14420
3 14420 14414 14424
3 14415 14412 14422
3 14427 14415 14422
3 14428 14423 14413
3 14428 14413 14415
3 14415 14413 14412
3 14414 14413 14423
3 14425 14414 14423
3 14424 14414 14425
3 14415 14427 14429
3 14428 14415 14429
3 14417 14432 14437
3 14417 14419 14434
3 14432 14417 14434
3 14419 14421 14436
3 14434 14419 14436
3 14436 14421 14438
3 14416 14417 14437
3 14416 14437 14422
3 14422 14437 14441
3 14418 14417 14416
3 14419 14417 14418
3 14420 14419 14418
3 14421 14419 14420
3 14424 14426 14439
3 14420 14424 14439
3 14420 14439 14438
3 14420 14438 14421
3 14439 14426 14443
3 14422 14441 14427
3 14441 14444 14427
3 14423 14445 14442
3 14428 14445 14423
3 14430 14442 14447
3 14430 14425 14442
3 14425 14423 14442
3 14425 14426 14424
3 14425 14430 14426
3 14430 14431 14426
3 14450 14443 14426
3 14431 14450 14426
3 14427 14444 14446
3 14429 14427 14446
3 14445 14428 14429
3 14446 14445 14429
3 14430 14447 14449
3 14431 14430 14449
3 14451 14431 14449
3 14450 14431 14451
3 14433 14458 14460
3 14433 14435 14459
3 14458 14433 14459
3 14459 14435 14461
3 14432 14433 14460
3 14432 14460 14437
3 14437 14460 14466
3 14434 14433 14432
3 14435 14433 14434
3 14435 14462 14461
3 14435 14434 14462
3 14434 14436 14462
3 14438 14440 14464
3 14438 14464 14436
3 14436 14464 14462
3 14464 14440 14467
3 14437 14466 14441
3 14466 14469 14441
3 14438 14439 14440
3 14440 14439 14443
3 14440 14443 14467
3 14467 14443 14472
3 14441 14469 14444
3 14469 14475 14444
3 14442 14445 14448
3 14442 14448 14447
3 14452 14478 14473
3 14452 14473 14472
3 14452 14472 14450
3 14450 14472 14443
3 14453 14446 14444
3 14453 14444 14480
3 14480 14444 14475
3 14446 14448 14445
3 14446 14453 14448
3 14453 14454 14448
3 14447 14455 14449
3 14447 14448 14455
3 14448 14454 14455
3 14452 14483 14478
3 14452 14449 14483
3 14452 14451 14449
3 14455 14483 14449
3 14450 14451 14452
3 14456 14453 14480
3 14486 14456 14480
3 14454 14453 14457
3 14457 14453 14456
3 14489 14484 14455
3 14489 14455 14457
3 14457 14455 14454
3 14483 14455 14484
3 14456 14486 14487
3 14457 14456 14487
3 14490 14457 14487
3 14489 14457 14490
3 14458 14492 14496
3 14460 14458 14496
3 14459 14493 14458
3 14458 14493 14492
3 14461 14463 14494
3 14461 14494 14459
3 14459 14494 14493
3 14463 14465 14495
3 14494 14463 14495
3 14495 14465 14500
3 14460 14496 14466
3 14496 14503 14466
3 14461 14462 14463
3 14464 14463 14462
3 14465 14463 14464
3 14467 14468 14502
3 14464 14467 14502
3 14464 14502 14500
3 14464 14500 14465
3 14502 14468 14510
3 14504 14470 14469
3 14504 14469 14503
3 14503 14469 14466
3 14470 14506 14471
3 14504 14506 14470
3 14506 14512 14471
3 14468 14472 14474
3 14467 14472 14468
3 14515 14510 14468
3 14474 14515 14468
3 14470 14476 14475
3 14469 14470 14475
3 14471 14477 14470
3 14477 14476 14470
3 14518 14471 14512
3 14477 14471 14518
3 14473 14478 14479
3 14473 14479 14520
3 14472 14473 14520
3 14472 14520 14516
3 14472 14516 14474
3 14515 14474 14516
3 14476 14481 14480
3 14475 14476 14480
3 14477 14482 14476
3 14482 14481 14476
3 14522 14477 14518
3 14482 14477 14522
3 14479 14483 14485
3 14478 14483 14479
3 14525 14520 14479
3 14485 14525 14479
3 14481 14488 14486
3 14480 14481 14486
3 14482 14491 14481
3 14491 14488 14481
3 14489 14523 14484
3 14489 14482 14523
3 14489 14491 14482
3 14522 14523 14482
3 14485 14483 14484
3 14485 14484 14526
3 14526 14484 14523
3 14525 14485 14526
3 14486 14488 14487
3 14490 14487 14488
3 14491 14490 14488
3 14489 14490 14491
3 14492 14497 14496
3 14492 14493 14498
3 14497 14492 14498
3 14493 14494 14499
3 14498 14493 14499
3 14494 14495 14501
3 14499 14494 14501
3 14495 14500 14501
3 14497 14505 14503
3 14496 14497 14503
3 14498 14507 14497
3 14507 14505 14497
3 14499 14508 14498
3 14508 14507 14498
3 14501 14509 14499
3 14509 14508 14499
3 14500 14502 14511
3 14500 14511 14501
3 14501 14511 14509
3 14502 14510 14511
3 14503 14505 14504
3 14506 14504 14505
3 14507 14506 14505
3 14512 14506 14507
3 14512 14507 14513
3 14513 14507 14508
3 14509 14514 14508
3 14514 14513 14508
3 14511 14517 14509
3 14517 14514 14509
3 14510 14515 14517
3 14511 14510 14517
3 14513 14519 14518
3 14512 14513 14518
3 14514 14521 14513
3 14521 14519 14513
3 14516 14520 14521
3 14516 14521 14517
3 14517 14521 14514
3 14515 14516 14517
3 14519 14524 14522
3 14518 14519 14522
3 14521 14527 14519
3 14527 14524 14519
3 14520 14525 14527
3 14521 14520 14527
3 14522 14524 14523
3 14526 14523 14524
3 14527 14526 14524
3 14525 14526 14527
3 14528 14532 14534
3 14528 14529 14533
3 14532 14528 14533
3 14533 14529 14536
3 14530 14528 14534
3 14538 14530 14534
3 14529 14528 14531
3 14531 14528 14530
3 14540 14536 14529
3 14531 14540 14529
3 14530 14538 14539
3 14531 14530 14539
3 14541 14531 14539
3 14540 14531 14541
3 14532 14535 14534
3 14547 14535 14532
3 14547 14532 14545
3 14545 14532 14533
3 14536 14537 14546
3 14536 14546 14533
3 14533 14546 14545
3 14546 14537 14550
3 14535 14548 14553
3 14535 14553 14534
3 14534 14553 14538
3 14547 14548 14535
3 14537 14540 14542
3 14536 14540 14537
3 14552 14550 14537
3 14552 14537 14543
3 14543 14537 14542
3 14552 14543 14557
3 14538 14553 14554
3 14539 14538 14554
3 14541 14539 14556
3 14539 14554 14556
3 14540 14541 14556
3 14540 14556 14544
3 14540 14544 14542
3 14560 14544 14556
3 14561 14558 14543
3 14561 14543 14544
3 14544 14543 14542
3 14557 14543 14558
3 14544 14560 14562
3 14561 14544 14562
3 14545 14549 14547
3 14545 14546 14551
3 14549 14545 14551
3 14546 14550 14551
3 14548 14555 14553
3 14548 14566 14555
3 14547 14566 14548
3 14547 14564 14566
3 14547 14549 14564
3 14551 14564 14549
3 14565 14564 14551
3 14559 14569 14565
3 14552 14559 14565
3 14552 14565 14551
3 14552 14551 14550
3 14552 14557 14559
3 14553 14555 14554
3 14555 14566 14567
3 14555 14567 14554
3 14554 14567 14556
3 14560 14570 14563
3 14560 14556 14570
3 14556 14567 14570
3 14569 14563 14570
3 14559 14563 14569
3 14559 14561 14563
3 14559 14558 14561
3 14557 14558 14559
3 14560 14563 14562
3 14561 14562 14563
3 14564 14568 14566
3 14564 14565 14571
3 14568 14564 14571
3 14565 14569 14571
3 14566 14568 14567
3 14570 14567 14568
3 14571 14570 14568
3 14569 14570 14571
3 14572 14576 14577
3 14576 14572 14578
3 14573 14572 14577
3 14582 14573 14577
3 14579 14578 14572
3 14579 14572 14574
3 14574 14572 14573
3 14574 14575 14581
3 14579 14574 14581
3 14581 14575 14585
3 14573 14582 14583
3 14574 14573 14583
3 14584 14574 14583
3 14575 14574 14584
3 14586 14575 14584
3 14585 14575 14586
3 14576 14588 14590
3 14577 14576 14590
3 14578 14580 14589
3 14578 14589 14576
3 14576 14589 14588
3 14589 14580 14591
3 14577 14590 14582
3 14590 14592 14582
3 14578 14579 14580
3 14580 14579 14581
3 14580 14581 14595
3 14580 14595 14591
3 14595 14581 14587
3 14581 14585 14587
3 14582 14592 14593
3 14583 14582 14593
3 14584 14583 14596
3 14583 14593 14596
3 14595 14587 14586
3 14595 14586 14596
3 14596 14586 14584
3 14585 14586 14587
3 14588 14599 14601
3 14590 14588 14601
3 14589 14600 14588
3 14588 14600 14599
3 14600 14589 14591
3 14604 14600 14591
3 14602 14594 14592
3 14602 14592 14601
3 14601 14592 14590
3 14594 14605 14597
3 14602 14605 14594
3 14607 14608 14598
3 14604 14595 14605
3 14604 14591 14595
3 14595 14597 14605
3 14607 14598 14610
3 14592 14594 14593
3 14596 14593 14594
3 14597 14596 14594
3 14598 14608 14611
3 14595 14596 14597
3 14610 14598 14611
3 14599 14603 14601
3 14599 14600 14606
3 14603 14599 14606
3 14600 14604 14606
3 14601 14603 14602
3 14605 14602 14603
3 14605 14603 14606
3 14613 14614 14609
3 14607 14612 14608
3 14605 14606 14604
3 14615 14613 14609
3 14607 14610 14612
3 14609 14614 14616
3 14608 14612 14611
3 14609 14616 14615
3 14610 14611 14612
3 14613 14617 14614
3 14613 14615 14617
3 14614 14617 14616
3 14615 14616 14617
3 14618 14626 14628
3 14618 14619 14627
3 14626 14618 14627
3 14627 14619 14629
3 14620 14618 14628
3 14631 14620 14628
3 14619 14618 14621
3 14621 14618 14620
3 14630 14629 14619
3 14630 14619 14622
3 14622 14619 14621
3 14630 14622 14632
3 14623 14620 14631
3 14633 14623 14631
3 14621 14620 14624
3 14624 14620 14623
3 14622 14621 14625
3 14625 14621 14624
3 14636 14632 14622
3 14625 14636 14622
3 14623 14633 14634
3 14624 14623 14634
3 14635 14624 14634
3 14625 14624 14635
3 14637 14625 14635
3 14636 14625 14637
3 14626 14638 14642
3 14628 14626 14642
3 14627 14640 14626
3 14626 14640 14638
3 14640 14627 14629
3 14643 14640 14629
3 14628 14642 14631
3 14642 14646 14631
3 14629 14644 14643
3 14630 14644 14629
3 14644 14630 14632
3 14647 14644 14632
3 14631 14646 14633
3 14646 14649 14633
3 14632 14636 14647
3 14647 14636 14653
3 14633 14649 14650
3 14634 14633 14650
3 14635 14634 14651
3 14634 14650 14651
3 14637 14635 14654
3 14635 14651 14654
3 14653 14636 14637
3 14654 14653 14637
3 14639 14656 14658
3 14639 14641 14657
3 14656 14639 14657
3 14657 14641 14660
3 14638 14639 14658
3 14638 14658 14642
3 14642 14658 14663
3 14640 14639 14638
3 14641 14639 14640
3 14643 14645 14662
3 14640 14643 14662
3 14640 14662 14660
3 14640 14660 14641
3 14662 14645 14664
3 14642 14663 14646
3 14663 14667 14646
3 14643 14644 14645
3 14647 14648 14665
3 14644 14647 14665
3 14644 14665 14664
3 14644 14664 14645
3 14665 14648 14673
3 14646 14667 14649
3 14667 14676 14649
3 14652 14677 14669
3 14652 14671 14655
3 14669 14671 14652
3 14648 14671 14674
3 14648 14653 14671
3 14648 14647 14653
3 14653 14655 14671
3 14673 14648 14674
3 14649 14676 14678
3 14650 14649 14678
3 14677 14652 14651
3 14677 14651 14678
3 14678 14651 14650
3 14654 14651 14652
3 14655 14654 14652
3 14653 14654 14655
3 14656 14659 14658
3 14656 14657 14661
3 14659 14656 14661
3 14657 14660 14661
3 14659 14680 14684
3 14659 14684 14658
3 14658 14684 14663
3 14661 14680 14659
3 14681 14680 14661
3 14660 14681 14661
3 14660 14662 14681
3 14662 14682 14681
3 14664 14666 14683
3 14664 14683 14662
3 14662 14683 14682
3 14683 14666 14691
3 14685 14668 14667
3 14685 14667 14684
3 14684 14667 14663
3 14668 14687 14670
3 14685 14687 14668
3 14670 14689 14672
3 14687 14689 14670
3 14692 14664 14689
3 14692 14666 14664
3 14689 14664 14672
3 14665 14675 14664
3 14672 14664 14675
3 14666 14692 14691
3 14665 14673 14675
3 14668 14679 14676
3 14667 14668 14676
3 14669 14677 14679
3 14669 14679 14670
3 14670 14679 14668
3 14671 14669 14670
3 14672 14671 14670
3 14674 14671 14672
3 14675 14674 14672
3 14673 14674 14675
3 14676 14679 14678
3 14677 14678 14679
3 14680 14686 14684
3 14680 14681 14688
3 14686 14680 14688
3 14681 14682 14690
3 14688 14681 14690
3 14682 14683 14693
3 14690 14682 14693
3 14683 14691 14693
3 14684 14686 14685
3 14687 14685 14686
3 14688 14687 14686
3 14689 14687 14688
3 14690 14689 14688
3 14692 14689 14690
3 14693 14692 14690
3 14691 14692 14693
3 14694 14699 14705
3 14694 14695 14701
3 14699 14694 14701
3 14695 14696 14703
3 14701 14695 14703
3 14696 14697 14704
3 14703 14696 14704
3 14704 14697 14708
3 14698 14694 14705
3 14711 14698 14705
3 14712 14706 14695
3 14712 14695 14698
3 14698 14695 14694
3 14696 14695 14706
3 14707 14696 14706
3 14697 14696 14707
3 14709 14697 14707
3 14708 14697 14709
3 14698 14711 14713
3 14712 14698 14713
3 14700 14715 14717
3 14700 14702 14716
3 14715 14700 14716
3 14716 14702 14719
3 14699 14700 14717
3 14699 14717 14705
3 14705 14717 14723
3 14701 14700 14699
3 14702 14700 14701
3 14702 14720 14719
3 14702 14701 14720
3 14701 14703 14720
3 14704 14721 14703
3 14703 14721 14720
3 14708 14710 14722
3 14708 14722 14704
3 14704 14722 14721
3 14722 14710 14729
3 14724 14714 14711
3 14724 14711 14723
3 14723 14711 14705
3 14714 14706 14712
3 14714 14724 14706
3 14724 14725 14706
3 14707 14706 14727
3 14706 14725 14727
3 14709 14707 14728
3 14707 14727 14728
3 14710 14708 14709
3 14710 14709 14730
3 14730 14709 14728
3 14729 14710 14730
3 14711 14714 14713
3 14712 14713 14714
3 14715 14718 14717
3 14733 14718 14715
3 14733 14715 14732
3 14732 14715 14716
3 14732 14716 14719
3 14735 14732 14719
3 14718 14734 14740
3 14718 14740 14717
3 14717 14740 14723
3 14734 14726 14741
3 14734 14718 14726
3 14736 14726 14733
3 14733 14726 14718
3 14738 14726 14720
3 14738 14744 14726
3 14720 14726 14719
3 14736 14735 14726
3 14719 14726 14735
3 14721 14739 14720
3 14720 14739 14738
3 14731 14747 14739
3 14731 14739 14722
3 14722 14739 14721
3 14722 14729 14731
3 14723 14740 14742
3 14724 14723 14742
3 14741 14726 14725
3 14741 14725 14742
3 14742 14725 14724
3 14726 14744 14745
3 14726 14745 14725
3 14725 14745 14727
3 14728 14727 14748
3 14727 14745 14748
3 14747 14731 14730
3 14747 14730 14748
3 14748 14730 14728
3 14729 14730 14731
3 14732 14737 14733
3 14732 14735 14737
3 14734 14743 14740
3 14736 14733 14737
3 14741 14743 14734
3 14735 14736 14737
3 14738 14746 14744
3 14738 14739 14749
3 14746 14738 14749
3 14739 14747 14749
3 14740 14743 14742
3 14741 14742 14743
3 14744 14746 14745
3 14748 14745 14746
3 14749 14748 14746
3 14747 14748 14749
3 14750 14764 14767
3 14750 14751 14765
3 14764 14750 14765
3 14751 14752 14766
3 14765 14751 14766
3 14766 14752 14769
3 14753 14750 14767
3 14772 14753 14767
3 14751 14750 14754
3 14754 14750 14753
3 14752 14751 14755
3 14755 14751 14754
3 14770 14769 14752
3 14770 14752 14756
3 14756 14752 14755
3 14770 14756 14775
3 14753 14772 14773
3 14773 14778 14757
3 14773 14757 14753
3 14753 14757 14754
3 14755 14754 14758
3 14758 14754 14757
3 14780 14776 14756
3 14780 14756 14758
3 14758 14756 14755
3 14775 14756 14776
3 14759 14757 14778
3 14782 14759 14778
3 14758 14757 14760
3 14760 14757 14759
3 14784 14780 14758
3 14760 14784 14758
3 14761 14759 14782
3 14786 14761 14782
3 14760 14759 14762
3 14762 14759 14761
3 14788 14784 14760
3 14762 14788 14760
3 14763 14761 14786
3 14791 14763 14786
3 14792 14789 14762
3 14792 14762 14763
3 14763 14762 14761
3 14788 14762 14789
3 14763 14791 14793
3 14792 14763 14793
3 14764 14768 14767
3 14798 14768 14764
3 14798 14764 14795
3 14795 14764 14765
3 14766 14796 14765
3 14765 14796 14795
3 14769 14771 14797
3 14769 14797 14766
3 14766 14797 14796
3 14797 14771 14800
3 14768 14774 14772
3 14767 14768 14772
3 14803 14768 14798
3 14774 14768 14803
3 14769 14770 14771
3 14775 14777 14801
3 14770 14775 14801
3 14770 14801 14800
3 14770 14800 14771
3 14801 14777 14806
3 14772 14774 14773
3 14778 14804 14779
3 14773 14804 14778
3 14773 14803 14804
3 14773 14774 14803
3 14804 14808 14779
3 14776 14780 14781
3 14776 14781 14810
3 14775 14776 14810
3 14775 14810 14807
3 14775 14807 14777
3 14806 14777 14807
3 14779 14783 14782
3 14778 14779 14782
3 14812 14779 14808
3 14783 14779 14812
3 14781 14784 14785
3 14780 14784 14781
3 14814 14810 14781
3 14785 14814 14781
3 14783 14787 14786
3 14782 14783 14786
3 14816 14783 14812
3 14787 14783 14816
3 14785 14788 14790
3 14784 14788 14785
3 14819 14814 14785
3 14790 14819 14785
3 14787 14794 14791
3 14786 14787 14791
3 14792 14817 14789
3 14792 14787 14817
3 14792 14794 14787
3 14816 14817 14787
3 14790 14788 14789
3 14790 14789 14820
3 14820 14789 14817
3 14819 14790 14820
3 14791 14794 14793
3 14792 14793 14794
3 14795 14799 14798
3 14826 14799 14795
3 14826 14795 14823
3 14823 14795 14796
3 14797 14824 14796
3 14796 14824 14823
3 14800 14802 14825
3 14800 14825 14797
3 14797 14825 14824
3 14825 14802 14828
3 14799 14805 14803
3 14798 14799 14803
3 14829 14799 14826
3 14805 14799 14829
3 14800 14801 14802
3 14802 14801 14806
3 14802 14806 14828
3 14828 14806 14831
3 14803 14805 14804
3 14808 14830 14809
3 14804 14830 14808
3 14804 14829 14830
3 14804 14805 14829
3 14830 14833 14809
3 14807 14810 14811
3 14807 14811 14834
3 14807 14834 14806
3 14806 14834 14831
3 14809 14813 14812
3 14808 14809 14812
3 14837 14809 14833
3 14813 14809 14837
3 14811 14814 14815
3 14810 14814 14811
3 14838 14834 14811
3 14815 14838 14811
3 14813 14818 14816
3 14812 14813 14816
3 14841 14813 14837
3 14818 14813 14841
3 14815 14819 14821
3 14814 14819 14815
3 14843 14838 14815
3 14821 14843 14815
3 14816 14818 14817
3 14818 14820 14817
3 14818 14847 14820
3 14818 14841 14847
3 14847 14822 14820
3 14820 14822 14848
3 14819 14820 14848
3 14819 14848 14844
3 14819 14844 14821
3 14843 14821 14844
3 14822 14847 14849
3 14848 14822 14849
3 14823 14827 14826
3 14856 14827 14823
3 14856 14823 14854
3 14854 14823 14824
3 14825 14855 14824
3 14824 14855 14854
3 14855 14825 14828
3 14859 14855 14828
3 14827 14857 14862
3 14827 14862 14826
3 14826 14862 14829
3 14856 14857 14827
3 14861 14831 14832
3 14861 14859 14831
3 14859 14828 14831
3 14861 14832 14867
3 14829 14862 14863
3 14830 14829 14863
3 14863 14833 14830
3 14870 14833 14863
3 14832 14834 14835
3 14831 14834 14832
3 14869 14867 14832
3 14869 14832 14836
3 14836 14832 14835
3 14869 14836 14872
3 14833 14870 14837
3 14870 14874 14837
3 14835 14838 14839
3 14834 14838 14835
3 14836 14835 14840
3 14840 14835 14839
3 14877 14872 14836
3 14840 14877 14836
3 14875 14842 14841
3 14875 14841 14874
3 14874 14841 14837
3 14875 14878 14842
3 14839 14843 14845
3 14838 14843 14839
3 14840 14839 14846
3 14846 14839 14845
3 14879 14877 14840
3 14846 14879 14840
3 14842 14850 14847
3 14841 14842 14847
3 14882 14844 14878
3 14882 14851 14844
3 14878 14844 14842
3 14848 14850 14844
3 14842 14844 14850
3 14844 14845 14843
3 14844 14851 14845
3 14851 14852 14845
3 14884 14880 14846
3 14884 14846 14852
3 14852 14846 14845
3 14879 14846 14880
3 14847 14850 14849
3 14882 14888 14853
3 14882 14853 14851
3 14848 14849 14850
3 14889 14885 14852
3 14889 14852 14853
3 14853 14852 14851
3 14884 14852 14885
3 14853 14888 14890
3 14889 14853 14890
3 14854 14858 14856
3 14854 14855 14860
3 14858 14854 14860
3 14855 14859 14860
3 14857 14864 14862
3 14857 14856 14858
3 14857 14858 14864
3 14864 14858 14865
3 14860 14866 14858
3 14866 14865 14858
3 14859 14861 14868
3 14859 14868 14860
3 14860 14868 14866
3 14861 14867 14868
3 14862 14864 14863
3 14870 14863 14864
3 14870 14864 14871
3 14871 14864 14865
3 14899 14866 14897
3 14899 14871 14866
3 14871 14865 14866
3 14868 14897 14866
3 14898 14897 14868
3 14873 14901 14898
3 14869 14873 14898
3 14869 14898 14868
3 14869 14868 14867
3 14869 14872 14873
3 14871 14876 14874
3 14870 14871 14874
3 14904 14871 14899
3 14876 14871 14904
3 14873 14903 14901
3 14903 14873 14872
3 14903 14872 14907
3 14907 14872 14877
3 14874 14876 14875
3 14876 14878 14875
3 14876 14904 14878
3 14904 14910 14878
3 14909 14879 14881
3 14909 14907 14879
3 14907 14877 14879
3 14909 14881 14914
3 14911 14883 14882
3 14911 14882 14910
3 14910 14882 14878
3 14911 14916 14883
3 14880 14884 14886
3 14880 14881 14879
3 14880 14886 14881
3 14886 14887 14881
3 14917 14914 14881
3 14887 14917 14881
3 14883 14891 14888
3 14882 14883 14888
3 14919 14885 14916
3 14919 14892 14885
3 14916 14885 14883
3 14889 14891 14885
3 14883 14885 14891
3 14885 14886 14884
3 14885 14892 14886
3 14892 14893 14886
3 14887 14886 14894
3 14894 14886 14893
3 14921 14917 14887
3 14894 14921 14887
3 14888 14891 14890
3 14919 14923 14895
3 14919 14895 14892
3 14889 14890 14891
3 14893 14892 14896
3 14896 14892 14895
3 14926 14922 14894
3 14926 14894 14896
3 14896 14894 14893
3 14921 14894 14922
3 14895 14923 14924
3 14896 14895 14924
3 14927 14896 14924
3 14926 14896 14927
3 14897 14900 14899
3 14897 14898 14902
3 14900 14897 14902
3 14898 14901 14902
3 14900 14905 14904
3 14899 14900 14904
3 14902 14906 14900
3 14906 14905 14900
3 14901 14903 14908
3 14901 14908 14902
3 14902 14908 14906
3 14903 14907 14908
3 14905 14912 14910
3 14904 14905 14910
3 14930 14906 14929
3 14930 14912 14906
3 14912 14905 14906
3 14929 14913 14931
3 14929 14906 14913
3 14906 14908 14913
3 14907 14909 14915
3 14907 14915 14908
3 14908 14915 14913
3 14909 14914 14915
3 14910 14912 14911
3 14912 14916 14911
3 14912 14930 14916
3 14930 14934 14916
3 14913 14933 14931
3 14933 14918 14937
3 14933 14913 14918
3 14913 14915 14918
3 14914 14917 14918
3 14915 14914 14918
3 14935 14920 14919
3 14935 14919 14934
3 14934 14919 14916
3 14935 14940 14920
3 14918 14939 14937
3 14939 14918 14917
3 14939 14917 14942
3 14942 14917 14921
3 14920 14925 14923
3 14919 14920 14923
3 14944 14920 14940
3 14925 14920 14944
3 14922 14926 14928
3 14922 14928 14947
3 14922 14947 14921
3 14921 14947 14942
3 14923 14925 14924
3 14925 14944 14945
3 14925 14945 14924
3 14924 14945 14927
3 14928 14926 14927
3 14928 14927 14948
3 14948 14927 14945
3 14947 14928 14948
3 14929 14932 14930
3 14929 14931 14932
3 14932 14936 14934
3 14930 14932 14934
3 14931 14933 14938
3 14931 14938 14932
3 14932 14938 14936
3 14933 14937 14938
3 14934 14936 14935
3 14940 14935 14936
3 14940 14936 14941
3 14941 14936 14938
3 14937 14939 14943
3 14937 14943 14938
3 14938 14943 14941
3 14939 14942 14943
3 14941 14946 14944
3 14940 14941 14944
3 14943 14949 14941
3 14949 14946 14941
3 14942 14947 14949
3 14943 14942 14949
3 14944 14946 14945
3 14948 14945 14946
3 14949 14948 14946
3 14947 14948 14949
3 14950 14962 14968
3 14950 14951 14964
3 14962 14950 14964
3 14951 14952 14966
3 14964 14951 14966
3 14966 14952 14970
3 14953 14969 14974
3 14968 14969 14953
3 14968 14953 14950
3 14950 14953 14954
3 14951 14950 14955
3 14955 14950 14954
3 14952 14951 14956
3 14956 14951 14955
3 14971 14970 14952
3 14971 14952 14957
3 14957 14952 14956
3 14971 14957 14978
3 14953 14974 14975
3 14954 14953 14975
3 14977 14954 14975
3 14977 14980 14958
3 14977 14958 14954
3 14954 14958 14955
3 14956 14955 14959
3 14959 14955 14958
3 14957 14956 14960
3 14960 14956 14959
3 14983 14978 14957
3 14960 14983 14957
3 14958 14980 14981
3 14959 14958 14981
3 14982 14959 14981
3 14982 14986 14961
3 14982 14961 14959
3 14959 14961 14960
3 14987 14983 14960
3 14961 14987 14960
3 14961 14986 14988
3 14987 14961 14988
3 14963 14992 14995
3 14963 14965 14993
3 14992 14963 14993
3 14965 14967 14994
3 14993 14965 14994
3 14994 14967 14997
3 14962 14963 14995
3 14962 14995 14968
3 14968 14995 15001
3 14964 14963 14962
3 14965 14963 14964
3 14966 14965 14964
3 14967 14965 14966
3 14970 14972 14998
3 14966 14970 14998
3 14966 14998 14997
3 14966 14997 14967
3 14972 14973 15000
3 14998 14972 15000
3 15000 14973 15003
3 14969 14976 14974
3 14969 15005 14976
3 14969 14968 15005
3 14968 15001 15005
3 14970 14971 14972
3 14978 14972 14971
3 14978 14979 14972
3 14979 14973 14972
3 15008 15003 14973
3 14979 15008 14973
3 14974 14976 14975
3 14976 15005 15006
3 14976 15006 14975
3 14975 15006 14977
3 15006 14980 14977
3 15012 14980 15006
3 14979 14983 14984
3 14978 14983 14979
3 15009 15008 14979
3 15009 14979 14985
3 14985 14979 14984
3 15009 14985 15016
3 14980 15012 15013
3 14981 14980 15013
3 14982 14981 15015
3 14981 15013 15015
3 15015 14986 14982
3 15018 14986 15015
3 14984 14987 14989
3 14983 14987 14984
3 14985 14984 14990
3 14990 14984 14989
3 15022 15016 14985
3 14990 15022 14985
3 14986 15018 15019
3 14988 14986 15019
3 14989 14987 14988
3 14989 14988 15021
3 15021 14988 15019
3 15021 15025 14991
3 15021 14991 14989
3 14989 14991 14990
3 15026 15022 14990
3 14991 15026 14990
3 14991 15025 15027
3 15026 14991 15027
3 14992 14996 14995
3 15033 14996 14992
3 15033 14992 15029
3 15029 14992 14993
3 14994 15030 14993
3 14993 15030 15029
3 14997 14999 15031
3 14997 15031 14994
3 14994 15031 15030
3 15031 14999 15035
3 14996 15002 15001
3 14995 14996 15001
3 15039 14996 15033
3 15002 14996 15039
3 14997 14998 14999
3 14999 15036 15035
3 14999 14998 15036
3 14998 15000 15036
3 15003 15004 15038
3 15003 15038 15000
3 15000 15038 15036
3 15038 15004 15041
3 15002 15007 15005
3 15001 15002 15005
3 15043 15002 15039
3 15007 15002 15043
3 15004 15008 15010
3 15003 15008 15004
3 15042 15041 15004
3 15042 15004 15011
3 15011 15004 15010
3 15042 15011 15046
3 15005 15007 15006
3 15012 15044 15014
3 15006 15044 15012
3 15006 15043 15044
3 15006 15007 15043
3 15044 15047 15014
3 15008 15009 15010
3 15016 15010 15009
3 15016 15017 15010
3 15017 15011 15010
3 15050 15046 15011
3 15017 15050 15011
3 15012 15014 15013
3 15014 15047 15048
3 15014 15048 15013
3 15013 15048 15015
3 15018 15049 15020
3 15018 15015 15049
3 15015 15048 15049
3 15049 15053 15020
3 15017 15022 15023
3 15016 15022 15017
3 15051 15050 15017
3 15051 15017 15024
3 15024 15017 15023
3 15051 15024 15056
3 15018 15020 15019
3 15020 15053 15055
3 15020 15055 15019
3 15019 15055 15021
3 15055 15025 15021
3 15058 15025 15055
3 15023 15026 15028
3 15022 15026 15023
3 15060 15057 15024
3 15060 15024 15028
3 15028 15024 15023
3 15056 15024 15057
3 15025 15058 15059
3 15027 15025 15059
3 15028 15026 15027
3 15028 15027 15061
3 15061 15027 15059
3 15060 15028 15061
3 15032 15063 15064
3 15063 15032 15066
3 15029 15034 15033
3 15070 15034 15029
3 15070 15029 15065
3 15065 15029 15030
3 15064 15031 15032
3 15064 15065 15031
3 15065 15030 15031
3 15035 15037 15068
3 15031 15035 15068
3 15031 15068 15066
3 15031 15066 15032
3 15068 15037 15072
3 15034 15040 15039
3 15033 15034 15039
3 15075 15034 15070
3 15040 15034 15075
3 15035 15036 15037
3 15037 15073 15072
3 15037 15036 15073
3 15036 15038 15073
3 15073 15038 15041
3 15077 15073 15041
3 15040 15045 15043
3 15039 15040 15043
3 15080 15040 15075
3 15045 15040 15080
3 15041 15078 15077
3 15042 15078 15041
3 15078 15042 15046
3 15082 15078 15046
3 15043 15045 15044
3 15045 15047 15044
3 15045 15080 15047
3 15080 15085 15047
3 15083 15050 15052
3 15083 15082 15050
3 15082 15046 15050
3 15083 15052 15088
3 15047 15085 15086
3 15048 15047 15086
3 15054 15086 15089
3 15054 15049 15086
3 15049 15048 15086
3 15049 15054 15053
3 15050 15051 15052
3 15052 15051 15056
3 15052 15056 15088
3 15088 15056 15093
3 15054 15089 15090
3 15053 15054 15090
3 15053 15090 15055
3 15055 15090 15092
3 15092 15058 15055
3 15095 15058 15092
3 15057 15060 15062
3 15057 15062 15099
3 15057 15099 15056
3 15056 15099 15093
3 15058 15095 15096
3 15059 15058 15096
3 15061 15059 15098
3 15059 15096 15098
3 15062 15060 15061
3 15062 15061 15100
3 15100 15061 15098
3 15099 15062 15100
3 15063 15067 15064
3 15066 15067 15063
3 15069 15103 15104
3 15103 15069 15106
3 15065 15071 15070
3 15065 15109 15071
3 15064 15109 15065
3 15064 15105 15109
3 15064 15067 15105
3 15104 15068 15069
3 15104 15105 15068
3 15066 15068 15067
3 15067 15068 15105
3 15072 15074 15108
3 15068 15072 15108
3 15068 15108 15106
3 15068 15106 15069
3 15108 15074 15111
3 15071 15076 15075
3 15070 15071 15075
3 15114 15071 15109
3 15076 15071 15114
3 15072 15073 15074
3 15077 15079 15112
3 15073 15077 15112
3 15073 15112 15111
3 15073 15111 15074
3 15112 15079 15116
3 15076 15081 15080
3 15075 15076 15080
3 15119 15076 15114
3 15081 15076 15119
3 15077 15078 15079
3 15082 15084 15117
3 15078 15082 15117
3 15078 15117 15116
3 15078 15116 15079
3 15117 15084 15121
3 15081 15087 15085
3 15080 15081 15085
3 15123 15081 15119
3 15087 15081 15123
3 15082 15083 15084
3 15084 15083 15088
3 15084 15088 15121
3 15121 15088 15126
3 15085 15087 15086
3 15089 15124 15091
3 15086 15124 15089
3 15086 15123 15124
3 15086 15087 15123
3 15124 15129 15091
3 15127 15093 15094
3 15127 15126 15093
3 15126 15088 15093
3 15127 15094 15133
3 15089 15091 15090
3 15091 15129 15130
3 15091 15130 15090
3 15090 15130 15092
3 15095 15132 15097
3 15095 15092 15132
3 15092 15130 15132
3 15132 15134 15097
3 15094 15099 15101
3 15093 15099 15094
3 15136 15133 15094
3 15101 15136 15094
3 15095 15097 15096
3 15097 15134 15135
3 15097 15135 15096
3 15096 15135 15098
3 15102 15135 15139
3 15102 15100 15135
3 15100 15098 15135
3 15100 15102 15140
3 15099 15100 15140
3 15099 15140 15137
3 15099 15137 15101
3 15136 15101 15137
3 15102 15139 15141
3 15140 15102 15141
3 15103 15107 15104
3 15103 15106 15107
3 15105 15110 15109
3 15105 15145 15110
3 15104 15145 15105
3 15104 15142 15145
3 15104 15107 15142
3 15106 15142 15107
3 15106 15108 15142
3 15108 15143 15142
3 15111 15113 15144
3 15111 15144 15108
3 15108 15144 15143
3 15144 15113 15148
3 15110 15115 15114
3 15109 15110 15114
3 15150 15110 15145
3 15115 15110 15150
3 15111 15112 15113
3 15116 15118 15149
3 15112 15116 15149
3 15112 15149 15148
3 15112 15148 15113
3 15149 15118 15153
3 15115 15120 15119
3 15114 15115 15119
3 15155 15115 15150
3 15120 15115 15155
3 15116 15117 15118
3 15121 15122 15154
3 15117 15121 15154
3 15117 15154 15153
3 15117 15153 15118
3 15154 15122 15158
3 15120 15125 15123
3 15119 15120 15123
3 15159 15120 15155
3 15125 15120 15159
3 15122 15126 15128
3 15121 15126 15122
3 15162 15158 15122
3 15128 15162 15122
3 15123 15125 15124
3 15129 15160 15131
3 15124 15160 15129
3 15124 15159 15160
3 15124 15125 15159
3 15160 15163 15131
3 15126 15127 15128
3 15128 15127 15133
3 15128 15133 15162
3 15162 15133 15165
3 15129 15131 15130
3 15131 15163 15164
3 15131 15164 15130
3 15130 15164 15132
3 15164 15134 15132
3 15167 15134 15164
3 15138 15169 15166
3 15138 15166 15165
3 15138 15165 15136
3 15136 15165 15133
3 15134 15167 15168
3 15135 15134 15168
3 15168 15139 15135
3 15170 15139 15168
3 15137 15169 15138
3 15137 15140 15169
3 15140 15171 15169
3 15136 15137 15138
3 15139 15170 15172
3 15141 15139 15172
3 15171 15140 15141
3 15172 15171 15141
3 15142 15146 15145
3 15142 15143 15147
3 15146 15142 15147
3 15175 15147 15143
3 15175 15143 15174
3 15174 15143 15144
3 15174 15144 15148
3 15176 15174 15148
3 15146 15151 15150
3 15145 15146 15150
3 15147 15152 15146
3 15152 15151 15146
3 15179 15147 15175
3 15152 15147 15179
3 15148 15178 15176
3 15149 15178 15148
3 15178 15149 15153
3 15181 15178 15153
3 15151 15156 15155
3 15150 15151 15155
3 15152 15157 15151
3 15157 15156 15151
3 15184 15152 15179
3 15157 15152 15184
3 15153 15183 15181
3 15154 15183 15153
3 15183 15154 15158
3 15188 15183 15158
3 15156 15161 15159
3 15155 15156 15159
3 15190 15157 15185
3 15190 15161 15157
3 15161 15156 15157
3 15184 15185 15157
3 15158 15162 15188
3 15188 15162 15193
3 15159 15161 15160
3 15161 15163 15160
3 15161 15190 15163
3 15190 15195 15163
3 15162 15165 15193
3 15193 15165 15199
3 15163 15195 15196
3 15164 15163 15196
3 15196 15167 15164
3 15202 15167 15196
3 15166 15204 15200
3 15169 15204 15166
3 15199 15165 15166
3 15200 15199 15166
3 15167 15202 15203
3 15168 15167 15203
3 15170 15205 15173
3 15170 15168 15205
3 15168 15203 15205
3 15173 15205 15204
3 15173 15204 15171
3 15171 15204 15169
3 15170 15173 15172
3 15171 15172 15173
3 15174 15177 15175
3 15174 15176 15177
3 15177 15180 15179
3 15175 15177 15179
3 15176 15178 15182
3 15176 15182 15177
3 15177 15182 15180
3 15178 15181 15182
3 15180 15186 15184
3 15179 15180 15184
3 15182 15187 15180
3 15187 15186 15180
3 15181 15183 15189
3 15181 15189 15182
3 15182 15189 15187
3 15183 15188 15189
3 15185 15191 15190
3 15185 15184 15186
3 15185 15186 15191
3 15191 15186 15192
3 15207 15187 15206
3 15207 15192 15187
3 15192 15186 15187
3 15206 15194 15208
3 15206 15187 15194
3 15187 15189 15194
3 15188 15193 15194
3 15189 15188 15194
3 15191 15197 15195
3 15190 15191 15195
3 15192 15198 15191
3 15198 15197 15191
3 15210 15192 15207
3 15198 15192 15210
3 15201 15208 15194
3 15212 15208 15201
3 15193 15199 15201
3 15194 15193 15201
3 15195 15197 15196
3 15211 15197 15198
3 15211 15202 15197
3 15211 15214 15202
3 15196 15197 15202
3 15210 15211 15198
3 15200 15212 15201
3 15200 15204 15212
3 15204 15217 15212
3 15199 15200 15201
3 15202 15214 15215
3 15203 15202 15215
3 15205 15203 15218
3 15203 15215 15218
3 15217 15204 15205
3 15218 15217 15205
3 15206 15209 15207
3 15206 15208 15209
3 15209 15213 15210
3 15207 15209 15210
3 15208 15212 15213
3 15209 15208 15213
3 15211 15216 15214
3 15211 15210 15213
3 15211 15213 15216
3 15216 15213 15219
3 15212 15217 15219
3 15213 15212 15219
3 15214 15216 15215
3 15218 15215 15216
3 15219 15218 15216
3 15217 15218 15219
3 15220 15229 15232
3 15220 15221 15230
3 15229 15220 15230
3 15221 15222 15231
3 15230 15221 15231
3 15231 15222 15234
3 15220 15232 15233
3 15233 15237 15223
3 15233 15223 15220
3 15220 15223 15221
3 15222 15221 15224
3 15224 15221 15223
3 15236 15234 15222
3 15236 15222 15225
3 15225 15222 15224
3 15236 15225 15239
3 15223 15237 15238
3 15238 15240 15226
3 15238 15226 15223
3 15223 15226 15224
3 15225 15224 15227
3 15227 15224 15226
3 15242 15239 15225
3 15227 15242 15225
3 15226 15240 15241
3 15241 15244 15228
3 15241 15228 15226
3 15226 15228 15227
3 15245 15242 15227
3 15228 15245 15227
3 15228 15244 15246
3 15245 15228 15246
3 15229 15250 15252
3 15232 15229 15252
3 15230 15251 15229
3 15229 15251 15250
3 15235 15254 15251
3 15235 15251 15231
3 15231 15251 15230
3 15231 15234 15235
3 15232 15252 15253
3 15233 15232 15253
3 15253 15237 15233
3 15257 15237 15253
3 15235 15255 15254
3 15234 15255 15235
3 15234 15236 15255
3 15236 15256 15255
3 15256 15236 15239
3 15260 15256 15239
3 15237 15257 15258
3 15238 15237 15258
3 15258 15240 15238
3 15262 15240 15258
3 15261 15242 15243
3 15261 15260 15242
3 15260 15239 15242
3 15261 15243 15265
3 15240 15262 15263
3 15241 15240 15263
3 15263 15244 15241
3 15268 15244 15263
3 15243 15245 15247
3 15242 15245 15243
3 15266 15265 15243
3 15266 15243 15248
3 15248 15243 15247
3 15266 15248 15270
3 15244 15268 15269
3 15246 15244 15269
3 15245 15246 15269
3 15245 15269 15249
3 15245 15249 15247
3 15273 15249 15269
3 15274 15271 15248
3 15274 15248 15249
3 15249 15248 15247
3 15270 15248 15271
3 15249 15273 15275
3 15274 15249 15275
3 15250 15277 15279
3 15252 15250 15279
3 15251 15278 15250
3 15250 15278 15277
3 15278 15251 15254
3 15282 15278 15254
3 15252 15279 15280
3 15253 15252 15280
3 15257 15283 15259
3 15257 15253 15283
3 15253 15280 15283
3 15285 15259 15255
3 15285 15287 15259
3 15255 15259 15254
3 15283 15282 15259
3 15254 15259 15282
3 15256 15286 15255
3 15255 15286 15285
3 15286 15256 15260
3 15289 15286 15260
3 15257 15259 15258
3 15262 15288 15264
3 15258 15288 15262
3 15258 15287 15288
3 15258 15259 15287
3 15288 15292 15264
3 15260 15290 15289
3 15261 15290 15260
3 15265 15267 15291
3 15265 15291 15261
3 15261 15291 15290
3 15291 15267 15293
3 15262 15264 15263
3 15264 15268 15263
3 15264 15292 15268
3 15292 15295 15268
3 15265 15266 15267
3 15270 15272 15294
3 15266 15270 15294
3 15266 15294 15293
3 15266 15293 15267
3 15294 15272 15298
3 15268 15295 15296
3 15269 15268 15296
3 15296 15273 15269
3 15301 15273 15296
3 15271 15274 15276
3 15271 15276 15303
3 15270 15271 15303
3 15270 15303 15299
3 15270 15299 15272
3 15298 15272 15299
3 15273 15301 15302
3 15275 15273 15302
3 15276 15274 15275
3 15276 15275 15304
3 15304 15275 15302
3 15303 15276 15304
3 15277 15281 15279
3 15277 15278 15284
3 15281 15277 15284
3 15278 15282 15284
3 15279 15281 15280
3 15283 15280 15281
3 15284 15283 15281
3 15285 15307 15309
3 15285 15309 15287
3 15283 15284 15282
3 15286 15308 15285
3 15285 15308 15307
3 15308 15286 15289
3 15312 15308 15289
3 15287 15309 15310
3 15288 15287 15310
3 15310 15292 15288
3 15316 15292 15310
3 15289 15314 15312
3 15290 15314 15289
3 15291 15315 15290
3 15290 15315 15314
3 15315 15291 15293
3 15320 15315 15293
3 15317 15297 15295
3 15317 15295 15316
3 15316 15295 15292
3 15317 15324 15297
3 15293 15322 15320
3 15294 15322 15293
3 15298 15300 15323
3 15298 15323 15294
3 15294 15323 15322
3 15323 15300 15326
3 15295 15297 15296
3 15297 15301 15296
3 15297 15324 15301
3 15324 15328 15301
3 15299 15303 15305
3 15299 15305 15331
3 15298 15299 15331
3 15298 15331 15327
3 15298 15327 15300
3 15326 15300 15327
3 15301 15328 15329
3 15302 15301 15329
3 15306 15329 15334
3 15306 15304 15329
3 15304 15302 15329
3 15304 15306 15335
3 15303 15304 15335
3 15303 15335 15332
3 15303 15332 15305
3 15331 15305 15332
3 15306 15334 15336
3 15335 15306 15336
3 15307 15311 15309
3 15307 15308 15313
3 15311 15307 15313
3 15308 15312 15313
3 15309 15311 15310
3 15316 15310 15311
3 15316 15311 15318
3 15318 15311 15313
3 15312 15314 15319
3 15312 15319 15313
3 15313 15319 15318
3 15314 15315 15321
3 15319 15314 15321
3 15315 15320 15321
3 15316 15318 15317
3 15324 15317 15318
3 15324 15318 15325
3 15325 15318 15319
3 15342 15321 15339
3 15342 15325 15321
3 15325 15319 15321
3 15320 15339 15321
3 15320 15322 15339
3 15322 15340 15339
3 15323 15341 15322
3 15322 15341 15340
3 15341 15323 15326
3 15343 15341 15326
3 15325 15330 15328
3 15324 15325 15328
3 15344 15325 15342
3 15330 15325 15344
3 15327 15331 15333
3 15327 15333 15348
3 15327 15348 15326
3 15326 15348 15343
3 15328 15330 15329
3 15334 15345 15337
3 15329 15345 15334
3 15329 15344 15345
3 15329 15330 15344
3 15337 15332 15335
3 15337 15345 15332
3 15338 15332 15350
3 15350 15332 15345
3 15332 15338 15351
3 15331 15332 15351
3 15331 15351 15349
3 15331 15349 15333
3 15348 15333 15349
3 15334 15337 15336
3 15338 15350 15352
3 15335 15336 15337
3 15351 15338 15352
3 15339 15354 15357
3 15342 15339 15357
3 15340 15355 15339
3 15339 15355 15354
3 15341 15356 15340
3 15340 15356 15355
3 15356 15341 15343
3 15361 15356 15343
3 15358 15346 15344
3 15358 15344 15357
3 15357 15344 15342
3 15346 15360 15347
3 15358 15360 15346
3 15360 15363 15347
3 15343 15348 15361
3 15361 15348 15364
3 15344 15346 15345
3 15350 15345 15346
3 15350 15346 15353
3 15353 15346 15347
3 15351 15365 15349
3 15351 15347 15365
3 15351 15353 15347
3 15363 15365 15347
3 15364 15348 15349
3 15365 15364 15349
3 15350 15353 15352
3 15351 15352 15353
3 15354 15359 15357
3 15368 15359 15354
3 15368 15354 15367
3 15367 15354 15355
3 15362 15369 15367
3 15362 15367 15356
3 15356 15367 15355
3 15356 15361 15362
3 15357 15359 15358
3 15359 15368 15370
3 15359 15370 15358
3 15358 15370 15360
3 15363 15362 15366
3 15363 15370 15362
3 15363 15360 15370
3 15370 15369 15362
3 15361 15364 15366
3 15362 15361 15366
3 15363 15366 15365
3 15364 15365 15366
3 15367 15371 15368
3 15367 15369 15371
3 15368 15371 15370
3 15369 15370 15371
3 15372 15375 15377
3 15375 15372 15378
3 15373 15372 15377
3 15380 15373 15377
3 15381 15378 15372
3 15373 15381 15372
3 15373 15380 15382
3 15381 15373 15382
3 15374 15387 15389
3 15374 15376 15388
3 15387 15374 15388
3 15388 15376 15392
3 15374 15389 15390
3 15375 15394 15377
3 15375 15374 15394
3 15375 15376 15374
3 15374 15390 15394
3 15378 15379 15393
3 15375 15378 15393
3 15375 15393 15392
3 15375 15392 15376
3 15393 15379 15396
3 15395 15383 15380
3 15395 15380 15394
3 15394 15380 15377
3 15381 15395 15378
3 15381 15383 15395
3 15378 15395 15379
3 15398 15384 15395
3 15379 15395 15384
3 15397 15396 15379
3 15397 15379 15385
3 15385 15379 15384
3 15397 15385 15400
3 15380 15383 15382
3 15384 15398 15399
3 15381 15382 15383
3 15399 15401 15386
3 15399 15386 15384
3 15384 15386 15385
3 15402 15400 15385
3 15386 15402 15385
3 15386 15401 15403
3 15402 15386 15403
3 15387 15391 15389
3 15405 15391 15387
3 15405 15387 15404
3 15404 15387 15388
3 15404 15388 15392
3 15406 15404 15392
3 15389 15391 15390
3 15391 15394 15390
3 15391 15405 15394
3 15405 15409 15394
3 15392 15407 15406
3 15393 15407 15392
3 15407 15393 15396
3 15412 15407 15396
3 15394 15409 15410
3 15395 15394 15410
3 15410 15398 15395
3 15415 15398 15410
3 15396 15413 15412
3 15397 15413 15396
3 15413 15397 15400
3 15418 15413 15400
3 15398 15415 15416
3 15399 15398 15416
3 15416 15401 15399
3 15419 15401 15416
3 15400 15402 15418
3 15418 15402 15420
3 15401 15419 15421
3 15403 15401 15421
3 15420 15402 15403
3 15421 15420 15403
3 15404 15423 15425
3 15405 15404 15425
3 15406 15408 15424
3 15406 15424 15404
3 15404 15424 15423
3 15424 15408 15428
3 15426 15411 15409
3 15426 15409 15425
3 15425 15409 15405
3 15406 15407 15408
3 15411 15426 15430
3 15412 15414 15429
3 15407 15412 15429
3 15407 15429 15428
3 15407 15428 15408
3 15429 15414 15433
3 15409 15411 15410
3 15415 15431 15417
3 15410 15431 15415
3 15410 15430 15431
3 15410 15411 15430
3 15412 15413 15414
3 15417 15431 15434
3 15414 15413 15418
3 15414 15418 15433
3 15433 15418 15435
3 15415 15417 15416
3 15417 15419 15416
3 15417 15434 15419
3 15434 15438 15419
3 15436 15420 15422
3 15436 15435 15420
3 15435 15418 15420
3 15436 15422 15441
3 15419 15438 15439
3 15421 15419 15439
3 15422 15420 15421
3 15422 15421 15442
3 15442 15421 15439
3 15441 15422 15442
3 15423 15427 15425
3 15444 15427 15423
3 15444 15423 15443
3 15443 15423 15424
3 15443 15424 15428
3 15445 15443 15428
3 15425 15427 15426
3 15430 15446 15432
3 15426 15446 15430
3 15426 15444 15446
3 15426 15427 15444
3 15448 15432 15429
3 15448 15449 15432
3 15429 15432 15428
3 15446 15445 15432
3 15428 15432 15445
3 15448 15429 15433
3 15450 15448 15433
3 15430 15432 15431
3 15432 15434 15431
3 15432 15449 15434
3 15449 15454 15434
3 15452 15435 15437
3 15452 15450 15435
3 15450 15433 15435
3 15452 15437 15457
3 15455 15440 15438
3 15455 15438 15454
3 15454 15438 15434
3 15435 15436 15437
3 15440 15455 15459
3 15437 15436 15441
3 15437 15441 15457
3 15457 15441 15460
3 15438 15440 15439
3 15440 15459 15461
3 15440 15461 15439
3 15439 15461 15442
3 15460 15441 15442
3 15461 15460 15442
3 15443 15447 15444
3 15443 15445 15447
3 15444 15447 15446
3 15445 15446 15447
3 15448 15451 15449
3 15450 15451 15448
3 15453 15464 15465
3 15464 15453 15466
3 15451 15456 15454
3 15449 15451 15454
3 15451 15452 15456
3 15451 15450 15452
3 15456 15452 15469
3 15453 15465 15452
3 15469 15452 15465
3 15457 15458 15468
3 15452 15457 15468
3 15452 15468 15466
3 15452 15466 15453
3 15468 15458 15472
3 15454 15456 15455
3 15459 15470 15462
3 15455 15470 15459
3 15455 15469 15470
3 15455 15456 15469
3 15460 15470 15457
3 15460 15462 15470
3 15457 15470 15458
3 15474 15463 15470
3 15458 15470 15463
3 15475 15472 15458
3 15463 15475 15458
3 15459 15462 15461
3 15463 15474 15476
3 15460 15461 15462
3 15475 15463 15476
3 15464 15467 15465
3 15464 15466 15467
3 15467 15471 15469
3 15465 15467 15469
3 15466 15468 15473
3 15466 15473 15467
3 15467 15473 15471
3 15468 15472 15473
3 15469 15471 15470
3 15474 15470 15471
3 15474 15471 15477
3 15477 15471 15473
3 15472 15475 15477
3 15473 15472 15477
3 15474 15477 15476
3 15475 15476 15477

POINT_DATA 15478
SCALARS scalars short
LOOKUP_TABLE default
225 225 225 225 225 225 225 225 225
225 225 225 225 225 225 225 225 225
225 225 225 225 225 225 225 225 225
225 225 225 225 225 225 225 225 225
225 225 225 225 225 225 225 225 226
226 226 226 226 226 226 226 226 226
226 226 226 226 226 226 226 226 226
226 226 226 226 226 226 226 226 226
226 226 226 226 226 226 226 226 226
226 226 226 226 226 226 226 226 226
226 226 226 226 226 226 226 226 226
226 226 226 226 226 226 226 226 226
226 226 226 226 226 226 226 226 226
226 226 226 226 226 226 226 226 226
226 226 226 226 226 226 226 226 226
226 226 226 226 226 226 226 226 226
226 226 226 226 226 226 226 226 226
226 226 226 226 226 226 226 226 226
226 226 226 226 226 226 226 226 226
226 226 226 226 226 226 226 226 226
226 226 226 226 226 226 226 226 226
226 226 226 226 226 226 226 226 226
226 226 226 226 226 226 226 226 226
226 226 226 226 226 226 226 226 226
226 226 226 226 226 226 226 226 226
226 226 226 226 226 226 226 226 226
226 226 226 226 226 226 226 226 226
226 226 226 226 226 226 226 226 226
226 226 226 226 226 226 226 226 226
226 226 226 226 226 226 226 226 226
226 226 226 226 226 226 226 226 226
226 226 226 226 226 226 226 226 226
226 226 226 226 226 226 226 226 226
226 226 226 226 226 226 226 226 226
226 226 226 226 226 226 226 226 226
226 226 226 226 226 226 226 226 227
226 226 226 226 226 226 226 226 226
226 226 226 226 226 226 226 226 226
226 226 226 226 226 226 226 226 226
226 226 226 226 227 226 227 227 226
226 226 227 227 226 227 226 226 227
226 227 226 226 226 227 227 226 227
227 226 226 226 226 227 226 226 227
226 226 227 227 226 226 227 227 226
226 227 226 226 226 227 227 226 226
227 226 227 227 226 226 227 227 226
226 227 227 226 226 226 226 226 227
227 227 226 227 226 226 226 227 227
226 226 227 227 226 227 227 226 227
226 226 226 226 227 227 227 227 227
226 227 226 226 227 227 226 226 226
227 227 226 226 227 227 226 226 227
227 226 226 227 226 226 227 226 227
227 227 227 227 227 227 227 227 227
227 227 227 226 227 227 226 226 227
227 226 226 227 227 226 226 227 227
227 226 226 227 227 227 226 226 226
227 227 227 227 227 227 227 227 227
227 227 227 227 227 227 227 226 227
227 227 227 226 226 227 227 226 226
227 227 227 226 226 226 227 227 227
227 227 227 227 227 227 227 227 227
227 227 227 227 227 227 226 227 227
227 226 226 227 227 227 226 226 227
227 226 227 227 227 227 227 227 227
227 227 227 227 227 227 227 227 227
227 227 227 227 227 227 227 225 227
225 225 225 227 225 225 227 227 227
227 227 227 227 227 227 227 225 227
227 227 227 227 227 225 225 225 225
225 225 225 225 225 225 225 225 225
225 225 225 225 225 227 225 228 228
228 228 228 228 228 228 228 228 228
228 228 228 228 228 228 228 228 228
228 228 228 228 228 228 228 228 228
228 228 228 228 228 228 228 228 228
228 228 228 228 228 228 228 228 228
228 228 228 228 228 228 228 228 228
228 228 228 228 228 228 228 228 228
228 228 228 228 228 228 228 228 228
228 228 228 228 228 228 228 228 228
228 228 228 228 228 229 229 229 229
229 229 229 229 229 229 229 229 229
229 229 229 229 229 229 229 229 229
229 229 229 229 229 229 229 229 229
229 229 229 229 229 229 229 229 229
229 229 229 229 229 229 229 229 229
229 229 229 229 229 229 229 229 229
229 229 229 229 229 229 229 229 229
229 229 229 229 229 229 229 229 229
229 229 229 229 229 229 229 229 229
229 229 229 229 229 229 229 229 229
229 229 229 229 229 229 229 229 229
229 229 229 229 229 229 229 229 229
228 229 229 229 229 229 229 229 228
228 228 229 228 229 229 229 229 229
228 229 228 228 229 229 229 229 229
229 229 229 229 229 228 229 229 228
228 228 228 228 230 230 230 230 230
230 230 230 230 230 230 230 230 230
226 230 230 226 230 226 230 230 226
226 226 230 230 226 226 230 230 226
226 226 230 226 226 230 230 230 226
226 226 230 226 226 226 230 226 230
230 230 226 230 230 230 226 230 230
230 226 226 230 226 226 230 230 230
226 230 230 230 226 230 230 230 230
230 226 230 226 226 228 228 228 228
231 228 228 231 228 228 228 228 228
228 228 228 228 228 228 228 228 231
231 228 228 228 228 231 231 231 228
228 228 231 231 231 231 228 228 228
231 231 228 231 228 228 231 226 231
231 231 231 231 231 231 231 231 228
231 231 231 231 231 231 231 231 231
228 226 231 231 228 226 231 231 226
226 231 231 231 231 231 231 231 231
231 231 231 231 231 231 231 231 231
231 231 231 226 226 231 231 231 226
226 231 231 231 226 226 231 231 226
226 231 231 226 226 231 226 226 226
231 231 231 231 231 231 231 231 231
226 231 226 231 226 226 231 226 226
226 231 231 226 226 231 231 226 226
226 231 231 231 231 231 231 231 231
231 226 231 231 226 231 231 226 231
226 226 230 230 230 230 230 230 230
230 230 230 232 230 230 230 232 230
232 232 230 230 232 232 232 232 232
232 232 232 232 230 230 232 232 230
232 232 232 232 232 232 232 232 232
232 232 230 232 232 232 232 232 232
232 232 232 232 232 232 232 232 232
232 232 232 232 232 232 232 232 232
232 232 232 232 232 232 232 232 232
232 232 232 232 232 232 232 232 232
232 232 232 232 232 232 232 232 232
232 232 232 232 232 232 232 232 226
232 232 232 232 232 232 232 232 232
232 232 232 233 233 233 233 233 233
233 233 233 233 233 233 233 233 233
233 233 233 233 233 233 233 233 233
233 233 233 233 233 233 233 233 233
233 233 233 233 233 233 233 233 233
233 233 233 233 233 233 233 233 233
233 233 233 233 233 233 233 233 233
233 233 234 234 234 234 234 234 234
234 234 234 234 234 234 234 234 234
234 234 234 234 234 234 234 234 234
234 234 234 234 234 234 234 234 234
234 234 234 234 234 234 234 234 234
234 234 234 234 234 234 234 234 234
234 234 234 234 234 234 234 234 234
234 235 235 235 235 235 235 235 235
235 235 235 235 235 235 235 235 235
229 235 235 235 235 235 235 235 235
229 229 235 229 235 229 229 235 235
229 235 235 235 235 235 235 235 235
235 235 235 235 235 235 235 235 235
229 229 229 229 229 229 235 229 229
235 229 235 235 235 235 235 235 235
235 235 235 235 235 235 229 229 229
229 229 235 229 235 235 235 235 235
235 235 235 235 235 235 235 235 235
235 235 235 235 235 235 235 235 235
235 235 235 235 228 235 235 235 235
235 235 235 235 235 235 235 235 235
235 235 235 235 228 228 235 228 228
228 228 235 228 235 235 235 235 235
235 235 235 235 235 235 235 235 228
235 228 228 228 235 228 235 235 235
235 235 235 235 235 235 235 235 228
228 228 235 228 235 235 235 235 235
231 235 231 235 235 235 235 235 235
235 235 235 231 231 235 235 231 235
235 231 231 231 231 235 235 235 235
235 231 231 231 231 231 231 231 231
231 231 231 231 231 231 231 231 231
231 231 231 231 231 231 236 236 236
236 236 236 236 236 236 236 236 236
236 236 236 236 235 235 235 236 236
235 236 236 236 236 236 236 235 235
235 235 235 235 235 236 235 235 235
236 236 236 236 236 236 236 236 231
235 235 236 236 236 235 235 235 235
235 235 231 231 231 231 231 236 236
235 236 236 236 235 235 235 236 236
236 236 236 235 235 235 235 235 235
235 235 235 235 235 235 235 235 235
235 235 235 235 235 235 235 235 235
235 235 235 235 235 235 235 235 235
235 235 235 235 235 235 235 235 235
235 235 235 235 235 235 235 235 235
235 235 235 235 235 235 235 235 235
235 235 235 235 235 235 235 235 235
235 235 235 235 235 235 235 235 235
238 238 238 238 238 238 238 238 238
238 238 238 238 238 238 238 238 238
238 238 238 238 238 238 238 238 238
238 238 238 238 238 238 238 238 238
238 238 238 238 238 238 238 238 238
238 238 238 238 238 238 238 239 239
239 239 239 238 239 239 238 239 239
238 239 239 239 239 239 239 239 238
238 238 238 239 239 239 239 239 239
239 239 239 239 239 238 238 238 238
238 239 239 238 239 238 239 239 239
239 239 239 239 239 239 239 238 238
239 239 239 238 239 239 239 239 239
239 239 239 239 239 239 239 240 240
239 239 239 240 239 240 240 240 240
240 240 240 239 239 239 239 239 239
239 239 239 239 239 239 239 239 239
239 239 239 239 239 241 239 239 239
241 239 239 239 239 239 239 239 239
239 239 239 239 239 239 239 239 239
239 239 239 239 239 239 239 239 239
239 239 239 239 239 239 239 239 239
239 239 239 239 239 239 239 239 239
239 239 239 239 239 239 239 239 239
239 239 242 242 242 242 242 242 242
242 242 242 242 242 242 242 242 242
242 242 242 242 242 242 242 242 242
242 242 242 242 242 242 242 243 243
243 243 243 243 243 243 243 243 243
243 243 243 243 243 243 243 243 243
243 243 243 243 243 243 243 243 243
243 243 243 244 244 244 244 244 244
244 244 244 244 244 244 244 244 244
244 244 244 244 244 244 244 244 244
244 244 244 244 244 244 244 244 244
244 244 244 244 244 244 244 244 244
244 244 244 244 244 244 244 244 245
245 245 245 245 245 245 245 245 245
245 245 245 245 245 245 245 245 245
245 245 245 245 245 245 245 245 245
245 245 245 245 245 245 245 245 245
245 245 245 245 245 245 245 245 245
245 245 245 245 245 245 245 245 245
245 245 245 245 245 245 245 245 245
245 245 245 245 245 245 245 245 245
245 245 245 245 245 245 245 245 245
245 245 245 245 245 245 245 245 245
245 245 245 245 245 245 245 245 245
245 245 245 245 245 245 245 245 245
245 245 245 245 245 245 245 245 245
245 245 245 245 245 245 245 245 245
245 245 245 245 245 245 245 245 245
245 245 245 245 245 245 245 245 245
245 245 245 245 245 245 245 245 245
245 245 245 245 245 245 245 245 245
245 245 245 245 245 245 245 245 245
245 245 245 245 245 245 245 245 245
245 245 245 246 246 246 246 246 246
246 246 246 246 246 246 246 246 246
246 246 246 246 246 246 246 246 246
246 246 246 246 245 245 245 245 245
245 245 245 245 245 245 245 245 245
245 245 245 245 245 245 245 245 245
245 245 245 245 245 245 245 245 245
245 245 245 245 245 245 245 245 245
245 245 245 245 245 248 248 248 248
248 248 248 248 248 248 248 248 248
248 248 248 233 248 248 248 233 248
248 248 248 248 248 248 233 248 248
248 233 233 233 248 248 248 248 248
233 233 233 233 233 248 248 248 248
248 249 249 249 249 249 249 249 249
249 249 249 249 249 249 249 249 249
249 249 249 249 249 249 249 249 249
229 229 229 229 229 229 229 229 229
229 229 229 229 229 229 229 229 229
229 229 229 229 229 229 229 229 229
229 229 229 229 229 229 229 229 229
229 229 229 229 229 229 229 229 229
229 251 251 251 251 251 251 251 251
251 251 251 251 251 251 251 251 251
251 251 251 251 251 251 251 251 251
251 251 251 251 251 251 251 251 251
251 251 251 251 251 251 251 251 251
251 251 251 251 251 251 251 251 251
251 251 251 227 227 227 227 227 227
227 227 227 227 227 227 227 227 227
227 227 227 227 227 227 227 227 227
227 252 227 227 227 227 227 227 227
227 252 252 252 252 227 227 227 227
227 227 227 227 252 252 252 252 227
227 227 227 227 227 227 227 252 252
227 252 227 227 227 227 227 227 227
227 227 227 227 227 227 227 227 227
227 227 227 227 227 227 227 227 227
227 227 227 227 227 227 227 227 227
227 227 227 227 227 227 227 227 227
227 227 227 227 227 227 227 227 227
227 227 227 227 227 227 227 227 227
227 227 227 227 227 253 253 252 253
253 252 252 252 253 253 252 252 253
252 252 253 253 253 253 253 253 253
252 253 253 252 253 253 252 253 253
252 253 253 253 253 253 253 253 253
253 253 253 252 252 253 253 253 253
253 253 253 253 253 253 253 253 253
253 253 253 253 253 253 253 253 253
253 253 253 253 253 253 253 253 253
253 253 253 253 253 253 253 253 253
253 253 253 254 252 254 254 254 254
254 254 254 252 254 252 252 254 254
254 254 254 254 254 254 254 252 252
254 252 252 254 252 254 254 254 254
254 254 254 254 254 254 254 252 254
252 252 254 254 254 254 254 254 254
254 254 252 254 252 254 252 254 254
254 254 254 254 254 254 254 254 252
252 252 254 252 254 254 254 254 254
252 252 252 252 252 252 252 252 252
252 252 252 255 255 255 255 255 255
255 255 255 255 255 255 255 255 255
255 255 255 255 255 255 255 255 255
255 255 255 255 256 256 256 256 256
256 256 256 256 256 256 256 256 256
256 256 256 256 256 256 256 256 256
256 256 256 256 256 256 256 256 256
256 256 256 256 256 256 256 256 256
256 256 256 256 256 256 256 256 256
256 256 256 256 256 256 256 256 256
256 256 256 256 256 256 256 256 256
256 256 256 256 256 256 256 256 256
256 256 256 256 256 256 256 256 256
256 256 256 256 256 256 256 256 256
256 256 256 256 256 256 258 256 256
256 256 256 256 256 256 256 256 257
257 257 257 257 257 257 257 257 257
257 257 257 257 257 257 257 257 257
257 257 257 257 257 257 257 257 257
257 257 257 257 257 257 257 257 257
257 257 257 257 257 257 257 257 257
257 257 257 257 257 257 257 257 257
257 257 257 257 257 257 257 257 257
257 257 257 257 257 257 257 257 257
257 257 257 257 257 257 257 257 257
257 257 257 257 257 257 257 257 257
257 257 257 257 257 257 257 257 257
257 257 257 257 257 257 257 257 257
257 257 257 257 257 257 257 257 257
257 257 257 257 257 257 257 257 257
257 257 257 257 257 257 257 257 258
257 258 258 257 258 257 257 257 259
259 259 259 259 259 259 259 259 259
259 259 226 259 236 259 259 236 259
259 259 259 259 259 259 259 259 226
226 226 226 226 226 259 226 226 259
236 259 259 236 259 259 259 259 259
226 259 226 226 226 226 226 226 226
226 226 226 226 226 226 259 236 226
259 259 259 236 236 236 259 259 259
226 259 259 226 226 226 226 226 226
226 226 226 226 259 226 226 259 226
226 226 259 226 226 259 259 259 259
259 226 259 259 226 226 226 226 226
226 226 226 259 226 226 259 259 259
259 259 259 259 259 259 259 226 259
259 259 259 259 259 259 259 259 259
237 237 237 237 237 237 237 237 237
237 237 237 237 237 237 237 237 237
237 237 237 237 237 237 237 237 237
260 237 237 237 237 237 260 260 237
237 237 260 237 237 260 260 237 237
237 260 237 237 237 237 237 237 260
260 260 260 237 260 260 237 260 260
260 260 236 236 236 260 260 236 260
260 260 260 260 260 260 260 236 236
236 236 260 236 236 236 236 236 236
236 236 236 236 236 236 261 259 261
261 261 261 261 261 259 259 259 261
259 261 261 259 261 261 261 261 261
261 259 261 259 261 259 259 259 261
261 259 259 261 259 261 259 261 259
261 261 261 261 261 261 259 259 261
259 261 259 259 259 261 259 259 259
261 261 261 261 261 261 261 261 259
261 259 259 259 259 259 259 259 259
259 259 261 261 261 261 261 261 261
261 261 259 261 262 262 262 262 262
262 262 262 262 262 262 262 262 262
262 262 262 262 262 262 262 262 262
262 262 262 262 262 262 262 262 262
262 262 262 262 262 262 262 262 262
262 262 262 262 262 262 262 262 262
262 262 262 262 262 262 262 262 262
262 262 262 262 262 262 262 262 262
262 262 262 262 262 262 262 262 262
262 262 262 262 262 262 262 262 262
262 262 262 262 262 262 263 263 263
263 263 263 263 263 263 263 263 263
263 263 263 263 263 263 263 263 263
263 263 263 263 263 263 263 263 263
263 263 263 263 263 263 263 263 263
263 263 263 263 263 263 263 263 263
263 263 263 263 263 263 263 263 263
263 263 263 263 263 263 263 263 263
263 263 263 263 263 263 263 263 263
263 263 263 263 263 263 263 263 263
263 263 263 263 263 263 263 263 263
263 263 263 263 263 263 263 263 263
263 263 263 263 263 263 263 263 263
263 263 263 263 263 263 263 263 263
263 263 263 263 263 263 263 263 263
263 263 263 263 263 263 263 263 263
263 263 263 263 263 263 263 263 263
263 263 263 263 263 263 263 263 263
263 263 263 263 263 263 263 263 263
263 263 263 263 263 263 263 263 263
263 263 263 263 263 263 263 263 263
263 264 264 264 264 264 264 264 264
264 264 264 264 264 264 264 264 264
264 264 264 264 264 264 264 264 264
264 264 264 264 264 264 264 264 264
264 264 264 264 264 264 264 264 264
264 264 264 264 264 264 264 264 264
264 264 264 264 264 264 264 264 264
264 264 264 264 264 264 264 264 264
264 264 264 264 264 264 264 264 264
264 264 264 264 264 264 264 264 264
264 264 264 264 264 264 264 264 264
264 264 264 264 264 264 264 264 264
264 264 264 264 264 264 264 264 264
264 264 264 264 264 264 264 264 264
264 264 264 264 264 264 264 264 264
264 264 264 264 264 264 264 264 264
264 264 264 264 264 264 264 264 264
241 241 240 241 240 241 265 241 241
241 241 241 241 241 241 241 240 240
240 240 240 240 265 240 240 241 241
241 241 241 241 241 241 241 241 241
241 241 241 241 241 241 240 240 240
240 240 240 240 240 240 240 240 240
240 240 241 241 241 241 241 241 241
241 241 241 241 241 241 241 241 241
241 241 241 265 241 241 241 265 265
265 241 265 265 265 265 265 265 265
265 265 265 265 265 265 265 265 265
265 265 265 265 265 265 265 265 265
265 265 265 265 265 265 265 265 265
265 266 266 266 266 266 266 266 266
266 266 266 266 266 266 266 266 266
266 266 266 266 266 266 266 266 266
266 266 266 266 266 266 266 266 266
266 266 266 266 266 266 266 266 266
266 266 266 266 266 266 266 266 266
266 266 266 266 266 266 266 266 266
266 266 266 266 266 266 266 266 266
266 265 265 265 265 265 265 265 265
265 265 267 267 267 267 267 267 267
267 267 267 267 267 267 267 267 267
267 267 267 267 267 267 266 267 265
267 265 266 266 266 266 267 267 267
267 267 267 267 267 267 267 267 267
267 267 267 267 267 267 267 267 267
267 267 267 267 268 268 268 268 268
268 268 268 268 268 268 268 268 268
268 268 268 268 268 268 268 268 268
268 268 268 268 268 268 268 268 268
268 268 268 268 268 268 268 268 268
268 268 268 268 268 268 268 268 268
268 268 268 268 268 268 268 268 268
268 268 268 268 270 268 268 271 268
268 268 268 268 268 268 268 268 268
268 268 268 268 268 268 268 268 268
268 268 268 268 268 268 268 268 268
268 268 268 273 268 268 268 268 268
268 268 268 268 268 268 268 268 268
268 268 268 268 268 268 268 270 270
270 270 268 268 268 271 268 271 268
268 271 271 268 268 271 268 268 268
268 268 268 268 268 268 268 268 268
268 268 268 268 268 268 268 268 268
268 268 268 268 268 268 268 268 268
268 268 268 268 268 268 268 270 268
270 268 270 268 268 268 271 271 271
271 268 268 268 268 268 268 268 268
268 268 268 268 268 268 268 268 268
268 268 268 268 268 268 268 268 268
268 268 268 268 268 268 268 268 268
268 268 268 268 268 268 268 268 268
268 268 268 268 268 268 268 268 268
268 268 268 268 268 268 268 268 268
268 268 268 268 268 268 268 268 268
268 268 268 268 268 268 268 268 268
268 268 268 268 268 268 268 268 268
268 268 268 268 268 268 268 268 268
268 268 268 268 268 268 268 268 268
268 268 268 268 268 268 268 268 268
268 268 268 268 268 268 268 268 268
268 268 268 268 268 268 268 268 268
268 268 268 268 268 268 268 268 268
268 268 268 268 268 268 268 268 268
268 268 268 268 268 268 268 268 268
268 269 269 269 269 269 269 270 270
270 270 270 270 271 271 271 271 271
271 271 271 271 271 271 271 271 271
271 271 272 272 272 272 272 272 272
272 272 272 272 272 272 272 272 272
272 272 272 272 273 273 273 273 273
273 273 273 273 273 273 273 273 273
273 273 273 273 273 273 273 273 273
273 273 273 273 273 273 273 273 273
273 273 273 273 273 273 273 273 273
273 273 273 273 273 273 273 273 273
268 273 273 273 273 273 273 273 273
273 273 273 273 273 273 273 273 273
273 273 273 273 273 273 273 273 273
273 273 273 273 273 273 273 273 273
273 273 273 273 273 273 273 273 273
273 273 268 273 273 273 268 268 268
268 273 273 273 273 273 273 273 273
273 273 273 273 273 273 273 273 273
273 273 273 273 273 273 273 273 273
273 273 273 273 273 273 273 273 273
273 273 273 273 273 273 273 273 273
273 273 273 273 273 273 273 273 273
273 273 273 273 273 273 273 273 273
273 273 273 274 274 274 274 274 274
275 275 275 275 275 275 275 275 275
275 275 275 275 275 275 275 275 275
275 275 275 275 275 275 275 275 275
275 275 275 275 275 275 275 275 275
275 275 275 275 275 275 275 275 275
275 276 276 276 276 276 276 276 276
276 276 276 276 276 276 276 276 276
276 276 276 276 276 276 276 276 276
276 276 276 276 276 276 276 276 273
273 273 273 273 273 273 273 273 276
276 276 276 276 276 273 276 273 276
273 273 273 273 273 273 273 273 273
273 273 273 273 273 273 273 273 273
273 276 276 276 276 276 276 276 276
276 276 276 273 273 273 273 273 273
273 273 273 273 273 272 272 272 272
272 272 272 272 272 272 272 272 272
272 272 272 272 272 272 272 272 272
277 277 277 277 277 277 278 278 278
278 278 278 278 278 278 278 278 278
278 278 278 278 278 278 278 278 278
278 278 278 278 278 278 278 278 278
278 278 278 278 278 278 278 278 278
278 278 278 278 278 278 278 278 278
278 278 278 278 278 278 278 278 278
278 278 278 278 278 278 278 278 278
278 278 279 279 279 279 279 279 279
279 279 279 279 279 279 279 279 279
279 279 279 279 279 279 279 279 279
279 279 279 279 279 279 279 279 279
279 279 279 279 279 279 279 279 280
280 280 280 280 280 280 280 280 280
280 280 280 280 280 280 280 280 280
280 280 280 280 280 281 281 281 281
281 281 281 281 281 281 281 281 281
281 281 281 281 281 281 281 281 281
281 281 281 281 281 281 281 281 281
281 281 281 281 281 281 281 281 281
281 281 281 281 281 281 281 281 281
281 281 281 281 281 281 281 281 281
281 281 281 281 281 281 281 281 281
281 281 281 281 281 281 281 281 281
281 281 281 281 281 281 281 281 281
281 281 281 281 281 281 281 281 281
281 281 281 281 281 281 281 281 281
281 281 281 281 281 281 281 281 281
281 281 281 281 281 281 281 281 281
281 281 281 281 281 281 281 281 281
281 281 281 281 281 281 281 281 281
281 281 281 281 281 281 281 281 281
281 298 281 281 281 281 281 281 281
281 281 281 281 281 281 281 281 281
281 281 281 281 281 281 281 281 281
281 281 281 281 281 281 281 281 281
281 281 281 281 281 281 281 281 281
281 281 281 281 281 281 281 281 281
281 281 281 281 281 281 281 281 281
281 281 281 281 281 281 281 281 281
281 281 281 281 281 281 281 281 281
281 281 281 281 281 281 281 281 281
281 281 281 281 281 281 281 281 281
281 281 281 281 281 281 281 281 281
281 281 281 281 281 281 281 281 281
281 281 281 281 281 281 281 281 281
281 281 281 281 281 281 281 281 281
281 281 281 281 281 281 281 281 281
281 281 281 298 281 281 281 281 298
281 281 281 281 281 281 281 281 281
281 281 281 281 281 281 281 281 281
281 281 281 281 281 281 281 281 281
281 281 281 281 281 281 281 281 281
281 281 281 281 281 281 281 281 281
281 281 281 281 281 281 281 281 281
281 281 281 281 281 281 281 281 281
281 281 281 281 281 281 281 273 273
273 281 281 281 281 281 281 281 281
281 281 281 281 281 281 281 281 281
281 281 281 281 281 281 281 281 281
281 281 281 281 281 281 273 273 273
273 273 273 273 273 273 273 273 281
281 281 281 281 281 281 281 281 281
281 281 281 281 281 281 281 281 281
281 281 281 281 283 286 286 283 283
283 283 283 283 283 283 283 283 283
283 283 286 286 286 286 283 283 286
283 283 283 283 283 283 283 283 283
283 283 283 283 283 283 283 283 283
283 283 283 283 283 283 283 283 283
283 283 286 286 283 283 283 283 283
283 283 283 283 283 283 283 283 283
283 283 283 283 283 283 283 283 283
283 283 283 283 283 283 283 283 283
283 283 283 283 283 286 283 283 283
283 283 283 283 283 283 283 283 283
283 283 283 283 283 283 283 283 283
283 283 283 283 283 283 283 283 283
283 283 283 283 283 283 283 283 283
283 283 283 283 283 283 286 283 283
283 283 283 283 283 283 283 283 283
283 283 283 283 283 283 283 283 283
283 283 283 283 283 283 283 283 283
283 283 283 283 283 283 283 283 283
283 283 283 283 283 283 283 283 283
283 283 283 283 283 283 283 283 283
283 283 283 283 283 283 283 283 283
283 283 283 283 283 286 283 283 283
283 283 283 283 283 283 283 283 283
283 283 283 283 283 283 283 283 283
283 283 283 283 283 283 283 283 283
283 283 283 283 283 283 283 283 283
283 283 283 283 283 283 283 283 283
283 283 283 283 283 283 283 283 283
283 283 283 283 283 283 283 283 283
283 283 283 283 283 283 283 283 283
283 283 283 283 283 283 283 283 283
283 283 283 283 283 284 284 284 284
284 284 284 284 284 284 284 284 284
284 284 284 284 284 284 284 284 284
284 284 284 284 284 284 284 284 284
284 284 284 284 284 284 284 284 284
284 284 284 284 284 284 284 284 284
284 284 284 284 284 284 284 284 284
284 284 284 284 284 284 284 284 284
284 284 284 284 284 284 284 285 285
285 285 285 285 285 285 285 285 285
285 285 285 285 285 285 285 285 285
285 285 285 285 285 285 285 285 285
285 285 285 285 285 285 285 285 285
285 285 285 285 285 285 285 285 285
285 285 285 285 285 285 285 285 285
285 285 285 285 285 285 285 285 285
285 285 285 285 285 285 285 285 285
285 285 285 285 285 285 285 285 285
285 285 285 285 285 285 285 285 285
285 285 285 285 285 285 285 285 285
285 285 285 285 285 285 285 285 285
285 285 285 285 285 285 285 285 285
285 285 285 285 285 285 285 285 285
285 285 285 285 285 285 285 285 285
285 285 285 285 285 285 285 285 285
285 285 285 285 285 285 285 285 285
285 285 285 285 285 285 285 285 285
285 285 285 285 285 285 285 285 285
285 285 285 285 285 285 285 285 285
329 285 285 285 285 285 285 285 285
285 285 285 285 285 285 285 285 285
285 285 285 285 285 285 285 285 285
285 285 285 285 285 285 285 285 285
285 285 285 285 285 285 285 285 285
285 285 285 285 285 285 285 285 285
287 287 287 287 287 286 286 286 287
286 287 286 287 287 287 286 287 287
287 287 287 287 287 287 287 287 286
286 286 286 286 286 286 286 286 286
286 286 286 286 286 286 286 286 286
286 286 286 286 286 286 286 286 287
286 286 287 287 287 287 287 287 287
286 286 286 286 286 286 286 286 286
286 286 286 286 286 286 286 286 286
286 286 286 286 286 286 286 286 286
286 286 286 286 286 286 286 286 286
286 286 286 286 287 286 286 286 287
287 287 287 287 287 287 287 287 286
286 286 286 286 286 286 286 286 286
286 286 286 286 286 286 286 286 286
286 286 283 286 286 286 286 286 286
286 286 286 283 286 283 283 283 283
286 286 286 286 286 286 286 286 286
286 283 283 286 283 283 283 283 283
283 286 286 286 286 286 286 286 286
286 286 286 286 286 286 286 286 286
286 286 286 286 286 286 286 286 286
286 286 287 287 287 287 287 287 287
287 287 287 287 287 287 287 287 287
287 287 287 287 287 287 287 287 287
287 287 287 287 287 288 288 288 288
288 288 288 288 288 288 288 288 288
288 288 288 288 288 288 288 288 288
288 288 288 288 288 288 288 288 288
288 288 288 288 288 288 288 288 288
288 288 288 288 288 288 288 288 290
290 290 290 290 283 290 283 283 283
283 283 283 283 290 290 290 290 290
286 286 290 290 283 286 283 286 290
283 283 290 283 283 283 283 283 283
283 283 283 283 290 290 290 290 283
283 283 283 283 290 290 290 290 290
290 290 290 290 290 290 290 290 290
290 290 290 290 290 290 290 290 290
286 283 286 283 283 290 283 283 283
283 283 283 283 283 283 283 283 283
283 283 283 286 290 283 283 283 283
283 290 283 290 283 283 290 283 290
290 283 283 290 290 290 290 290 290
290 290 290 290 290 290 290 290 290
290 290 283 283 283 283 283 290 290
283 283 290 283 283 283 283 283 283
290 290 290 283 290 290 290 290 290
290 290 290 290 290 290 290 290 290
290 290 290 290 290 290 290 290 290
290 290 290 290 290 290 290 290 290
290 290 290 290 290 290 290 290 290
290 290 290 290 291 291 291 291 291
291 291 291 291 291 291 291 291 291
291 291 291 291 291 291 291 291 291
291 291 291 291 291 291 291 291 291
291 291 292 292 292 292 292 292 292
292 292 251 292 251 292 292 251 292
292 292 292 292 292 292 292 292 292
290 292 290 292 292 292 292 251 251
251 251 251 251 251 251 292 292 292
292 292 292 292 292 292 292 292 292
292 292 292 292 290 290 292 292 290
290 290 290 290 290 290 292 290 290
292 292 292 292 292 251 251 292 292
292 292 292 292 292 292 292 292 292
292 292 292 292 292 292 292 292 290
292 292 290 290 290 292 292 290 290
290 290 292 290 290 290 290 290 290
290 290 290 290 290 290 290 292 292
292 292 292 292 292 290 292 292 292
290 292 290 290 292 292 290 290 290
292 290 292 292 290 292 290 292 292
292 292 292 292 292 292 292 292 292
292 292 292 292 292 292 292 292 290
292 292 290 290 290 292 292 292 290
292 290 292 292 292 292 292 292 292
292 292 292 292 292 292 292 292 292
292 292 292 292 292 292 292 292 292
292 292 292 292 292 292 292 292 292
292 292 283 292 292 292 292 283 292
292 292 292 292 292 292 292 292 292
292 292 292 292 292 292 292 292 292
292 292 283 292 283 283 292 292 292
292 292 293 293 293 292 293 293 293
292 293 292 293 293 293 292 293 292
293 293 293 293 293 292 293 292 292
292 293 292 293 293 292 293 292 292
292 292 293 293 293 292 292 292 292
291 291 292 292 293 293 292 293 292
292 293 293 292 292 292 293 292 292
292 292 292 292 293 292 292 292 292
292 293 293 293 293 293 292 292 292
292 292 292 291 293 291 293 292 292
292 292 292 293 292 293 292 292 292
292 292 292 292 292 292 293 293 293
293 293 293 293 293 293 293 293 293
293 293 293 293 293 293 293 293 293
293 293 293 293 293 293 293 293 293
293 293 293 293 293 293 293 293 293
294 294 294 294 294 294 294 294 294
294 294 294 294 294 294 294 295 295
295 295 295 295 295 295 295 295 295
295 295 295 295 295 295 295 295 295
295 295 295 295 295 295 295 295 295
295 295 295 295 295 295 295 295 295
295 295 295 295 295 295 295 295 295
295 295 295 295 295 295 295 295 295
296 296 296 296 296 296 296 296 296
296 296 296 296 296 296 296 296 296
296 296 296 296 296 296 296 296 296
296 296 296 296 296 296 296 296 296
296 296 296 296 296 296 296 296 296
296 296 296 296 296 296 296 297 297
297 297 297 297 297 297 297 297 297
297 297 297 297 297 297 297 297 297
297 297 297 297 297 297 297 297 297
297 297 297 297 297 297 297 297 297
298 298 298 298 298 298 298 298 298
298 298 298 298 298 298 298 298 298
298 298 298 298 298 298 298 298 298
298 298 298 298 298 298 298 298 298
298 298 298 298 298 298 298 298 298
298 298 298 298 298 298 298 298 298
298 298 298 298 298 298 298 298 298
298 298 298 298 298 298 298 298 298
298 298 298 298 298 298 298 298 298
281 298 298 298 281 281 281 281 281
281 281 281 281 298 281 281 281 298
281 281 281 281 281 298 298 298 298
298 298 298 298 298 298 298 298 298
298 298 298 298 298 298 298 298 298
298 298 298 298 298 298 298 298 298
298 298 298 298 298 298 298 298 298
298 298 298 298 298 298 298 298 298
298 298 298 298 298 298 298 298 298
298 298 298 298 298 298 298 298 298
298 298 298 299 299 299 299 299 299
299 299 299 299 299 299 299 299 299
299 299 299 299 299 299 299 299 299
299 299 299 299 299 299 300 300 300
300 300 300 300 300 300 300 300 300
300 300 300 300 300 300 300 300 300
300 300 300 300 300 300 300 300 300
300 300 300 300 301 301 301 301 301
301 301 301 301 301 301 301 301 301
301 301 301 301 301 301 301 301 301
301 301 301 301 301 301 301 302 302
302 302 302 302 302 302 302 302 302
302 302 302 302 302 302 302 302 302
302 302 302 302 302 302 302 302 302
302 302 302 302 302 302 302 302 302
302 302 302 302 302 302 302 302 302
302 302 302 302 302 302 302 302 302
303 303 303 303 303 303 303 303 303
303 304 304 304 304 304 304 304 304
304 304 304 304 304 304 305 305 305
305 305 305 305 305 305 305 305 305
305 305 305 305 305 305 305 305 305
305 305 305 305 305 305 305 305 305
305 305 305 305 305 305 305 305 305
305 305 305 305 305 305 305 305 305
305 315 305 305 305 305 305 305 305
305 305 305 305 305 305 305 305 305
305 305 305 305 305 305 305 305 305
305 305 305 305 305 305 305 315 305
315 305 305 305 305 305 305 305 305
305 305 305 305 305 305 305 305 305
305 305 305 305 305 305 305 305 305
305 305 305 305 350 305 305 315 305
305 315 315 305 305 315 305 305 305
305 305 305 305 305 305 305 305 305
305 305 305 305 305 305 305 305 305
305 305 305 305 305 305 305 305 305
305 305 305 305 305 305 305 305 315
315 305 305 305 305 305 305 305 305
305 305 305 305 305 305 305 305 305
305 305 305 305 305 305 305 305 305
305 305 305 305 305 305 305 305 305
305 305 305 305 305 305 305 305 305
305 305 305 305 305 305 305 305 305
305 305 305 305 305 305 305 305 305
305 305 305 305 305 305 305 305 305
305 305 305 305 305 305 305 305 305
305 305 305 305 305 305 305 305 305
305 305 305 305 305 305 305 305 235
235 305 305 305 305 305 305 305 305
305 305 305 305 305 305 305 305 305
305 305 305 298 305 305 305 298 298
305 305 305 305 305 305 305 305 305
305 305 305 305 305 305 305 305 305
305 305 305 305 305 305 305 305 305
305 305 305 305 305 305 305 305 305
305 305 305 305 305 305 305 305 298
305 305 305 305 305 305 305 305 305
305 305 305 305 305 305 305 305 305
305 305 305 305 305 305 305 305 305
305 305 305 305 305 305 305 305 305
305 305 305 305 305 305 305 305 305
305 305 305 305 305 305 305 305 305
305 305 305 305 305 305 305 305 305
305 305 305 305 305 305 305 305 305
305 305 305 305 305 261 305 305 305
305 305 305 305 305 305 305 305 305
305 305 305 305 305 305 305 305 305
305 305 305 305 305 305 305 305 305
305 305 305 305 305 305 305 305 305
305 305 305 305 305 305 305 305 305
305 305 305 305 305 305 305 305 305
305 305 305 261 305 305 305 305 305
305 305 305 305 305 305 306 306 306
305 306 305 305 305 305 305 305 305
305 306 306 306 306 306 306 306 306
306 306 306 306 305 305 305 305 305
306 306 306 306 305 306 306 306 305
305 305 305 305 305 306 306 306 306
306 306 306 306 306 306 306 306 306
306 306 306 306 305 306 305 305 305
306 306 305 305 305 305 306 306 306
305 305 305 305 305 306 306 306 306
306 306 306 306 306 306 306 306 306
306 306 306 306 305 306 306 306 305
306 306 306 306 306 306 306 306 305
305 305 306 306 306 306 306 306 306
306 306 306 306 306 306 306 306 306
306 306 306 306 306 306 306 306 306
306 306 306 306 306 306 306 306 306
306 307 307 307 307 307 307 307 307
307 307 307 307 307 307 307 307 307
307 307 307 307 307 307 307 307 307
307 307 307 307 307 307 307 307 307
307 307 307 307 307 307 307 307 307
307 307 307 307 307 307 307 307 307
307 307 307 307 307 307 307 307 307
307 307 307 307 307 307 307 307 307
307 307 307 307 307 307 307 307 307
307 307 307 307 307 307 319 307 319
307 307 307 307 319 307 307 307 307
307 307 307 307 307 307 307 307 307
307 307 307 307 307 307 307 307 307
307 307 307 307 307 307 319 307 307
307 307 307 307 307 307 307 307 307
307 307 307 307 307 307 307 307 307
307 307 307 307 307 307 307 307 307
307 307 307 307 307 307 307 307 307
307 307 307 307 307 307 307 307 307
307 307 307 307 307 307 307 307 307
307 307 307 308 308 308 308 308 308
308 308 308 308 308 308 308 308 308
308 308 308 308 308 308 308 308 308
308 308 308 308 308 308 308 308 308
308 308 308 309 309 309 309 309 309
310 310 310 310 300 310 310 300 310
310 310 310 310 310 310 310 310 310
310 310 310 310 300 300 300 300 300
310 310 310 300 300 310 310 310 310
310 310 310 310 310 310 310 310 310
310 310 300 300 310 310 310 300 300
310 300 310 310 310 310 310 310 310
310 310 310 310 310 310 310 310 310
310 310 310 310 310 310 310 300 310
310 310 300 310 300 310 310 310 310
310 310 302 310 302 310 310 310 310
310 310 310 310 310 310 310 272 310
310 310 272 272 302 302 302 302 310
310 310 310 272 310 272 272 310 310
272 272 272 310 272 272 310 272 272
272 272 310 310 310 310 310 272 310
272 272 310 272 272 272 310 272 272
272 310 310 310 310 311 311 311 311
305 311 311 305 311 311 311 311 311
311 311 311 311 311 311 311 311 311
305 311 305 305 311 311 311 305 311
311 311 311 311 311 311 311 311 311
311 311 311 311 311 311 311 311 311
311 311 311 311 311 311 311 311 311
311 311 311 311 311 311 311 311 311
311 311 311 311 311 311 311 311 311
311 311 311 311 311 311 311 311 311
311 311 311 311 311 311 311 311 311
311 311 311 311 311 311 311 311 312
312 312 312 312 312 313 313 313 313
313 313 314 314 314 314 314 314 314
314 314 314 314 314 314 314 314 314
314 314 314 314 314 314 314 314 314
314 314 314 314 314 315 315 315 315
305 315 315 315 315 315 315 315 315
315 315 315 315 315 305 315 315 315
315 315 315 315 305 315 315 305 315
315 315 315 315 315 315 315 315 315
315 315 315 315 305 305 305 305 305
315 315 315 305 315 315 315 315 315
315 315 315 315 315 315 315 315 305
305 315 305 305 305 315 305 305 305
315 315 315 305 315 305 316 316 316
316 316 316 316 316 316 316 316 316
316 316 316 316 316 316 316 316 316
316 317 317 317 317 317 317 317 317
317 317 317 317 317 317 317 317 317
317 317 317 317 317 317 317 317 317
317 317 317 317 317 317 317 317 317
317 317 317 317 317 317 317 317 317
317 317 317 317 317 317 317 317 317
317 317 317 317 317 317 317 317 317
318 318 318 318 318 318 318 318 318
318 318 318 318 318 318 318 318 318
319 319 319 319 319 319 319 319 319
319 319 319 319 319 319 319 319 319
319 319 319 319 319 319 319 319 319
319 319 319 319 319 319 319 319 319
319 319 319 319 319 319 319 319 319
319 319 319 319 319 319 319 319 319
319 319 319 319 319 319 319 319 319
319 319 319 319 319 319 319 306 319
319 319 319 319 319 319 319 319 319
319 319 319 306 319 319 306 306 319
319 319 306 306 319 319 306 319 319
319 319 319 306 319 319 319 306 306
306 306 306 306 306 306 306 306 306
306 306 319 306 319 306 306 306 306
306 306 306 306 306 306 306 306 319
306 306 306 306 306 306 306 306 319
319 319 319 319 319 319 319 319 319
319 319 319 319 319 320 320 320 320
320 320 320 320 320 320 320 320 320
320 320 320 320 320 320 320 320 320
320 320 320 320 320 320 321 321 321
321 321 321 322 322 322 322 322 322
322 322 322 322 322 322 322 322 322
322 322 322 322 322 322 322 322 322
322 322 322 322 322 322 322 322 322
322 322 322 322 322 322 322 322 322
322 322 322 322 322 322 322 322 322
322 322 322 322 322 322 322 319 322
322 322 322 322 322 322 322 322 322
322 322 322 322 322 322 322 323 323
323 323 323 323 323 323 323 323 323
323 323 323 323 323 323 323 323 323
323 323 323 323 323 323 323 323 323
323 323 323 323 323 323 323 323 323
323 323 323 323 324 324 324 324 324
324 324 324 324 324 324 324 324 324
324 324 324 324 324 324 324 324 324
324 324 324 324 324 324 324 324 324
324 324 324 324 324 324 324 324 324
324 324 324 324 324 324 324 324 324
325 325 325 325 325 325 325 325 325
325 325 326 325 325 325 325 325 325
325 325 326 326 325 325 325 326 326
326 325 325 325 325 325 325 325 326
325 325 325 326 326 326 326 326 326
326 326 326 326 326 326 326 326 326
326 326 326 326 326 326 326 326 326
326 326 326 326 326 326 326 326 326
326 326 326 326 326 326 326 326 326
326 326 326 326 326 326 326 326 326
326 326 326 326 326 326 326 326 326
326 326 326 326 326 326 326 326 326
326 326 326 326 326 326 326 326 326
326 326 326 326 326 326 326 326 326
328 328 328 328 328 328 328 328 328
328 328 328 328 328 328 328 328 328
328 328 328 328 328 328 328 328 328
328 328 328 328 328 328 328 328 328
329 329 329 329 329 329 329 329 329
329 329 329 329 329 329 329 329 329
329 329 329 329 329 329 329 329 329
329 329 329 329 329 329 329 330 330
330 330 330 330 330 330 330 330 330
330 330 330 330 330 330 330 330 330
330 330 330 330 330 330 330 330 330
330 330 330 330 330 330 330 330 330
330 330 330 330 330 330 330 330 330
330 330 330 330 330 330 330 330 330
330 330 330 330 330 330 330 330 330
330 330 330 330 330 326 326 326 326
326 326 326 326 326 326 326 326 326
326 326 326 326 326 326 326 326 326
326 326 326 326 326 326 326 326 326
326 326 326 326 326 326 326 326 326
326 326 326 326 326 326 326 326 326
326 326 326 326 326 326 326 326 326
326 326 326 326 326 326 326 326 333
333 333 333 333 333 333 333 333 333
333 333 333 333 333 333 333 333 333
333 333 333 333 333 334 334 334 334
334 334 334 334 334 334 334 334 334
334 334 334 334 334 334 334 335 335
335 335 335 335 336 336 336 336 336
336 336 336 336 336 336 336 336 336
336 336 336 336 336 336 336 336 336
336 336 336 336 336 336 336 336 336
336 336 336 336 336 336 336 336 336
336 336 336 336 336 336 336 336 336
339 339 339 339 339 339 339 339 339
339 340 340 340 340 340 340 340 340
340 340 340 340 340 340 340 340 340
340 340 340 340 340 340 340 340 340
340 340 340 340 340 340 340 340 340
340 340 340 340 340 340 340 340 340
340 340 340 340 340 340 340 340 341
341 341 341 341 341 341 341 341 341
341 341 341 341 341 341 342 342 342
342 342 342 342 342 342 342 342 342
342 342 342 342 342 342 342 342 342
342 342 342 342 342 342 342 342 342
342 342 343 343 343 343 343 343 343
343 343 343 343 343 343 343 344 344
344 344 344 344 344 344 344 344 344
344 344 344 344 344 344 344 344 344
344 344 344 344 344 344 344 344 344
344 344 344 344 344 344 344 346 346
346 346 346 346 346 346 346 346 346
346 346 346 346 346 346 346 346 346
346 346 347 347 347 347 347 347 348
348 348 348 348 348 349 349 349 349
349 349 349 349 349 349 349 349 349
349 349 349 349 349 349 349 349 349
349 349 349 349 349 349 350 350 350
350 350 350 350 350 350 350 350 350
350 350 350 350 350 350 350 350 350
350 350 350 350 350 350 350 350 350
350 350 350 350 350 350 350 350 350
350 350 323 350 323 350 350 350 350
350 323 350 350 323 350 350 323 350
350 350 350 350 350 350 350 350 323
323 323 323 323 323 323 323 323 323
323 323 323 323 323 323 323 351 351
351 351 351 351 352 352 352 352 352
352 352 352 352 352 352 352 352 352
352 352 352 352 353 353 353 353 353
353 353 353 353 353 354 354 354 354
354 354 354 354 354 354 354 354 354
354 354 354 354 354 355 355 355 355
355 355 355 355 355 355 355 355 356
356 356 356 356 356 356 356 356 356
356 356 356 356 356 356 356 356 356
356 356 356 356 356 356 356 357 357
357 357 357 357 357 357 357 357 359
359 359 359 359 359 359 359 359 359
360 360 360 360 360 360 360 360 360
360 360 360 360 360 360 360 362 362
362 362 362 362 362 362 362 362 362
362 362 362 362 362 362 362 362 362
362 362 362 362 362 362 362 362 362
362 362 362 362 362 362 362 362 362
362 362 362 362 362 362 362 362 362
362 362 362 362 362 362 362 362 362
362 362 362 362 362 362 362 362 362
362 362 362 362 362 362 362 362 362
362 362 370 370 370 370 370 370 370
370 370 370 370 370 370 370 370 370
370 370 370 370 370 370 370 370 370
370 370 370 370 370 370 370 370 370
370 370 370 370 363 370 370 370 370
370 370 370 370 370 370 370 370 370
370 370 370 370 370 370 370 370 370
370 363 363 363 363 363 363 370 370
370 370 370 370 370 370 370 370 370
370 370 370 370 370 370 370 370 370
370 370 363 363 370 370 363 363 363
363 370 370 370 363 364 364 364 364
364 364 365 365 365 365 365 365 365
365 365 365 365 365 365 365 365 365
365 365 365 365 365 365 365 365 365
365 365 365 366 366 366 366 366 366
366 366 366 366 366 366 366 366 366
366 366 366 366 366 366 366 366 366
366 366 366 366 366 366 366 366 366
366 366 366 366 366 366 366 366 366
366 366 366 366 366 366 366 366 366
366 366 366 366 366 366 366 366 366
366 366 366 366 366 366 366 366 366
366 366 366 366 366 366 366 366 366
366 366 366 366 366 366 366 366 366
366 366 366 366 366 366 366 366 366
366 366 366 366 366 366 366 366 366
366 366 366 366 366 366 366 366 366
366 366 366 366 366 366 366 366 366
366 366 366 366 366 366 324 324 366
366 366 366 366 366 366 366 366 366
366 366 366 366 366 366 366 366 366
366 366 366 366 366 324 366 366 366
366 366 366 366 366 366 366 366 366
366 366 366 366 366 366 366 366 366
366 366 366 366 366 366 366 366 366
366 366 366 366 366 366 366 366 366
366 366 366 366 366 366 366 366 366
366 366 366 366 366 366 366 366 366
366 366 366 366 366 366 366 366 366
366 366 366 366 366 366 366 366 366
366 366 366 366 366 366 366 366 366
366 366 366 366 366 366 366 366 366
366 366 366 366 366 366 366 366 366
366 366 366 366 366 366 366 366 366
366 366 366 366 366 366 366 366 366
366 366 366 366 366 366 366 366 366
366 366 366 366 366 366 366 366 366
366 366 366 366 369 369 369 369 369
369 369 369 369 369 369 369 369 369
369 369 369 369 369 369 369 369 369
369 369 369 369 369 369 369 369 369
369 369 369 369 370 370 370 370 370
370 370 370 370 370 371 371 371 371
371 371 372 372 372 372 372 372 372
372 372 372 372 372 372 372 372 372
372 372 372 372 373 373 373 373 373
373 373 373 373 373 373 373 373 373
373 373 373 373 373 373 373 373 373
373 373 373 373 373 373 373 373 373
373 373 373 373 373 373 373 373 373
373 373 373 373 373 373 373 373 373
373 373 375 375 375 375 375 375 377
377 377 377 377 377 377 377 377 377
377 377 377 377 377 377 377 377 377
377 377 377 377 377 377 377 377 377
377 377 377 377 377 377 377 377 377
377 377 377 377 377 377 377 377 377
377 377 377 377 377 377 378 378 378
378 378 378 378 378 378 378 378 378
379 379 379 379 379 379 379 379 379
379 379 379 379 379 379 379 379 379
379 379 379 379 379 379 379 379 379
379 379 379 379 379 379 379 379 379
379 379 379 379 379 379 379 379 379
379 379 379 379 379 379 379 379 379
379 379 379 379 379 379 379 379 379
379 379 379 379 379 379 379 379 379
379 379 379 379 379 379 379 379 379
379 379 379 379 379 379 379 380 380
380 380 380 380 380 380 380 380 380
380 380 380 380 380 380 380 380 380
380 380 380 380 380 380 380 380 380
380 380 380 380 380 380 380 380 380
380 380 380 380 380 380 380 380 380
380 380 380 380 380 380 380 380 380
380 380 380 380 380 380 380 380 380
380 380 380 380 380 380 380 380 380
380 380 380 380 380 380 380 380 380
380 380 380 380 380 380 380 380 380
380 380 380 380 380 380 380 380 380
380 380 380 380 380 380 380 380 380
380 380 380 380 380 380 380 380 380
380 380 380 380 380 380 380 380 380
380 380 380 380 380 380 380 380 380
380 380 380 380 380 380 380 380 380
380 380 380 380 380 380 380 380 380
380 380 380 380 380 380 380 380 380
380 380 380 380 380 380 380 380 381
380 380 380 380 380 380 380 380 380
380 380 380 381 380 380 380 381 381
380 380 380 380 380 380 380 380 380
380 380 380 380 380 380 380 380 380
380 381 381 381 381 381 381 381 381
381 381 381 381 381 381 381 381 381
381 381 381 381 381 381 381 381 381
381 381 381 381 381 381 381 381 381
381 381 381 381 381 381 381 381 381
381 381 381 380 380 380 381 381 381
381 381 381 381 381 381 381 381 381
381 381 381 381 381 381 381 381 381
381 381 381 381 381 381 381 381 381
380 380 380 381 381 381 381 381 381
381 381 381 381 381 381 381 381 381
381 381 381 381 381 381 381 381 381
381 381 381 381 381 381 381 381 381
381 381 381 381 381 381 381 381 381
381 381 381 381 381 381 381 381 381
381 381 381 381 381 381 381 381 381
381 381 381 381 381 381 381 381 380
380 380 381 381 381 381 381 381 381
381 381 381 381 381 381 381 381 381
381 381 381 381 381 381 381 381 381
381 381 381 381 381 381 381 381 381
381 381 381 381 381 381 381 381 381
381 381 381 381 381 381 381 381 381
381 381 381 381 381 381 381 381 381
381 381 381 381 381 381 381 381 381
381 381 381 381 381 381 381 381 381
381 381 381 381 381 381 381 381 381
381 381 381 381 381 381 381 381 381
381 381 381 381 381 381 381 381 381
381 381 381 381 381 381 381 381 381
381 381 381 381 381 381 381 381 381
381 381 381 381 381 381 381 381 381
381 381 381 381 381 381 381 381 381
381 381 381 381 381 381 381 381 381
381 381 381 381 381 381 381 381 381
381 381 381 381 381 381 381 381 381
381 381 381 381 381 381 381 381 381
381 381 381 381 381 381 381 381 381
381 381 381 381 381 381 381 381 381
381 381 381 381 381 381 381 381 381
381 381 381 381 381 381 381 381 381
381 381 381 381 381 381 381 381 381
381 381 381 381 381 381 381 381 381
381 381 381 381 381 381 381 381 381
381 381 381 381 381 381 381 381 381
381 381 381 381 381 381 381 381 381
381 381 381 381 381 382 382 382 382
382 382 382 382 382 382 382 382 382
382 382 382 382 382 382 382 382 382
382 382 382 382 382 382 382 382 382
382 382 382 382 382 382 382 382 382
382 382 382 382 382 382 382 382 382
382 382 382 382 382 382 382 382 382
382 382 382 382 382 382 382 382 382
382 382 382 382 382 382 382 382 382
382 382 382 382 382 382 384 384 384
384 384 384 384 384 382 384 384 384
384 384 384 384 384 382 382 382 382
382 382 382 384 384 384 384 384 384
384 382 382 382 382 382 382 382 382
382 382 382 382 382 382 382 384 384
384 384 384 382 382 382 382 382 382
382 382 382 382 382 382 382 382 382
382 382 382 382 382 382 382 382 382
382 382 382 382 382 382 382 382 382
382 382 382 382 382 384 382 382 382
382 382 382 382 382 382 384 384 384
384 384 385 385 385 385 385 385 385
385 385 385 385 385 385 385 385 385
385 385 385 385 385 385 385 385 385
385 385 385 385 385 385 385 385 385
385 385 385 385 385 385 385 385 385
385 385 385 385 385 385 385 385 385
385 385 385 385 385 385 385 385 385
385 385 385 385 385 385 385 385 385
385 385 385 385 385 385 385 385 385
385 385 385 385 385 385 385 385 385
385 385 385 385 385 384 384 385 384
385 385 385 385 384 384 385 385 385
385 385 384 385 384 385 385 385 385
385 384 384 384 384 384 385 384 384
384 384 384 384 384 385 385 385 384
385 384 384 384 385 385 385 385 385
385 384 385 385 384 385 384 385 385
385 385 385 384 385 384 385 385 385
385 385 385 385 385 385 385 385 385
385 385 385 385 385 385 385 385 385
385 385 385 385 386 386 386 385 386
386 385 386 386 385 385 386 385 385
386 385 386 386 386 386 386 386 386
386 386 386 386 386 386 386 386 386
386 386 386 386 386 386 386 386 386
386 386 386 387 387 387 387 387 387
387 387 387 387 387 387 387 387 387
387 387 387 387 387 387 387 387 387
387 387 387 387 387 387 387 387 387
387 387 387 387 387 387 387 387 387
388 388 388 388 388 388 388 388 388
388 388 388 388 388 388 388 388 388
388 388 388 388 388 388 388 388 388
388 388 388 388 388 388 388 388 388
389 389 389 389 389 389 389 389 389
389 389 389 390 390 390 390 390 390
390 390 390 390 391 391 391 391 391
391 391 391 391 391 391 391 391 391
391 391 391 391 391 391 393 393 393
393 393 393 394 394 394 394 394 394
396 396 396 396 396 396 396 396 396
396 396 396 396 396 396 396 396 396
396 396 396 396 396 396 396 396 396
396 396 396 396 396 396 396 396 396
396 396 396 396 396 396 396 396 396
396 396 396 396 396 396 396 396 396
396 396 396 396 396 396 396 396 396
396 396 396 396 396 396 396 397 397
397 397 397 397 397 397 397 397 397
397 397 397 397 397 397 397 397 397
397 397 397 397 397 397 397 397 397
397 397 397 397 397 397 397 397 397
397 397 397 397 397 397 397 397 397
397 397 397 397 397 397 397 397 397
397 397 397 397 397 397 397 397 397
397 397 397 397 397 397 397 397 397
397 397 398 398 398 398 398 398 398
398 398 398 398 398 398 398 398 398
398 398 398 398 398 398 398 398 399
399 399 399 399 399 399 399 399 399
399 399 399 399 399 399 399 399 399
399 400 400 400 400 400 400 400 400
400 400 400 400 400 400 401 401 401
401 401 401 401 401 401 401 401 401
401 401 401 401 401 401 401 401 401
401 401 401 401 401 401 401 401 401
401 401 401 401 401 401 401 401 401
401 401 401 401 401 401 401 401 401
401 401 401 401 401 401 401 401 401
401 401 401 401 401 401 401 401 401
401 401 401 401 401 401 401 401 401
401 401 401 401 401 401 401 401 401
401 401 401 401 401 401 401 401 401
401 401 401 401 401 401 401 401 401
401 401 401 401 401 401 401 401 401
401 401 401 401 401 401 401 401 401
401 401 401 401 401 401 401 401 401
401 401 401 401 401 401 401 401 401
401 401 401 401 401 401 401 401 401
401 401 401 401 401 401 401 401 401
401 401 401 401 401 401 401 401 401
401 401 401 401 401 401 401 401 401
401 401 401 401 401 401 401 401 401
401 401 401 401 401 401 401 401 401
401 401 401 401 401 401 401 401 401
401 401 401 401 401 401 401 401 401
401 401 401 401 401 401 401 401 401
401 401 401 401 401 401 401 401 401
401 401 401 401 401 401 401 401 401
401 401 401 401 401 401 401 401 401
401 401 401 401 401 401 401 401 401
401 401 401 401 401 401 401 401 401
401 401 401 401 401 401 401 401 401
401 401 401 401 401 401 401 401 401
401 401 401 401 401 401 401 401 402
402 402 402 402 402 402 401 402 401
401 401 401 401 401 401 401 401 401
401 401 401 402 402 402 402 402 401
402 402 401 401 401 401 402 402 401
401 401 401 401 401 401 401 401 401
401 401 401 401 401 401 401 401 401
401 401 402 402 402 402 402 402 401
401 402 401 401 402 402 401 401 401
401 401 401 401 401 401 401 401 401
401 401 401 401 402 402 402 402 402
402 402 401 401 402 402 402 401 401
401 401 402 402 402 402 402 401 402
401 401 401 401 402 402 402 402 402
401 401 401 401 401 401 401 401 403
403 403 403 403 403 403 403 403 403
403 403 403 403 403 403 403 403 403
403 403 403 403 403 403 403 403 403
403 403 403 403 403 403 403 403 403
403 403 403 403 403 403 403 403 403
403 403 403 403 403 403 403 403 403
403 403 403 403 403 404 404 404 404
404 404 404 404 404 404 404 404 404
404 404 404 404 404 407 407 407 407
407 407 407 407 407 407 407 407 407
407 407 407 407 407 407 407 407 407
407 407 407 407 407 407 407 407 407
407 407 407 408 408 408 408 408 408
408 408 408 408 408 408 408 408 408
408 408 408 408 408 408 408 408 408
408 408 408 408 408 408 408 408 408
408 408 408 408 408 408 408 409 409
409 409 409 409 409 409 409 409 409
409 409 409 409 409 410 410 410 410
410 410 411 411 411 411 411 411 411
411 411 411 411 411 412 412 412 412
412 412 413 413 413 413 413 413 413
413 413 413 413 413 413 413 413 413
413 413 413 413 413 413 413 413 413
413 413 413 413 413 413 413 413 413
413 413 413 413 413 413 413 413 413
413 413 413 413 413 413 413 413 413
413 413 413 413 413 413 413 413 413
413 413 413 413 413 413 413 413 413
413 413 413 413 413 413 413 413 413
413 413 413 413 413 413 413 413 413
413 413 413 413 413 413 413 413 413
414 414 413 414 413 413 413 413 413
413 413 413 413 413 413 413 413 413
413 413 413 413 414 413 414 414 413
413 413 413 413 413 413 413 413 413
413 413 413 413 413 414 413 413 414
414 413 415 415 415 415 415 415 415
415 415 415 415 415 415 415 415 415
415 415 415 415 415 415 415 415 415
415 415 415 415 415 415 415 415 415
416 416 416 416 416 416 416 416 416
416 416 416 416 416 416 416 416 416
416 416 416 416 416 416 416 416 416
416 430 430 416 416 416 430 416 416
416 416 416 416 416 416 416 416 416
416 416 416 416 416 416 416 416 416
416 416 416 416 416 416 416 416 416
416 416 416 430 416 416 416 416 416
416 430 430 416 416 416 416 416 416
416 416 416 416 416 416 416 416 416
416 429 416 416 416 416 416 416 416
416 416 416 416 416 416 416 416 416
416 416 416 416 416 416 416 416 416
416 416 416 416 416 416 416 416 416
416 416 416 416 416 416 416 416 416
416 416 416 416 416 416 416 416 416
416 416 416 416 416 416 416 416 416
416 416 416 416 416 416 416 416 416
416 416 416 416 416 416 416 416 416
416 416 416 416 416 414 416 416 428
416 416 416 416 416 416 416 416 416
416 416 416 416 416 416 416 416 416
416 416 416 416 416 416 416 414 416
416 416 416 416 416 416 416 416 416
416 416 416 416 416 416 416 416 416
416 416 416 416 416 416 416 416 416
416 416 414 415 416 414 416 415 416
416 416 416 416 416 416 416 416 416
416 416 416 416 416 416 416 416 416
416 416 415 416 416 416 415 416 415
416 416 416 416 416 416 416 416 416
416 416 416 416 416 416 416 416 401
416 416 416 415 416 401 401 415 415
401 401 401 401 416 416 401 401 401
401 416 416 401 416 416 416 416 416
416 416 416 416 416 401 401 416 401
401 401 401 401 401 415 401 401 401
401 416 401 401 401 401 401 401 416
401 416 416 401 401 401 401 401 401
401 416 401 416 416 401 416 401 416
401 416 401 416 416 401 417 417 417
417 417 417 419 419 419 419 419 419
419 419 419 419 419 419 419 419 420
420 420 420 420 420 420 420 420 420
421 421 421 421 421 421 421 421 421
421 421 421 421 421 421 421 421 421
421 421 421 421 421 421 421 421 421
421 421 421 421 421 421 421 421 421
421 421 421 421 421 421 421 421 421
421 421 421 421 421 421 421 421 421
421 421 421 421 421 421 421 420 421
420 420 421 421 421 421 421 420 421
421 421 421 420 420 420 420 420 420
420 422 422 422 422 422 422 422 422
422 422 422 422 422 422 422 422 422
422 422 422 422 422 422 422 422 422
422 422 422 422 422 422 422 422 422
422 422 422 422 422 422 422 422 422
425 425 425 425 425 425 425 425 425
425 425 425 425 425 425 425 425 425
425 425 425 425 425 425 425 425 425
425 425 425 426 426 426 426 426 426
426 426 426 426 426 426 426 426 426
426 426 426 426 426 426 426 426 426
426 426 426 426 426 426 426 426 426
426 426 426 426 426 426 426 426 426
427 427 427 427 427 427 427 427 427
427 427 427 427 427 428 428 428 428
428 428 428 428 428 428 428 428 428
428 428 428 428 428 428 428 428 428
428 428 428 428 428 428 428 428 428
428 428 428 428 428 428 428 428 428
428 428 428 428 428 428 428 428 413
413 429 413 429 413 413 413 413 413
413 413 413 429 429 429 429 429 413
413 413 413 413 413 413 413 413 413
413 413 430 430 430 430 430 430 430
430 430 430 430 430 430 430 430 430
430 430 430 430 430 430 430 430 430
430 430 430 430 430 430 430 430 430
430 430 430 430 430 430 430 430 430
430 430 430 430 430 430 430 430 430
430 430 430 430 430 430 430 430 430
430 430 430 430 430 430 430 430 430
430 430 430 430 430 430 430 430 430
430 432 432 432 432 432 432 432 432
432 432 432 432 432 432 432 432 432
432 432 432 432 432 432 432 432 432
432 432 432 432 432 432 432 432 432
432 432 432 432 432 432 432 432 432
432 432 432 432 432 432 432 432 432
432 432 432 432 432 432 432 432 432
432 432 432 432 432 432 432 432 432
432 432 432 432 432 432 432 432 432
432 432 432 432 432 432 432 432 432
432 432 432 432 432 432 432 432 432
432 432 432 432 432 432 432 432 432
432 432 432 432 432 432 432 432 432
432 432 432 432 432 432 432 432 432
432 432 432 432 432 432 432 432 432
432 432 432 432 432 432 432 432 432
432 432 432 432 432 432 432 432 432
432 432 432 432 432 432 432 432 432
432 432 432 432 432 432 432 433 433
433 433 433 433 433 433 433 433 433
433 433 433 433 433 433 433 433 433
433 433 433 433 433 433 433 433 433
433 433 433 433 433 433 433 433 433
433 433 433 433 433 433 433 433 433
433 433 433 433 433 433 433 433 433
434 434 434 434 434 434 434 434 434
434 434 434 434 434 434 434 434 434
434 434 434 434 434 434 434 434 434
434 434 434 435 435 435 435 435 435
435 435 435 435 435 435 435 435 435
435 435 435 435 435 435 435 435 435
435 435 435 435 435 435 435 435 435
435 435 435 435 435 435 435 435 435
435 435 436 436 436 436 436 436 436
436 436 436 436 436 436 436 436 436
436 436 436 436 437 437 437 437 437
437 438 438 438 438 438 438 438 438
438 380 438 438 438 438 438 438 438
438 438 438 438 438 438 438 438 438
438 438 438 438 438 438 380 380 380
438 438 380 438 438 438 438 438 438
438 438 438 438 438 438 438 438 438
438 438 438 438 438 438 438 438 438
438 438 438 438 438 438 438 438 438
438 438 438 438 438 438 438 438 438
438 438 438 438 438 438 438 438 438
438 438 438 438 438 438 438 438 438
438 438 438 438 438 438 438 438 438
438 438 438 438 438 438 438 438 438
438 438 438 438 438 438 438 438 438
438 438 438 438 438 438 438 438 438
438 438 438 438 438 438 438 438 438
438 439 439 439 439 439 438 438 438
438 439 438 438 438 439 438 438 438
438 438 438 438 438 438 438 438 438
439 439 439 439 439 439 438 439 439
438 439 439 439 438 438 439 438 438
438 438 438 438 438 438 438 438 438
438 438 438 438 438 438 438 438 439
439 439 439 439 439 438 439 438 438
438 439 439 439 439 438 438 438 439
438 438 438 438 438 438 438 438 438
438 438 438 438 438 438 438 439 439
439 439 439 439 439 439 439 438 438
438 438 439 439 439 439 439 439 439
439 439 439 439 439 439 439 439 439
438 438 439 438 438 438 380 438 438
438 380 438 438 438 439 438 438 439
438 439 380 438 438 438 380 380 438
380 380 439 439 439 439 439 380 380
439 439 439 439 439 439 439 439 439
439 439 439 439 439 439 439 439 439
439 439 439 439 439 439 439 439 439
439 439 439 439 439 439 439 439 439
439 439 439 440 440 440 440 439 439
439 439 439 440 439 440 440 440 440
440 440 440 440 440 439 439 439 439
439 439 440 439 439 439 440 440 439
440 440 440 440 439 440 440 440 439
439 439 439 439 439 439 439 439 439
439 439 439 439 439 439 439 439 439
440 440 440 439 439 439 440 440 439
439 439 439 439 439 439 439 439 439
439 439 439 439 439 439 439 439 439
439 439 439 439 439 439 439 439 439
439 439 439 439 439 439 439 439 439
439 439 439 440 439 439 439 439 439
439 439 441 441 441 441 441 441 441
441 441 441 441 441 441 441 441 441
441 441 441 441 441 441 441 441 441
441 441 441 441 441 441 441 441 441
441 441 441 441 441 441 441 441 441
441 442 442 442 442 442 442 442 442
442 442 442 442 442 442 442 442 442
442 442 442 442 442 442 442 442 442
442 442 442 442 442 442 442 442 442
442 442 442 442 442 442 442 442 442
442 442 443 443 443 443 443 443 443
443 443 443 443 443 443 443 443 443
443 443 443 443 443 443 443 443 443
443 443 443 443 443 443 443 443 443
443 443 443 443 443 443 443 443 443
443 443 443 443 443 443 443 443 443
443 443 443 443 443 443 443 443 443
443 443 443 443 443 443 443 443 443
443 443 443 443 443 443 421 421 444
444 421 421 421 421 421 444 444 421
421 444 444 444 444 421 421 421 421
421 421 421 421 421 444 444 444 421
421 421 421 444 444 444 444 444 421
421 421 421 421 421 444 444 421 421
421 421 444 444 444 444 444 444 439
439 439 439 439 439 445 439 439 439
439 439 439 439 439 439 439 439 439
439 439 439 439 439 439 445 445 445
439 439 445 445 439 439 439 439 439
439 439 439 439 439 439 439 439 439
439 439 439 439 445 445 445 439 439
439 445 445 439 439 445 445 439 439
445 445 439 439 439 439 439 445 439
439 439 445 439 439 445 439 439 445
445 439 445 445 445 439 445 445 445
439 439 445 445 445 445 439 439 439
439 445 445 445 439 445 439 439 439
445 445 445 439 439 439 439 439 445
445 445 439 439 445 445 439 439 439
445 439 445 445 445 445 445 445 445
445 445 445 445 445 445 445 445 445
445 445 445 445 439 445 445 445 445
439 445 445 445 445 445 445 445 439
445 445 445 445 445 445 445 445 445
445 445 439 439 445 445 445 445 445
445 445 445 445 445 445 445 445 445
445 445 445 445 439 439 439 445 445
445 446 446 446 446 446 446 446 446
446 446 446 446 446 446 446 446 446
446 446 446 446 446 446 446 446 446
446 446 446 446 446 446 446 446 446
446 446 446 446 446 446 446 446 446
446 446 446 446 446 446 446 446 446
446 446 446 446 446 446 446 446 446
446 446 446 446 446 446 446 446 446
446 446 446 446 446 446 446 446 446
446 446 446 446 446 446 446 446 446
446 446 446 446 446 446 446 446 446
446 446 446 446 446 446 446 446 446
446 446 446 446 446 446 446 446 446
446 446 446 446 446 446 446 446 446
446 446 446 446 446 446 446 446 446
446 446 446 446 446 446 446 446 446
446 446 446 446 446 446 446 446 446
446 446 445 446 446 446 446 446 446
446 446 446 446 446 446 446 446 446
446 446 446 446 446 446 446 446 446
446 446 446 446 446 446 446 446 446
446 446 446 446 445 446 446 445 445
445 446 446 446 446 446 446 446 446
446 446 446 446 446 446 446 446 446
446 446 446 446 446 446 446 446 446
446 445 446 445 446 445 445 446 445
446 445 445 445 445 446 446 446 445
446 446 446 446 446 446 446 446 446
446 446 446 446 446 446 446 446 446
446 446 445 446 446 446 445 446 446
446 446 446 447 447 447 447 447 447
447 446 446 446 446 446 447 446 447
446 447 447 447 447 447 447 447 447
447 447 447 447 446 446 446 446 446
447 447 446 447 447 447 447 447 447
447 446 447 446 447 447 447 447 447
447 447 447 447 447 446 447 447 447
446 446 446 447 447 447 447 447 447
447 447 447 447 447 447 447 446 447
446 447 447 447 447 447 447 447 447
447 447 447 447 447 447 447 447 447
447 447 447 447 447 446 447 447 447
447 447 447 447 447 447 447 447 447
447 447 447 447 447 447 447 447 447
447 447 447 447 447 447 447 447 447
447 447 447 447 447 447 447 447 447
447 447 447 447 447 447 447 447 447
448 448 447 447 447 448 447 447 448
448 448 448 447 447 447 447 447 447
447 447 447 447 447 447 447 447 447
448 447 448 447 448 447 447 447 447
447 447 447 447 447 447 447 447 448
448 448 448 448 448 448 447 447 447
447 447 447 447 447 447 448 448 448
448 447 447 448 448 447 447 447 447
447 447 447 447 448 448 448 448 447
447 448 447 447 447 447 447 447 447
447 447 447 447 447 447 447 447 447
447 447 447 447 447 447 447
