# vtk DataFile Version 3.0
vtk output
ASCII
DATASET POLYDATA
POINTS 15478 float
4.8 1.8 12.292 4.8 1.79286 12.3 4.62236 1.8 12.3
4.5 1.8 12.3052 4.80866 1.8 12.3 4.8 1.80714 12.3
4.8 1.8 12.45 4.5 1.6445 12.6 4.5 1.5 12.8718
4.8 1.5 12.75 5.1 1.5 12.7876 4.3234 1.8 12.6
4.2 1.8 12.8134 4.79256 1.8 12.6 4.5 1.95 12.6
4.5 1.47466 12.9 4.8 1.38726 12.9 5.1 1.40093 12.9
4.47185 1.5 12.9 4.2 1.72982 12.9 4.8 1.69672 12.9
5.21239 1.5 12.9 5.1 1.65654 12.9 5.4 1.5 13.1349
4.13584 1.8 12.9 4.2 1.87275 12.9 4.2 1.8 13.0012
4.71866 1.8 12.9 4.5 1.93782 12.9 4.5 1.8 13.1419
4.5 1.41266 13.2 4.8 1.36342 13.2 5.1 1.3288 13.2
5.4 1.44429 13.2 4.39432 1.5 13.2 4.5 1.70038 13.2
4.5 1.5 13.2873 4.8 1.6622 13.2 4.8 1.5 13.3158
5.1 1.68726 13.2 5.1 1.5 13.35 5.46113 1.5 13.2
5.4 1.77942 13.2 5.4 1.5 13.2557 4.8 1.2 8.87934
4.8 1.5 8.87622 4.8 0.969844 9 4.8 0.9 9.05087
4.67934 1.2 9 4.5 1.2 9.29286 4.92066 1.2 9
4.70663 1.5 9 4.5 1.5 9.19554 4.89337 1.5 9
4.8 1.60633 9 4.5 1.8 9.25641 4.8 0.693369 9.3
4.58907 0.9 9.3 4.5 1.18363 9.3 4.5 0.9 9.39173
4.98726 0.9 9.3 4.49286 1.2 9.3 4.93782 1.2 9.3
4.39554 1.5 9.3 4.2 1.5 9.57466 4.89337 1.5 9.3
4.8 1.63747 9.3 4.8 1.5 9.48726 4.45795 1.8 9.3
4.2 1.8 9.55795 4.57014 1.8 9.3 4.5 1.84205 9.3
4.5 0.701876 9.6 4.8 0.693369 9.6 4.32805 0.9 9.6
4.2 0.9 9.73698 4.96456 0.9 9.6 4.2785 1.2 9.6
4.2 1.43803 9.6 4.2 1.2 9.68538 4.90781 1.2 9.6
4.8 1.40202 9.6 4.17466 1.5 9.6 4.73584 1.5 9.6
4.15795 1.8 9.6 4.2 1.84205 9.6 4.65325 1.8 9.6
4.5 1.91582 9.6 4.2 0.762182 9.9 4.5 0.720356 9.9
4.8 0.741995 9.9 4.03698 0.9 9.9 3.9 0.9 10.0736
4.92036 0.9 9.9 3.98538 1.2 9.9 3.9 1.2 9.98829
4.84141 1.2 9.9 4.8 1.2785 9.9 4.8 1.2 9.97355
3.9785 1.5 9.9 3.9 1.5 9.98829 4.70663 1.5 9.9
3.9785 1.8 9.9 3.9 1.8 9.98829 4.2 1.99554 9.9
4.67955 1.8 9.9 4.5 1.94685 9.9 3.9 2.1 10.0762
3.9 0.797402 10.2 4.2 0.753153 10.2 4.5 0.75 10.2
4.8 0.89286 10.2 3.77332 0.9 10.2 4.80714 0.9 10.2
4.8 0.914135 10.2 4.8 0.9 10.2074 3.75 1.2 10.2
3.6 1.2 10.35 4.70093 1.2 10.2 3.75 1.5 10.2
3.6 1.5 10.35 4.65865 1.5 10.2 3.73225 1.8 10.2
3.6 1.8 10.3323 4.2 2.07466 10.2 4.65 1.8 10.2
4.5 1.95865 10.2 3.79586 2.1 10.2 3.6 2.1 10.35
4.14913 2.1 10.2 3.9 2.19337 10.2 4.2 2.1 10.276
3.9 0.835838 10.5 4.2 0.762182 10.5 4.5 0.75 10.5
3.78946 0.9 10.5 3.6 1.0063 10.5 4.65315 0.9 10.5
4.5 0.9 10.6955 3.43225 1.2 10.5 3.3 1.2 10.6669
4.64135 1.2 10.5 4.5 1.2 10.679 3.42441 1.5 10.5
3.3 1.5 10.6127 4.63782 1.5 10.5 4.5 1.5 10.6756
3.42441 1.8 10.5 3.3 1.8 10.6127 4.62036 1.8 10.5
4.5 1.96691 10.5 4.5 1.8 10.6323 3.42441 2.1 10.5
3.3 2.1 10.6127 3.6 2.32725 10.5 3.9 2.26525 10.5
4.30123 2.1 10.5 4.2 2.16416 10.5 3.3 2.4 10.6438
3.6 2.4 10.5795 3.9 0.87466 10.8 4.2 0.779644 10.8
3.3 1.09554 10.8 3.86834 0.9 10.8 3.6 1.03164 10.8
3.9 0.9 10.8934 4.36691 0.9 10.8 4.2 0.9 10.984
3.18755 1.2 10.8 3.3 1.2 11.0558 4.38726 1.2 10.8
4.2 1.2 11.0491 3.11274 1.5 10.8 3 1.5 10.9267
4.38726 1.5 10.8 4.2 1.5 11.0491 3.11274 1.8 10.8
3 1.8 10.9127 4.36218 1.8 10.8 4.2 1.8 11.0491
3.13164 2.1 10.8 3 2.1 10.9402 3.9 2.3105 10.8
4.35711 2.1 10.8 4.2 2.23475 10.8 4.2 2.1 11.0379
3.15 2.4 10.8 3 2.4 10.9677 3.3 2.69419 10.8
3.79194 2.4 10.8 3.6 2.53218 10.8 3.9 2.4 10.9022
3 2.7 11.0215 3.3 2.7 10.805 3.6 2.7 11.0043
3 3 10.9756 3.3 3 10.9367 3 3.3 11.0352
3.3 3.3 11.0971 3.6 1.03782 11.1 3.9 0.950868 11.1
3 1.35594 11.1 3.32534 1.2 11.1 3.3 1.22534 11.1
4.14913 1.2 11.1 3.9 1.2 11.358 2.85594 1.5 11.1
4.14913 1.5 11.1 2.80446 1.8 11.1 2.7 1.8 11.2931
4.14913 1.8 11.1 2.82098 2.1 11.1 2.7 2.1 11.2157
4.14913 2.1 11.1 2.86775 2.4 11.1 2.7 2.4 11.25
4.06064 2.4 11.1 3.9 2.55385 11.1 2.9215 2.7 11.1
2.7 2.7 11.2622 3.70943 2.7 11.1 3.6 2.8374 11.1
2.88726 3 11.1 2.7 3 11.2622 3.48458 3 11.1
2.9409 3.3 11.1 2.7 3.3 11.2793 3 3.3591 11.1
3.30295 3.3 11.1 3.3 3.30295 11.1 3.3 3.3 11.1031
3.6 1.06836 11.4 3 1.49505 11.4 3.37165 1.2 11.4
3.3 1.2591 11.4 3.84825 1.2 11.4 3.6 1.2 11.5786
3.9 1.39157 11.4 2.99505 1.5 11.4 2.7 1.7315 11.4
3 1.5 11.4081 3.92534 1.5 11.4 3.9 1.5 11.4253
2.6315 1.8 11.4 2.7 1.8 11.4707 3.9785 1.8 11.4
3.9 1.8 11.4854 2.55 2.1 11.4 3.9785 2.1 11.4
3.9 2.1 11.4883 2.53225 2.4 11.4 3.95027 2.4 11.4
3.9 2.48211 11.4 3.9 2.4 11.4503 2.52441 2.7 11.4
3.79554 2.7 11.4 3.6 2.92437 11.4 2.54376 3 11.4
3.51765 3 11.4 3.3 3.1445 11.4 2.57934 3.3 11.4
2.7 3.42066 11.4 3.05822 3.3 11.4 3 3.35627 11.4
3 3.3 11.4832 3.3 1.34096 11.7 3.6 1.41757 11.7
3.11572 1.5 11.7 3 1.63308 11.7 3.3 1.5 11.9404
3.65027 1.5 11.7 3.6 1.5 11.7503 2.86782 1.8 11.7
2.7 2.02925 11.7 3 1.8 11.9205 3.68538 1.8 11.7
3.6 1.8 11.7785 2.6315 2.1 11.7 2.7 2.1 11.7708
3.68829 2.1 11.7 3.6 2.1 11.7785 2.5445 2.4 11.7
2.7 2.4 11.8766 3.6591 2.4 11.7 3.6 2.4 11.7591
2.51274 2.7 11.7 2.7 2.7 11.8873 3.62534 2.7 11.7
3.6 2.72534 11.7 3.6 2.7 11.7282 2.52877 3 11.7
2.7 3 11.85 3 3.18428 11.7 3.34205 3 11.7
3.3 3.04205 11.7 3.3 3 11.7749 2.60965 3.3 11.7
2.81682 3.3 11.7 2.7 3.38323 11.7 2.7 3.3 11.7832
3.3 1.62045 12 3.13028 1.8 12 3 1.87453 12
3.3785 1.8 12 3.3 1.8 12.0785 2.86143 2.1 12
3 2.1 12.1476 3.39541 2.1 12 3.3 2.1 12.0954
2.82036 2.4 12 3 2.4 12.175 3.41274 2.4 12
3.3 2.4 12.1157 2.81572 2.7 12 3 2.7 12.159
3.44022 2.7 12 3.3 2.8844 12 3.3 2.7 12.1695
2.89905 3 12 3.1439 3 12 3 3.09609 12
3 3 12.0934 5.1 1.2 8.87234 5.1 0.964111 9
5.1 0.9 9.07517 5.4 0.9 9.08323 4.96381 1.2 9
5.26056 1.2 9 5.1 1.42601 9 5.1 0.75 9.3
5.4 0.737818 9.3 4.98726 0.9 9.3 5.58726 0.9 9.3
5.4 1.1215 9.3 4.93782 1.2 9.3 5.3215 1.2 9.3
5.1 1.4215 9.3 4.8 1.5 9.48726 5.1 1.5 9.53652
5.1 0.721588 9.6 5.4 0.746847 9.6 4.96456 0.9 9.6
5.58726 0.9 9.6 5.4 1.14913 9.6 4.90781 1.2 9.6
4.8 1.40202 9.6 5.34913 1.2 9.6 5.4 1.2 9.75
4.73584 1.5 9.6 4.8 1.59337 9.6 5.12606 1.5 9.6
5.1 1.52606 9.6 4.8 1.8 9.85907 5.1 0.735442 9.9
5.4 0.762182 9.9 4.92036 0.9 9.9 5.57559 0.9 9.9
4.84141 1.2 9.9 4.8 1.2785 9.9 4.8 1.2 9.97355
5.45812 1.2 9.9 5.4 1.25087 9.9 4.70663 1.5 9.9
5.15087 1.5 9.9 5.1 1.55087 9.9 4.77394 1.8 9.9
4.82606 1.8 9.9 4.8 1.82606 9.9 5.1 0.75 10.2
5.4 0.762182 10.2 4.80714 0.9 10.2 4.8 0.914135 10.2
4.8 0.9 10.2074 5.57559 0.9 10.2 4.70093 1.2 10.2
5.48829 1.2 10.2 5.4 1.2785 10.2 4.65865 1.5 10.2
5.17156 1.5 10.2 5.1 1.57156 10.2 4.67934 1.8 10.2
4.92066 1.8 10.2 4.8 1.92066 10.2 4.8 0.753153 10.5
5.1 0.741349 10.5 5.4 0.762182 10.5 4.65315 0.9 10.5
4.5 0.9 10.6955 5.57559 0.9 10.5 4.64135 1.2 10.5
4.5 1.2 10.679 5.52367 1.2 10.5 5.4 1.28907 10.5
4.63782 1.5 10.5 4.5 1.5 10.6756 5.1785 1.5 10.5
5.1 1.5785 10.5 4.63225 1.8 10.5 4.5 1.8 10.6323
4.93782 1.8 10.5 4.8 1.93782 10.5 4.5 0.795541 10.8
4.8 0.74473 10.8 5.1 0.74473 10.8 5.4 0.762182 10.8
4.39554 0.9 10.8 5.57559 0.9 10.8 4.38726 1.2 10.8
4.2 1.2 11.0491 5.55 1.2 10.8 5.4 1.31274 10.8
4.38726 1.5 10.8 4.2 1.5 11.0491 5.1785 1.5 10.8
5.1 1.5785 10.8 4.36218 1.8 10.8 4.2 1.8 11.0491
4.5 1.98985 10.8 4.93164 1.8 10.8 4.8 1.96949 10.8
4.2 2.1 11.058 4.5 2.1 10.95 4.5 0.75 11.1
4.8 0.75 11.1 5.1 0.75 11.1 5.4 0.762182 11.1
4.20495 0.9 11.1 4.2 0.922799 11.1 4.2 0.9 11.1108
5.56775 0.9 11.1 4.14913 1.2 11.1 3.9 1.2 11.358
5.52441 1.2 11.1 5.4 1.31274 11.1 4.14913 1.5 11.1
5.1785 1.5 11.1 5.1 1.5785 11.1 4.14913 1.8 11.1
4.92497 1.8 11.1 4.8 1.95 11.1 4.15795 2.1 11.1
4.2 2.15191 11.1 4.62254 2.1 11.1 4.5 2.19907 11.1
4.2 2.4 11.2643 3.9 2.7 11.3542 4.2 0.806631 11.4
4.5 0.75 11.4 4.8 0.75 11.4 5.1 0.75 11.4
5.4 0.76836 11.4 4.04493 0.9 11.4 3.9 1.11645 11.4
5.56156 0.9 11.4 3.85795 1.2 11.4 3.6 1.2 11.6815
3.9 1.39157 11.4 5.48829 1.2 11.4 5.4 1.2785 11.4
3.92534 1.5 11.4 3.9 1.5 11.4253 5.1785 1.5 11.4
5.1 1.5785 11.4 3.9785 1.8 11.4 3.9 1.8 11.4854
4.91274 1.8 11.4 4.8 1.98371 11.4 3.9785 2.1 11.4
3.9 2.1 11.4883 4.71012 2.1 11.4 4.5 2.25978 11.4
3.97151 2.4 11.4 3.9 2.55825 11.4 3.9 2.4 11.4503
4.33541 2.4 11.4 4.2 2.52578 11.4 3.85417 2.7 11.4
3.9505 2.7 11.4 3.9 2.74583 11.4 3.9 2.7 11.4605
4.2 0.849132 11.7 4.5 0.758651 11.7 4.8 0.75 11.7
5.1 0.75 11.7 5.4 0.795541 11.7 3.6 1.18154 11.7
4.12403 0.9 11.7 3.9 1.01274 11.7 4.2 0.9 11.9066
5.5158 0.9 11.7 3.58154 1.2 11.7 3.6 1.27369 11.7
5.48829 1.2 11.7 5.4 1.2785 11.7 3.65027 1.5 11.7
3.6 1.5 11.7503 5.1785 1.5 11.7 5.1 1.5785 11.7
3.68538 1.8 11.7 3.6 1.8 11.7785 4.93782 1.8 11.7
4.8 1.99629 11.7 3.68829 2.1 11.7 3.6 2.1 11.7785
4.70432 2.1 11.7 4.5 2.31467 11.7 4.5 2.1 11.872
3.6591 2.4 11.7 3.6 2.4 11.7591 3.9 2.57503 11.7
4.3747 2.4 11.7 4.2 2.50409 11.7 4.2 2.4 11.8556
4.5 0.800933 12 4.8 0.753153 12 5.1 0.753153 12
5.4 0.840896 12 3.6 1.17466 12 3.9 1.0445 12
4.24729 0.9 12 4.2 0.92534 12 5.46721 0.9 12
5.4 0.9 12.1648 3.57466 1.2 12 3.6 1.2 12.0399
5.49959 1.2 12 5.4 1.28907 12 3.39907 1.5 12
5.20446 1.5 12 5.1 1.60446 12 3.3785 1.8 12
3.3 1.8 12.1066 4.5 1.97503 12 4.90781 1.8 12
4.8 1.91073 12 4.8 1.8 12.1711 3.39541 2.1 12
3.3 2.1 12.0954 4.37503 2.1 12 4.2 2.30093 12
3.41274 2.4 12 3.3 2.4 12.1189 3.6 2.64973 12
4.06494 2.4 12 3.9 2.51572 12 3.9 2.4 12.2591
4.5 0.835838 12.3 4.8 0.800933 12.3 5.1 0.800933 12.3
3.9 1.08726 12.3 4.40663 0.9 12.3 4.2 1.01274 12.3
4.5 0.9 12.4067 5.31302 0.9 12.3 5.4 0.975173 12.3
3.75 1.2 12.3 3.6 1.31274 12.3 3.9 1.2 12.5919
5.52441 1.2 12.3 5.4 1.31274 12.3 3.41274 1.5 12.3
3.3 1.64504 12.3 4.8 1.71093 12.3 5.18907 1.5 12.3
5.1 1.58907 12.3 3.18256 1.8 12.3 3.3 1.8 12.4469
4.51147 1.8 12.3 4.5 1.80495 12.3 4.5 1.8 12.3052
3.1288 2.1 12.3 3.3 2.1 12.4873 3.9 2.37394 12.3
4.33164 2.1 12.3 4.2 2.26949 12.3 3.14159 2.4 12.3
3.3 2.6631 12.3 3.3 2.4 12.462 3.87394 2.4 12.3
3.6 2.58726 12.3 4.8 0.87466 12.6 5.1 0.89286 12.6
4.2 1.05904 12.6 4.75271 0.9 12.6 4.5 0.999067 12.6
4.8 0.9 12.6294 5.10907 0.9 12.6 5.1 0.9 12.608
5.4 1.16834 12.6 3.6 1.42437 12.6 3.90581 1.2 12.6
3.9 1.20495 12.6 5.42633 1.2 12.6 5.4 1.22534 12.6
5.4 1.2 12.6263 3.52437 1.5 12.6 3.6 1.5 12.678
4.5 1.6445 12.6 4.5 1.5 12.8718 4.8 1.61274 12.6
4.8 1.5 12.75 5.12606 1.5 12.6 5.1 1.52606 12.6
5.1 1.5 12.6354 3.4234 1.8 12.6 3.6 1.8 12.8083
4.3234 1.8 12.6 4.2 1.8 12.8134 3.41274 2.1 12.6
3.6 2.1 12.7796 3.9 2.30663 12.6 4.29337 2.1 12.6
4.2 2.22862 12.6 3.46124 2.4 12.6 3.77947 2.4 12.6
3.6 2.52371 12.6 3.6 2.4 12.7237 4.2 1.17466 12.9
4.5 1.06456 12.9 4.8 1.03782 12.9 5.1 1.05355 12.9
4.17367 1.2 12.9 3.9 1.41467 12.9 4.2 1.2 12.9263
4.5 1.46976 12.9 4.5 1.2 13.0538 4.8 1.38726 12.9
4.8 1.2 13.0873 5.24096 1.2 12.9 5.1 1.36332 12.9
5.1 1.2 13.0633 3.81467 1.5 12.9 3.9 1.5 12.9828
4.47185 1.5 12.9 4.2 1.72982 12.9 4.2 1.5 13.0641
3.69959 1.8 12.9 4.12725 1.8 12.9 3.9 1.8 13.0378
4.2 1.91954 12.9 3.76329 2.1 12.9 3.9 2.23671 12.9
3.9 2.1 13.0078 4.28734 2.1 12.9 4.2 2.20983 12.9
4.2 2.1 12.9873 2.1 1.8 9.24913 2.4 1.8 9.27466
1.8 2.1 9.17234 2.1 2.1 9.16218 2.4 2.1 9.16218
2.7 2.1 9.16218 3 2.1 9.21722 2.1 2.4 9.0895
2.4 2.4 9.05087 2.7 2.4 9.05087 3 2.4 9.17796
2.4 2.7 9.10767 2.7 2.7 9.29006 2.1 1.74407 9.3
2.4 1.77185 9.3 2.4 1.5 9.46381 2.02772 1.8 9.3
1.8 1.93944 9.3 2.46826 1.8 9.3 2.7 1.8808 9.3
2.7 1.8 9.37156 3 2.01467 9.3 1.67234 2.1 9.3
1.8 2.2906 9.3 3.08278 2.1 9.3 1.8895 2.4 9.3
1.8 2.4 9.40806 2.1 2.56836 9.3 3.10446 2.4 9.3
3 2.50446 9.3 2.26949 2.7 9.3 2.1 2.7 9.59369
2.4 2.81274 9.3 2.70495 2.7 9.3 2.7 2.70495 9.3
2.4 1.36381 9.6 2.20893 1.5 9.6 2.1 1.59354 9.6
2.62535 1.5 9.6 2.7 1.5591 9.6 1.94307 1.8 9.6
1.8 1.95624 9.6 2.87964 1.8 9.6 3 1.95 9.6
1.66836 2.1 9.6 3.12036 2.1 9.6 3 2.1 9.78401
1.67092 2.4 9.6 1.8 2.53218 9.6 2.4 2.4 9.84913
2.7 2.4 9.80093 3.12036 2.4 9.6 3 2.52036 9.6
3 2.4 9.73462 2.09484 2.7 9.6 2.1 2.70495 9.6
2.1 2.7 9.60734 2.4 2.8555 9.6 2.4 2.7 9.75
2.79907 2.7 9.6 2.7 2.80687 9.6 2.7 2.7 9.69907
2.4 1.38726 9.9 2.27559 1.5 9.9 2.1 1.65 9.9
2.57584 1.5 9.9 2.4 1.5 10.1394 2.7 1.59216 9.9
1.95355 1.8 9.9 1.8 2.03522 9.9 2.1 1.8 10.0807
2.4 1.8 10.1009 2.8555 1.8 9.9 2.7 1.8 10.05
1.7409 2.1 9.9 1.8 2.1 9.96478 2.1 2.1 10.0646
2.4 2.34037 9.9 2.4 2.1 10.0354 2.87633 2.1 9.9
2.7 2.26494 9.9 2.7 2.1 10.0127 1.66654 2.4 9.9
1.8 2.54347 9.9 1.8 2.4 10.025 2.31214 2.4 9.9
2.1 2.52718 9.9 2.1 2.4 9.99907 2.4 1.5 7.45795
2.4 1.8 7.45795 2.7 1.8 7.41677 2.4 1.45795 7.5
2.7 1.2 7.70784 2.35041 1.5 7.5 2.46755 1.5 7.5
2.7 1.67809 7.5 2.7 1.5 7.60781 3 1.5 7.69219
2.35535 1.8 7.5 2.4 1.84205 7.5 2.83178 1.8 7.5
2.7 2.06065 7.5 3 1.8 7.60974 2.7 2.1 7.52177
2.7 1.1105 7.8 2.59996 1.2 7.8 2.4 1.35 7.8
2.88369 1.2 7.8 3 1.29729 7.8 3 1.2 7.86363
2.2158 1.5 7.8 3.13229 1.5 7.8 3.3 1.5 7.92775
2.28428 1.8 7.8 2.4 1.91572 7.8 3.19026 1.8 7.8
3 1.9524 7.8 3.3 1.8 7.99993 2.56925 2.1 7.8
2.4 2.1 8.03369 2.8421 2.1 7.8 2.7 2.23075 7.8
2.7 1.07964 8.1 3 1.01274 8.1 2.542 1.2 8.1
2.4 1.31572 8.1 3.29505 1.2 8.1 3.3 1.20516 8.1
3.3 1.2 8.11075 2.18096 1.5 8.1 3.44685 1.5 8.1
2.14294 1.8 8.1 2.1 1.8 8.14293 3 2.02894 8.1
3.36478 1.8 8.1 3.3 1.8591 8.1 2.33584 2.1 8.1
2.4 2.17018 8.1 2.92894 2.1 8.1 2.7 2.3105 8.1
3 2.1 8.20204 2.7 2.4 8.22416 2.7 1.06218 8.4
3 0.983234 8.4 3.3 1.09012 8.4 2.52441 1.2 8.4
2.4 1.31274 8.4 3.39337 1.2 8.4 3.3 1.2 8.57182
2.1785 1.5 8.4 2.1 1.58096 8.4 3.4555 1.5 8.4
1.93448 1.8 8.4 2.1 2.02925 8.4 3.46683 1.8 8.4
3.3 1.95594 8.4 2.17075 2.1 8.4 2.1 2.1 8.47933
2.4 2.39256 8.4 3.12674 2.1 8.4 3 2.22674 8.4
2.41167 2.4 8.4 2.4 2.4 8.40863 2.82674 2.4 8.4
2.7 2.51572 8.4 2.7 1.06218 8.7 3 0.983234 8.7
2.52441 1.2 8.7 2.4 1.31274 8.7 3.22437 1.2 8.7
3.3 1.31261 8.7 2.1785 1.5 8.7 2.1 1.5785 8.7
3.40781 1.5 8.7 3.3 1.5 8.87917 1.8785 1.8 8.7
3.44661 1.8 8.7 3.3 2.03039 8.7 1.93936 2.1 8.7
1.8 2.1 8.86801 2.1 2.27326 8.7 3.23424 2.1 8.7
3 2.28428 8.7 3.3 2.1 8.84921 2.22674 2.4 8.7
2.4 2.55 8.7 2.88726 2.4 8.7 2.7 2.56218 8.7
2.7 1.06218 9 3 1.03051 9 2.52441 1.2 9
2.4 1.31274 9 3.13164 1.2 9 3 1.2 9.19479
2.1785 1.5 9 2.1 1.5785 9 3.21767 1.5 9
3.3 1.67449 9 1.8785 1.8 9 1.8 1.91616 9
2.1 1.8 9.24913 2.4 1.8 9.27466 3.36416 1.8 9
3.3 1.8 9.06416 1.69219 2.1 9 1.8 2.21271 9
1.8 2.1 9.1159 2.1 2.35071 9 2.1 2.1 9.16218
2.4 2.1 9.16218 2.7 2.1 9.16218 3 2.32844 9
3 2.1 9.17964 3.36416 2.1 9 3.3 2.16416 9
3.3 2.1 9.06416 2.24716 2.4 9 2.4 2.45593 9
2.4 2.4 9.05087 2.81838 2.4 9 2.7 2.45267 9
2.7 2.4 9.05087 2.7 1.07964 9.3 2.56775 1.2 9.3
2.4 1.36029 9.3 2.88401 1.2 9.3 2.7 1.2 9.45
3 1.40222 9.3 2.21546 1.5 9.3 2.4 1.76677 9.3
2.4 1.5 9.43619 2.7 1.5 9.46863 3.05087 1.5 9.3
3 1.5 9.35087 2.46826 1.8 9.3 2.7 1.8808 9.3
2.7 1.8 9.37156 3.0591 1.8 9.3 3 1.88041 9.3
3 1.8 9.3591 3.9 1.5 8.62341 4.2 1.5 8.56218
4.5 1.5 8.66468 3.6 0.9 8.92725 3.9 0.9 8.81581
4.2 0.9 8.86143 3.9 1.21401 8.7 3.9 1.2 8.70496
4.2 1.29289 8.7 4.2 1.2 8.78278 4.5 1.46335 8.7
4.5 1.2 8.86143 3.82341 1.5 8.7 3.9 1.61416 8.7
4.2 1.65624 8.7 4.53532 1.5 8.7 4.5 1.53665 8.7
3.9 1.8 8.94624 4.2 1.8 8.92256 3.6 0.835838 9
3.9 0.704459 9 4.2 0.721588 9 3.53584 0.9 9
3.6 1.00668 9 4.46976 0.9 9 4.5 0.930239 9
4.5 0.9 9.05379 3.69907 1.2 9 3.6 1.2 9.25271
4.63544 1.2 9 4.5 1.2 9.29137 3.76143 1.5 9
4.65 1.5 9 4.5 1.7105 9 4.5 1.5 9.19554
3.86742 1.8 9 3.9 1.83258 9 3.9 1.8 9.05353
4.31706 1.8 9 4.2 1.86416 9 3.6 0.756441 9.3
3.9 0.712745 9.3 4.2 0.693369 9.3 4.5 0.771149 9.3
3.45644 0.9 9.3 4.58907 0.9 9.3 4.5 1.18363 9.3
4.5 0.9 9.39173 3.57466 1.2 9.3 3.6 1.22815 9.3
3.6 1.2 9.33024 4.49286 1.2 9.3 3.7841 1.5 9.3
3.9 1.65 9.3 4.39554 1.5 9.3 4.2 1.5 9.57466
4.04144 1.8 9.3 4.34078 1.8 9.3 4.2 1.91582 9.3
4.2 1.8 9.5158 3.6 0.849726 9.6 3.9 0.741349 9.6
4.2 0.728393 9.6 3.54973 0.9 9.6 3.6 0.958957 9.6
3.6 0.9 9.67151 4.32805 0.9 9.6 4.2 0.9 9.73698
3.75 1.2 9.6 3.9 1.2 9.87202 4.2785 1.2 9.6
4.2 1.43803 9.6 4.2 1.2 9.68538 3.89422 1.5 9.6
3.95269 1.5 9.6 3.9 1.50736 9.6 3.9 1.5 9.62764
3.9 0.779336 9.9 3.74663 0.9 9.9 4.03257 0.9 9.9
3.9 1.16647 9.9 3.9 0.9 10.0291 3 2.1 9.87466
2.4 2.4 9.84913 2.7 2.4 9.80093 3 2.4 9.76836
2.1 2.7 9.78418 2.4 2.7 9.75315 2.7 2.7 9.72468
2.4 3 9.79481 2.7 1.5 10.1284 2.4 1.8 10.1009
2.7 1.8 10.0532 3 2.06976 9.9 3 1.8 10.0876
2.1 2.1 10.0646 2.4 2.34037 9.9 2.4 2.1 10.0354
2.96014 2.1 9.9 2.7 2.26494 9.9 2.7 2.1 10.0127
3.04438 2.1 9.9 1.8 2.4 10.0784 2.31214 2.4 9.9
2.1 2.53185 9.9 2.1 2.4 9.99907 3.17823 2.4 9.9
3 2.55 9.9 3.3 2.4 10.1454 1.92498 2.7 9.9
1.8 2.7 9.99568 2.1 2.8363 9.9 2.86836 2.7 9.9
2.7 2.93637 9.9 3 2.7 10.1604 2.29888 3 9.9
2.57636 3 9.9 2.4 3.08323 9.9 2.7 3 9.98851
2.7 1.42844 10.2 2.60176 1.5 10.2 2.4 1.66983 10.2
2.77804 1.5 10.2 3 1.69313 10.2 2.19761 1.8 10.2
2.1 1.86724 10.2 3.09907 1.8 10.2 1.92674 2.1 10.2
1.8 2.25531 10.2 3.2215 2.1 10.2 3.3 2.3246 10.2
3.3 2.1 10.4365 1.69219 2.4 10.2 1.8 2.4 10.4208
3.3319 2.4 10.2 3.3 2.4319 10.2 1.65 2.7 10.2
1.8 2.84685 10.2 2.1 2.96468 10.2 3.0319 2.7 10.2
3 2.73311 10.2 2.14373 3 10.2 2.1 3 10.2774
2.4 3.13164 10.2 2.82045 3 10.2 2.7 3.1225 10.2
3 3 10.4564 2.7 3.3 10.3873 2.7 1.35315 10.5
2.50734 1.5 10.5 2.4 1.61245 10.5 2.85904 1.5 10.5
3 1.67559 10.5 2.19647 1.8 10.5 2.1 1.89647 10.5
3.11274 1.8 10.5 3.3 2.07394 10.5 1.9555 2.1 10.5
3.32606 2.1 10.5 3.3 2.1 10.5261 1.85027 2.4 10.5
1.8 2.47923 10.5 3.41614 2.4 10.5 3.3 2.53026 10.5
3.3 2.4 10.6279 1.69219 2.7 10.5 1.8 2.83199 10.5
1.8 2.7 10.6447 3.15594 2.7 10.5 1.99509 3 10.5
2.1 3.08323 10.5 2.4 3.1359 10.5 3.04205 3 10.5
3 3.04205 10.5 2.5841 3.3 10.5 2.4 3.3 10.6709
2.80781 3.3 10.5 2.7 3.40781 10.5 2.7 1.39219 10.8
2.58927 1.5 10.8 2.4 1.68927 10.8 2.81929 1.5 10.8
2.7 1.5 10.9367 3 1.68985 10.8 2.28927 1.8 10.8
2.1 2.05707 10.8 2.4 1.8 10.9792 3.09907 1.8 10.8
3 1.8 10.8991 2.05859 2.1 10.8 2.1 2.1 10.8457
3.13164 2.1 10.8 3 2.1 10.9402 1.96456 2.4 10.8
2.1 2.4 11.0173 3.15 2.4 10.8 3 2.4 10.9677
1.91274 2.7 10.8 3.21093 2.7 10.8 3 2.7 11.0215
1.93309 3 10.8 2.1 3.21959 10.8 3.12066 3 10.8
3 3.25273 10.8 3 3 10.9583 2.18016 3.3 10.8
2.1 3.3 10.9056 2.4 3.42066 10.8 2.93465 3.3 10.8
2.7 3.39337 10.8 2.7 3.3 10.9286 2.7 1.66691 11.1
2.52436 1.8 11.1 2.4 1.89781 11.1 2.80446 1.8 11.1
2.7 1.8 11.2045 2.25978 2.1 11.1 2.4 2.1 11.2844
2.82098 2.1 11.1 2.7 2.1 11.2157 2.17156 2.4 11.1
2.1 2.51655 11.1 2.86775 2.4 11.1 2.7 2.4 11.25
2.00093 2.7 11.1 2.1 2.7 11.2102 2.9215 2.7 11.1
2.7 2.7 11.2622 1.95904 3 11.1 2.1 3 11.2756
2.88726 3 11.1 2.7 3.18726 11.1 2.7 3 11.2622
1.99905 3.3 11.1 2.1 3.39337 11.1 2.1 3.3 11.201
2.49337 3.3 11.1 2.4 3.36416 11.1 2.4 3.3 11.1702
2.4 2.32513 11.4 2.35795 2.4 11.4 2.44829 2.4 11.4
2.4 2.4 11.442 2.29586 2.7 11.4 2.50415 2.7 11.4
2.4 2.7 11.4934 2.2464 3 11.4 2.52792 3 11.4
2.4 3.12446 11.4 2.4 3 11.5161 3.6 1.2 8.58692
3.6 1.5 8.64471 3.6 0.967194 8.7 3.48394 1.2 8.7
3.74235 1.2 8.7 3.54973 1.5 8.7 3.70319 1.5 8.7
3.6 1.59685 8.7 3.6 1.8 8.79959 3.3 0.9 9.1308
3.6 1.00668 9 3.43135 1.2 9 3.3 1.2 9.08579
3.69907 1.2 9 3.6 1.2 9.25271 3.4234 1.5 9
3.3 1.5 9.23068 3.76143 1.5 9 3.46218 1.8 9
3.79586 1.8 9 3.6 1.94645 9 3.9 1.8 9.13385
3.3 0.800933 9.3 3.19313 0.9 9.3 3.40485 0.9 9.3
3.15 1.2 9.3 3.57367 1.2 9.3 3.6 1.22815 9.3
3.6 1.2 9.33024 3.24973 1.5 9.3 3.3 1.57923 9.3
3.7841 1.5 9.3 3.9 1.65 9.3 3.40781 1.8 9.3
3.3 1.8 9.4601 3.6 2.05859 9.3 4.01073 1.8 9.3
3.9 1.92159 9.3 3.6 2.1 9.3785 3.3 0.87466 9.6
3.27062 0.9 9.6 3.35883 0.9 9.6 3.3 0.9 9.69337
3.6 0.99446 9.6 3.6 0.9 9.79483 3.04141 1.2 9.6
3 1.2 9.64293 3.75 1.2 9.6 3.11582 1.5 9.6
3.89422 1.5 9.6 3.9 1.50736 9.6 3.20132 1.8 9.6
3.3 1.96065 9.6 4.03475 1.8 9.6 3.9 2.02256 9.6
3.44543 2.1 9.6 3.3 2.1 9.82834 3.78726 2.1 9.6
3.6 2.19337 9.6 3.6 0.849132 9.9 3 1.04096 9.9
3.45 0.9 9.9 3.3 0.950868 9.9 3.65087 0.9 9.9
3.6 0.9 10.1808 2.85315 1.2 9.9 3 1.48482 9.9
3.79219 1.2 9.9 3.01458 1.5 9.9 3 1.5 9.92003
3.80663 1.5 9.9 3.9 1.69443 9.9 3.14135 1.8 9.9
3.9591 1.8 9.9 3.9 1.96655 9.9 3.9 1.8 9.96721
3.26468 2.1 9.9 3.3 2.14071 9.9 3.83973 2.1 9.9
3.6 2.23475 9.9 3 1.07964 10.2 3.3 0.989496 10.2
3.6 0.904838 10.2 2.87964 1.2 10.2 3.74645 1.2 10.2
3.6 1.2 10.35 2.87503 1.5 10.2 3 1.67746 10.2
3.75 1.5 10.2 3.6 1.5 10.35 3.09907 1.8 10.2
3.73225 1.8 10.2 3.6 1.8 10.3323 3.2215 2.1 10.2
3.3 2.18829 10.2 3.3 2.1 10.3255 3.74645 2.1 10.2
3.6 2.26775 10.2 3.6 2.1 10.35 3 1.14973 10.5
3.3 1.08118 10.5 2.94973 1.2 10.5 3 1.2 10.5752
3.42758 1.2 10.5 3.3 1.2 10.6209 2.86218 1.5 10.5
3 1.67559 10.5 3.42441 1.5 10.5 3.3 1.5 10.6127
3.15 1.8 10.5 3.42441 1.8 10.5 3.3 1.96494 10.5
3.3 1.8 10.6127 3 1.37138 10.8 2.90663 1.5 10.8
3.09337 1.5 10.8 3 1.60095 10.8 3 1.5 10.8934
3.6 1.5 8.07466 3.3 0.9 8.32341 3.6 0.9 8.25315
3.9 0.9 8.28418 4.2 0.9 8.31677 3.6 1.46369 8.1
3.6 1.2 8.22036 3.9 1.2 8.24685 4.2 1.2 8.25865
4.5 1.2 8.28726 3.57466 1.5 8.1 3.65114 1.5 8.1
3.6 1.52702 8.1 3.9 1.5 8.21582 4.2 1.5 8.26156
4.5 1.5 8.33584 3.3 0.823412 8.4 3.6 0.753153 8.4
3.9 0.759218 8.4 4.2 0.790703 8.4 3.22341 0.9 8.4
3.3 1.02304 8.4 3.3 0.9 8.49517 4.39585 0.9 8.4
4.5 0.975972 8.4 4.5 0.9 8.45087 3.39907 1.2 8.4
3.6 1.2 8.56836 3.9 1.2 8.62844 4.61274 1.2 8.4
3.54733 1.5 8.4 3.6 1.55391 8.4 3.6 1.5 8.45087
3.9 1.62497 8.4 3.9 1.5 8.52805 4.2 1.62036 8.4
4.2 1.5 8.53225 4.56778 1.5 8.4 4.5 1.56416 8.4
4.5 1.5 8.55862 3.6 0.89286 8.7 3.9 0.746745 8.7
4.2 0.696094 8.7 4.5 0.693369 8.7 3.5904 0.9 8.7
3.6 0.909071 8.7 3.6 0.9 8.70714 3.9 1.10025 8.7
3.9 0.9 8.81581 4.2 0.9 8.86143 4.65 0.9 8.7
4.03534 1.2 8.7 4.2 1.29289 8.7 4.2 1.2 8.78278
4.65 1.2 8.7 4.5 1.43944 8.7 4.5 1.2 8.86143
4.5 0.857625 9 4.46976 0.9 9 4.52534 0.9 9
4.5 0.930239 9 4.5 0.9 9.02534 3.3 1.2 8.62925
3.3 0.975286 8.7 3.2315 1.2 8.7 3.37933 1.2 8.7
3.3 1.30361 8.7 3.3 1.5 8.97625 3.3 0.974053 9
3.20119 1.2 9 3 1.2 9.20169 3.38323 1.2 9
3.3 1.2 9.08579 3.2862 1.5 9 3.3138 1.5 9
3.3 1.54517 9 3.3 1.5 9.05798 3.3 1.8 9.09798
3.3 2.1 9.16125 3 1.10145 9.3 2.91722 1.2 9.3
3.08533 1.2 9.3 3 1.39535 9.3 2.7 1.5 9.59286
3 1.5 9.37354 3.3 1.57923 9.3 3.10143 1.8 9.3
3 1.8 9.38987 3.40781 1.8 9.3 3.3 1.8 9.4601
3.15415 2.1 9.3 3.42066 2.1 9.3 3.3 2.22908 9.3
3 1.15859 9.6 2.77973 1.2 9.6 2.7 1.41118 9.6
2.7 1.2 9.81118 3.04141 1.2 9.6 3 1.2 9.64293
2.69286 1.5 9.6 2.7 1.50714 9.6 3.11582 1.5 9.6
2.87964 1.8 9.6 3.17325 1.8 9.6 3 1.95 9.6
3.3 1.96822 9.6 3.1907 2.1 9.6 3.38323 2.1 9.6
3.3 2.21682 9.6 3.3 2.1 9.71682 2.7 1.19286 9.9
2.69286 1.2 9.9 2.70744 1.2 9.9 2.7 1.2 9.91053
3 1.48482 9.9 2.6105 1.5 9.9 2.7 1.59216 9.9
2.7 1.5 10.0636 3.01458 1.5 9.9 3 1.5 9.91753
2.88394 1.8 9.9 3.11308 1.8 9.9 3 1.94235 9.9
3 1.8 10.0131 2.1 1.8 7.41677 2.4 2.1 7.40093
2.1 1.70434 7.5 2.01247 1.8 7.5 2.20519 1.8 7.5
2.1 1.90112 7.5 2.4 1.97717 7.5 2.2815 2.1 7.5
2.1 2.1 7.65 2.50687 2.1 7.5 2.4 2.24439 7.5
2.4 2.4 7.61208 2.1 1.63831 7.8 1.90734 1.8 7.8
2.28428 1.8 7.8 2.4 1.91572 7.8 1.95 2.1 7.8
1.8 2.1 7.94355 2.1 2.2777 7.8 2.55 2.1 7.8
2.4 2.1 8.03369 2.21053 2.4 7.8 2.1 2.4 7.90546
2.55 2.4 7.8 2.4 2.54661 7.8 2.4 2.7 8.02771
2.1 1.75859 8.1 2.00663 1.8 8.1 1.8 1.8903 8.1
2.14294 1.8 8.1 2.1 1.8 8.14293 1.65594 2.1 8.1
1.8 2.33492 8.1 2.33584 2.1 8.1 2.4 2.17018 8.1
1.5 2.4 8.28394 1.85764 2.4 8.1 1.8 2.4 8.15571
2.1 2.68482 8.1 2.54135 2.4 8.1 1.5 2.7 8.30663
1.8 2.7 8.25865 2.14417 2.7 8.1 2.1 2.7 8.11458
2.4685 2.7 8.1 2.4 2.7748 8.1 1.5 3 8.30663
1.8 3 8.25865 2.1 3 8.21274 1.2 3.3 8.30663
1.5 3.3 8.28418 1.8 3.3 8.25 2.1 3.3 8.242
1.8 1.90957 8.4 2.1 2.02925 8.4 1.61274 2.1 8.4
1.5 2.24964 8.4 2.17075 2.1 8.4 2.1 2.1 8.47933
2.4 2.39256 8.4 1.38692 2.4 8.4 2.40714 2.4 8.4
2.4 2.4 8.40863 1.39905 2.7 8.4 2.54135 2.7 8.4
2.4 2.89905 8.4 1.34493 3 8.4 1.2 3.14493 8.4
2.30663 3 8.4 1.10663 3.3 8.4 1.2 3.39337 8.4
1.5 3.42413 8.4 1.8 3.49219 8.4 2.22036 3.3 8.4
2.1 3.44523 8.4 1.5 3.6 8.67185 1.8 3.6 8.56615
1.8 1.97934 8.7 1.66743 2.1 8.7 1.5 2.33279 8.7
1.93494 2.1 8.7 1.8 2.1 8.85832 2.1 2.27326 8.7
1.4409 2.4 8.7 2.22674 2.4 8.7 2.1 2.4 8.88425
2.4 2.55 8.7 1.32036 2.7 8.7 2.53544 2.7 8.7
2.4 2.96976 8.7 1.20714 3 8.7 1.2 3.0112 8.7
2.37466 3 8.7 2.4 3 8.74418 1.08418 3.3 8.7
1.2 3.5094 8.7 2.26775 3.3 8.7 2.1 3.54254 8.7
1.42403 3.6 8.7 1.2 3.6 8.80271 1.5 3.62534 8.7
2.00754 3.6 8.7 1.8 3.69337 8.7 2.1 3.6 8.84894
1.5 2.34188 9 1.8 2.22098 9 1.44913 2.4 9
2.01059 2.4 9 2.1 2.48233 9 2.4 2.64429 9
1.34685 2.7 9 2.45571 2.7 9 2.4 2.7 9.08241
1.26416 3 9 1.2 3.11274 9 2.50446 3 9
2.4 3.14104 9 1.10663 3.3 9 1.2 3.3 9.2215
2.28428 3.3 9 1.09703 3.6 9 1.2 3.70297 9
1.5 3.75355 9 1.8 3.77964 9 2.15087 3.6 9
2.1 3.65593 9 1.5 2.38482 9.3 1.8 2.3105 9.3
1.48542 2.4 9.3 1.5 2.4 9.32346 1.8895 2.4 9.3
1.8 2.4 9.40806 2.1 2.56836 9.3 1.36836 2.7 9.3
2.26949 2.7 9.3 2.1 2.7 9.59369 2.4 2.83051 9.3
1.30781 3 9.3 2.53164 3 9.3 2.4 3.18398 9.3
1.24141 3.3 9.3 1.2 3.3785 9.3 2.30093 3.3 9.3
2.4 3.3 9.42687 1.10663 3.6 9.3 1.2 3.72862 9.3
1.2 3.6 9.54913 1.5 3.80663 9.3 1.8 3.80663 9.3
2.25239 3.6 9.3 2.1 3.78071 9.3 1.5 2.55531 9.6
1.8 2.53218 9.6 1.39219 2.7 9.6 2.09484 2.7 9.6
2.1 2.70495 9.6 2.4 2.88428 9.6 1.34135 3 9.6
2.51274 3 9.6 2.4 3 9.78318 1.29337 3.3 9.6
2.52066 3.3 9.6 2.4 3.47947 9.6 1.22534 3.6 9.6
1.5 3.80663 9.6 1.8 3.80663 9.6 2.30663 3.6 9.6
2.1 3.80663 9.6 2.4 3.6 9.80754 1.5 2.69286 9.9
1.8 2.64429 9.9 1.49286 2.7 9.9 1.5 2.7 9.90863
1.85764 2.7 9.9 1.8 2.7 9.95764 2.1 2.86782 9.9
1.36456 3 9.9 2.29888 3 9.9 2.4 3.08323 9.9
1.34135 3.3 9.9 2.55 3.3 9.9 1.30781 3.6 9.9
1.5 3.80663 9.9 1.8 3.80663 9.9 2.1 3.80663 9.9
2.45027 3.6 9.9 2.4 3.65746 9.9 1.5 2.95114 10.2
1.8 2.84685 10.2 2.1 2.96468 10.2 1.45859 3 10.2
1.5 3 10.2429 2.14373 3 10.2 2.1 3 10.2774
2.4 3.13164 10.2 1.37964 3.3 10.2 1.5 3.3 10.35
2.61722 3.3 10.2 1.36218 3.6 10.2 1.5 3.78071 10.2
1.5 3.6 10.3842 1.8 3.80093 10.2 2.1 3.74135 10.2
2.51073 3.6 10.2 2.4 3.70781 10.2 2.4 3.6 10.3597
1.8 2.88692 10.5 1.68394 3 10.5 1.98352 3 10.5
1.8 3 10.656 2.1 3.08323 10.5 2.4 3.1359 10.5
1.62036 3.3 10.5 2.57123 3.3 10.5 2.4 3.49313 10.5
2.4 3.3 10.6535 1.6257 3.6 10.5 1.8 3.73075 10.5
1.8 3.6 10.6805 2.17355 3.6 10.5 2.1 3.64141 10.5
2.1 3.6 10.5489 1.8 3.20168 10.8 2.1 3.21959 10.8
1.73584 3.3 10.8 1.8 3.40708 10.8 1.8 3.3 10.8642
2.16721 3.3 10.8 2.1 3.36889 10.8 2.1 3.3 10.8591
2.1 3.9 9.87062 1.5 4.2 9.73644 1.8 4.2 9.69338
2.1 3.87466 9.9 1.5 4.08601 9.9 2.04651 3.9 9.9
1.8 4.03498 9.9 1.8 3.9 10.05 2.13631 3.9 9.9
2.1 3.95087 9.9 2.4 3.9 10.0425 1.38896 4.2 9.9
1.5 4.31104 9.9 1.5 4.2 10.1445 1.96048 4.2 9.9
1.8 4.3026 9.9 1.8 3.8105 10.2 2.1 3.7445 10.2
2.4 3.73451 10.2 2.4 3.6 10.3649 2.7 3.6 10.3922
1.66705 3.9 10.2 2.1 4.10391 10.2 2.52766 3.9 10.2
2.4 4.05752 10.2 1.56839 4.2 10.2 1.95 4.2 10.2
1.8 4.29337 10.2 2.4 3.50093 10.5 2.7 3.49219 10.5
1.8 3.734 10.5 2.17355 3.6 10.5 2.1 3.64141 10.5
2.1 3.6 10.5489 2.80781 3.6 10.5 2.7 3.73671 10.5
1.64778 3.9 10.5 1.8 3.9 10.712 2.1 4.08418 10.5
2.50878 3.9 10.5 2.4 3.98278 10.5 2.4 3.9 10.6418
1.78482 4.2 10.5 1.82254 4.2 10.5 1.8 4.21458 10.5
1.8 4.2 10.5152 2.1 3.46456 10.8 2.4 3.43544 10.8
2.7 3.42544 10.8 2.7 3.3 10.9286 1.92674 3.6 10.8
2.4 3.8105 10.8 2.86858 3.6 10.8 2.7 3.71882 10.8
2.7 3.6 11.0002 1.93773 3.9 10.8 2.25409 3.9 10.8
2.1 3.99568 10.8 2.1 3.9 10.943 2.7 3.18726 11.1
2.1 3.442 11.1 2.49337 3.3 11.1 2.4 3.38301 11.1
2.4 3.3 11.1806 2.85896 3.3 11.1 2.7 3.49734 11.1
2.7 3.3 11.2372 1.97964 3.6 11.1 2.1 3.77282 11.1
2.1 3.6 11.2288 2.60827 3.6 11.1 2.4 3.73317 11.1
2.4 3.6 11.3919 2.4 3.17234 11.4 2.26925 3.3 11.4
2.55275 3.3 11.4 2.4 3.59224 11.4 2.4 3.3 11.5277
1.2 3.6 8.30663 1.5 3.6 8.29219 1.8 3.6 8.28729
1.2 3.9 8.30663 1.5 3.9 8.28418 1.8 3.9 8.25
1.2 4.2 8.35795 1.5 4.2 8.39705 1.2 3.50663 8.4
1.5 3.49219 8.4 1.8 3.49219 8.4 1.10663 3.6 8.4
1.5 3.6 8.65763 1.93671 3.6 8.4 1.8 3.6 8.56615
1.09367 3.9 8.4 2.00663 3.9 8.4 1.8 4.10663 8.4
1.15535 4.2 8.4 1.2 4.24205 8.4 1.50644 4.2 8.4
1.5 4.20295 8.4 1.2 3.53584 8.7 1.13584 3.6 8.7
1.42403 3.6 8.7 1.2 3.6 8.77744 1.5 3.62534 8.7
1.8 3.69337 8.7 1.05 3.9 8.7 2.00663 3.9 8.7
1.8 4.17466 8.7 1.05315 4.2 8.7 1.2 4.35 8.7
1.75271 4.2 8.7 1.5 4.29907 8.7 1.8 4.2 8.77597
1.2 3.73164 9 1.5 3.75355 9 1.8 3.77964 9
1.05 3.9 9 1.99122 3.9 9 1.05 4.2 9
1.2 4.35865 9 1.5 4.32036 9 1.88664 4.2 9
1.8 4.26416 9 1.2 3.88464 9.3 1.5 3.80663 9.3
1.8 3.80663 9.3 1.18464 3.9 9.3 1.2 3.9 9.39002
2.06589 3.9 9.3 2.1 3.9 9.34836 1.09219 4.2 9.3
1.2 4.33229 9.3 1.2 4.2 9.54235 1.5 4.33782 9.3
1.89337 4.2 9.3 1.8 4.26416 9.3 1.8 4.2 9.43945
1.5 3.80663 9.6 1.8 3.80663 9.6 2.1 3.83048 9.6
1.26535 3.9 9.6 1.8 4.07718 9.6 1.8 3.9 9.83582
2.17335 3.9 9.6 2.1 3.98046 9.6 2.1 3.9 9.69606
1.26873 4.2 9.6 1.67672 4.2 9.6 1.5 4.29296 9.6
1.5 4.2 9.72498 1.5 3.81266 9.9 1.39017 3.9 9.9
1.73087 3.9 9.9 1.5 4.01853 9.9 1.5 3.9 10.0727
2.1 2.1 7.15859 2.1 2.04751 7.2 2.04212 2.1 7.2
1.8 2.1 7.32036 2.17887 2.1 7.2 2.1 2.16663 7.2
2.1 2.4 7.30781 1.8 1.88907 7.5 2.1 1.93308 7.5
1.62468 2.1 7.5 1.8 2.35859 7.5 2.26692 2.1 7.5
2.1 2.1 7.65 1.84141 2.4 7.5 1.8 2.4 7.54293
2.38671 2.4 7.5 2.1 2.56836 7.5 2.1 2.7 7.65261
1.8 1.95619 7.8 1.59582 2.1 7.8 1.95 2.1 7.8
1.8 2.1 7.94355 2.1 2.2777 7.8 1.56576 2.4 7.8
1.5 2.4 7.87493 1.8 2.57195 7.8 2.21053 2.4 7.8
2.1 2.4 7.90546 1.5 2.7 7.98726 1.9458 2.7 7.8
1.8 2.7 7.92497 2.2815 2.7 7.8 2.1 2.87571 7.8
2.1 3 8.02986 1.5 2.21896 8.1 1.8 2.33492 8.1
1.36587 2.4 8.1 1.5 2.4 8.24273 1.85764 2.4 8.1
1.8 2.4 8.15571 2.1 2.68482 8.1 1.36246 2.7 8.1
1.5 2.81274 8.1 1.5 2.7 8.27138 1.8 2.90132 8.1
1.8 2.7 8.25865 2.11518 2.7 8.1 2.1 2.7 8.11458
2.02513 3 8.1 2.15191 3 8.1 2.1 3.04205 8.1
2.1 3 8.14205 1.5 2.4 6.84913 1.5 2.7 6.71582
1.8 2.7 6.76456 1.5 3 6.84373 1.8 3 6.77629
1.5 2.34913 6.9 1.44913 2.4 6.9 1.58822 2.4 6.9
1.8 2.51198 6.9 1.8 2.4 7.02675 1.22534 2.7 6.9
1.2 2.7 6.99337 1.99827 2.7 6.9 2.1 2.7 7.02367
1.40913 3 6.9 1.2 3 7.06213 1.5 3.05627 6.9
1.92066 3 6.9 1.8 3.12066 6.9 1.5 2.24376 7.2
1.8 2.26775 7.2 1.36218 2.4 7.2 1.2 2.64913 7.2
1.93225 2.4 7.2 2.1 2.57559 7.2 1.14913 2.7 7.2
2.21274 2.7 7.2 2.1 2.842 7.2 1.10663 3 7.2
1.2 3.09337 7.2 1.5 3.14685 7.2 1.97964 3 7.2
1.8 3.20132 7.2 1.8 3.3 7.45248 1.5 2.24038 7.5
1.8 2.35859 7.5 1.36275 2.4 7.5 1.2 2.64733 7.5
1.84141 2.4 7.5 1.8 2.4 7.54293 2.1 2.58692 7.5
1.14913 2.7 7.5 2.21308 2.7 7.5 2.1 2.93721 7.5
2.1 2.7 7.63343 1.05315 3 7.5 1.2 3.14685 7.5
1.5 3.17263 7.5 2.05859 3 7.5 1.76666 3.3 7.5
1.82633 3.3 7.5 1.8 3.32534 7.5 1.8 3.3 7.52938
1.5 2.3681 7.8 1.46466 2.4 7.8 1.2 2.64407 7.8
1.53312 2.4 7.8 1.5 2.4 7.8319 1.8 2.57195 7.8
1.14913 2.7 7.8 1.2 2.7 7.88036 1.5 2.7 7.98726
1.9458 2.7 7.8 1.8 2.7 7.92497 1.08418 3 7.8
1.2 3.11582 7.8 1.2 3 7.95326 1.5 3.13782 7.8
1.5 3 7.97559 2.09516 3 7.8 1.8 3.15 7.8
1.8 3 7.93782 1.5 2.7 6.5029 1.8 2.7 6.54913
1.8 2.1 6.75355 2.1 2.1 6.89286 1.5 2.48645 6.6
1.8 2.59535 6.6 1.8 2.4 6.73123 2.1 2.4 6.76836
1.38584 2.7 6.6 1.5 2.7971 6.6 1.5 2.7 6.6971
1.87007 2.7 6.6 1.8 2.93624 6.6 1.8 2.7 6.65963
1.8 1.95904 6.9 2.1 2.09286 6.9 1.65355 2.1 6.9
2.10744 2.1 6.9 2.1 2.1 6.93241 1.6844 2.4 6.9
1.8 2.51198 6.9 1.8 2.4 7.02675 2.26949 2.4 6.9
2.1 2.66979 6.9 1.8 2.01655 7.2 1.71906 2.1 7.2
1.9942 2.1 7.2 1.8 2.20664 7.2 1.8 2.1 7.28094
2.1 2.19868 7.2 1.98599 2.4 7.2 2.21401 2.4 7.2
2.1 2.48734 7.2 2.1 2.4 7.28734 1.2 3 6.48726
1.5 3 6.48726 1.2 2.88227 6.6 1.5 2.88726 6.6
1.08726 3 6.6 1.2 3.18884 6.6 1.64504 3 6.6
1.5 3.27365 6.6 1.5 3 6.81684 1.2 3.3 6.71116
1.5 3.3 6.61833 1.2 2.91722 6.9 1.11722 3 6.9
1.38682 3 6.9 1.2 3 7.03726 1.5 3.06174 6.9
1.07902 3.3 6.9 1.2 3.41274 6.9 1.77185 3.3 6.9
1.5 3.44135 6.9 1.2 3.09337 7.2 1.5 3.14685 7.2
0.993369 3.3 7.2 1.2 3.45865 7.2 1.79505 3.3 7.2
1.5 3.47964 7.2 1.2 3.14685 7.5 1.5 3.17263 7.5
0.993369 3.3 7.5 1.2 3.50093 7.5 1.75406 3.3 7.5
1.5 3.48606 7.5 1.8 3.3 7.54071 1.2 3.11582 7.8
1.2 3 8.00025 1.5 3.13782 7.8 1.5 3 7.97559
1.8 3.15 7.8 1.8 3 7.99026 0.999067 3.3 7.8
1.2 3.46836 7.8 1.5 3.49219 7.8 1.9937 3.3 7.8
1.8 3.49586 7.8 1.2 2.9173 8.1 1.5 2.88726 8.1
1.8 2.90132 8.1 1.12844 3 8.1 1.2 3 8.33616
1.5 3 8.27138 1.92675 3 8.1 1.8 3 8.20647
1.04685 3.3 8.1 1.2 3.45 8.1 1.2 3.3 8.28726
1.5 3.45 8.1 1.5 3.3 8.27964 2.06647 3.3 8.1
1.8 3.46218 8.1 1.8 3.3 8.25 2.4 1.5 6.82844
2.1 1.8 6.72758 2.4 1.8 6.75 2.7 1.8 6.78418
2.4 2.1 6.75315 2.4 1.42844 6.9 2.32196 1.5 6.9
2.1 1.65355 6.9 2.52776 1.5 6.9 2.7 1.62053 6.9
1.96218 1.8 6.9 2.1 2.05243 6.9 2.82085 1.8 6.9
2.7 2.07468 6.9 2.7 1.8 7.104 2.14294 2.1 6.9
2.6829 2.1 6.9 2.4 2.28927 6.9 2.4 1.48542 7.2
2.3816 1.5 7.2 2.1 1.67431 7.2 2.41458 1.5 7.2
2.4 1.5 7.21627 1.99184 1.8 7.2 2.1 1.91108 7.2
2.1 1.8 7.31627 2.6315 1.8 7.2 2.4 1.8 7.40663
2.31048 2.1 7.2 2.62604 2.1 7.2 2.4 2.1994 7.2
2.4 2.1 7.2942 4.2 0.9 7.17466 4.2 0.863688 7.2
4.17466 0.9 7.2 3.9 0.9 7.35865 4.23986 0.9 7.2
4.2 0.95847 7.2 3.9 1.2 7.38386 4.2 1.2 7.28278
4.5 1.2 7.20872 3.9 0.746452 7.5 4.2 0.693369 7.5
3.72546 0.9 7.5 3.9 0.9 7.65355 4.40663 0.9 7.5
4.5 1.03385 7.5 3.77882 1.2 7.5 3.9 1.33837 7.5
3.9 1.2 7.61614 4.2 1.40663 7.5 4.2 1.2 7.74973
4.60781 1.2 7.5 4.5 1.33974 7.5 4.2 0.771149 7.8
4.10041 0.9 7.8 4.41751 0.9 7.8 4.2 1.10315 7.8
4.2 0.9 7.88907 4.5 0.960895 7.8 4.27275 1.2 7.8
4.61582 1.2 7.8 4.5 1.32993 7.8 4.5 1.2 7.91582
2.4 2.1 5.45105 2.4 2.4 5.66468 2.7 2.4 5.62795
2.4 1.90697 5.7 2.4 1.8 5.84594 2.18908 2.1 5.7
2.1 2.1 5.98296 2.58927 2.1 5.7 2.7 2.29187 5.7
2.7 2.1 5.92077 2.35929 2.4 5.7 2.4 2.43532 5.7
2.77205 2.4 5.7 2.7 2.47205 5.7 2.4 1.69219 6
2.2841 1.8 6 2.1 2.09201 6 2.5159 1.8 6
2.7 2.04471 6 2.09286 2.1 6 2.1 2.10744 6
2.1 2.1 6.01167 2.75027 2.1 6 2.28428 2.4 6
2.4 2.51274 6 2.4 2.4 6.26014 2.84685 2.4 6
2.7 2.55 6 2.7 2.4 6.24178 2.4 1.62098 6.3
2.19647 1.8 6.3 2.59313 1.8 6.3 2.7 1.90687 6.3
2.7 1.8 6.45701 2.22098 2.1 6.3 2.4 2.37185 6.3
2.84135 2.1 6.3 2.7 2.33826 6.3 2.4 1.55855 6.6
2.7 1.69411 6.6 2.17023 1.8 6.6 2.4 1.8 6.75
2.79296 1.8 6.6 2.7 1.8 6.71611 2.29266 2.1 6.6
2.4 2.21808 6.6 2.4 2.1 6.70446 2.83544 2.1 6.6
2.7 2.25385 6.6 2.7 2.1 6.77841 3.3 1.8 4.96218
3.6 1.8 5.08542 3.3 2.1 5.08464 3.6 1.2 5.35707
3.9 1.2 5.25624 4.2 1.2 5.2445 3.3 1.61929 5.1
3.3 1.5 5.21073 3.6 1.73996 5.1 3.6 1.5 5.15087
3.9 1.5 5.21647 2.7 1.8 5.31765 3.01701 1.8 5.1
3 1.8 5.11458 3.61627 1.8 5.1 3.6 1.81458 5.1
2.7 2.1 5.24248 3.21362 2.1 5.1 3 2.1 5.13908
3.31536 2.1 5.1 3.3 2.11536 5.1 3.6 1.15859 5.4
3.9 1.06525 5.4 4.2 1.04096 5.4 4.2 0.9 5.67062
3.55114 1.2 5.4 3.3 1.33857 5.4 3.3 1.2 5.68247
4.40224 1.2 5.4 4.2 1.36525 5.4 2.7 1.72437 5.4
3.04294 1.5 5.4 3 1.54141 5.4 3 1.5 5.44886
4.03844 1.5 5.4 3.9 1.6234 5.4 2.62437 1.8 5.4
3.68096 1.8 5.4 3.6 1.8785 5.4 2.57234 2.1 5.4
2.7 2.23619 5.4 3 2.25978 5.4 3.3895 2.1 5.4
3.3 2.20218 5.4 3 2.4 5.66834 4.2 0.87466 5.7
3.3 1.18542 5.7 3.6 1.06143 5.7 4.14651 0.9 5.7
3.9 0.989496 5.7 3.9 0.9 5.85763 4.32526 0.9 5.7
3.28482 1.2 5.7 3 1.36143 5.7 4.4215 1.2 5.7
4.2 1.40132 5.7 2.82159 1.5 5.7 2.7 1.61073 5.7
2.7 1.5 5.90871 4.0844 1.5 5.7 3.9 1.65 5.7
2.55315 1.8 5.7 3.74739 1.8 5.7 3.6 1.9545 5.7
2.59219 2.1 5.7 2.7 2.22532 5.7 2.7 2.1 5.92077
3.4503 2.1 5.7 3.3 2.2503 5.7 3.3 2.1 5.93402
2.96834 2.4 5.7 3.03445 2.4 5.7 3 2.42534 5.7
3 2.4 5.73986 3.9 0.816766 6 4.2 0.76836 6
3.3 1.08726 6 3.78318 0.9 6 3.6 1.01274 6
4.35 0.9 6 2.7 1.4409 6 3.12815 1.2 6
3 1.29296 6 3 1.2 6.22113 4.35865 1.2 6
4.2 1.4215 6 2.6409 1.5 6 4.1215 1.5 6
3.9 1.66836 6 2.55865 1.8 6 2.7 2.04471 6
3.3 2.04973 6 3.70521 1.8 6 3.6 1.88907 6
2.75746 2.1 6 3.24254 2.1 6 3 2.27559 6
3.9 0.792195 6.3 4.2 0.87466 6.3 3 1.15859 6.3
3.3 1.0445 6.3 3.64237 0.9 6.3 3.6 0.92534 6.3
3.6 0.9 6.35812 4.22534 0.9 6.3 4.2 0.9 6.33631
2.95707 1.2 6.3 2.7 1.3555 6.3 4.33164 1.2 6.3
4.2 1.43788 6.3 4.2 1.2 6.549 2.55865 1.5 6.3
4.14188 1.5 6.3 3.9 1.65 6.3 2.60093 1.8 6.3
2.7 1.90687 6.3 2.7 1.8 6.45701 3.3 1.97225 6.3
3.62938 1.8 6.3 3.6 1.82534 6.3 3.6 1.8 6.34729
2.89947 2.1 6.3 3.11611 2.1 6.3 3 2.19296 6.3
3 2.1 6.43338 3.6 0.816766 6.6 3.9 0.76836 6.6
3 1.08726 6.6 3.4907 0.9 6.6 3.3 1.02036 6.6
4.06156 0.9 6.6 3.9 0.9 6.86834 2.85 1.2 6.6
2.7 1.32674 6.6 4.15859 1.2 6.6 2.56456 1.5 6.6
2.7 1.69411 6.6 2.7 1.5 6.88494 3.6 1.70093 6.6
4.10711 1.5 6.6 3.9 1.63782 6.6 2.79296 1.8 6.6
3 1.99219 6.6 3.45966 1.8 6.6 3.3 1.90781 6.6
3.6 0.800933 6.9 3 1.06143 6.9 3.43135 0.9 6.9
3.3 0.983234 6.9 3.85271 0.9 6.9 3.9 0.942375 6.9
2.83462 1.2 6.9 4.01073 1.2 6.9 3.9 1.2 7.05966
2.71251 1.5 6.9 3 1.5 7.13584 3.6 1.65865 6.9
4.02668 1.5 6.9 3.9 1.6026 6.9 3.9 1.5 7.06552
2.87923 1.8 6.9 3 1.91775 6.9 3 1.8 7.02611
3.32815 1.8 6.9 3.3 1.82534 6.9 3.3 1.8 6.94146
3.6 0.835838 7.2 3 1.0842 7.2 3.42862 0.9 7.2
3.3 0.950868 7.2 3.66631 0.9 7.2 3.6 0.9 7.27018
2.89554 1.2 7.2 3 1.39877 7.2 3 1.2 7.30734
3.3 1.2 7.44913 3.79812 1.2 7.2 3.6 1.2 7.43887
3.06416 1.5 7.2 3.3 1.69043 7.2 3.3 1.5 7.37503
3.79479 1.5 7.2 3.6 1.63164 7.2 3.6 1.5 7.49369
3 2.1 5.09286 2.7 2.4 4.95315 3 2.4 4.97092
3 2.09286 5.1 2.95223 2.1 5.1 2.7 2.13551 5.1
3.01053 2.1 5.1 3 2.1 5.10799 2.40516 2.4 5.1
2.4 2.4 5.10495 2.7 2.54685 5.1 3.19938 2.4 5.1
3 2.52908 5.1 3.3 2.4 5.36454 2.4 2.19501 5.4
2.7 2.24022 5.4 3 2.26381 5.4 3.3 2.38441 5.4
2.19868 2.4 5.4 2.4 2.62844 5.4 2.4 2.4 5.60499
2.7 2.56683 5.4 2.7 2.4 5.58755 3 2.52766 5.4
3 2.4 5.55306 3.31458 2.4 5.4 3.3 2.41458 5.4
3.3 2.4 5.41458 4.5 0.9 5.82494 4.5 0.76836 6
4.36836 0.9 6 4.63164 0.9 6 4.5 1.06459 6
4.5 0.753548 6.3 4.22938 0.9 6.3 4.2 0.9 6.33631
4.63782 0.9 6.3 4.5 1.1192 6.3 4.2 1.2 6.549
4.5 1.2 6.42282 4.2 0.767747 6.6 4.5 0.801195 6.6
4.07124 0.9 6.6 3.9 0.9 6.87185 4.58323 0.9 6.6
4.5 0.9 6.84188 4.15859 1.2 6.6 4.2 1.24886 6.6
4.59337 1.2 6.6 4.5 1.29337 6.6 3.9 0.87466 6.9
4.2 0.712745 6.9 3.87466 0.9 6.9 3.9 0.942375 6.9
4.47466 0.9 6.9 4.2 0.9 7.17466 4.5 0.942375 6.9
4.01073 1.2 6.9 3.9 1.2 7.05966 4.2 1.39812 6.9
4.60781 1.2 6.9 4.5 1.3159 6.9 4.5 1.2 7.04469
3.9 0.744495 7.2 3.7234 0.9 7.2 4.17367 0.9 7.2
3.9 0.9 7.34685 4.2 0.95847 7.2 3.79812 1.2 7.2
3.9 1.38519 7.2 3.9 1.2 7.31015 4.31629 1.2 7.2
4.2 1.3308 7.2 4.2 1.2 7.28278 3.6 1.2 7.46402
3.3 0.9 7.73076 3.6 0.932908 7.5 3.6 0.9 7.50516
3.9 0.9 7.65355 3.5602 1.2 7.5 3.64453 1.2 7.5
3.6 1.2732 7.5 3.9 1.2 7.63164 4.2 1.2 7.74973
3.6 1.5 7.61599 3.3 0.84316 7.8 3.6 0.753153 7.8
3.9 0.736678 7.8 3.24316 0.9 7.8 3.3 1.01352 7.8
4.10041 0.9 7.8 4.2 1.10315 7.8 4.2 0.9 7.88907
3.38323 1.2 7.8 3.9 1.44913 7.8 4.25206 1.2 7.8
4.2 1.27275 7.8 4.5 1.2 7.95904 3.47124 1.5 7.8
3.82993 1.5 7.8 3.6 1.62036 7.8 3.6 1.5 8.05017
3.3 0.802898 8.1 3.6 0.75 8.1 3.9 0.720356 8.1
4.2 0.693369 8.1 3.2029 0.9 8.1 3.3 1.067 8.1
3.3 0.9 8.1971 3.6 0.9 8.25315 3.9 0.9 8.28418
4.47658 0.9 8.1 4.2 0.9 8.31677 4.5 0.927185 8.1
3.40878 1.2 8.1 3.6 1.45017 8.1 3.6 1.2 8.22036
3.9 1.46519 8.1 3.9 1.2 8.24685 4.2 1.38726 8.1
4.2 1.2 8.25865 4.63782 1.2 8.1 4.5 1.39586 8.1
4.5 1.2 8.27559 2.1 2.4 5.77634 2.1 2.17582 6
2.1 2.1 6.10204 1.94424 2.4 6 2.28115 2.4 6
2.1 2.56198 6 2.4 2.4 6.26014 2.1 1.98726 6.3
1.96922 2.1 6.3 2.22098 2.1 6.3 2.4 2.37185 6.3
2.02664 2.4 6.3 2.1 2.47336 6.3 2.1 2.4 6.3909
2.42534 2.4 6.3 2.4 2.43024 6.3 2.1 1.9497 6.6
1.97195 2.1 6.6 2.27161 2.1 6.6 2.1 2.25 6.6
2.1 2.1 6.72497 2.4 2.2792 6.6 2.29942 2.4 6.6
2.47943 2.4 6.6 2.4 2.47943 6.6 2.4 2.4 6.67943
2.7 1.2 7.14037 2.7 1.5 7.00446 3 1.5 7.13584
2.7 1.8 7.12925 3 1.8 7.0579 2.7 1.14913 7.2
2.64913 1.2 7.2 2.78296 1.2 7.2 3 1.39877 7.2
3 1.2 7.30734 3.3 1.2 7.47394 2.47563 1.5 7.2
3.06416 1.5 7.2 3.3 1.5 7.37503 2.6315 1.8 7.2
2.7 1.87075 7.2 2.7 1.8 7.32311 3.13075 1.8 7.2
3 1.92766 7.2 2.7 1.15795 7.5 3 1.03857 7.5
3.3 1.17106 7.5 2.65795 1.2 7.5 2.7 1.2 7.54465
3.32606 1.2 7.5 2.52885 1.5 7.5 2.7 1.67065 7.5
2.7 1.5 7.60781 3 1.5 7.69219 3.42805 1.5 7.5
3.3 1.66276 7.5 2.86671 1.8 7.5 3.10826 1.8 7.5
3 1.87611 7.5 3 1.8 7.57611 3 1.11401 7.8
3.3 1.10663 7.8 2.93277 1.2 7.8 3 1.29729 7.8
3 1.2 7.86363 3.38323 1.2 7.8 3.3 1.2 7.90519
3.14469 1.5 7.8 3.41274 1.5 7.8 3.3 1.62098 7.8
3.3 1.5 7.91274 2.1 2.4 5.38542 1.8 2.7 5.29219
2.1 2.7 5.25594 2.1 2.38542 5.4 2.08482 2.4 5.4
1.8 2.58927 5.4 2.11458 2.4 5.4 1.68927 2.7 5.4
1.8 2.87115 5.4 2.25819 2.7 5.4 2.1 2.84406 5.4
2.4 2.7 5.59033 1.5 3 5.53016 1.8 3 5.49647
2.1 3 5.6058 1.5 3.3 5.67394 2.1 2.36742 5.7
2.02691 2.4 5.7 1.8 2.48487 5.7 1.8 2.4 5.90965
2.14057 2.4 5.7 2.1 2.4 5.73382 2.4 2.59408 5.7
1.59568 2.7 5.7 1.5 2.80943 5.7 2.4895 2.7 5.7
2.4 2.80218 5.7 2.4 2.7 5.94878 1.36525 3 5.7
1.5 3 5.90643 1.8 3.29445 5.7 2.1994 3 5.7
2.1 3.08952 5.7 1.46461 3.3 5.7 1.75499 3.3 5.7
1.5 3.32606 5.7 1.5 3.3 5.74555 1.8 3.3 5.7061
1.8 2.35795 6 1.75795 2.4 6 1.84359 2.4 6
1.8 2.4 6.04205 2.1 2.56525 6 1.61572 2.7 6
1.8 2.7 6.14685 2.36979 2.7 6 2.1 2.7 6.17862
1.5785 3 6 1.8 3 6.15 2.21198 3 6
2.1 3.10148 6 2.1 3 6.11198 1.61896 3.3 6
1.93725 3.3 6 1.8 3.43413 6 1.8 3.3 6.13413
5.4 1.2 9.19186 5.7 1.2 9.09337 5.1 1.5 9.01357
5.4 1.5 9.18353 5.4 1.1215 9.3 5.7 1.01274 9.3
5.3215 1.2 9.3 5.1 1.4215 9.3 5.85 1.2 9.3
5.7 1.41677 9.3 5.0215 1.5 9.3 5.1 1.61116 9.3
5.1 1.5 9.53652 5.55763 1.5 9.3 5.4 1.5895 9.3
5.7 1.5 9.45 5.4 1.14913 9.6 5.7 1.01274 9.6
5.34913 1.2 9.6 5.4 1.2 9.75 5.85 1.2 9.6
5.13254 1.5 9.6 5.4 1.63164 9.6 5.78323 1.5 9.6
5.7 1.58323 9.6 5.1 1.8 9.6228 5.7 1.05904 9.9
5.45812 1.2 9.9 5.4 1.25087 9.9 5.83782 1.2 9.9
5.15087 1.5 9.9 5.1 1.65 9.9 5.4 1.65865 9.9
5.82036 1.5 9.9 5.7 1.62036 9.9 5.04913 1.8 9.9
5.15593 1.8 9.9 5.1 1.85087 9.9 5.7 1.06218 10.2
5.48829 1.2 10.2 5.4 1.2785 10.2 5.83782 1.2 10.2
5.17156 1.5 10.2 5.1 1.5808 10.2 5.4 1.67964 10.2
5.85 1.5 10.2 5.7 1.65 10.2 4.94761 1.8 10.2
5.26775 1.8 10.2 5.1 1.93782 10.2 5.7 1.09554 10.5
5.53245 1.2 10.5 5.4 1.28907 10.5 5.80446 1.2 10.5
5.1785 1.5 10.5 5.1 1.58829 10.5 5.4 1.71677 10.5
5.85 1.5 10.5 5.7 1.69219 10.5 4.95 1.8 10.5
5.30663 1.8 10.5 5.1 1.9524 10.5 5.4 1.8 10.6756
5.7 1.10663 10.8 5.57138 1.2 10.8 5.4 1.31274 10.8
5.79337 1.2 10.8 5.1785 1.5 10.8 5.1 1.5785 10.8
5.85 1.5 10.8 5.7 1.70663 10.8 4.93164 1.8 10.8
5.1 1.99554 10.8 5.51274 1.8 10.8 5.4 1.86416 10.8
5.7 1.08386 11.1 5.5464 1.2 11.1 5.4 1.31274 11.1
5.81614 1.2 11.1 5.1785 1.5 11.1 5.1 1.5785 11.1
5.85 1.5 11.1 5.7 1.79286 11.1 4.92497 1.8 11.1
5.1 1.98726 11.1 5.6875 1.8 11.1 5.4 1.90781 11.1
5.4 1.8 11.3576 5.7 1.10663 11.4 5.53187 1.2 11.4
5.4 1.2785 11.4 5.79337 1.2 11.4 5.1785 1.5 11.4
5.1 1.59357 11.4 5.4 1.77466 11.4 5.85 1.5 11.4
5.7 1.74913 11.4 4.93051 1.8 11.4 5.36834 1.8 11.4
5.1 1.93164 11.4 5.7 1.14913 11.7 5.59034 1.2 11.7
5.4 1.2785 11.7 5.75087 1.2 11.7 5.1785 1.5 11.7
5.1 1.69034 11.7 5.4 1.65865 11.7 5.84135 1.5 11.7
5.7 1.64135 11.7 5.04407 1.8 11.7 5.15593 1.8 11.7
5.1 1.85087 11.7 5.1 1.8 11.783 5.7 1.18464 12
5.66601 1.2 12 5.4 1.31599 12 5.71536 1.2 12
5.7 1.2 12.0396 5.23309 1.5 12 5.4 1.62036 12
5.78323 1.5 12 5.7 1.58323 12 5.7 1.5 12.1168
5.4 1.46014 12.3 5.36823 1.5 12.3 5.43986 1.5 12.3
5.4 1.52534 12.3 5.4 1.5 12.3253 5.7 1.5 9.20965
5.4 1.8 9.14135 5.7 1.8 9.15 5.7 1.41677 9.3
5.55763 1.5 9.3 5.4 1.5895 9.3 5.78323 1.5 9.3
5.7 1.5 9.45 5.19337 1.8 9.3 5.4 2.09505 9.3
5.85 1.8 9.3 5.7 1.98726 9.3 5.4 2.1 9.30988
5.4 1.63164 9.6 5.7 1.58323 9.6 5.20781 1.8 9.6
5.85 1.8 9.6 5.7 2.03584 9.6 5.28985 2.1 9.6
5.59332 2.1 9.6 5.4 2.19907 9.6 5.7 2.1 9.73028
5.4 1.65865 9.9 5.7 1.62036 9.9 5.18538 1.8 9.9
5.85 1.8 9.9 5.19173 2.1 9.9 5.4 2.2766 9.9
5.7785 2.1 9.9 5.7 2.18538 9.9 5.4 1.67964 10.2
5.7 1.65 10.2 5.26775 1.8 10.2 5.85 1.8 10.2
5.13532 2.1 10.2 5.1 2.1 10.3186 5.4 2.30093 10.2
5.83164 2.1 10.2 5.7 2.25 10.2 5.4 2.4 10.3782
5.4 1.71677 10.5 5.7 1.69219 10.5 5.30663 1.8 10.5
5.1 2.04188 10.5 5.4 1.8 10.6756 5.80781 1.8 10.5
5.04913 2.1 10.5 5.1 2.15812 10.5 5.84685 2.1 10.5
5.7 2.34733 10.5 5.3148 2.4 10.5 5.58683 2.4 10.5
5.4 2.47563 10.5 5.7 2.4 10.583 5.7 1.70663 10.8
5.1 2.02103 10.8 5.51274 1.8 10.8 5.4 1.86416 10.8
5.79337 1.8 10.8 5.02103 2.1 10.8 5.1 2.23293 10.8
5.1 2.1 10.9452 5.85 2.1 10.8 5.19568 2.4 10.8
5.4 2.56782 10.8 5.80446 2.4 10.8 5.7 2.52429 10.8
5.4 2.7 11.0362 5.7 2.7 10.9376 5.7 1.79286 11.1
5.6875 1.8 11.1 5.4 1.91929 11.1 5.70714 1.8 11.1
5.7 1.8 11.1071 5.19289 2.1 11.1 5.4 2.1 11.2378
5.85 2.1 11.1 5.7 2.1 11.25 5.24469 2.4 11.1
5.4 2.4 11.2127 5.85 2.4 11.1 5.7 2.4 11.25
5.34913 2.7 11.1 5.4 2.75087 11.1 5.4 2.7 11.1509
5.84135 2.7 11.1 5.7 2.84135 11.1 5.7 2.7 11.2413
5.4 1.8 11.3747 5.7 1.8 11.3491 5.1 2.1 11.105
5.4 2.1 11.2378 5.7 2.1 11.25 5.1 2.4 11.1716
5.4 2.4 11.2127 5.7 2.4 11.25 5.4 1.77466 11.4
5.7 1.74913 11.4 5.36834 1.8 11.4 5.1 1.93164 11.4
5.75087 1.8 11.4 4.87106 2.1 11.4 4.8 2.1 11.581
5.85 2.1 11.4 4.93164 2.4 11.4 5.1 2.55 11.4
5.1 2.4 11.6491 5.4 2.55 11.4 5.85 2.4 11.4
5.7 2.55 11.4 5.4 1.65865 11.7 5.7 1.64135 11.7
4.8 2.04733 11.7 5.15593 1.8 11.7 5.1 1.85087 11.7
5.1 1.8 11.783 5.85 1.8 11.7 4.74913 2.1 11.7
4.8 2.17228 11.7 4.8 2.1 11.7638 5.1 2.34913 11.7
5.85 2.1 11.7 5.23626 2.4 11.7 5.4 2.4591 11.7
5.4 2.4 11.7804 5.7785 2.4 11.7 5.7 2.4785 11.7
5.7 2.4 11.8255 5.1 1.69554 12 5.4 1.62036 12
5.7 1.58323 12 5.7 1.5 12.1378 4.96691 1.8 12
5.85 1.8 12 5.03686 2.1 12 5.1 2.15206 12
5.1 2.1 12.0521 5.4 2.27123 12 5.4 2.1 12.1995
5.85 2.1 12 5.7 2.30093 12 5.7 1.40663 12.3
5.1 1.67026 12.3 5.45087 1.5 12.3 5.4 1.52534 12.3
5.4 1.5 12.3253 5.79337 1.5 12.3 4.99661 1.8 12.3
5.1 1.90148 12.3 5.1 1.8 12.412 5.4 2.00704 12.3
5.85 1.8 12.3 5.63127 2.1 12.3 5.73532 2.1 12.3
5.7 2.13532 12.3 5.7 2.1 12.3353 5.4 1.28907 12.6
5.4 1.2 12.7571 5.7 1.35385 12.6 5.16416 1.5 12.6
5.83164 1.5 12.6 5.3173 1.8 12.6 5.4 1.87156 12.6
5.4 1.8 12.6827 5.83164 1.8 12.6 5.7 1.93164 12.6
5.7 1.8 12.7948 5.4 1.11677 12.9 5.30965 1.2 12.9
5.49881 1.2 12.9 5.4 1.2 13.0121 5.7 1.41419 12.9
5.24615 1.5 12.9 5.4 1.65 12.9 5.4 1.5 13.1128
5.77156 1.5 12.9 5.7 1.62776 12.9 5.7 1.5 12.9894
5.4 2.7 11.1828 5.7 2.7 11.25 5.4 3 11.2622
5.7 3 11.2622 5.4 2.55 11.4 5.7 2.55 11.4
5.11458 2.7 11.4 5.85 2.7 11.4 5.21015 3 11.4
5.4 3.1842 11.4 5.4 3 11.6328 5.83782 3 11.4
5.7 3.21171 11.4 5.7 3.3 11.638 5.4 2.48041 11.7
5.7 2.4785 11.7 5.26775 2.7 11.7 5.4 2.91959 11.7
5.4 2.7 11.8204 5.85 2.7 11.7 5.7 2.7 11.8922
5.47465 3 11.7 5.82766 3 11.7 5.7 3 11.8277
5.66369 3.3 11.7 5.72534 3.3 11.7 5.7 3.32534 11.7
5.7 3.3 11.7253 4.2 3 11.3358 4.2 3.3 11.3009
4.5 3.3 11.3066 4.2 3.6 11.2646 4.5 2.4 11.6854
4.2 2.92547 11.4 4.2 2.7 11.6255 4.5 2.7 11.5555
4.8 2.7 11.658 4.11083 3 11.4 4.37138 3 11.4
4.5 3.09337 11.4 4.5 3 11.4509 4.8 3 11.4702
3.94397 3.3 11.4 3.9 3.3 11.4598 4.72428 3.3 11.4
4.5 3.42862 11.4 4.8 3.3 11.4457 4.00633 3.6 11.4
4.37326 3.6 11.4 4.2 3.75385 11.4 4.5 2.38482 11.7
4.48247 2.4 11.7 4.2 2.62547 11.7 4.51458 2.4 11.7
4.8 2.65795 11.7 4.13584 2.7 11.7 4.84205 2.7 11.7
4.00446 3 11.7 3.9 3.18333 11.7 4.94135 3 11.7
3.82389 3.3 11.7 3.9 3.39437 11.7 3.9 3.3 11.8874
4.5 3.45624 11.7 4.5 3.3 11.9148 4.93782 3.3 11.7
4.8 3.43782 11.7 4.8 3.3 11.8378 4.19335 3.6 11.7
4.20631 3.6 11.7 4.2 3.60555 11.7 4.2 3.6 11.7058
4.5 2.14141 12 4.5 2.1 12.0579 4.28278 2.4 12
4.2 2.53726 12 4.2 2.4 12.1953 4.69219 2.4 12
4.8 2.61994 12 4.10663 2.7 12 4.85087 2.7 12
4.02468 3 12 4.5 3.22437 12 4.92036 3 12
4.8 3.12036 12 4.8 3 12.1845 3.95812 3.3 12
4.4148 3.3 12 4.2 3.45 12 4.5 1.97964 12.3
4.37123 2.1 12.3 4.2 2.34407 12.3 4.67916 2.1 12.3
4.8 2.1 12.4622 4.14913 2.4 12.3 4.70663 2.4 12.3
4.8 2.58726 12.3 4.8 2.4 12.5695 4.10663 2.7 12.3
4.86416 2.7 12.3 4.8 2.81803 12.3 4.8 2.7 12.3866
4.10093 3 12.3 4.2 3 12.5241 4.67165 3 12.3
4.5 3.10781 12.3 4.5 3 12.4159 4.15795 3.3 12.3
4.24205 3.3 12.3 4.2 3.34205 12.3 4.2 3.3 12.342
4.5 1.95315 12.6 4.8 1.93296 12.6 4.8 1.8 12.8272
4.31572 2.1 12.6 4.2 2.38833 12.6 4.88323 2.1 12.6
4.19286 2.4 12.6 4.2 2.4 12.6091 4.5 2.4 12.8172
4.81458 2.4 12.6 4.8 2.42126 12.6 4.8 2.4 12.6163
4.13584 2.7 12.6 4.2 2.88588 12.6 4.2 2.7 12.6642
4.60878 2.7 12.6 4.5 2.78988 12.6 4.5 2.7 12.6828
4.8 1.77323 12.9 4.76898 1.8 12.9 4.5 1.95624 12.9
4.82677 1.8 12.9 4.8 1.8 12.9335 4.33541 2.1 12.9
4.5 2.30169 12.9 4.5 2.1 13.0316 4.81458 2.1 12.9
4.8 2.11627 12.9 4.8 2.1 12.9146 5.4 3 11.6808
5.4 2.4 11.9172 5.4 2.9722 11.7 5.4 2.7 11.8732
5.7 2.7 11.8922 5.37765 3 11.7 5.42537 3 11.7
5.4 3.24087 11.7 5.4 3 11.7306 5.7 3 11.8308
5.7 3.3 11.7509 5.4 2.31012 12 5.4 2.1 12.1995
5.22418 2.4 12 5.5308 2.4 12 5.7 2.54034 12
5.7 2.4 12.0991 5.29852 2.7 12 5.4 2.83463 12
5.4 2.7 12.1156 5.80781 2.7 12 5.51572 3 12
5.84685 3 12 5.60663 3.3 12 5.79337 3.3 12
5.7 3.39337 12 5.7 3.3 12.0961 5.4 2.00704 12.3
5.27962 2.1 12.3 5.63127 2.1 12.3 5.7 2.13532 12.3
5.7 2.1 12.3353 5.30432 2.4 12.3 5.4 2.50943 12.3
5.4 2.4 12.4158 5.85 2.4 12.3 5.54615 2.7 12.3
5.83544 2.7 12.3 5.65795 3 12.3 5.74205 3 12.3
5.7 3.04359 12.3 5.7 3 12.342 5.4 1.97581 12.6
5.7 1.93164 12.6 5.7 1.8 12.8379 5.33637 2.1 12.6
5.4 2.18214 12.6 5.4 2.1 12.6927 5.85 2.1 12.6
5.53936 2.4 12.6 5.83544 2.4 12.6 5.7 2.4 12.788
5.68464 2.7 12.6 5.71536 2.7 12.6 5.7 2.71536 12.6
5.7 2.7 12.6154 5.7 1.74913 12.9 5.5706 1.8 12.9
5.75087 1.8 12.9 5.7 1.8 12.9701 5.55 2.1 12.9
5.81274 2.1 12.9 5.7 2.26537 12.9 5.7 2.1 13.0157
5.1 2.7 11.6929 5.1 3 11.5244 5.1 3.3 11.5367
4.8 2.4 11.7087 5.1 2.69286 11.7 5.1 2.4 11.9443
5.07834 2.7 11.7 5.10714 2.7 11.7 4.95355 3 11.7
5.2524 3 11.7 5.4 3 11.8733 4.96218 3.3 11.7
5.31171 3.3 11.7 5.1 3.43782 11.7 5.1 3.3 11.8842
5.4 3.3 11.8255 4.8 2.10872 12 4.8 2.1 12.0107
5.1 2.33887 12 5.1 2.1 12.1759 4.69219 2.4 12
4.8 2.61994 12 5.15571 2.4 12 4.85267 2.7 12
5.29852 2.7 12 5.4 2.83463 12 5.4 2.7 12.1156
4.95315 3 12 5.1 3.19266 12 5.1 3 12.2394
5.51572 3 12 5.25601 3.3 12 5.52718 3.3 12
5.4 3.39907 12 5.4 3.3 12.1019 4.8 1.99905 12.3
5.1 1.95922 12.3 5.1 1.8 12.5799 4.70663 2.1 12.3
4.8 2.1 12.4622 5.21582 2.1 12.3 4.70663 2.4 12.3
4.8 2.58726 12.3 4.8 2.4 12.4627 5.30432 2.4 12.3
5.4 2.50943 12.3 5.4 2.4 12.4158 4.86416 2.7 12.3
5.1 2.94145 12.3 5.1 2.7 12.4873 5.54615 2.7 12.3
5.4 2.7 12.5683 5.2052 3 12.3 5.56227 3 12.3
5.4 3.09568 12.3 5.4 3 12.393 5.1 1.78542 12.6
5.07874 1.8 12.6 5.11458 1.8 12.6 4.88323 2.1 12.6
5.33637 2.1 12.6 5.4 2.18214 12.6 5.4 2.1 12.7236
4.90878 2.4 12.6 5.1 2.558 12.6 5.1 2.4 12.7323
5.53936 2.4 12.6 5.4 2.66567 12.6 5.4 2.4 12.7628
5.1 1.70663 12.9 4.99012 1.8 12.9 5.22862 1.8 12.9
5.1 1.8 13.0166 5.4 1.98318 12.9 4.99186 2.1 12.9
5.1 2.18829 12.9 5.1 2.1 12.9785 5.48323 2.1 12.9
5.4 2.21682 12.9 5.4 2.1 12.9832 2.7 3.9 10.4747
2.4 4.2 10.3931 2.7 3.87466 10.5 2.64153 3.9 10.5
2.4 4.0308 10.5 2.4 3.9 10.6418 2.72534 3.9 10.5
2.7 3.92633 10.5 2.13295 4.2 10.5 2.1 4.2 10.5187
2.50188 4.2 10.5 2.4 4.29907 10.5 2.4 3.8105 10.8
2.7 3.72198 10.8 2.7 3.6 11.0002 3 3.6 10.8404
3.3 3.6 10.9723 2.25409 3.9 10.8 2.1 3.99856 10.8
2.94029 3.9 10.8 2.7 4.09515 10.8 3 3.9 10.9583
1.94778 4.2 10.8 2.1 4.34671 10.8 2.1 4.2 11.0237
2.56494 4.2 10.8 2.4 4.31274 10.8 3.6 3 11.3177
3.9 3 11.3409 2.7 3.52844 11.1 3 3.42468 11.1
3.3 3.35333 11.1 3.3 3.3 11.1429 3.6 3.3 11.242
2.60827 3.6 11.1 2.4 3.73317 11.1 3.43075 3.6 11.1
3.3 3.76549 11.1 2.13713 3.9 11.1 2.7 4.10093 11.1
3.07597 3.9 11.1 3 3.95087 11.1 2.2075 4.2 11.1
2.55966 4.2 11.1 2.4 4.30781 11.1 2.4 4.2 11.245
3.6 2.92437 11.4 3.9 2.92643 11.4 3.9 2.7 11.5542
3.51765 3 11.4 3.3 3.1445 11.4 3.9591 3 11.4
3.9 3.06889 11.4 2.7 3.45 11.4 3.05822 3.3 11.4
3 3.35627 11.4 3 3.3 11.4832 3.73462 3.3 11.4
3.6 3.4234 11.4 2.48487 3.6 11.4 2.4 3.79483 11.4
3.41572 3.6 11.4 3.3 3.72441 11.4 2.34913 3.9 11.4
2.4 3.97624 11.4 2.4 3.9 11.4509 2.7 4.10093 11.4
2.7 3.9 11.6105 3.05812 3.9 11.4 3 3.95087 11.4
3.9 2.57503 11.7 3.76064 2.7 11.7 3.6 2.83544 11.7
3.6 2.7 11.9698 4.11723 2.7 11.7 3 3.18428 11.7
3.34205 3 11.7 3.3 3.04205 11.7 3.3 3 11.7749
3.9785 3 11.7 3.9 3.08096 11.7 2.858 3.3 11.7
2.7 3.52993 11.7 3 3.3 11.9131 3.71572 3.3 11.7
3.6 3.41572 11.7 2.64913 3.6 11.7 2.7 3.69733 11.7
2.7 3.6 11.7509 3 3.6 11.8684 3.4234 3.6 11.7
3.3 3.75 11.7 2.92717 3.9 11.7 3.05071 3.9 11.7
3 3.93598 11.7 3 3.9 11.7373 3.6 2.67466 12
3.9 2.51572 12 3.9 2.4 12.2591 3.57466 2.7 12
3.3 2.90132 12 4.10391 2.7 12 3.19026 3 12
3.3 3 12.15 4.02036 3 12 3.9 3.15 12
3.06889 3.3 12 3.3 3.3 12.1386 3.7766 3.3 12
3.6 3.48963 12 3.6 3.3 12.1981 3.24825 3.6 12
3.36782 3.6 12 3.3 3.6464 12 3.3 3.6 12.042
3.9 2.37394 12.3 3.87394 2.4 12.3 3.6 2.58726 12.3
3.94093 2.4 12.3 3.48726 2.7 12.3 3.6 2.7 12.4842
4.10663 2.7 12.3 3.4399 3 12.3 3.6 3.15966 12.3
3.6 3 12.4078 4.09812 3 12.3 3.9 3.27566 12.3
3.9 3 12.522 3.9 2.30663 12.6 3.79905 2.4 12.6
4.05507 2.4 12.6 3.9 2.4 12.7166 3.69781 2.7 12.6
4.12256 2.7 12.6 3.9 2.90963 12.6 3.9 2.7 12.7348
1.8 4.2 8.30663 1.2 4.5 8.27934 1.5 4.5 8.25
1.8 4.5 8.22468 1.5 4.8 8.31677 1.8 4.10663 8.4
1.2 4.35415 8.4 1.6288 4.2 8.4 1.5 4.27611 8.4
1.95507 4.2 8.4 1.07934 4.5 8.4 1.2 4.65032 8.4
2.0828 4.5 8.4 1.8 4.70093 8.4 1.3907 4.8 8.4
1.63135 4.8 8.4 1.5 4.88323 8.4 1.8 4.17466 8.7
1.2 4.38927 8.7 1.75271 4.2 8.7 1.5 4.29907 8.7
1.89678 4.2 8.7 1.8 4.2 8.77597 1.09219 4.5 8.7
1.2 4.61929 8.7 2.00663 4.5 8.7 1.8 4.74913 8.7
1.38985 4.8 8.7 1.71214 4.8 8.7 1.5 4.89907 8.7
1.2 4.41677 9 1.5 4.32036 9 1.8 4.26416 9
1.11677 4.5 9 1.2 4.58579 9 1.2 4.5 9.15056
2.00663 4.5 9 1.8 4.77466 9 1.44733 4.8 9
1.70663 4.8 9 1.5 4.85087 9 1.8 4.8 9.09337
1.5 4.33782 9.3 1.8 4.26416 9.3 2.1 4.2 9.53465
1.28278 4.5 9.3 2.05859 4.5 9.3 2.1 4.5 9.3785
1.47466 4.8 9.3 1.5 4.82534 9.3 1.5 4.8 9.36197
1.85812 4.8 9.3 1.8 4.85087 9.3 2.1 4.18464 9.6
1.5 4.34685 9.6 2.068 4.2 9.6 1.8 4.29337 9.6
2.11536 4.2 9.6 1.33544 4.5 9.6 1.5 4.7215 9.6
2.19337 4.5 9.6 2.1 4.62862 9.6 1.69034 4.8 9.6
1.87597 4.8 9.6 1.8 4.85087 9.6 2.1 4.13531 9.9
1.5 4.42844 9.9 1.99621 4.2 9.9 1.8 4.3026 9.9
2.16469 4.2 9.9 1.42844 4.5 9.9 1.5 4.57804 9.9
1.5 4.5 9.9827 2.23164 4.5 9.9 2.1 4.65 9.9
1.74407 4.8 9.9 1.86212 4.8 9.9 1.8 4.85087 9.9
1.8 4.8 10.0307 2.1 4.10663 10.2 1.95 4.2 10.2
1.8 4.29337 10.2 2.22862 4.2 10.2 2.1 4.2 10.3778
1.63544 4.5 10.2 1.8 4.73725 10.2 2.33584 4.5 10.2
2.1 4.68726 10.2 1.8 4.44886 10.5 2.1 4.32659 10.5
1.77466 4.5 10.5 1.8 4.52815 10.5 1.8 4.5 10.5253
2.20004 4.5 10.5 2.1 4.60004 10.5 2.1 4.5 10.5895
2.4 4.5 10.3622 2.4 4.32925 10.5 2.7 4.2 10.758
2.2063 4.5 10.5 2.1 4.5 10.6651 2.54645 4.5 10.5
2.4 4.63782 10.5 2.7 4.5 10.7536 2.7 4.15795 10.8
3.6 3.9 11.0747 2.1 4.41722 10.8 2.63608 4.2 10.8
2.4 4.31274 10.8 2.74829 4.2 10.8 3 4.2 10.95
2.01722 4.5 10.8 2.1 4.58278 10.8 2.1 4.5 10.8899
2.4 4.65 10.8 2.74359 4.5 10.8 2.7 4.54205 10.8
3.6 3.84651 11.1 3.6 3.6 11.1922 3.9 3.6 11.299
2.7 4.10093 11.1 3 3.9808 11.1 3.53174 3.9 11.1
3.3 3.9 11.1808 3.62938 3.9 11.1 3.6 3.93445 11.1
3.9 3.9 11.3334 2.56494 4.2 11.1 2.4 4.35 11.1
3.25929 4.2 11.1 3 4.37559 11.1 3.3 4.2 11.1498
2.27902 4.5 11.1 2.4 4.61274 11.1 2.4 4.5 11.2127
2.80328 4.5 11.1 2.7 4.57205 11.1 2.7 4.5 11.236
3.6 3.4234 11.4 3.9 3.43726 11.4 3.41572 3.6 11.4
3.3 3.72441 11.4 3.99337 3.6 11.4 2.7 4.10663 11.4
3.05812 3.9 11.4 3 3.95087 11.4 3.6 4.13584 11.4
3.95855 3.9 11.4 3.9 3.96418 11.4 3.9 3.9 11.4954
2.59367 4.2 11.4 2.7 4.36274 11.4 2.7 4.2 11.4979
3 4.38726 11.4 3.51336 4.2 11.4 3.3 4.32036 11.4
3.6 3.41572 11.7 3.9 3.41289 11.7 3.4234 3.6 11.7
3.3 3.75 11.7 4.01614 3.6 11.7 3.9 3.76458 11.7
3.09558 3.9 11.7 3 4.05 11.7 3.3 3.9 11.8728
3.76593 3.9 11.7 3.6 4.03161 11.7 2.92454 4.2 11.7
3 4.27156 11.7 3 4.2 11.7716 3.35963 4.2 11.7
3.3 4.25087 11.7 3.3 4.2 11.7559 3.6 3.50432 12
3.9 3.361 12 3.49947 3.6 12 3.6 3.6 12.0957
3.99907 3.6 12 3.9 3.71015 12 3.9 3.6 12.1102
3.58586 3.9 12 3.60837 3.9 12 3.6 3.90714 12
3.6 3.9 12.0071 4.5 1.2 5.32844 4.2 1.5 5.28626
4.5 1.12844 5.4 4.8 0.9 5.62613 4.42844 1.2 5.4
4.2 1.41677 5.4 4.62099 1.2 5.4 4.5 1.3075 5.4
4.0907 1.5 5.4 4.32191 1.5 5.4 4.2 1.58579 5.4
4.2 1.5 5.5093 4.8 0.828444 5.7 4.72844 0.9 5.7
4.5 1.18154 5.7 4.88291 0.9 5.7 4.8 1.01655 5.7
4.48154 1.2 5.7 4.53521 1.2 5.7 4.5 1.21846 5.7
4.8 0.753153 6 4.65315 0.9 6 4.5 1.17394 6
4.94685 0.9 6 4.8 1.08428 6 4.47394 1.2 6
4.54093 1.2 6 4.5 1.22606 6 4.8 0.720837 6.3
4.66775 0.9 6.3 4.5 1.19163 6.3 4.92036 0.9 6.3
4.8 1.03225 6.3 4.49286 1.2 6.3 4.50837 1.2 6.3
4.5 1.20714 6.3 4.5 1.2 6.3125 4.8 0.7561 6.6
4.8 0.6 6.87025 4.63782 0.9 6.6 4.5 0.9 6.84188
4.89337 0.9 6.6 4.8 1.00988 6.6 4.8 0.584643 6.9
4.77248 0.6 6.9 4.5 0.855818 6.9 4.81536 0.6 6.9
4.8 0.6 6.92467 4.47466 0.9 6.9 4.5 0.939862 6.9
4.80578 0.9 6.9 4.8 0.909485 6.9 4.8 0.9 6.91461
4.5 0.762526 7.2 4.40663 0.9 7.2 4.66218 0.9 7.2
4.5 1.06274 7.2 4.5 0.744925 7.5 4.40663 0.9 7.5
4.65 0.9 7.5 4.5 1.03385 7.5 4.5 0.830809 7.8
4.45859 0.9 7.8 4.5785 0.9 7.8 4.5 0.957875 7.8
4.5 0.9 7.93187 4.8 0.9 7.95 4.8 1.2 7.81251
4.8 0.762526 8.1 4.59337 0.9 8.1 4.89337 0.9 8.1
4.69586 1.2 8.1 4.89337 1.2 8.1 4.8 1.32084 8.1
4.8 0.74469 8.4 4.658 0.9 8.4 4.91274 0.9 8.4
4.68726 1.2 8.4 4.91274 1.2 8.4 4.8 1.38371 8.4
4.8 0.693369 8.7 4.65 0.9 8.7 5.0215 0.9 8.7
4.65315 1.2 8.7 4.97195 1.2 8.7 4.8 1.43569 8.7
4.8 1.2 8.86525 4.8 0.824028 9 4.74913 0.9 9
5.03366 0.9 9 4.8 0.962119 9 4.8 0.9 9.05087
4.5 1.5 5.33531 3.9 1.8 5.37298 4.2 1.8 5.29219
3.6 2.1 5.37106 3.9 2.1 5.35602 4.5 1.43531 5.4
4.8 1.2 5.59367 5.1 1.2 5.68542 3.9 1.77466 5.4
4.40596 1.5 5.4 4.2 1.65531 5.4 4.2 1.5 5.63697
4.57074 1.5 5.4 4.5 1.57074 5.4 3.87466 1.8 5.4
3.6 2.07466 5.4 4.3159 1.8 5.4 4.2 1.9159 5.4
3.57466 2.1 5.4 3.6 2.13631 5.4 3.6 2.1 5.42947
3.94571 2.1 5.4 3.9 2.14294 5.4 3.9 2.1 5.44757
4.8 1.10663 5.7 5.1 1.17168 5.7 5.1 0.9 5.79868
4.2 1.45859 5.7 4.68344 1.2 5.7 4.5 1.33317 5.7
4.8 1.33385 5.7 5.11518 1.2 5.7 5.1 1.21458 5.7
4.15429 1.5 5.7 3.9 1.74407 5.7 4.6841 1.5 5.7
4.5 1.65355 5.7 3.84913 1.8 5.7 3.9 1.85812 5.7
3.9 1.8 5.75267 4.35 1.8 5.7 4.2 1.94096 5.7
4.2 1.8 5.87559 5.1 0.75 6 4.94685 0.9 6
4.8 1.10784 6 5.37658 0.9 6 5.4 0.9 6.02931
4.2 1.43584 6 4.67065 1.2 6 4.5 1.4719 6
4.8 1.30567 6 5.18599 1.2 6 5.1 1.26363 6
5.1 1.2 6.09729 4.13584 1.5 6 4.2 1.59337 6
4.2 1.5 6.07035 4.52071 1.5 6 4.5 1.51833 6
4.5 1.5 6.01833 5.1 0.693369 6.3 5.1 0.6 6.48726
5.4 0.75 6.3 4.92036 0.9 6.3 4.8 1.15384 6.3
5.1 1.09219 6.3 5.55028 0.9 6.3 5.4 1.03164 6.3
4.75612 1.2 6.3 4.85353 1.2 6.3 4.8 1.23258 6.3
5.1 0.535838 6.6 5.01336 0.6 6.6 5.25 0.6 6.6
5.4 0.717547 6.6 4.89337 0.9 6.6 4.8 1.09772 6.6
5.1 1.08726 6.6 5.49647 0.9 6.6 5.4 0.989072 6.6
4.74316 1.2 6.6 4.8839 1.2 6.6 4.8 1.25684 6.6
5.1 0.506631 6.9 4.97138 0.6 6.9 4.8 0.6 7.17533
5.30663 0.6 6.9 5.4 0.833664 6.9 5.4 0.6 7.05
4.80578 0.9 6.9 4.8 0.980114 6.9 4.8 0.9 6.91461
5.1 1.1215 6.9 5.41644 0.9 6.9 5.4 0.916437 6.9
5.4 0.9 6.94685 4.78464 1.2 6.9 4.83964 1.2 6.9
4.8 1.21536 6.9 5.1 1.2 7.16036 4.8 0.584643 7.2
5.1 0.506631 7.2 5.4 0.549132 7.2 4.78464 0.6 7.2
5.45267 0.6 7.2 5.4 0.718385 7.2 4.71677 0.9 7.2
5.32844 0.9 7.2 5.4 0.9 7.45315 4.78464 1.2 7.2
4.8 1.21536 7.2 5.11536 1.2 7.2 5.1 1.21536 7.2
4.8 0.584643 7.5 5.1 0.506631 7.5 5.4 0.57466 7.5
4.78464 0.6 7.5 5.42633 0.6 7.5 5.4 0.6 7.58198
4.70663 0.9 7.5 5.41644 0.9 7.5 5.4 0.916437 7.5
4.76742 1.2 7.5 4.8 1.23258 7.5 5.12606 1.2 7.5
5.1 1.22606 7.5 4.8 0.584643 7.8 5.1 0.506631 7.8
4.78464 0.6 7.8 4.8 0.6 7.82975 5.29443 0.6 7.8
5.4 0.722725 7.8 4.70663 0.9 7.8 4.8 0.9 7.95
5.48538 0.9 7.8 5.4 0.978501 7.8 4.79422 1.2 7.8
4.8 1.20578 7.8 4.8 1.2 7.81251 5.21274 1.2 7.8
5.1 1.31274 7.8 5.1 0.506631 8.1 4.9561 0.6 8.1
5.22862 0.6 8.1 5.1 0.6 8.30663 5.4 0.76537 8.1
4.89337 0.9 8.1 5.50974 0.9 8.1 5.4 1.00647 8.1
4.90988 1.2 8.1 5.24022 1.2 8.1 5.1 1.33164 8.1
5.1 0.650868 8.4 5.4 0.715719 8.4 4.91274 0.9 8.4
5.58927 0.9 8.4 5.4 1.06525 8.4 5.7 0.9 8.66065
4.91572 1.2 8.4 5.26525 1.2 8.4 5.1 1.38428 8.4
5.1 0.791862 8.7 5.4 0.712745 8.7 5.7 0.87658 8.7
5.0215 0.9 8.7 5.1 0.9 8.78829 5.4 1.16468 8.7
5.72342 0.9 8.7 5.7 0.924344 8.7 5.7 0.9 8.81647
4.97503 1.2 8.7 5.35276 1.2 8.7 5.1 1.43597 8.7
5.1 1.2 8.83698 5.4 1.2 8.87514 5.4 0.794812 9
5.30663 0.9 9 5.62263 0.9 9 5.4 0.9 9.08323
5.3698 1.2 9 5.4988 1.2 9 5.4 1.22778 9
5.4 1.2 9.02606 5.1 1.2 6.10687 5.4 1.2 6.11538
4.5 1.5 6.02071 4.8 1.5 6.10173 5.1 1.5 6.26335
4.5 1.8 6.18903 5.1 1.09219 6.3 5.4 1.03857 6.3
4.5 1.36836 6.3 4.89798 1.2 6.3 4.8 1.27453 6.3
5.5766 1.2 6.3 5.4 1.38428 6.3 4.35385 1.5 6.3
4.5 1.5 6.51764 4.8 1.64406 6.3 5.15442 1.5 6.3
5.1 1.53532 6.3 5.4 1.5 6.43051 4.41723 1.8 6.3
4.57018 1.8 6.3 4.5 1.86416 6.3 4.8 1.8 6.48755
5.1 1.08726 6.6 5.4 0.989072 6.6 5.7 0.9 6.71737
4.93506 1.2 6.6 4.8 1.29907 6.6 5.67466 1.2 6.6
5.7 1.2 6.62815 4.5685 1.5 6.6 4.5 1.60361 6.6
5.1 1.71093 6.6 5.56628 1.5 6.6 5.4 1.64376 6.6
5.7 1.5 6.81007 4.39219 1.8 6.6 4.5 1.90781 6.6
4.5 1.8 6.7159 4.96755 1.8 6.6 4.8 1.90446 6.6
5.1 1.8 6.69173 5.4 1.8 6.75624 5.7 0.828444 6.9
5.1 1.1215 6.9 5.44685 0.9 6.9 5.4 0.916437 6.9
5.4 0.9 6.94685 5.77156 0.9 6.9 5.0097 1.2 6.9
4.8 1.45114 6.9 5.1 1.2 7.13652 5.84135 1.2 6.9
4.75859 1.5 6.9 4.8 1.5 6.94141 5.76363 1.5 6.9
5.7 1.60595 6.9 4.65355 1.8 6.9 4.8 1.97888 6.9
4.8 1.8 7.03782 5.1 1.99852 6.9 5.1 1.8 7.14733
5.58398 1.8 6.9 5.4 1.94376 6.9 5.7 1.8 7.05
5.4 2.1 7.10663 5.4 0.828444 7.2 5.7 0.821499 7.2
5.32844 0.9 7.2 5.4 0.9 7.45315 5.7785 0.9 7.2
5.12606 1.2 7.2 5.1 1.24876 7.2 5.85 1.2 7.2
5.00132 1.5 7.2 5.1 1.71178 7.2 5.1 1.5 7.32675
5.85 1.5 7.2 5.15087 1.8 7.2 5.4 1.8 7.38726
5.79907 1.8 7.2 5.7 1.92718 7.2 5.7 1.8 7.39332
5.26822 2.1 7.2 5.5093 2.1 7.2 5.4 2.18323 7.2
5.4 2.1 7.28579 5.7 0.828943 7.5 5.44721 0.9 7.5
5.4 0.916437 7.5 5.77106 0.9 7.5 5.1591 1.2 7.5
5.85 1.2 7.5 5.22877 1.5 7.5 5.4 1.67902 7.5
5.85 1.5 7.5 5.7 1.73584 7.5 5.7 0.87658 7.8
5.64215 0.9 7.8 5.4 0.978501 7.8 5.72342 0.9 7.8
5.7 0.9 8.03294 5.21274 1.2 7.8 5.85 1.2 7.8
5.25 1.5 7.8 5.4 1.63782 7.8 5.85 1.5 7.8
5.7 1.65 7.8 5.4 1.00647 8.1 5.7 0.90714 8.1
5.24022 1.2 8.1 5.85 1.2 8.1 5.23225 1.5 8.1
5.4 1.64645 8.1 5.85 1.5 8.1 5.7 1.68726 8.1
5.7 1.8 8.32403 5.4 1.06525 8.4 5.7 0.971556 8.4
5.26525 1.2 8.4 5.85 1.2 8.4 5.20781 1.5 8.4
5.4 1.69219 8.4 5.85 1.5 8.4 5.61994 1.8 8.4
5.4 1.8 8.57863 5.75087 1.8 8.4 5.7 1.85087 8.4
5.4 1.16468 8.7 5.7 1.0445 8.7 5.36468 1.2 8.7
5.4 1.2 8.74185 5.84685 1.2 8.7 5.7 1.2 8.91904
5.19907 1.5 8.7 5.85 1.5 8.7 5.31012 1.8 8.7
5.4 1.88278 8.7 5.83164 1.8 8.7 5.7 1.93164 8.7
5.4 1.40457 9 5.7 1.29709 9 5.30965 1.5 9
5.4 1.5 9.08323 5.82766 1.5 9 5.7 1.5 9.12766
5.24348 1.8 9 5.4 1.9524 9 5.4 1.8 9.13782
5.85 1.8 9 5.7 1.95865 9 5.7 1.8 9.15
1.5 2.7 5.98542 1.5 3 5.9215 1.5 2.68542 6
1.8 2.4 6.15355 1.48542 2.7 6 1.51518 2.7 6
1.8 2.7 6.14685 2.1 2.7 6.21722 1.34075 3 6
1.2 3 6.16823 1.5785 3 6 1.5 3.24215 6
1.8 3 6.15315 1.2 3.3 6.04869 1.5 3.3 6.02604
1.8 3.3 6.25795 1.8 2.22925 6.3 1.8 2.1 6.52772
1.63225 2.4 6.3 1.5 2.5234 6.3 2.01974 2.4 6.3
2.1 2.53465 6.3 2.1 2.4 6.3909 1.35 2.7 6.3
1.2 2.93887 6.3 1.5 2.7 6.45904 1.8 2.7 6.54913
2.18533 2.7 6.3 2.1 2.79855 6.3 1.1409 3 6.3
1.2 3 6.3591 1.5 3 6.48726 1.96552 3 6.3
1.8 3 6.49812 1.05 3.3 6.3 1.2 3.46836 6.3
1.5 3.45355 6.3 1.84205 3.3 6.3 1.8 3.34359 6.3
1.8 3.3 6.35851 1.2 3.6 6.47468 1.5 3.6 6.54188
1.8 2.04913 6.6 1.74913 2.1 6.6 1.86385 2.1 6.6
1.8 2.1 6.65087 2.1 2.2542 6.6 1.70505 2.4 6.6
1.8 2.59535 6.6 1.8 2.4 6.68278 2.23936 2.4 6.6
2.1 2.4 6.74319 1.92862 2.7 6.6 2.17018 2.7 6.6
2.1 2.76631 6.6 2.1 2.7 6.66416 1.2 3.2215 6.6
1.5 3.27365 6.6 1.11904 3.3 6.6 1.2 3.3 6.71116
1.5238 3.3 6.6 1.5 3.3 6.61833 1.05 3.6 6.6
1.2 3.70781 6.6 1.55267 3.6 6.6 1.5 3.65087 6.6
1.2 3.41274 6.9 1.5 3.44135 6.9 0.993369 3.6 6.9
1.2 3.79219 6.9 1.67964 3.6 6.9 1.5 3.78726 6.9
1.2 3.45865 7.2 1.5 3.47964 7.2 1.00095 3.6 7.2
1.2 3.79905 7.2 1.68401 3.6 7.2 1.5 3.77916 7.2
1.8 3.6 7.43283 1.2 3.9 7.36218 1.2 3.50093 7.5
1.5 3.50663 7.5 1.8 3.56742 7.5 1.05966 3.6 7.5
1.5 3.75 7.5 1.83258 3.6 7.5 1.8 3.65049 7.5
1.08318 3.9 7.5 1.33782 3.9 7.5 1.2 3.98323 7.5
1.5 3.9 7.65 1.8 3.9 7.67138 1.2 3.46836 7.8
1.5 3.49219 7.8 1.8 3.50663 7.8 1.01602 3.6 7.8
1.89337 3.6 7.8 1.04034 3.9 7.8 1.2 4.00781 7.8
1.5 3.99337 7.8 1.89337 3.9 7.8 1.8 3.99337 7.8
1.2 3.45 8.1 1.5 3.45 8.1 1.8 3.46836 8.1
0.993369 3.6 8.1 1.2 3.6 8.30663 1.5 3.6 8.27964
1.95289 3.6 8.1 1.8 3.6 8.23164 1.02877 3.9 8.1
1.2 4.04135 8.1 1.2 3.9 8.29905 1.5 3.99337 8.1
1.5 3.9 8.21394 1.92378 3.9 8.1 1.8 3.99337 8.1
1.8 3.9 8.19337 1.5 3.6 5.9409 1.5 3.53279 6
1.30171 3.6 6 1.56889 3.6 6 1.5 3.6591 6
1.5 3.6 6.06721 1.2 3.9 6.28464 1.5 3.9 6.20663
1.2 3.88464 6.3 1.5 3.79586 6.3 1.18464 3.9 6.3
1.2 3.91713 6.3 1.2 3.9 6.32752 1.60095 3.9 6.3
1.5 4.00415 6.3 1.5 3.9 6.50663 1.2 4.2 6.58287
1.2 4.17248 6.6 1.18464 4.2 6.6 1.23696 4.2 6.6
1.2 4.21536 6.6 1.5 4.2 6.71374 1.2 4.08896 6.9
1.5 4.07007 6.9 1.07736 4.2 6.9 1.2 4.31104 6.9
1.64078 4.2 6.9 1.5 4.31582 6.9 1.2 4.11677 7.2
1.5 4.10663 7.2 1.10965 4.2 7.2 1.2 4.32191 7.2
1.2 4.2 7.33782 1.71904 4.2 7.2 1.5 4.30095 7.2
1.5 4.2 7.44913 1.8 4.2 7.33498 1.2 4.5 7.34469
1.8 4.14913 7.5 1.2 4.32862 7.5 1.59337 4.2 7.5
1.85087 4.2 7.5 1.8 4.26692 7.5 1.8 4.2 7.59337
1.08726 4.5 7.5 1.4505 4.5 7.5 1.2 4.61274 7.5
1.5 4.5 7.5319 1.8 4.5 7.70242 1.2 4.34135 7.8
1.5 4.29337 7.8 1.8 4.37058 7.8 1.05 4.5 7.8
1.2 4.66863 7.8 1.5 4.65865 7.8 1.87659 4.5 7.8
1.8 4.57659 7.8 1.5 4.8 8.09201 1.2 4.35315 8.1
1.5 4.32497 8.1 1.8 4.36274 8.1 1.05315 4.5 8.1
1.2 4.70827 8.1 1.2 4.5 8.25212 1.5 4.5 8.25
1.88278 4.5 8.1 1.8 4.59855 8.1 1.8 4.5 8.18279
1.48363 4.8 8.1 1.5091 4.8 8.1 1.5 4.80714 8.1
1.5 4.8 8.10714 1.2 3.6 6.13051 1.5 3.6 6.16217
1.2 3.46836 6.3 1.5 3.46805 6.3 1.06836 3.6 6.3
1.2 3.76949 6.3 1.2 3.6 6.47468 1.65629 3.6 6.3
1.5 3.76123 6.3 1.5 3.6 6.53222 1.2 3.9 6.47584
1.5 3.9 6.52403 1.2 3.77065 6.6 1.5 3.75 6.6
1.09433 3.9 6.6 1.2 3.9895 6.6 1.55087 3.9 6.6
1.5 3.95087 6.6 1.2 3.79219 6.9 1.5 3.8105 6.9
1.06771 3.9 6.9 1.2 4.03671 6.9 1.59691 3.9 6.9
1.5 3.99216 6.9 1.2 3.80663 7.2 1.5 3.80663 7.2
1.07916 3.9 7.2 1.2 4.06218 7.2 1.2 3.9 7.36218
1.65507 3.9 7.2 1.5 4.05 7.2 1.8 3.9 7.41645
1.2 4.2 7.33782 1.5 4.2 7.44913 1.5 3.80663 7.5
1.8 3.85795 7.5 1.33782 3.9 7.5 1.2 4.03782 7.5
1.5 3.9 7.65 1.84205 3.9 7.5 1.8 3.97454 7.5
1.8 3.9 7.57953 1.10663 4.2 7.5 1.2 4.29337 7.5
1.54729 4.2 7.5 1.5 4.22534 7.5 1.8 4.2 7.65654
1.2 4.0159 7.8 1.5 4.05 7.8 1.8 4.05 7.8
1.05865 4.2 7.8 1.2 4.34135 7.8 1.5 4.29337 7.8
1.89337 4.2 7.8 1.8 4.29337 7.8 1.2 4.04135 8.1
1.5 4.01627 8.1 1.8 4.05 8.1 1.04135 4.2 8.1
1.2 4.35 8.1 1.2 4.2 8.30663 1.5 4.32497 8.1
1.5 4.2 8.25477 1.91013 4.2 8.1 1.8 4.29337 8.1
1.8 4.2 8.19337 5.7 3.3 12.2491 5.7 3.6 12.1532
5.4 3.9 12.2109 5.7 3.9 12.15 5.4 4.2 12.1955
5.7 4.2 12.15 5.4 4.5 12.2491 5.7 4.5 12.1918
5.4 2.7 12.5747 5.4 3 12.4247 5.7 3.24407 12.3
5.7 3 12.499 5.59034 3.3 12.3 5.4 3.3 12.3883
5.75087 3.3 12.3 5.42633 3.6 12.3 5.4 3.65379 12.3
5.4 3.6 12.3253 5.84685 3.6 12.3 5.31093 3.9 12.3
5.85 3.9 12.3 5.29554 4.2 12.3 5.85 4.2 12.3
5.34733 4.5 12.3 5.1 4.5 12.4843 5.4 4.60415 12.3
5.80816 4.5 12.3 5.7 4.67152 12.3 5.4 4.8 12.3885
5.4 2.67466 12.6 5.4 2.4 12.7873 4.2 2.7 12.8739
5.30418 2.7 12.6 5.43986 2.7 12.6 5.7 2.87138 12.6
5.7 2.7 12.824 5.21582 3 12.6 5.1 3 12.8009
5.79337 3 12.6 5.25 3.3 12.6 5.1 3.3 12.8004
5.82036 3.3 12.6 5.21582 3.6 12.6 5.83782 3.6 12.6
5.19907 3.9 12.6 5.1 3.9 12.839 5.84685 3.9 12.6
4.8 4.2 12.7873 5.12606 4.2 12.6 5.1 4.24093 12.6
5.1 4.2 12.6261 5.83164 4.2 12.6 5.7 4.2 12.8683
4.94104 4.5 12.6 5.1 4.69734 12.6 5.75027 4.5 12.6
5.7 4.57275 12.6 5.7 4.5 12.6792 5.17634 4.8 12.6
5.57802 4.8 12.6 5.4 4.94356 12.6 5.4 4.8 12.832
4.8 1.8 13.1747 5.1 1.8 13.1284 4.2 2.1 13.1147
4.5 2.1 13.1479 5.1 2.1 13.0941 5.4 2.26949 12.9
5.4 2.1 13.0348 4.2 2.62962 12.9 4.2 2.4 12.9852
5.23506 2.4 12.9 5.1 2.4 13.1264 5.54675 2.4 12.9
5.7 2.62646 12.9 4.17394 2.7 12.9 4.22894 2.7 12.9
4.2 2.7373 12.9 4.5 2.7 13.0535 5.19337 2.7 12.9
5.1 2.87784 12.9 5.1 2.7 13.0099 5.75087 2.7 12.9
5.7 2.7 13.0681 4.2 3 13.0792 4.5 3 13.0207
5.02664 3 12.9 4.8 3 13.0555 5.79337 3 12.9
4.5 3.3 12.9934 4.97633 3.3 12.9 4.8 3.3 13.0127
5.1 3.44493 12.9 5.79907 3.3 12.9 4.5 3.6 13.0253
4.8 3.6 13.027 5.19337 3.6 12.9 5.1 3.83465 12.9
5.1 3.6 13.0166 5.79337 3.6 12.9 5.7 3.6 13.1491
4.5 3.9 13.1698 4.94579 3.9 12.9 4.8 3.9495 12.9
4.8 3.9 12.9454 5.79337 3.9 12.9 5.7 4.14913 12.9
5.7 3.9 13.0622 4.68726 4.2 12.9 4.8 4.46014 12.9
5.67466 4.2 12.9 4.82534 4.5 12.9 5.1 4.71722 12.9
5.59219 4.5 12.9 5.4 4.73637 12.9 4.8 1.77466 13.2
5.1 1.72844 13.2 4.2 2.01012 13.2 4.2 1.8 13.4536
4.61576 1.8 13.2 4.5 1.86707 13.2 4.5 1.8 13.2164
4.8 1.82534 13.2 5.28263 1.8 13.2 5.4 1.85206 13.2
5.4 1.8 13.2521 4.11722 2.1 13.2 4.55027 2.1 13.2
4.5 2.283 13.2 5.00704 2.1 13.2 5.59812 2.1 13.2
4.05978 2.4 13.2 4.4576 2.4 13.2 4.5 2.43946 13.2
4.5 2.4 13.2369 5.05859 2.4 13.2 4.8 2.4 13.464
5.60663 2.4 13.2 4.08418 2.7 13.2 4.74592 2.7 13.2
4.85786 2.7 13.2 4.8 2.75201 13.2 4.8 2.7 13.2489
5.65859 2.7 13.2 5.7 2.83187 13.2 4.10663 3 13.2
4.2 3.12862 13.2 5.75087 3 13.2 5.7 3 13.2934
4.31274 3.3 13.2 5.75087 3.3 13.2 5.7 3.50663 13.2
5.7 3.3 13.2934 4.36836 3.6 13.2 5.67466 3.6 13.2
4.47466 3.9 13.2 4.5 3.92815 13.2 4.5 3.9 13.2687
5.61677 3.9 13.2 4.64135 4.2 13.2 4.8 4.46468 13.2
5.60663 4.2 13.2 4.83532 4.5 13.2 5.1 4.66456 13.2
5.1 4.5 13.4929 5.54022 4.5 13.2 5.4 4.63475 13.2
5.4 4.5 13.4091 4.2 1.75795 13.5 4.5 1.62036 13.5
4.5 1.5 13.7637 4.8 1.55087 13.5 4.8 1.5 13.5621
5.1 1.55087 13.5 5.1 1.5 13.5621 5.4 1.63857 13.5
5.4 1.5 13.7698 4.15795 1.8 13.5 4.8 1.96482 13.5
5.58428 1.8 13.5 4.01572 2.1 13.5 4.63019 2.1 13.5
4.9438 2.1 13.5 4.8 2.35725 13.5 4.8 2.1 13.6352
5.61677 2.1 13.5 5.7 2.1 13.65 3.99337 2.4 13.5
5.61677 2.4 13.5 5.7 2.4 13.6756 4.04096 2.7 13.5
5.60663 2.7 13.5 4.14913 3 13.5 4.2 3.05267 13.5
4.2 3 13.5701 5.60663 3 13.5 4.3555 3.3 13.5
4.5 3.3 13.7561 5.60663 3.3 13.5 4.44373 3.6 13.5
4.5 3.72797 13.5 4.5 3.6 13.5563 5.60663 3.6 13.5
4.57106 3.9 13.5 5.60663 3.9 13.5 4.67092 4.2 13.5
4.8 4.33763 13.5 4.8 4.2 13.7074 5.1 4.49286 13.5
5.58726 4.2 13.5 5.4 4.42389 13.5 4.5 1.47466 13.8
4.8 1.36836 13.8 5.1 1.36836 13.8 5.4 1.47466 13.8
4.47466 1.5 13.8 4.2 1.71677 13.8 4.5 1.5 14.0538
5.42534 1.5 13.8 4.11677 1.8 13.8 4.2 1.8 14.0874
5.61677 1.8 13.8 5.7 1.95 13.8 4.02468 2.1 13.8
5.78323 2.1 13.8 4.00781 2.4 13.8 5.76416 2.4 13.8
5.7 2.51274 13.8 4.09219 2.7 13.8 4.2 2.83671 13.8
4.2 2.7 13.9597 5.60663 2.7 13.8 4.3234 3 13.8
4.5 3.25882 13.8 5.60663 3 13.8 4.53971 3.3 13.8
5.60663 3.3 13.8 4.65865 3.6 13.8 5.60663 3.6 13.8
4.66836 3.9 13.8 4.8 4.10963 13.8 4.8 3.9 13.9616
5.60663 3.9 13.8 4.88717 4.2 13.8 5.1 4.33857 13.8
5.1 4.2 13.988 5.51929 4.2 13.8 5.4 4.31073 13.8
5.4 4.2 13.932 4.8 1.36456 14.1 5.1 1.35 14.1
5.4 1.42844 14.1 4.506 1.5 14.1 4.5 1.50495 14.1
4.8 1.5 14.288 5.4808 1.5 14.1 5.4 1.5 14.2353
4.20495 1.8 14.1 4.2 1.80872 14.1 4.5 1.8 14.3586
5.64913 1.8 14.1 5.7 1.89337 14.1 4.09219 2.1 14.1
4.2 2.1 14.2193 5.79337 2.1 14.1 4.12844 2.4 14.1
4.2 2.51655 14.1 4.2 2.4 14.1808 5.79337 2.4 14.1
5.7 2.56218 14.1 4.29907 2.7 14.1 5.61677 2.7 14.1
5.7 2.7 14.2378 4.42389 3 14.1 4.5 3.07611 14.1
4.5 3 14.1931 5.1 3 14.3929 5.60663 3 14.1
5.7 3 14.3695 4.65865 3.3 14.1 5.60663 3.3 14.1
4.75859 3.6 14.1 4.8 3.65788 14.1 4.8 3.6 14.1457
5.60663 3.6 14.1 5.4 3.6 14.3759 4.92877 3.9 14.1
5.1 4.09353 14.1 5.1 3.9 14.2598 5.55385 3.9 14.1
5.4 4.06064 14.1 5.4 3.9 14.2654 5.1 1.47394 14.4
5.05124 1.5 14.4 4.8 1.60148 14.4 5.15992 1.5 14.4
5.1 1.5 14.4261 5.4 1.58278 14.4 4.54293 1.8 14.4
4.5 1.84757 14.4 4.8 1.8 14.5614 5.1 1.8 14.6009
5.63584 1.8 14.4 5.4 1.8 14.5922 5.7 1.91274 14.4
4.35 2.1 14.4 4.5 2.1 14.5378 4.8 2.1 14.5796
5.1 2.1 14.5922 5.4 2.1 14.6066 5.79337 2.1 14.4
5.7 2.1 14.5208 4.35 2.4 14.4 4.5 2.4 14.5527
4.8 2.4 14.55 5.1 2.4 14.5587 5.4 2.4 14.5622
5.81104 2.4 14.4 5.7 2.4 14.514 4.39219 2.7 14.4
4.5 2.82786 14.4 4.5 2.7 14.5078 4.8 2.7 14.5316
5.1 2.98833 14.4 5.1 2.7 14.5127 5.4 2.7 14.55
5.79337 2.7 14.4 5.7 2.7 14.4934 4.65865 3 14.4
5.08951 3 14.4 4.8 3 14.5207 5.11536 3 14.4
5.1 3.06535 14.4 5.4 3 14.4934 5.71458 3 14.4
5.7 3.03238 14.4 5.7 3 14.4146 4.78542 3.3 14.4
4.8 3.31627 14.4 4.8 3.3 14.4146 5.1 3.3 14.4241
5.54287 3.3 14.4 5.4 3.5443 14.4 5.4 3.3 14.4832
5.09201 3.6 14.4 5.16535 3.6 14.4 5.1 3.60907 14.4
5.1 3.6 14.4071 4.8 2.4 12.8299 4.8 2.30222 12.9
4.74037 2.4 12.9 4.89778 2.4 12.9 4.8 2.45087 12.9
4.8 2.4 12.9509 4.8 2.1 13.4284 4.8 2.02844 13.5
4.72613 2.1 13.5 4.87156 2.1 13.5 4.8 2.2915 13.5
4.8 2.1 13.5716 4.8 2.7 12.7781 4.8 2.1 13.1491
4.8 2.57813 12.9 4.8 2.4 13.0781 4.7011 2.7 12.9
5.02236 2.7 12.9 4.8 2.75855 12.9 4.8 2.7 12.9585
4.8 2.04913 13.2 4.7377 2.1 13.2 4.88036 2.1 13.2
4.8 2.1 13.276 4.73582 2.4 13.2 4.92552 2.4 13.2
4.8 2.45855 13.2 4.8 2.4 13.2585 3.6 5.7 8.89585
3.6 6 8.84135 3.9 6 8.99235 3.6 5.60663 9
3.47138 5.7 9 3.75507 5.7 9 3.9 5.98363 9
3.45 6 9 3.6 6.15 9 3.90714 6 9
3.9 6.00714 9 3.9 6 9.01804 3.6 5.65795 9.3
3.55641 5.7 9.3 3.65175 5.7 9.3 3.6 5.7 9.34205
3.57466 6 9.3 3.65847 6 9.3 3.6 6.02534 9.3
3.6 6 9.32534 4.2 4.8 11.3573 5.1 3.9 11.599
5.1 4.2 11.5641 5.4 4.2 11.4904 4.2 4.75732 11.4
4.8 4.5 11.6747 5.1 4.5 11.5532 5.4 4.5 11.5495
4.15732 4.8 11.4 4.2905 4.8 11.4 4.2 4.85674 11.4
4.2 4.8 11.4427 4.8 4.8 11.5622 5.1 4.8 11.5378
4.8 5.1 11.6502 5.1 5.1 11.5399 4.5 3.3 11.9681
4.5 3.6 11.9066 5.1 3.80663 11.7 4.99343 3.9 11.7
5.21627 3.9 11.7 5.4 4.08418 11.7 5.4 3.9 11.8775
5.7 3.9 11.958 4.95146 4.2 11.7 4.8 4.46723 11.7
5.49296 4.2 11.7 5.7 4.2 11.8646 4.77367 4.5 11.7
5.52084 4.5 11.7 5.4 4.70754 11.7 5.4 4.5 11.8622
5.7 4.5 11.8728 4.65355 4.8 11.7 5.34973 4.8 11.7
4.76468 5.1 11.7 4.8 5.13532 11.7 4.8 5.1 11.7902
5.25355 5.1 11.7 5.1 5.25978 11.7 5.4 5.1 11.9524
4.5 3.2681 12 4.8 3 12.2334 5.1 3 12.2479
4.46466 3.3 12 4.56252 3.3 12 4.8 3.3 12.0934
5.1 3.3 12.2294 4.21075 3.6 12 4.2 3.6 12.0078
4.67718 3.6 12 4.5 3.75 12 4.8 3.6 12.1027
5.1 3.84794 12 5.4 3.79313 12 5.4 3.6 12.2718
5.7 3.85795 12 4.5 3.9 12.101 5.02725 3.9 12
4.8 3.9 12.1188 5.1 3.9 12.1032 5.4 3.9 12.1616
5.74205 3.9 12 5.7 3.9 12.042 4.5 4.2 12.188
4.89477 4.2 12 4.8 4.30149 12 4.8 4.2 12.0414
5.4 4.41247 12 5.4 4.2 12.1907 5.83544 4.2 12
5.7 4.2 12.1354 4.70025 4.5 12 5.31677 4.5 12
5.53135 4.5 12 5.79907 4.5 12 5.7 4.63506 12
5.7 4.5 12.116 4.70093 4.8 12 4.8 4.9841 12
4.8 4.8 12.157 5.32389 4.8 12 5.4 5.00393 12
5.4 4.8 12.1409 4.90204 5.1 12 5.1 5.21572 12
5.1 5.1 12.121 5.44571 5.1 12 5.4 5.15115 12
5.4 5.1 12.063 4.8 2.94145 12.3 5.1 2.94973 12.3
4.70945 3 12.3 4.5 3.10781 12.3 4.5 3 12.4216
5.16161 3 12.3 4.30781 3.3 12.3 4.2 3.44144 12.3
5.30107 3.3 12.3 5.1 3.49724 12.3 5.4 3.47474 12.3
4.07587 3.6 12.3 4.2 3.83824 12.3 4.2 3.6 12.4241
5.04462 3.6 12.3 5.2789 3.6 12.3 5.42534 3.6 12.3
5.4 3.65379 12.3 5.4 3.6 12.3253 4.2464 3.9 12.3
4.5 3.9 12.4624 5.01421 3.9 12.3 5.1 4.0093 12.3
5.1 3.9 12.5214 4.43424 4.2 12.3 4.5 4.26961 12.3
4.5 4.2 12.3636 5.26691 4.2 12.3 4.66654 4.5 12.3
4.8 4.68418 12.3 4.8 4.5 12.437 5.34733 4.5 12.3
5.1 4.5 12.4843 5.4 4.60415 12.3 4.9278 4.8 12.3
5.1 4.92132 12.3 5.1 4.8 12.4213 5.49881 4.8 12.3
5.4 4.91682 12.3 5.4 4.8 12.3832 4.5 2.86143 12.6
4.8 2.85 12.6 5.1 2.91309 12.6 4.3421 3 12.6
5.18691 3 12.6 5.1 3 12.7093 4.30781 3.3 12.6
5.21929 3.3 12.6 5.1 3.44433 12.6 5.1 3.3 12.7218
4.37587 3.6 12.6 4.5 3.7363 12.6 4.5 3.6 12.8935
4.98394 3.6 12.6 5.1 3.84484 12.6 4.63218 3.9 12.6
4.8 3.9 12.7843 5.13598 3.9 12.6 5.1 3.9 12.6398
4.74429 4.2 12.6 4.8 4.26347 12.6 4.8 4.2 12.6557
5.12606 4.2 12.6 5.1 4.24093 12.6 5.1 4.2 12.6261
4.5 2.9536 12.9 4.8 2.89184 12.9 4.43608 3 12.9
4.5 3 12.942 4.93266 3 12.9 4.8 3 13.0082
4.43222 3.3 12.9 4.5 3.58539 12.9 4.5 3.3 12.9642
4.91637 3.3 12.9 4.8 3.3 13.0026 4.5105 3.6 12.9
4.90519 3.6 12.9 4.8 3.71682 12.9 4.8 3.6 12.9832
3.6 6.3 8.98154 3.6 6.28464 9 3.58464 6.3 9
3.64408 6.3 9 3.6 6.31536 9 3.6 6.3 9.02765
1.8 5.4 6.55795 2.1 5.4 6.50663 2.4 5.4 6.49219
2.1 5.7 6.50093 2.4 5.7 6.45865 1.8 5.35641 6.6
2.1 5.29586 6.6 2.4 5.2841 6.6 1.7536 5.4 6.6
1.8 5.51315 6.6 1.8 5.4 6.65411 2.53671 5.4 6.6
1.90595 5.7 6.6 1.8 5.7 6.7706 2.1 5.79907 6.6
2.55 5.7 6.6 2.4 5.86683 6.6 2.4 6 6.78823
2.1 5.2842 6.9 2.4 5.28428 6.9 1.9743 5.4 6.9
1.8 5.63517 6.9 2.1 5.4 7.04634 2.62483 5.4 6.9
2.4 5.4 7.08371 1.74913 5.7 6.9 1.8 5.75267 6.9
1.8 5.7 6.96692 2.1 5.98542 6.9 2.1 5.7 7.10663
2.57123 5.7 6.9 2.13238 6 6.9 2.1 6 7.01289
2.48907 6 6.9 2.4 6.08907 6.9 2.4 5.51321 7.2
2.22544 5.7 7.2 2.1 5.95265 7.2 2.54829 5.7 7.2
2.4 5.7 7.34078 2.07566 6 7.2 2.1 6.02434 7.2
2.1 6 7.22931 2.56218 6 7.2 2.4 6.17964 7.2
2.4 6 7.40663 5.7 3 11.0353 5.4 3.3 10.9918
5.7 3.3 10.95 5.7 3.6 11.0239 5.7 2.93531 11.1
5.45224 3 11.1 5.4 3.02797 11.1 5.76469 3 11.1
5.7 3 11.1647 5.28892 3.3 11.1 5.4 3.42196 11.1
5.4 3.3 11.2451 5.85 3.3 11.1 5.7 3.3 11.2684
5.1 3.6 11.3854 5.61231 3.6 11.1 5.4 3.6 11.2513
5.77611 3.6 11.1 5.7 3.69676 11.1 5.7 3.9 11.228
5.7 4.2 11.3513 5.1 3.55704 11.4 5.4 3.42804 11.4
5.7 3.44376 11.4 5.08542 3.6 11.4 5.1 3.61753 11.4
5.1 3.6 11.4245 5.4 3.8775 11.4 5.4 3.6 11.5925
5.83782 3.6 11.4 5.7 3.6 11.6066 5.4192 3.9 11.4
5.4 3.9 11.4252 5.84685 3.9 11.4 5.64043 4.2 11.4
5.74869 4.2 11.4 5.7 4.34606 11.4 5.7 4.5 11.4701
5.4 4.8 11.6497 5.7 4.8 11.4991 5.4 5.1 11.5622
5.7 5.1 11.6062 5.4 5.4 11.692 5.1 3.6 11.9585
5.4 3.71627 11.7 5.4 3.6 11.801 5.7 3.68323 11.7
5.7 3.6 11.7858 5.2497 3.9 11.7 5.4 4.08418 11.7
5.4 3.9 11.8775 5.85 3.9 11.7 5.7 3.9 11.958
5.49296 4.2 11.7 5.85 4.2 11.7 5.7 4.2 11.8646
5.52084 4.5 11.7 5.4 4.70754 11.7 5.4 4.5 11.8622
5.82036 4.5 11.7 5.7 4.5 11.8728 5.34973 4.8 11.7
5.85 4.8 11.7 5.25355 5.1 11.7 5.4 5.1 11.9425
5.7785 5.1 11.7 5.7 5.18829 11.7 5.7 5.1 11.894
5.39204 5.4 11.7 5.40932 5.4 11.7 5.4 5.40796 11.7
5.4 5.4 11.7089 5.1 3.57367 12 5.4 3.4159 12
5.7 3.43475 12 5.07466 3.6 12 5.1 3.62823 12
5.1 3.6 12.0263 5.4 3.79313 12 5.4 3.6 12.1413
5.84685 3.6 12 5.7 3.85641 12 5.7 3.6 12.1468
5.4 4.41247 12 5.31677 4.5 12 5.53135 4.5 12
5.4 4.5 12.0832 5.7 4.6828 12 5.32389 4.8 12
5.4 4.98842 12 5.4 4.8 12.0761 5.77205 4.8 12
5.7 4.986 12 5.7 4.8 12.0721 3.3 6 8.58823
3.6 6 8.45529 3.3 6.3 8.59812 3.6 6.3 8.63902
3.3 5.91093 8.7 3.6 5.80197 8.7 3.19827 6 8.7
3.84577 6 8.7 3.6 6 8.84135 3.17717 6.3 8.7
3.3 6.40687 8.7 3.63734 6.3 8.7 3.6 6.33598 8.7
3.6 6.3 8.80013 3.3 5.85 9 3.12036 6 9
3.45 6 9 3.3 6 9.24373 3.18462 6.3 9
3.50632 6.3 9 3.3 6.41241 9 3.3 6.3 9.13016
3.6 6 9.55592 3.6 5.97993 9.6 3.57025 6 9.6
3.61536 6 9.6 3.6 6.01846 9.6 3.6 6 9.61536
2.7 5.7 6.80663 3 5.7 6.88464 2.7 6 6.75315
3 6 6.80663 2.7 5.60205 6.9 3 5.68464 6.9
2.59905 5.7 6.9 3.23844 5.7 6.9 3.3 5.7 6.9105
2.55315 6 6.9 2.7 6.16143 6.9 3.28925 6 6.9
3 6.10095 6.9 3.3 6 6.90631 2.7 5.57282 7.2
3 5.51572 7.2 3.3 5.61677 7.2 2.60093 5.7 7.2
2.7 5.7 7.3185 3.39881 5.7 7.2 3.6 5.7 7.4012
2.56218 6 7.2 2.7 6.22725 7.2 2.7 6 7.41171
3 6.25859 7.2 3.44022 6 7.2 3.3 6.13164 7.2
3 5.61722 7.5 3.3 5.57902 7.5 3.6 5.61677 7.5
2.89938 5.7 7.5 3 5.7 7.6044 3.74287 5.7 7.5
3.6 5.86943 7.5 2.80379 6 7.5 3 6.29266 7.5
3.5315 6 7.5 3.3 6.17964 7.5 3.6 6 7.60694
3.3 5.55681 7.8 3.6 5.56601 7.8 3.15 5.7 7.8
3 5.90794 7.8 3.3 5.7 8.05505 3.77225 5.7 7.8
3.6 5.7 7.92758 2.92795 6 7.8 3 6.10328 7.8
3 6 7.88876 3.3 6.20093 7.8 3.7158 6 7.8
3.6 6.10446 7.8 3.3 5.73353 8.1 3.6 5.84645 8.1
3.1288 6 8.1 3.3 6.20196 8.1 3.77123 6 8.1
3.6 6.1445 8.1 3.6 6 8.25 3.3 6.3 8.23572
3.3 5.94558 8.4 3.25406 6 8.4 3.33908 6 8.4
3.3 6 8.43908 3.18601 6.3 8.4 3.414 6.3 8.4
3.3 6.41104 8.4 3.3 6.3 8.55714 2.7 6 7.4215
2.7 6.3 7.4409 2.7 5.89621 7.5 2.6215 6 7.5
2.80379 6 7.5 2.58107 6.3 7.5 2.4 6.3 7.76039
2.78686 6.3 7.5 2.7 6.3591 7.5 3 6.3 7.66494
2.7 5.90663 7.8 2.55066 6 7.8 2.4 6.26675 7.8
2.85457 6 7.8 2.7 6 7.89337 3 6.13891 7.8
3 6 7.98294 2.38196 6.3 7.8 2.4 6.31613 7.8
2.4 6.3 7.81613 2.7 6.43619 7.8 2.7 6.3 7.94594
3.12312 6.3 7.8 3 6.39907 7.8 3 5.93584 8.1
2.93584 6 8.1 3.06416 6 8.1 2.83164 6.3 8.1
3.22894 6.3 8.1 3 6.46218 8.1 3 6.3 8.37394
3 5.98542 8.4 2.98542 6 8.4 3.01458 6 8.4
3 6.10482 8.4 3 6 8.41458 3 6.3 8.51055
3 6.25795 8.7 2.91686 6.3 8.7 3.04205 6.3 8.7
3 6.35871 8.7 3 6.3 8.74205 5.4 3.3 11.3602
5.7 3.3 11.364 5.4 3.25853 11.4 5.7 3.25853 11.4
5.32097 3.3 11.4 5.4 3.33734 11.4 5.4 3.3 11.4373
5.73598 3.3 11.4 5.7 3.34147 11.4 5.7 3.3 11.436
5.1 3.6 11.5669 5.4 3.6 11.6039 5.7 3.6 11.6066
5.1 3.48755 11.7 5.4 3.50391 11.7 5.7 3.51677 11.7
4.99071 3.6 11.7 5.1 3.7093 11.7 5.1 3.6 11.8045
5.4 3.69337 11.7 5.4 3.6 11.7934 5.78323 3.6 11.7
5.7 3.68323 11.7 5.7 3.6 11.7832 1.8 5.7 7.15795
2.1 5.7 7.10663 1.5 4.8 7.47466 1.5 5.1 7.40663
1.8 5.1 7.40663 1.5 5.4 7.47292 1.8 5.61645 7.2
1.8 5.4 7.29173 2.1 5.43261 7.2 2.1 5.4 7.22683
1.75641 5.7 7.2 1.8 5.7464 7.2 2.21013 5.7 7.2
2.1 5.89739 7.2 2.1 6 7.26931 2.4 6 7.40663
1.5 4.77466 7.5 1.47185 4.8 7.5 1.7538 4.8 7.5
1.8 4.81075 7.5 1.8 4.8 7.51401 1.38344 5.1 7.5
1.93787 5.1 7.5 2.1 5.24594 7.5 1.47394 5.4 7.5
1.5 5.4302 7.5 2.2159 5.4 7.5 1.65 5.7 7.5
1.8 5.85 7.5 2.35706 5.7 7.5 2.4 5.7785 7.5
2.4 5.7 7.64557 1.95624 6 7.5 2.1 6.14615 7.5
2.49337 6 7.5 2.4 6.15507 7.5 1.5 4.70093 7.8
1.8 4.71664 7.8 1.37282 4.8 7.8 1.5 4.8 8.00032
1.87659 4.8 7.8 1.33782 5.1 7.8 1.99554 5.1 7.8
2.1 5.2093 7.8 1.47466 5.4 7.8 1.5 5.42938 7.8
1.5 5.4 7.84729 2.28729 5.4 7.8 2.4 5.63026 7.8
1.65 5.7 7.8 1.8 5.86057 7.8 2.44356 5.7 7.8
1.92737 6 7.8 2.1 6.19554 7.8 2.50475 6 7.8
2.4 6.2063 7.8 2.7 6 8.08084 2.4 6.3 7.85877
2.7 6.3 7.95624 1.8 4.74913 8.1 1.66374 4.8 8.1
1.5 4.87165 8.1 1.85087 4.8 8.1 1.36836 5.1 8.1
1.5 5.28399 8.1 1.98726 5.1 8.1 2.1 5.21274 8.1
1.59907 5.4 8.1 2.28726 5.4 8.1 2.4 5.51572 8.1
1.71093 5.7 8.1 1.8 5.79959 8.1 2.55 5.7 8.1
2.7 5.9829 8.1 2.7 5.7 8.32613 1.93782 6 8.1
2.1 6.19554 8.1 2.71644 6 8.1 2.2158 6.3 8.1
2.4 6.43782 8.1 2.83164 6.3 8.1 2.7 6.46628 8.1
3 6.3 8.38464 1.8 4.70093 8.4 1.63135 4.8 8.4
1.5 4.97559 8.4 1.89907 4.8 8.4 1.43584 5.1 8.4
1.5 5.17744 8.4 1.5 5.1 8.58884 2.04913 5.1 8.4
2.1 5.15087 8.4 2.1 5.1 8.50517 1.63164 5.4 8.4
2.35795 5.4 8.4 2.4 5.44359 8.4 2.4 5.4 8.56496
2.7 5.62844 8.4 1.74973 5.7 8.4 1.8 5.75206 8.4
1.8 5.7 8.49287 2.77156 5.7 8.4 2.7 5.7 8.56055
1.9766 6 8.4 2.1 6.13225 8.4 2.85865 6 8.4
3 6.28287 8.4 2.25624 6.3 8.4 2.4 6.43164 8.4
2.7 6.47841 8.4 3.01536 6.3 8.4 3 6.32116 8.4
3 6.3 8.42959 1.8 4.74913 8.7 1.72403 4.8 8.7
1.86692 4.8 8.7 2.1 4.99584 8.7 1.54141 5.1 8.7
2.18941 5.1 8.7 2.4 5.36092 8.7 1.66456 5.4 8.7
1.8 5.59411 8.7 2.43532 5.4 8.7 1.89296 5.7 8.7
2.63369 5.7 8.7 2.7 5.77018 8.7 2.7 5.7 8.81706
2.04973 6 8.7 2.1 6.05206 8.7 2.1 6 8.78698
2.85 6 8.7 3 6 8.8841 2.34733 6.3 8.7
2.4 6.35087 8.7 2.4 6.3 8.80966 2.83891 6.3 8.7
2.7 6.40004 8.7 3 6.3 8.80188 1.8 4.77466 9
1.77062 4.8 9 1.86874 4.8 9 1.8 4.8 9.09337
2.1 4.87336 9 2.1 4.8 9.1967 1.62775 5.1 9
2.33369 5.1 9 2.4 5.16416 9 2.4 5.1 9.15862
1.75859 5.4 9 1.8 5.44293 9 1.8 5.4 9.051
2.55315 5.4 9 2.7 5.60784 9 2.7 5.4 9.14685
1.96143 5.7 9 2.1 5.88761 9 2.89324 5.7 9
3 5.78855 9 3 5.7 9.10261 2.19907 6 9
2.4 6.2215 9 3.10781 6 9 3.3 6 9.24373
2.4785 6.3 9 2.7 6.45315 9 3.18462 6.3 9
3 6.49812 9 3.3 6.3 9.23584 2.1 4.75795 9.3
1.96682 4.8 9.3 1.8 4.86671 9.3 2.14205 4.8 9.3
2.4 5.04145 9.3 1.67503 5.1 9.3 1.8 5.24319 9.3
2.48213 5.1 9.3 2.7 5.21744 9.3 1.93475 5.4 9.3
2.85 5.4 9.3 3 5.60663 9.3 2.06468 5.7 9.3
2.1 5.73665 9.3 2.1 5.7 9.34724 3.09337 5.7 9.3
3.3 5.94373 9.3 2.2766 6 9.3 2.4 6.13462 9.3
2.4 6 9.53068 3.35627 6 9.3 2.5579 6.3 9.3
2.7 6.42766 9.3 2.7 6.3 9.46549 3 6.44685 9.3
3 6.3 9.52613 3.34205 6.3 9.3 3.3 6.34205 9.3
3.3 6.3 9.35326 2.1 4.74913 9.6 1.95 4.8 9.6
1.8 4.95 9.6 2.15593 4.8 9.6 2.4 4.95978 9.6
1.74913 5.1 9.6 1.8 5.15087 9.6 1.8 5.1 9.7294
2.66834 5.1 9.6 2.7 5.12534 9.6 2.7 5.1 9.63618
1.97503 5.4 9.6 2.1 5.55 9.6 2.90132 5.4 9.6
3 5.50647 9.6 3 5.4 9.79365 2.23936 5.7 9.6
2.4 5.94104 9.6 3.28167 5.7 9.6 3.3 5.7437 9.6
3.3 5.7 9.6787 2.45027 6 9.6 2.7 6.18726 9.6
2.7 6 9.81722 3 6.22844 9.6 3.37611 6 9.6
3.3 6.09312 9.6 3.3 6 9.67611 2.1 4.67234 9.9
1.89709 4.8 9.9 2.25752 4.8 9.9 2.4 4.92036 9.9
2.4 4.8 10.0996 2.7 4.97934 9.9 1.86363 5.1 9.9
2.82908 5.1 9.9 3 5.33039 9.9 2.06468 5.4 9.9
2.1 5.43665 9.9 2.1 5.4 9.96419 3.07394 5.4 9.9
3.3 5.65041 9.9 3.3 5.4 10.0476 2.31467 5.7 9.9
2.4 5.78278 9.9 2.4 5.7 10.0088 2.7 5.91722 9.9
3.34205 5.7 9.9 3.3 5.74205 9.9 3.3 5.7 10.0124
2.85545 6 9.9 3.0785 6 9.9 3 6.0785 9.9
3 6 9.9785 2.1 4.68726 10.2 2.4 4.72437 10.2
1.94104 4.8 10.2 2.47563 4.8 10.2 2.7 4.95 10.2
1.94406 5.1 10.2 2.1 5.29353 10.2 2.99286 5.1 10.2
3 5.10714 10.2 3 5.1 10.2071 3.3 5.2476 10.2
3.3 5.1 10.388 2.20647 5.4 10.2 2.4 5.57124 10.2
2.4 5.4 10.4304 3.44096 5.4 10.2 3.3 5.62725 10.2
2.66369 5.7 10.2 2.7 5.72534 10.2 2.7 5.7 10.2282
3.18245 5.7 10.2 3 5.78907 10.2 3 5.7 10.3157
2.1 4.66587 10.5 2.4 4.65 10.5 1.96064 4.8 10.5
2.1 4.8 10.6864 2.65859 4.8 10.5 2.7 4.84141 10.5
2.7 4.8 10.5429 3 4.94473 10.5 3 4.8 10.756
3.3 4.99353 10.5 2.05859 5.1 10.5 2.1 5.14294 10.5
2.1 5.1 10.5457 2.4 5.33637 10.5 3.39868 5.1 10.5
2.51679 5.4 10.5 2.7 5.49647 10.5 2.7 5.4 10.616
3 5.57092 10.5 3.44307 5.4 10.5 3.3 5.57559 10.5
2.4 4.65865 10.8 2.7 4.57387 10.8 3 4.75429 10.8
3 4.5 10.999 2.20687 4.8 10.8 2.4 4.8 11.0225
3.06919 4.8 10.8 3.3 4.90446 10.8 3.3 4.8 10.9218
3.6 4.8 10.9978 2.32982 5.1 10.8 2.4 5.16416 10.8
2.4 5.1 10.8642 2.7 5.27964 10.8 3.55859 5.1 10.8
3.6 5.1 10.8414 3.9 5.1 11.0284 2.93068 5.4 10.8
3 5.45027 10.8 3 5.4 10.8553 3.49289 5.4 10.8
3.3 5.55279 10.8 3.3 5.4 11.0402 3 4.40663 11.1
2.82348 4.5 11.1 2.7 4.57205 11.1 3.12862 4.5 11.1
3.3 4.63051 11.1 3.3 4.5 11.2127 3.6 4.7105 11.1
3.6 4.5 11.3105 2.47106 4.8 11.1 2.7 4.8 11.2922
3.75051 4.8 11.1 3.9 4.97224 11.1 3.9 4.8 11.1917
2.64429 5.1 11.1 2.7 5.15571 11.1 2.7 5.1 11.1557
3 5.25 11.1 3 5.1 11.3035 3.3 5.34973 11.1
3.6 5.36468 11.1 3.97804 5.1 11.1 3.9 5.17804 11.1
3.9 3.9 11.5974 4.2 3.9 11.5793 3 4.38726 11.4
3.3 4.32036 11.4 3.6 4.29486 11.4 3.6 4.2 11.4578
3.9 4.2 11.5413 4.2 4.2 11.5955 2.80101 4.5 11.4
3 4.5 11.624 3.8036 4.5 11.4 3.9 4.55206 11.4
3.9 4.5 11.4503 4.2 4.5 11.5386 2.8159 4.8 11.4
3 5.00353 11.4 3 4.8 11.55 3.3 4.8 11.6747
4.11856 4.8 11.4 4.2 4.8 11.4814 4.5 4.8 11.5587
3.2268 5.1 11.4 3.3 5.13598 11.4 3.3 5.1 11.436
3.6 5.25978 11.4 3.6 5.1 11.5559 4.11955 5.1 11.4
3.9 5.24022 11.4 3.9 5.1 11.6148 4.2 5.1 11.6525
4.5 5.1 11.6239 4.8 3.3 11.899 5.1 3.3 11.9234
3.9 3.78947 11.7 4.2 3.60731 11.7 4.8 3.6 11.9574
3.76593 3.9 11.7 3.6 4.03161 11.7 4.36763 3.9 11.7
4.5 3.9 11.8621 3.35963 4.2 11.7 3.3 4.25087 11.7
4.32177 4.2 11.7 4.5 4.2 11.8901 3.05087 4.5 11.7
3.3 4.77466 11.7 3.3 4.5 11.8532 3.6 4.5 11.8873
3.9 4.5 11.9105 4.44733 4.5 11.7 4.5 4.55593 11.7
4.5 4.5 11.7846 3.36826 4.8 11.7 3.6 4.8827 11.7
3.6 4.8 11.7716 3.9 5.01475 11.7 3.9 4.8 11.8316
4.2 4.8 11.8614 4.65355 4.8 11.7 4.5 4.8 11.9447
4.15557 5.1 11.7 4.2 5.11536 11.7 4.2 5.1 11.7154
4.62694 5.1 11.7 4.5 5.17611 11.7 4.5 5.1 11.7829
4.8 3.19343 12 5.1 3.22341 12 4.69012 3.3 12
4.8 3.3 12.0934 5.18067 3.3 12 5.1 3.45745 12
5.1 3.3 12.0766 3.9 3.73292 12 4.2 3.6639 12
4.73048 3.6 12 4.5 3.75 12 4.89154 3.6 12
4.8 3.65265 12 4.8 3.6 12.036 3.71322 3.9 12
3.6 4.11178 12 3.9 3.9 12.1341 4.2 3.9 12.0991
4.62411 3.9 12 4.5 3.9 12.0934 3.54407 4.2 12
3.6 4.27597 12 3.6 4.2 12.0509 3.9 4.37584 12
3.9 4.2 12.1127 4.2 4.2 12.0991 4.70998 4.2 12
4.5 4.2 12.0934 4.10359 4.5 12 4.2 4.55896 12
4.2 4.5 12.0503 4.68719 4.5 12 4.5 4.71624 12
4.5 4.5 12.1026 2.4 3.6 6.21266 2.4 3.9 6.23584
2.4 4.2 6.24034 3 2.4 6.52795 2.4 2.7 6.57394
2.7 2.7 6.45 3 2.7 6.46587 2.4 3 6.44135
2.7 3 6.43229 2.1 3.3 6.42766 2.4 3.38416 6.3
2.4 3.3 6.34141 1.8 3.6 6.52148 2.21954 3.6 6.3
2.1 3.6 6.36416 2.48734 3.6 6.3 1.8 3.9 6.50391
2.22862 3.9 6.3 2.1 3.9 6.35087 2.46416 3.9 6.3
2.4 3.9 6.42441 1.8 4.2 6.50663 2.28168 4.2 6.3
2.1 4.2 6.38278 2.45966 4.2 6.3 2.4 4.48099 6.3
2.1 4.5 6.47225 2.4 4.5 6.30496 2.4 4.8 6.55859
2.7 4.8 6.40148 3 2.32562 6.6 3.3 2.1 6.76525
3.6 2.1 6.87466 2.4 2.67394 6.6 2.814 2.4 6.6
2.7 2.44869 6.6 2.7 2.4 6.714 3.1172 2.4 6.6
3.3 2.4 6.70188 2.37394 2.7 6.6 3.17231 2.7 6.6
3 2.85512 6.6 2.11458 3 6.6 2.1 3.01458 6.6
2.8455 3 6.6 2.7 3.14289 6.6 1.93164 3.3 6.6
1.8 3.50909 6.6 2.56836 3.3 6.6 1.72389 3.6 6.6
2.40495 3.6 6.6 2.4 3.61257 6.6 1.70663 3.9 6.6
2.31677 3.9 6.6 2.4 4.00268 6.6 1.70663 4.2 6.6
1.8 4.32862 6.6 1.8 4.2 6.84913 2.52737 4.2 6.6
1.93754 4.5 6.6 2.1 4.64289 6.6 2.58726 4.5 6.6
2.7 4.61572 6.6 2.349 4.8 6.6 2.1 4.8 6.8816
2.4 4.84141 6.6 2.89266 4.8 6.6 2.7 4.99852 6.6
2.7 5.1 6.70974 3 5.1 6.84733 3.3 1.96525 6.9
3.6 2.06369 6.9 3.6 1.8 7.14213 3.9 1.8 7.06925
4.2 1.8 7.17466 2.7 2.32795 6.9 3.08581 2.1 6.9
3 2.17156 6.9 3 2.1 7.13174 3.62938 2.1 6.9
3.6 2.30387 6.9 3.9 2.1 7.05239 4.2 2.1 7.19286
2.62795 2.4 6.9 2.4 2.63584 6.9 3.58698 2.4 6.9
3.3 2.56143 6.9 2.33584 2.7 6.9 3.11808 2.7 6.9
3 2.80446 6.9 2.15087 3 6.9 2.1 3.05087 6.9
2.81274 3 6.9 2.7 3.11274 6.9 1.93782 3.3 6.9
1.8 3.55243 6.9 2.55 3.3 6.9 1.75859 3.6 6.9
1.8 3.6 6.951 2.45087 3.6 6.9 2.4 3.74172 6.9
2.4 3.6 6.96212 1.70663 3.9 6.9 1.8 4.14913 6.9
1.8 3.9 7.02862 2.34429 3.9 6.9 2.4 3.98671 6.9
1.82534 4.2 6.9 2.50781 4.2 6.9 2.4 4.2 7.02532
1.92036 4.5 6.9 2.58726 4.5 6.9 2.4 4.5 7.14373
2.7 4.61572 6.9 2.08542 4.8 6.9 2.1 4.81458 6.9
2.1 4.8 6.91627 2.4 5.0829 6.9 2.9829 4.8 6.9
2.7 4.8 7.16689 3 4.86634 6.9 2.41916 5.1 6.9
2.7 5.23782 6.9 3.05087 5.1 6.9 3 5.15087 6.9
3.6 1.75859 7.2 3.9 1.67234 7.2 4.2 1.77466 7.2
3 2.07466 7.2 3.55243 1.8 7.2 3.3 1.93782 7.2
4.22815 1.8 7.2 4.5 1.8 7.3445 2.97466 2.1 7.2
2.7 2.32389 7.2 3 2.1 7.29337 3.6 2.30093 7.2
3.9 2.24406 7.2 4.20799 2.1 7.2 4.2 2.10714 7.2
4.5 2.1 7.39905 2.62389 2.4 7.2 2.4 2.65795 7.2
3.48398 2.4 7.2 3.3 2.53164 7.2 2.35795 2.7 7.2
2.4 2.7 7.25326 3.07156 2.7 7.2 3 2.77156 7.2
3 2.7 7.32776 2.21073 3 7.2 2.1 3.14144 7.2
2.4 3 7.3766 2.75087 3 7.2 2.7 3.05087 7.2
2.7 3 7.25087 1.98418 3.3 7.2 2.1 3.3 7.31582
2.45571 3.3 7.2 2.4 3.36774 7.2 2.4 3.3 7.25571
1.94376 3.6 7.2 2.25624 3.6 7.2 2.1 3.6 7.33782
1.92441 3.9 7.2 2.25 3.9 7.2 2.1 3.9 7.33782
1.95133 4.2 7.2 2.25252 4.2 7.2 2.1 4.2 7.33413
2.02437 4.5 7.2 2.27804 4.5 7.2 2.1 4.58235 7.2
2.1 4.5 7.27563 2.4 4.61592 7.2 2.31253 4.8 7.2
2.6265 4.8 7.2 2.4 4.92249 7.2 2.4 4.8 7.28049
2.7 4.87777 7.2 3 4.93451 7.2 2.58295 5.1 7.2
2.7 5.17611 7.2 2.7 5.1 7.27611 3.12766 5.1 7.2
3 5.22766 7.2 3 5.1 7.33284 3.6 1.69219 7.5
3.9 1.65315 7.5 4.2 1.64135 7.5 4.5 1.65 7.5
3.48071 1.8 7.5 3.3 1.93782 7.5 4.69852 1.8 7.5
4.8 1.8 7.62212 2.7 2.37394 7.5 3.05087 2.1 7.5
3 2.15087 7.5 3.6 2.27964 7.5 3.9 2.19337 7.5
4.2 2.16416 7.5 4.2 2.1 7.61274 4.74913 2.1 7.5
4.5 2.19337 7.5 4.8 2.1 7.53024 5.1 2.1 7.60781
5.4 2.1 7.7105 2.67394 2.4 7.5 2.7 2.4 7.53108
3 2.61093 7.5 3.442 2.4 7.5 3.3 2.51274 7.5
5.4 2.4 7.73222 2.59241 2.7 7.5 2.85 2.7 7.5
2.7 2.78907 7.5 2.7 2.7 7.58907 3.6 1.72844 7.8
3.9 1.65 7.8 4.2 1.60781 7.8 4.5 1.59907 7.8
4.8 1.67503 7.8 3.5192 1.8 7.8 3.3 1.94096 7.8
3.6 1.8 7.95 4.2 2.00663 7.8 4.96276 1.8 7.8
5.1 1.91274 7.8 5.1 1.8 8.02403 5.4 2.0105 7.8
3.11572 2.1 7.8 3 2.3317 7.8 3.3 2.1 8.08698
3.6 2.28428 7.8 3.99337 2.1 7.8 3.9 2.15087 7.8
4.48464 2.1 7.8 4.5 2.10714 7.8 4.5 2.1 7.81536
4.8 2.25 7.8 5.1 2.33584 7.8 5.51647 2.1 7.8
2.94679 2.4 7.8 3 2.44522 7.8 3 2.4 7.84686
3.35442 2.4 7.8 3.3 2.43532 7.8 3.3 2.4 7.84071
5.25 2.4 7.8 5.47275 2.4 7.8 5.4 2.46416 7.8
5.4 2.4 7.95 3.9 1.67964 8.1 4.2 1.64135 8.1
4.5 1.62036 8.1 4.8 1.65 8.1 5.1 1.74913 8.1
3.69558 1.8 8.1 3.6 1.88581 8.1 3.9 1.8 8.33068
4.2 2.05859 8.1 4.5 2.00663 8.1 5.15087 1.8 8.1
5.1 1.8 8.25106 5.4 1.96218 8.1 3.31581 2.1 8.1
3.6 2.24022 8.1 3.6 2.1 8.24022 4.13337 2.1 8.1
3.9 2.20781 8.1 3.9 2.1 8.2601 4.64346 2.1 8.1
4.5 2.1 8.33048 4.8 2.19907 8.1 5.1 2.28418 8.1
5.57559 2.1 8.1 5.4 2.32725 8.1 4.2 1.69219 8.4
4.5 1.66218 8.4 4.8 1.68418 8.4 3.97923 1.8 8.4
4.2 2.04235 8.4 4.2 1.8 8.52532 4.5 1.8 8.61171
5.02725 1.8 8.4 4.8 1.8 8.59186 5.1 1.85027 8.4
5.4 1.97964 8.4 4.34841 2.1 8.4 4.5 2.13598 8.4
4.5 2.1 8.44147 4.8 2.19337 8.4 4.8 2.1 8.5439
5.1 2.25865 8.4 5.1 2.1 8.67466 5.54553 2.1 8.4
5.4 2.27916 8.4 5.4 2.1 8.56367 2.4 3.6 7.18947
2.4 4.2 7.11684 2.4 4.5 7.14373 2.7 4.8 7.16688
3 2.7 7.44373 2.4 3 7.45795 2.7 3 7.43697
2.4 3.57977 7.2 2.39163 3.6 7.2 2.1 3.6 7.45171
2.40714 3.6 7.2 2.4 3.63241 7.2 2.4 3.6 7.21536
2.4 4.03974 7.2 2.3359 4.2 7.2 2.45627 4.2 7.2
2.4 4.2 7.27689 2.34373 4.5 7.2 2.47689 4.5 7.2
2.4 4.55822 7.2 2.4 4.5 7.28748 2.7 4.75476 7.2
2.66689 4.8 7.2 2.738 4.8 7.2 2.7 4.8319 7.2
2.7 4.8 7.2495 3 2.64373 7.5 2.4 2.95795 7.5
2.89395 2.7 7.5 2.7 2.91751 7.5 2.7 2.7 7.64211
3.05822 2.7 7.5 3 2.76174 7.5 3 2.7 7.60605
2.35795 3 7.5 2.4 3.19157 7.5 2.4 3 7.5464
2.74571 3 7.5 2.7 3.04141 7.5 2.7 3 7.54293
2.1 3.52986 7.5 2.05795 3.6 7.5 2.17953 3.6 7.5
2.1 3.8213 7.5 2.1 3.6 7.54205 2.7 2.60419 7.8
2.60419 2.7 7.8 2.85789 2.7 7.8 2.7 2.79857 7.8
2.7 2.7 7.89581 3.6 2.1 8.33719 3.9 2.1 8.33369
3.6 2.04854 8.4 3.9 2.03584 8.4 3.5397 2.1 8.4
3.6 2.15146 8.4 3.6 2.1 8.45146 4.12879 2.1 8.4
3.9 2.17018 8.4 3.9 2.1 8.49337 4.5 2.1 8.66532
4.8 2.1 8.64373 5.1 2.1 8.68542 4.5 2.06238 8.7
4.8 2.04178 8.7 5.1 2.08542 8.7 4.35682 2.1 8.7
4.5 2.13258 8.7 4.5 2.1 8.73762 4.8 2.15956 8.7
4.8 2.1 8.76839 5.18524 2.1 8.7 5.1 2.12011 8.7
5.1 2.1 8.72207 3 3.9 6.57394 3 4.2 6.51677
3 4.5 6.55795 3.3 4.5 6.55795 3.3 4.8 6.52341
3 3.3 6.80093 2.7 3.6 6.75496 3 3.77085 6.6
3 3.6 6.661 2.93652 3.9 6.6 2.7 3.9 6.69357
3.02606 3.9 6.6 2.89509 4.2 6.6 2.7 4.2 6.75477
3.11214 4.2 6.6 3.3 4.43935 6.6 3.3 4.2 6.87679
2.95795 4.5 6.6 3 4.5464 6.6 3.34205 4.5 6.6
3.21664 4.8 6.6 3.39758 4.8 6.6 3.3 4.89758 6.6
3.6 5.1 6.65497 3 3.18398 6.9 3 3 7.17069
3.3 3 7.05385 2.88399 3.3 6.9 2.7 3.46949 6.9
2.7 3.3 7.10169 3.13017 3.3 6.9 2.58726 3.6 6.9
3.09907 3.6 6.9 2.56836 3.9 6.9 2.4 3.9 7.18542
3.11274 3.9 6.9 3.3 4.18464 6.9 2.57964 4.2 6.9
2.7 4.43271 6.9 3.31536 4.2 6.9 3.3 4.2 6.91846
2.74869 4.5 6.9 2.7 4.5 6.96729 3 4.75859 6.9
3.40781 4.5 6.9 3.04141 4.8 6.9 3 4.8 6.98249
3.48726 4.8 6.9 3.3 5.04973 6.9 3.6 4.95531 6.9
3.37923 5.1 6.9 3.3 5.1 6.97517 3.71929 5.1 6.9
3.6 5.22159 6.9 3.6 5.4 7.16976 3.9 5.4 7.06974
3 2.97658 7.2 3.3 2.86525 7.2 3.3 2.7 7.39812
3.6 2.7 7.42562 2.97566 3 7.2 2.7 3.21467 7.2
3.43164 3 7.2 3.3 3.1844 7.2 2.61012 3.3 7.2
2.4 3.3 7.48373 3.19852 3.3 7.2 2.45855 3.6 7.2
2.4 3.84779 7.2 2.4 3.6 7.30477 3.09337 3.6 7.2
3 3.6 7.33747 2.38542 3.9 7.2 2.4 3.93065 7.2
3.09907 3.9 7.2 3 3.9 7.33506 2.49296 4.2 7.2
2.4 4.2 7.4201 3.15594 4.2 7.2 3 4.2 7.42249
3.3 4.45114 7.2 2.57964 4.5 7.2 2.7 4.62036 7.2
3.34141 4.5 7.2 3.3 4.5 7.24141 2.91093 4.8 7.2
3 4.88907 7.2 3.45904 4.8 7.2 3.6 4.97559 7.2
3.18726 5.1 7.2 3.3 5.21572 7.2 3.72441 5.1 7.2
3.6 5.1 7.44558 3.9 5.27208 7.2 3.57367 5.4 7.2
3.6 5.42633 7.2 3.6 5.4 7.25114 4.03692 5.4 7.2
3.9 5.53837 7.2 3.3 2.60093 7.5 3.6 2.62795 7.5
3.19812 2.7 7.5 3 2.8555 7.5 3 2.7 7.70827
3.67438 2.7 7.5 3.6 2.77205 7.5 2.4 3.28542 7.5
2.74571 3 7.5 2.7 3.04141 7.5 2.7 3 7.55588
3.39907 3 7.5 3.3 3.09907 7.5 3.3 3 7.739
2.38542 3.3 7.5 2.4 3.3 7.52346 3.10781 3.3 7.5
3 3.45366 7.5 3 3.3 7.63974 2.30663 3.6 7.5
2.4 3.6 7.62084 2.89554 3.6 7.5 2.7 3.6 7.68419
2.30663 3.9 7.5 2.4 3.9 7.59337 2.88726 3.9 7.5
2.7 3.9 7.65 2.35795 4.2 7.5 2.4 4.24465 7.5
2.4 4.2 7.54205 2.89796 4.2 7.5 2.7 4.2 7.61274
3 4.35987 7.5 2.60205 4.5 7.5 2.7 4.60095 7.5
2.7 4.5 7.59337 3.06416 4.5 7.5 3 4.5 7.56416
3.3 4.7681 7.5 2.90965 4.8 7.5 3 4.89035 7.5
3 4.8 7.58323 3.33312 4.8 7.5 3.3 4.8 7.5319
3.27106 5.1 7.5 3.42486 5.1 7.5 3.3 5.12606 7.5
3.3 5.1 7.52606 3.9 5.28909 7.5 3.73864 5.4 7.5
4.0394 5.4 7.5 3.9 5.57404 7.5 3.9 5.4 7.60297
3 2.61093 7.8 3.3 2.55315 7.8 3.3 2.4 8.05795
3.6 2.60827 7.8 3.6 2.4 8.04733 3.9 2.4 8.04913
2.89241 2.7 7.8 2.7 2.85574 7.8 3.3 2.96519 7.8
3.70521 2.7 7.8 3.6 2.78907 7.8 3.6 2.7 8.01751
2.56805 3 7.8 2.7 3 7.92348 3.25841 3 7.8
3 3.16459 7.8 3 3 7.94376 2.62403 3.3 7.8
2.77228 3.3 7.8 2.7 3.37354 7.8 2.7 3.3 7.85087
3.3 2.35795 8.1 3.6 2.34913 8.1 3.9 2.34913 8.1
3.25041 2.4 8.1 3 2.59782 8.1 3.3 2.4 8.26763
3.6 2.56813 8.1 4.00465 2.4 8.1 3.9 2.49337 8.1
4.2 2.4 8.20878 4.5 2.4 8.30391 2.9105 2.7 8.1
3 2.80004 8.1 3 2.7 8.1895 3.549 2.7 8.1
3.3 2.83164 8.1 3.3 2.7 8.24376 3.6 2.21274 8.4
3.9 2.24022 8.4 4.2 2.2766 8.4 4.2 2.1 8.67367
4.5 2.30663 8.4 3.33421 2.4 8.4 3.6 2.56218 8.4
3.6 2.4 8.55865 3.9 2.55355 8.4 3.9 2.4 8.65429
4.2 2.53225 8.4 4.61656 2.4 8.4 4.5 2.49609 8.4
4.8 2.4 8.54289 4.2 2.07466 8.7 4.10418 2.1 8.7
4.26826 2.1 8.7 4.2 2.1 8.73177 4.5 2.17387 8.7
4.8 2.25978 8.7 4.8 2.1 8.91664 5.1 2.1 8.99286
3.96303 2.4 8.7 4.2 2.51274 8.7 4.2 2.4 8.81572
4.5 2.54685 8.7 4.5 2.4 8.88428 5.05627 2.4 8.7
4.8 2.56156 8.7 5.1 2.4 8.75442 5.4 2.4 8.97062
4.8 2.02341 9 5.1 2.09286 9 4.58056 2.1 9
4.8 2.1 9.07659 5.1125 2.1 9 5.1 2.1 9.00714
5.4 2.35763 9 4.70731 2.4 9 4.8 2.46363 9
4.8 2.4 9.06363 5.1 2.51274 9 5.1 2.4 9.11274
5.42633 2.4 9 5.4 2.42534 9 5.4 2.4 9.02534
3.3 3 6.29204 2.7 3.3 6.27466 3 3.3 6.20132
3.3 3.3 6.1974 2.7 3.6 6.2315 2.7 4.5 6.20093
3.3 4.5 6.2979 3 4.8 6.22844 3.3 2.99204 6.3
3.3 2.7 6.53637 2.7 3.27466 6.3 3.28544 3 6.3
3 3.15645 6.3 3 3 6.47977 3.31172 3 6.3
3.3 3 6.31571 3.6 3 6.4907 2.67466 3.3 6.3
3 3.57025 6.3 3 3.3 6.40148 3.4026 3.3 6.3
3.3 3.46048 6.3 2.62925 3.6 6.3 2.95374 3.6 6.3
2.7 3.77751 6.3 2.7 3.6 6.38236 2.4 3.9 6.4907
2.7 4.24852 6.3 3.3 4.41128 6.3 2.60093 4.5 6.3
2.85654 4.5 6.3 2.7 4.59907 6.3 3.29539 4.5 6.3
3 4.67718 6.3 3.3021 4.5 6.3 3.3 4.50661 6.3
3.3 4.5 6.30284 2.92844 4.8 6.3 3.15 4.8 6.3
3 4.87387 6.3 3.3 5.1 6.43498 3.3 2.63637 6.6
3.9 2.4 6.86335 3.23424 2.7 6.6 3 2.91856 6.6
3.57509 2.7 6.6 3.3 2.80595 6.6 3.6 2.71791 6.6
3.9 2.7 6.81245 2.89968 3 6.6 2.7 3.16734 6.6
3.12605 3 6.6 3 3.08144 6.6 3.46865 3 6.6
3.3 3.13151 6.6 3.7093 3 6.6 3.6 3.09035 6.6
2.59184 3.3 6.6 2.81108 3.3 6.6 2.7 3.42569 6.6
3.18086 3.3 6.6 3.42446 3.3 6.6 3.3 3.47489 6.6
2.4 3.61257 6.6 2.31677 3.9 6.6 2.48323 3.9 6.6
2.4 4.00268 6.6 2.4 3.9 6.72546 2.7 4.34956 6.6
2.60093 4.5 6.6 2.80687 4.5 6.6 2.7 4.59907 6.6
2.7 4.5 6.72718 3 4.72144 6.6 2.92795 4.8 6.6
3.07856 4.8 6.6 3 4.87856 6.6 3 4.8 6.68134
3.3 5.04407 6.6 3.24407 5.1 6.6 3.37379 5.1 6.6
3.3 5.15087 6.6 3.3 5.1 6.67007 3.9 2.36335 6.9
3.3 2.58394 6.9 3.77738 2.4 6.9 3.6 2.4 6.99246
3.95654 2.4 6.9 3.9 2.4 7.03948 4.2 2.4 7.16286
3.14068 2.7 6.9 3 2.95465 6.9 3.43487 2.7 6.9
3.3 2.82476 6.9 3.84589 2.7 6.9 3.6 2.8763 6.9
3.94829 2.7 6.9 3.9 2.75871 6.9 2.95907 3 6.9
2.7 3.17633 6.9 3.0302 3 6.9 3 3.02606 6.9
3 3 7.02915 3.48615 3 6.9 3.3 3.24188 6.9
3.73106 3 6.9 3.6 3.11053 6.9 3.6 3 7.08198
2.61093 3.3 6.9 2.78907 3.3 6.9 2.7 3.41177 6.9
2.7 3.3 7.01177 3.24913 3.3 6.9 3.35593 3.3 6.9
3.3 3.45 6.9 3.3 3.3 6.95828 3.6 2.30663 7.2
4.2 2.36634 7.2 3.49012 2.4 7.2 3.3 2.66834 7.2
3.8215 2.4 7.2 3.6 2.50988 7.2 4.09624 2.4 7.2
3.9 2.46068 7.2 4.25454 2.4 7.2 4.2 2.42718 7.2
4.2 2.4 7.27064 4.5 2.4 7.35769 3.23174 2.7 7.2
3.33166 2.7 7.2 3.3 2.72633 7.2 3.3 2.7 7.23763
3.76594 2.7 7.2 4.02792 2.7 7.2 3.9 2.81614 7.2
3.9 2.7 7.46454 3.6 2.30663 7.5 4.2 2.1 7.61274
4.5 2.27672 7.5 3.47138 2.4 7.5 3.76218 2.4 7.5
3.6 2.50095 7.5 4.33327 2.4 7.5 4.71831 2.4 7.5
4.5 2.47921 7.5 4.5 2.4 7.61403 5.1 2.4 7.76742
4.2 2.00663 7.8 3.6 2.32099 7.8 3.99337 2.1 7.8
4.48464 2.1 7.8 4.2 2.22053 7.8 4.5 2.1 7.81536
5.1 2.36742 7.8 3.50242 2.4 7.8 3.76726 2.4 7.8
3.6 2.47659 7.8 3.6 2.4 7.88336 5.02085 2.4 7.8
5.13382 2.4 7.8 5.1 2.49954 7.8 4.8 2.7 7.93877
5.1 2.7 7.93457 4.2 2.05859 8.1 4.5 2.00663 8.1
4.13697 2.1 8.1 4.2 2.17355 8.1 4.2 2.1 8.14886
4.64346 2.1 8.1 4.5 2.23385 8.1 4.5 2.1 8.30663
5.1 2.33855 8.1 4.99107 2.4 8.1 4.8 2.57652 8.1
5.30154 2.4 8.1 4.67652 2.7 8.1 4.8 2.77205 8.1
5.225 2.7 8.1 5.1 2.76952 8.1 5.4 2.7 8.31751
5.1 2.35795 8.4 5.02047 2.4 8.4 4.8 2.62047 8.4
5.16065 2.4 8.4 5.1 2.4 8.50435 5.4 2.6402 8.4
4.74406 2.7 8.4 4.8 2.74205 8.4 4.8 2.7 8.50435
5.1 2.78323 8.4 5.44141 2.7 8.4 5.4 2.74141 8.4
5.1 2.55872 8.7 5.4 2.58987 8.7 4.95872 2.7 8.7
5.1 2.76416 8.7 5.1 2.7 8.81755 5.50095 2.7 8.7
5.4 2.79337 8.7 5.4 2.7 8.96589 3 3.3 6.55429
2.7 3.9 6.55907 3 3.25429 6.6 3.3 3 6.85841
2.95859 3.3 6.6 3.04141 3.3 6.6 3 3.37388 6.6
3 3.3 6.66303 2.7 3.63832 6.6 2.67394 3.9 6.6
2.74093 3.9 6.6 2.7 3.9988 6.6 2.7 3.9 6.62606
3.3 2.96266 6.9 3.26266 3 6.9 3.33598 3 6.9
3.3 3.03598 6.9 3.3 3 6.93598 4.2 2.4 7.7612
4.2 2.36742 7.8 4.12325 2.4 7.8 4.25662 2.4 7.8
4.2 2.43258 7.8 4.2 2.4 7.87799 4.5 2.4 7.98132
4.5 2.32341 8.1 4.35087 2.4 8.1 4.63442 2.4 8.1
4.5 2.47659 8.1 4.5 2.4 8.17659 3.3 3 6.51231
3.3 2.92389 6.6 3.6 2.7 6.65475 3.20297 3 6.6
3.40826 3 6.6 3.3 3.09091 6.6 3.3 3 6.72694
3.6 2.59184 6.9 3.9 2.4 7.18099 3.47804 2.7 6.9
3.79285 2.7 6.9 3.6 2.81965 6.9 3.9 2.38542 7.2
3.88482 2.4 7.2 3.6 2.68482 7.2 3.98662 2.4 7.2
3.9 2.41701 7.2 3.9 2.4 7.31289 4.2 2.4 7.37086
3.54779 2.7 7.2 3.61701 2.7 7.2 3.6 2.71458 7.2
3.6 2.7 7.21458 4.2 2.37394 7.5 4.04128 2.4 7.5
4.26499 2.4 7.5 4.2 2.42606 7.5 4.2 2.4 7.55245
4.5 2.4 7.74074 4.8 2.4 7.75535 4.5 2.37658 7.8
4.8 2.35795 7.8 4.4524 2.4 7.8 4.5 2.42342 7.8
4.5 2.4 7.82798 4.8464 2.4 7.8 4.8 2.44205 7.8
4.8 2.4 7.9693 5.4 2.4 8.37106 5.4 2.37394 8.4
5.32228 2.4 8.4 5.42778 2.4 8.4 5.4 2.4302 8.4
5.4 2.38464 8.7 5.38209 2.4 8.7 5.41641 2.4 8.7
5.4 2.41791 8.7 5.4 2.4 8.72331 2.4 3 5.99256
2.7 3 5.89219 2.1 3.3 5.96468 2.4 3.3 5.83518
2.7 3.3 5.87934 2.1 3.6 5.86218 2.4 3.6 5.85
2.1 3.9 5.86218 2.4 3.9 5.85865 2.1 4.2 5.86218
2.4 4.2 5.88726 2.1 4.5 5.97394 2.4 4.5 5.90663
2.4 4.8 5.94373 3.3 2.4 6.22844 2.4 2.99286 6
2.7 2.8841 6 2.7 2.7 6.1445 3 2.7 6.09868
3.3 2.7 6.17234 2.39256 3 6 2.1 3.26335 6
2.92299 3 6 3 3 6.2012 2.06468 3.3 6
2.82066 3.3 6 2.7 3.45832 6 2.7 3.3 6.16361
1.95355 3.6 6 2.58726 3.6 6 2.4 3.6 6.20663
1.95 3.9 6 1.8 3.9 6.21377 2.54135 3.9 6
2.4 3.9 6.17902 1.95904 4.2 6 2.51274 4.2 6
2.4 4.2 6.17584 2.07394 4.5 6 2.1 4.52894 6
2.49609 4.5 6 2.33826 4.8 6 2.1 4.8 6.23522
2.67966 4.8 6 2.4 4.85822 6 2.7 4.8 6.00994
2.4 5.1 6.24178 2.7 5.1 6.08907 3 5.1 6.15315
3 5.4 6.17964 3.3 2.32613 6.3 3.3 2.1 6.55707
3.6 2.1 6.4766 3.9 2.1 6.49219 2.7 2.55 6.3
3.01527 2.4 6.3 3 2.40495 6.3 3.42776 2.4 6.3
3.6 2.4 6.38907 3.9 2.4 6.56647 2.50148 2.7 6.3
2.4 2.80974 6.3 2.7 2.7 6.44685 3 2.7 6.46218
3.43075 2.7 6.3 3.3 2.82766 6.3 3.3 2.7 6.45752
2.19289 3 6.3 2.1 3.10192 6.3 2.4 3 6.43782
2.7 3.15 6.3 2.7 3 6.40781 3.02606 3 6.3
3 3.02606 6.3 3 3 6.32606 1.96029 3.3 6.3
2.1 3.3 6.42766 2.46663 3.3 6.3 2.4 3.3785 6.3
2.4 3.3 6.34141 1.81744 3.6 6.3 1.8 3.61401 6.3
2.21274 3.6 6.3 2.1 3.6 6.36416 1.72341 3.9 6.3
1.8 4.08802 6.3 1.8 3.9 6.37659 2.17597 3.9 6.3
2.1 3.9 6.35087 1.90465 4.2 6.3 2.24181 4.2 6.3
2.1 4.2 6.38278 2.4 4.4886 6.3 1.9234 4.5 6.3
2.1 4.5 6.47225 2.40555 4.5 6.3 2.4 4.5 6.30496
2.7 4.69353 6.3 2.0409 4.8 6.3 2.1 4.8591 6.3
2.4 4.8 6.55859 2.82974 4.8 6.3 2.7 4.8 6.40148
3 4.92045 6.3 2.34373 5.1 6.3 2.4 5.15627 6.3
2.7 5.34913 6.3 3.16143 5.1 6.3 2.77007 5.4 6.3
3.18401 5.4 6.3 3 5.53844 6.3 3.3 5.4 6.39959
3.3 2.05859 6.6 3.6 1.97964 6.6 3.9 1.99219 6.6
3.25429 2.1 6.6 3.3 2.1 6.64294 3.6 2.1 6.86369
4.07863 2.1 6.6 4.2 2.1 6.68278 4.5 2.1 6.75
3.15 2.4 6.6 3.3 2.52718 6.6 3.3 2.4 6.69907
3.6 2.56218 6.6 3.6 2.4 6.77092 3.94495 2.4 6.6
3.9 2.43481 6.6 3.9 2.4 6.66852 2.1 4.75175 6.6
2.06402 4.8 6.6 2.23793 4.8 6.6 2.1 4.83598 6.6
2.1 4.8 6.63734 2.4 4.89337 6.6 2.7 4.99852 6.6
3 4.96218 6.6 2.3215 5.1 6.6 2.4 5.1785 6.6
2.4 5.1 6.71116 2.7 5.35248 6.6 2.7 5.1 6.70974
3.17559 5.1 6.6 3 5.1 6.84188 3.3 5.22441 6.6
2.72633 5.4 6.6 3 5.56925 6.6 3.44307 5.4 6.6
3.3 5.58071 6.6 3.6 5.4 6.89235 3.9 1.86721 6.9
4.2 1.89296 6.9 4.5 1.94685 6.9 3.62938 2.1 6.9
3.9 2.29996 6.9 3.9 2.1 7.03782 4.2 2.31677 6.9
4.2 2.1 7.1215 4.67263 2.1 6.9 4.5 2.30093 6.9
4.8 2.1 7.04181 5.1 2.1 7.1681 3 5.25106 6.9
3.3 5.13787 6.9 3.6 5.39286 6.9 2.92849 5.4 6.9
3 5.45027 6.9 3 5.4 6.95896 3.3 5.5841 6.9
3.3 5.4 7.17185 3.60744 5.4 6.9 3.6 5.4125 6.9
3.6 5.4 6.92491 4.5 1.90974 7.2 4.8 1.96456 7.2
5.1 2.0681 7.2 4.28829 2.1 7.2 4.5 2.28985 7.2
4.5 2.1 7.34096 4.8 2.29367 7.2 5.14682 2.1 7.2
5.1 2.1495 7.2 5.4 2.1 7.37622 4.8 2.07367 7.5
5.1 2.06742 7.5 5.4 2.00663 7.5 4.77367 2.1 7.5
4.8 2.13631 7.5 4.8 2.1 7.52534 5.1 2.15972 7.5
5.1 2.1 7.53258 5.50657 2.1 7.5 5.4 2.24346 7.5
5.4 2.1 7.59337 3 3.3 5.55209 3 3.6 5.52925
3 3.9 5.61677 3 3.18115 5.7 2.91266 3.3 5.7
3.15617 3.3 5.7 3 3.3 5.78734 2.83225 3.6 5.7
3.2334 3.6 5.7 3 3.6 5.92725 2.90457 3.9 5.7
2.7 3.9 5.83544 3.08579 3.9 5.7 3 4.07559 5.7
2.7 4.2 5.86456 3 4.2 5.76416 2.7 4.5 5.86218
3 4.5 5.81572 2.7 3.64205 6 3 3.66416 6
2.54135 3.9 6 2.7 3.9 6.15 3.19043 3.9 6
3 3.9 6.15 2.53906 4.2 6 2.7 4.2 6.13544
3.15 4.2 6 3 4.2 6.15 2.56218 4.5 6
2.7 4.64096 6 2.7 4.5 6.13782 3.14685 4.5 6
3 4.72613 6 3 4.5 6.14685 2.4 2.7 4.97934
2.7 2.7 5.00132 2.1 3 4.99219 2.4 2.57934 5.1
2.7 2.60132 5.1 2.1238 2.7 5.1 2.1 2.7281 5.1
2.4 2.87313 5.1 2.79868 2.7 5.1 2.7 2.80148 5.1
1.94034 3 5.1 1.8 3 5.26159 2.25966 3 5.1
2.1 3.16615 5.1 2.4 3 5.19907 1.5 3.3 5.33887
1.8 3.3 5.19337 2.1 3.3 5.19337 2.4 3.3 5.27936
1.5 3.6 5.25624 1.8 3.6 5.19337 2.1 3.6 5.26005
1.5 3.9 5.25 1.8 3.9 5.23164 1.5 4.2 5.26525
1.8 4.2 5.27486 1.5 4.5 5.36468 1.8 4.5 5.36029
2.4 2.68542 5.4 2.7 2.57532 5.4 1.8 2.91093 5.4
2.38247 2.7 5.4 2.1 2.84406 5.4 2.4 2.7 5.41753
2.83317 2.7 5.4 2.7 2.86246 5.4 1.69479 3 5.4
1.5 3.22835 5.4 1.8 3 5.49647 2.1 3 5.6058
2.58726 3 5.4 1.4409 3.3 5.4 1.5 3.3 5.53177
2.51241 3.3 5.4 2.4 3.44132 5.4 1.36836 3.6 5.4
2.26097 3.6 5.4 2.1 3.84809 5.4 1.35 3.9 5.4
1.2 3.9 5.69163 2.05795 3.9 5.4 2.1 3.9 5.44205
2.4 3.9 5.69286 1.35978 4.2 5.4 1.2 4.2 5.64407
1.95768 4.2 5.4 2.1 4.2 5.51572 2.4 4.2 5.67394
1.46468 4.5 5.4 1.5 4.53665 5.4 1.86065 4.5 5.4
1.8 4.57922 5.4 2.1 4.5 5.52441 1.5 4.8 5.57195
1.8 4.8 5.4895 2.1 4.8 5.57559 2.4 4.8 5.63048
1.8 5.1 5.58927 2.1 5.1 5.55904 2.4 5.1 5.5809
2.7 2.6681 5.7 2.66211 2.7 5.7 2.4 2.86806 5.7
2.73534 2.7 5.7 2.7 2.76559 5.7 2.7 2.7 5.7319
1.8 3.29445 5.7 2.21608 3 5.7 2.1 3.08952 5.7
2.58094 3 5.7 2.4 3 5.81775 1.78473 3.3 5.7
1.5 3.37156 5.7 1.8 3.3 5.70516 2.1 3.3 5.84685
2.4171 3.3 5.7 2.4 3.45946 5.7 2.4 3.3 5.71644
1.31582 3.6 5.7 1.2 3.8888 5.7 1.5 3.6 5.91093
2.38542 3.6 5.7 2.1 3.6 5.85 2.4 3.80309 5.7
1.19286 3.9 5.7 2.1 3.9 5.85865 2.40714 3.9 5.7
2.4 3.9 5.70714 1.14913 4.2 5.7 1.2 4.35106 5.7
2.1 4.2 5.85904 2.42606 4.2 5.7 2.4 4.25515 5.7
2.4 4.2 5.72606 1.25027 4.5 5.7 1.2 4.5 5.77923
2.30041 4.5 5.7 2.1 4.5 5.9698 2.4 4.675 5.7
1.37195 4.8 5.7 1.5 4.972 5.7 2.48066 4.8 5.7
2.4 4.8 5.80491 1.64594 5.1 5.7 1.5 5.1 5.84064
1.8 5.21073 5.7 2.1 5.29026 5.7 2.5191 5.1 5.7
2.4 5.34944 5.7 2.1 5.4 5.81198 2.4 5.4 5.73532
2.7 5.4 5.88729 1.8 3.51856 6 1.2 3.79812 6
1.66251 3.6 6 1.5 3.68907 6 1.87897 3.6 6
1.8 3.6 6.07897 1.10093 3.9 6 1.2 3.9 6.11015
1.5 3.9 6.16218 1.94022 3.9 6 1.8 3.9 6.14022
1.05315 4.2 6 1.95904 4.2 6 1.09219 4.5 6
1.2 4.6925 6 2.07394 4.5 6 2.1 4.52894 6
1.27156 4.8 6 2.2841 4.8 6 2.1 4.8 6.23522
2.4 4.91073 6 1.38726 5.1 6 1.5 5.21572 6
1.8 5.34973 6 2.5555 5.1 6 2.4 5.1 6.19852
2.7 5.2841 6 1.85896 5.4 6 1.8 5.4 6.05896
2.1 5.55 6 2.4 5.61677 6 2.4 5.4 6.2577
2.80781 5.4 6 2.7 5.57863 6 2.7 5.4 6.10781
1.2 4.05624 6.3 1.5 4.05 6.3 1.8 4.14407 6.3
1.06836 4.2 6.3 1.2 4.2 6.53788 1.85087 4.2 6.3
1.8 4.2 6.37597 1.05315 4.5 6.3 1.2 4.77367 6.3
1.92036 4.5 6.3 1.22534 4.8 6.3 1.2 4.8 6.39337
2.0409 4.8 6.3 2.1 4.86113 6.3 1.34096 5.1 6.3
1.5 5.29852 6.3 2.29852 5.1 6.3 1.61198 5.4 6.3
1.8 5.55 6.3 1.8 5.4 6.55041 2.27534 5.4 6.3
2.1 5.46174 6.3 2.1 5.4 6.40145 1.5 4.11677 6.6
1.30414 4.2 6.6 1.2 4.25087 6.6 1.61682 4.2 6.6
1.5 4.2 6.7093 1.8 4.37138 6.6 1.05 4.5 6.6
1.89337 4.5 6.6 1.14913 4.8 6.6 1.2 4.87597 6.6
2.0215 4.8 6.6 2.1 4.88829 6.6 1.31274 5.1 6.6
1.5 5.31093 6.6 1.8 5.35641 6.6 2.29413 5.1 6.6
2.1 5.29586 6.6 1.5 5.4 6.77224 1.8 5.4 6.65411
1.2 4.34685 6.9 1.5 4.32036 6.9 1.8 4.342 6.9
1.05 4.5 6.9 1.92036 4.5 6.9 1.12844 4.8 6.9
1.2 4.90266 6.9 2.07466 4.8 6.9 2.1 4.82938 6.9
2.1 4.8 7.04771 1.31274 5.1 6.9 2.26057 5.1 6.9
2.1 5.27559 6.9 1.42844 5.4 6.9 1.5 5.4808 6.9
1.96549 5.4 6.9 1.8 5.55275 6.9 1.2 4.39219 7.2
1.5 4.35865 7.2 1.8 4.37123 7.2 1.09219 4.5 7.2
1.2 4.5 7.34469 1.92877 4.5 7.2 1.8 4.5 7.36691
2.1 4.77106 7.2 1.11093 4.8 7.2 1.2 4.92367 7.2
1.5 4.8 7.47466 1.8 4.8 7.42613 2.12708 4.8 7.2
2.1 4.8 7.22606 1.31274 5.1 7.2 1.5 5.1 7.40663
1.8 5.1 7.40663 2.2158 5.1 7.2 2.1 5.23309 7.2
2.1 5.1 7.32599 1.45795 5.4 7.2 1.5 5.4464 7.2
1.5 5.4 7.2464 1.91599 5.4 7.2 1.8 5.52367 7.2
1.8 5.4 7.29173 1.5 4.4681 7.5 1.4505 4.5 7.5
1.2 4.70663 7.5 1.55464 4.5 7.5 1.5 4.66897 7.5
1.5 4.5 7.5319 1.13584 4.8 7.5 1.42403 4.8 7.5
1.2 4.87018 7.5 1.2 4.8 7.61168 2.4 3 5.00663
2.1 3.3 5.00663 2.4 3.3 5.04973 2.1 3.6 4.96836
2.1 3.9 5.02844 2.4 2.89367 5.1 3 2.7 5.29174
2.27916 3 5.1 2.1 3.17916 5.1 2.57718 3 5.1
2.4 3 5.19337 2.7 3 5.20266 3 3 5.31336
1.96213 3.3 5.1 2.1 3.3 5.19337 2.48698 3.3 5.1
2.4 3.44894 5.1 2.4 3.3 5.17544 2.7 3.3 5.19907
3 3.3 5.36402 1.85957 3.6 5.1 2.33788 3.6 5.1
2.1 3.6 5.25028 2.4 3.6 5.16984 2.7 3.6 5.25
1.86384 3.9 5.1 2.21655 3.9 5.1 2.1 4.02282 5.1
2.4 3.9 5.19907 2.7 3.9 5.29219 2.1 4.2 5.22862
2.4 4.2 5.23782 2.1 4.5 5.24469 2.4 4.5 5.26525
2.1 4.8 5.31677 2.4 4.8 5.30093 3 2.63048 5.4
2.93048 2.7 5.4 2.7 2.88726 5.4 3.06952 2.7 5.4
2.58726 3 5.4 3.06416 3 5.4 2.51241 3.3 5.4
2.4 3.44132 5.4 3.03598 3.3 5.4 3 3.3802 5.4
3 3.3 5.44662 2.26097 3.6 5.4 2.1 3.84809 5.4
2.91589 3.6 5.4 2.05795 3.9 5.4 2.1 3.9 5.44205
2.4 3.9 5.69286 2.83671 3.9 5.4 2.7 4.15763 5.4
1.95768 4.2 5.4 2.1 4.2 5.51572 2.67466 4.2 5.4
2.4 4.2 5.67394 2.7 4.2 5.42534 1.87303 4.5 5.4
2.1 4.5 5.52441 2.57468 4.5 5.4 2.7 4.5 5.50781
1.9904 4.8 5.4 2.1 4.89035 5.4 2.1 4.8 5.51682
2.51015 4.8 5.4 2.4 4.91015 5.4 2.4 4.8 5.58613
2.7 4.8 5.60041 2.7 5.1 5.61677 3 2.59184 5.7
2.88373 2.7 5.7 2.7 2.90309 5.7 3.11965 2.7 5.7
3 2.7 5.80816 2.60603 3 5.7 2.7 3 5.7895
3.04141 3 5.7 3 3.05333 5.7 3 3 5.74141
2.45961 3.3 5.7 2.4 3.54694 5.7 2.86925 3.3 5.7
2.7 3.3 5.84685 2.38542 3.6 5.7 2.4 3.80309 5.7
2.4 3.6 5.71458 2.83225 3.6 5.7 2.7 3.6 5.82036
2.40863 3.9 5.7 2.88192 3.9 5.7 2.7 3.9 5.83544
2.42606 4.2 5.7 2.4 4.25515 5.7 2.91206 4.2 5.7
2.7 4.2 5.86456 2.30041 4.5 5.7 2.4 4.675 5.7
2.4 4.5 5.82367 2.8712 4.5 5.7 2.7 4.5 5.85865
2.525 4.8 5.7 2.82367 4.8 5.7 2.7 4.8 5.98363
3 4.8 5.97533 2.60341 5.1 5.7 2.78579 5.1 5.7
2.7 5.2093 5.7 3 5.1 5.91421 3 4.78464 6
2.79337 4.8 6 2.7 4.82166 6 3.01536 4.8 6
3 4.8 6.01536 2.62844 5.1 6 2.7 5.20266 6
2.7 5.1 6.07156 3.08323 5.1 6 3 5.36065 6
3 5.1 6.08323 2.4 5.4 6.2577 2.7 5.4 6.25907
2.4 5.7 6.25071 2.7 5.7 6.18726 3 5.7 6.26674
2.4 5.34558 6.3 2.7 5.37394 6.3 2.27534 5.4 6.3
2.4 5.4 6.3423 2.7373 5.4 6.3 2.7 5.4 6.32606
3 5.65292 6.3 2.31448 5.7 6.3 2.4 5.74929 6.3
2.4 5.7 6.35104 2.7 5.81274 6.3 2.7 5.7 6.41274
3.03326 5.7 6.3 3 5.73326 6.3 3 5.7 6.33326
2.7 5.7 6.42098 3 5.7 6.44248 2.7 6 6.47092
3 6 6.51048 2.7 5.47663 6.6 3 5.56925 6.6
2.55339 5.7 6.6 2.7 5.7 6.75 3.27923 5.7 6.6
3 5.7 6.76549 2.57934 6 6.6 2.7 6.12066 6.6
2.7 6 6.72371 3.0942 6 6.6 3 6.08691 6.6
3 6 6.74232 3.6 2.4 5.30603 3.3 2.7 5.34799
3.6 2.30309 5.4 3.6 2.1 5.61012 3.9 2.1 5.56381
3.46065 2.4 5.4 3.3 2.6172 5.4 3.70218 2.4 5.4
3.6 2.50806 5.4 3.25277 2.7 5.4 3.35951 2.7 5.4
3.3 2.74723 5.4 3.3 2.7 5.45201 3.6 2.01722 5.7
3.9 1.96029 5.7 3.51294 2.1 5.7 4.05306 2.1 5.7
3.9 2.29808 5.7 4.2 2.1 5.93308 3.47186 2.4 5.7
3.77863 2.4 5.7 3.6 2.53229 5.7 3.9 2.4 5.80848
3.6 2.7 5.94486 3.6 2.06468 6 3.9 1.85855 6
4.2 1.97138 6 4.2 1.8 6.14921 3.56468 2.1 6
3.6 2.1 6.03665 4.25087 2.1 6 4.2 2.15593 6
3.47442 2.4 6 3.6 2.4 6.15 4.02908 2.4 6
3.9 2.55832 6 3.9 2.4 6.16926 3.51751 2.7 6
3.66303 2.7 6 3.6 2.74571 6 3.6 2.7 6.06303
4.2 1.73531 6.3 4.11993 1.8 6.3 3.9 2.03615 6.3
4.26685 1.8 6.3 4.2 1.8 6.38007 3.84733 2.1 6.3
3.9 2.18461 6.3 3.9 2.1 6.35593 4.31915 2.1 6.3
4.2 2.23406 6.3 4.2 2.02055 6.6 4.12982 2.1 6.6
4.3437 2.1 6.6 4.2 2.18301 6.6 4.2 2.1 6.66416
3.3 2.4 5.62235 3.3 2.7 5.54971 3.6 2.7 5.69256
3.3 3 5.55355 3.3 2.33584 5.7 3.22982 2.4 5.7
3.39798 2.4 5.7 3.3 2.4 5.78301 3.6 2.6875 5.7
3.1579 2.7 5.7 3.60714 2.7 5.7 3.6 2.70994 5.7
3.6 2.7 5.72491 3.1158 3 5.7 3 3 5.92016
3.46332 3 5.7 3.3 3.27996 5.7 3 3.3 5.82036
3.3 3.3 5.72004 3 3.6 5.93584 3.3 3.6 5.90663
3.3 2.58823 6 3.9 2.4 6.20012 3.18823 2.7 6
3 2.93577 6 3.48321 2.7 6 3.3 2.7 6.09647
3.6 2.7 6.09729 2.94957 3 6 3 3 6.05358
3.47124 3 6 3.3 3 6.18755 2.83164 3.3 6
3 3.3 6.15 3.43782 3.3 6 3.3 3.3 6.13782
2.83901 3.6 6 3 3.66416 6 3 3.6 6.06416
3.39337 3.6 6 3.3 3.71656 6 3.3 3.6 6.09337
3.9 2.26714 6.3 3.71692 2.4 6.3 3.6 2.50581 6.3
4.01416 2.4 6.3 3.9 2.56645 6.3 3.9 2.4 6.44937
3.4841 2.7 6.3 3.77809 2.7 6.3 3.6 2.99128 6.3
3.6 2.7 6.40781 2.1 4.5 8.69621 2.1 4.49499 8.7
2.09621 4.5 8.7 2.10379 4.5 8.7 2.1 4.50379 8.7
2.1 4.41065 9 2.03048 4.5 9 2.16952 4.5 9
2.1 4.56952 9 2.1 4.49453 9.3 2.09705 4.5 9.3
2.10455 4.5 9.3 2.1 4.50295 9.3 2.1 4.5 9.30644
2.4 4.5 9.84558 2.4 4.4098 9.9 2.4 4.2 10.1556
2.35627 4.5 9.9 2.43532 4.5 9.9 2.4 4.53532 9.9
2.4 4.5 10.1091 2.4 4.18464 10.2 2.38464 4.2 10.2
2.41713 4.2 10.2 2.4 4.34462 10.2 2.4 4.2 10.2171
2.7 4.2 10.3638 2.7 4.07234 10.5 2.56381 4.2 10.5
2.83972 4.2 10.5 2.7 4.3743 10.5 2.7 4.2 10.6575
3 4.2 10.6803 3 4.02765 10.8 2.86291 4.2 10.8
3.11307 4.2 10.8 3 4.33266 10.8 3 4.2 10.9197
1.8 4.5 7.48947 2.1 4.8 7.32102 2.1 5.1 7.48839
1.8 4.49286 7.5 1.79286 4.5 7.5 1.81053 4.5 7.5
1.8 4.51053 7.5 1.8 4.5 7.51536 2.1 4.65476 7.5
1.95476 4.8 7.5 2.22413 4.8 7.5 2.09368 5.1 7.5
2.10632 5.1 7.5 2.1 5.11108 7.5 2.1 4.68318 7.8
1.96218 4.8 7.8 2.18323 4.8 7.8 2.08464 5.1 7.8
2.11536 5.1 7.8 2.1 5.11536 7.8 2.1 4.67138 8.1
1.95654 4.8 8.1 2.19337 4.8 8.1 2.03584 5.1 8.1
2.16416 5.1 8.1 2.1 5.16416 8.1 2.1 4.63995 8.4
1.95865 4.8 8.4 2.25 4.8 8.4 2.04913 5.1 8.4
2.15812 5.1 8.4 2.1 5.15087 8.4 2.1 5.1 8.50517
2.7 5.7 8.6377 2.1 4.68726 8.7 1.98726 4.8 8.7
2.27138 4.8 8.7 2.1 4.98425 8.7 2.4 5.1 8.91013
2.7 5.63788 8.7 2.7 5.4 8.87468 2.64733 5.7 8.7
2.75087 5.7 8.7 2.7 5.75087 8.7 2.7 5.7 8.79733
2.1 4.75243 9 2.05859 4.8 9 2.22286 4.8 9
2.1 4.84294 9 2.1 4.8 9.10149 2.4 4.97585 9
2.4 4.8 9.0641 2.35641 5.1 9 2.44205 5.1 9
2.4 5.14205 9 2.4 5.1 9.1206 2.7 5.29219 9
2.59219 5.4 9 2.8159 5.4 9 2.7 5.57065 9
2.7 5.4 9.10781 3 5.4 9.2536 2.4 4.65 9.3
2.1808 4.8 9.3 2.53782 4.8 9.3 2.4 5.0334 9.3
3 5.35795 9.3 2.95795 5.4 9.3 3.04205 5.4 9.3
3 5.47454 9.3 2.4 4.62877 9.6 2.22098 4.8 9.6
2.5445 4.8 9.6 2.4 4.95978 9.6 3 5.35795 9.6
2.95795 5.4 9.6 3.07487 5.4 9.6 3 5.4464 9.6
3 5.4 9.70331 2.4 4.64695 9.9 2.2766 4.8 9.9
2.53844 4.8 9.9 2.4 4.92036 9.9 2.4 4.8 10.0996
2.7 4.8 10.1096 2.7 4.69685 10.2 2.7 4.5 10.3957
2.55 4.8 10.2 2.77563 4.8 10.2 2.7 4.87563 10.2
3 4.8 10.4066 2.7 4.42341 10.5 2.62341 4.5 10.5
2.81765 4.5 10.5 2.7 4.5 10.5834 3 4.66213 10.5
3 4.5 10.6517 2.65859 4.8 10.5 2.7 4.84141 10.5
2.7 4.8 10.5429 3.09337 4.8 10.5 3 4.89337 10.5
3 4.8 10.7215 3.3 4.8 10.7739 3 4.3974 10.8
2.88947 4.5 10.8 3.17837 4.5 10.8 3 4.72934 10.8
3 4.5 10.9139 3.3 4.73652 10.8 3.3 4.5 10.9112
3.6 4.5 11.0409 3.18821 4.8 10.8 3.32606 4.8 10.8
3.3 4.82606 10.8 3.3 4.8 10.8325 4.5 3.6 11.3846
4.8 3.6 11.3168 4.2 3.9 11.2918 3.3 4.36949 11.1
3.6 4.27697 11.1 3.9 4.2 11.2562 4.2 4.2 11.3013
3.17559 4.5 11.1 3.3 4.63051 11.1 3.3 4.5 11.2127
3.66721 4.5 11.1 3.6 4.58041 11.1 3.6 4.5 11.2098
3.9 4.5 11.3425 4.2 4.5 11.2869 4.5 3.58464 11.4
4.8 3.47993 11.4 4.48237 3.6 11.4 4.2 3.78156 11.4
4.5 3.7107 11.4 4.5 3.6 11.5446 4.89035 3.6 11.4
4.8 3.69337 11.4 4.00652 3.9 11.4 3.9 3.98525 11.4
4.45781 3.9 11.4 4.2 3.9 11.5257 4.5 3.9 11.4444
4.8 3.9 11.6197 3.72138 4.2 11.4 3.9 4.2 11.5316
4.31947 4.2 11.4 4.2 4.2 11.5436 4.5 4.2 11.5528
3.8036 4.5 11.4 3.9 4.55206 11.4 3.9 4.5 11.4503
4.35605 4.5 11.4 4.2 4.61606 11.4 4.2 4.5 11.5161
4.5 4.5 11.6322 4.8 3.46782 11.7 4.52139 3.6 11.7
4.5 3.62951 11.7 4.93218 3.6 11.7 4.8 3.6 11.8291
4.37862 3.9 11.7 4.5 3.9 11.8041 4.88026 3.9 11.7
4.8 3.98525 11.7 4.8 3.9 11.7803 4.32839 4.2 11.7
4.64319 4.2 11.7 4.5 4.2 11.825 4.45641 4.5 11.7
4.54761 4.5 11.7 4.5 4.54205 11.7 4.5 4.5 11.742
2.1 4.2 7.78287 2.1 4.5 7.66101 2.4 4.5 7.77069
2.4 4.8 7.55391 2.1 4.18464 7.8 2.08464 4.2 7.8
2.11791 4.2 7.8 2.1 4.2 7.86535 2.4 4.47282 7.8
1.9974 4.5 7.8 2.1 4.67253 7.8 2.42342 4.5 7.8
2.4 4.5 7.88794 2.18753 4.8 7.8 2.60105 4.8 7.8
2.4 4.97915 7.8 2.1 4.29002 8.1 2.00663 4.5 8.1
2.30663 4.5 8.1 2.1 4.65 8.1 2.1 4.5 8.25507
2.4 4.55267 8.1 2.19609 4.8 8.1 2.56169 4.8 8.1
2.4 5.00391 8.1 2.4 4.67274 8.4 2.32196 4.8 8.4
2.47156 4.8 8.4 2.4 4.89558 8.4 2.4 4.8 8.51189
2.7 5.1 7.70704 2.7 4.95048 7.8 2.60704 5.1 7.8
2.82332 5.1 7.8 2.7 5.19296 7.8 2.7 4.89691 8.1
2.55865 5.1 8.1 2.4 5.1 8.38464 2.88755 5.1 8.1
2.7 5.29353 8.1 2.7 5.4 8.20974 2.4 5.06601 8.4
2.7 4.8785 8.4 2.38464 5.1 8.4 2.4 5.14039 8.4
2.86218 5.1 8.4 2.48695 5.4 8.4 2.89026 5.4 8.4
2.7 5.53782 8.4 2.4 4.95987 8.7 2.7 4.93346 8.7
2.33584 5.1 8.7 2.4 5.16631 8.7 2.4 5.1 8.77018
2.84135 5.1 8.7 2.57195 5.4 8.7 2.82805 5.4 8.7
2.7 5.52497 8.7 2.7 5.4 8.86276 2.7 5.01715 9
2.61715 5.1 9 2.77611 5.1 9 2.7 5.20826 9
2.7 5.1 9.07611 2.4 5.4 7.13935 2.4 5.20256 7.2
2.4 5.1 7.22534 2.7 5.1 7.44212 2.35795 5.4 7.2
2.46392 5.4 7.2 2.4 5.4464 7.2 2.4 4.95644 7.5
2.7 5.05243 7.5 2.23515 5.1 7.5 2.74141 5.1 7.5
2.7 5.15788 7.5 2.7 5.1 7.57388 2.30663 5.4 7.5
2.52084 5.4 7.5 2.4 5.50095 7.5 2.4 4.97915 7.8
2.27587 5.1 7.8 2.56858 5.1 7.8 2.31933 5.4 7.8
2.54206 5.4 7.8 2.4 5.47659 7.8 2.4 5.00663 8.1
2.30663 5.1 8.1 2.50095 5.1 8.1 2.4 5.1 8.22862
2.31677 5.4 8.1 2.59841 5.4 8.1 2.4 5.48323 8.1
2.4 5.4 8.20519 2.7 5.4 7.17394 2.7 5.37394 7.2
2.67394 5.4 7.2 2.77038 5.4 7.2 2.7 5.4302 7.2
3 5.4 7.3159 2.7 5.26771 7.5 3 5.26983 7.5
2.59219 5.4 7.5 2.7 5.55 7.5 2.7 5.4 7.69419
3.09907 5.4 7.5 3 5.56159 7.5 3 5.7 7.62333
3 5.22578 7.8 2.77663 5.4 7.8 3.21059 5.4 7.8
2.88081 5.7 7.8 3.13343 5.7 7.8 3 5.81308 7.8
3 5.27234 8.1 2.85378 5.4 8.1 3.22601 5.4 8.1
2.89554 5.7 8.1 3.28691 5.7 8.1 3 5.81038 8.1
3.3 5.7 8.1125 3 5.3681 8.4 2.9681 5.4 8.4
3.11414 5.4 8.4 3 5.4 8.43534 3.3 5.47702 8.4
2.82775 5.7 8.4 3 5.90827 8.4 3.4159 5.7 8.4
3.3 5.87115 8.4 3 6 8.51149 3 5.57902 8.7
3.3 5.57124 8.7 2.88726 5.7 8.7 3 5.7 8.90663
3.47368 5.7 8.7 3.3 5.86731 8.7 2.87503 6 8.7
3.172 6 8.7 3 6.12497 8.7 3 6 8.83346
3.3 5.67466 9 3.22403 5.7 9 3.32534 5.7 9
3.3 5.72534 9 3.3 5.65795 9.3 3.25641 5.7 9.3
3.3464 5.7 9.3 3.3 5.74205 9.3 3.3 5.7 9.35891
2.7 5.7 7.50449 2.7 5.47634 7.8 2.55644 5.7 7.8
2.85222 5.7 7.8 2.7 5.88115 7.8 2.7 5.50734 8.1
2.55315 5.7 8.1 2.89266 5.7 8.1 2.7 5.9829 8.1
2.7 5.7 8.26143 3.3 5.4 7.18373 3.3 5.38542 7.2
3.25704 5.4 7.2 3.31753 5.4 7.2 3.3 5.43523 7.2
3.6 5.4 7.39411 3.3 5.25865 7.5 3.6 5.30704 7.5
3.13317 5.4 7.5 3.3 5.57902 7.5 3.3 5.4 7.65978
3.72007 5.4 7.5 3.6 5.56171 7.5 3.6 5.4 7.64952
2.1 3.9 7.71677 2.4 3.9 7.70132 2.4 4.2 7.66587
2.4 3.3 7.93309 2.1 3.74944 7.8 2.4 3.70708 7.8
2.4 3.6 7.86416 2.01677 3.9 7.8 2.1 3.99337 7.8
2.49868 3.9 7.8 2.25372 4.2 7.8 2.55512 4.2 7.8
2.4 4.47156 7.8 2.7 4.2 8.02708 2.4 4.5 7.88794
3 2.7 8.32844 2.4 3.142 8.1 2.7 3 8.10516
3 3 8.35795 2.27123 3.3 8.1 2.52877 3.3 8.1
2.7 3.3 8.31462 2.18323 3.6 8.1 2.1 3.73782 8.1
2.55865 3.6 8.1 2.7 3.6 8.31462 2.00663 3.9 8.1
2.1 4.05507 8.1 2.1 3.9 8.3215 2.58418 3.9 8.1
2.7 4.11651 8.1 2.7 3.9 8.30025 2.19173 4.2 8.1
2.75855 4.2 8.1 2.7 4.36286 8.1 2.34913 4.5 8.1
2.55 4.5 8.1 2.4 4.55087 8.1 3 2.62844 8.4
2.85925 2.7 8.4 2.7 2.78096 8.4 3.07156 2.7 8.4
3.3 2.7 8.56836 2.53475 3 8.4 2.4 3.16949 8.4
3.04205 3 8.4 3 3.04205 8.4 2.28726 3.3 8.4
2.7785 3.3 8.4 2.20781 3.6 8.4 2.7785 3.6 8.4
3 3.6 8.68542 2.14141 3.9 8.4 2.77156 3.9 8.4
2.16416 4.2 8.4 2.81744 4.2 8.4 2.7 4.41083 8.4
2.3105 4.5 8.4 2.58294 4.5 8.4 2.4 4.5895 8.4
2.7 4.5 8.46416 3 2.5445 8.7 3.3 2.49831 8.7
3.3 2.4 8.89535 3.6 2.4 8.98542 2.83857 2.7 8.7
2.7 2.84406 8.7 3.44022 2.7 8.7 3.3 2.99369 8.7
3.6 2.7 8.85355 2.5555 3 8.7 2.4 3.20391 8.7
3.29369 3 8.7 3 3.27929 8.7 3.3 3 8.70692
3.6 3 8.9979 2.30663 3.3 8.7 2.98356 3.3 8.7
3 3.45946 8.7 3 3.3 8.71644 3.3 3.3 8.98464
2.22036 3.6 8.7 3.01458 3.6 8.7 3 3.62003 8.7
2.19337 3.9 8.7 2.87503 3.9 8.7 3 3.9 8.85477
2.19337 4.2 8.7 2.86836 4.2 8.7 3 4.2 8.86949
2.28726 4.5 8.7 2.4 4.61572 8.7 2.91093 4.5 8.7
2.7 4.66836 8.7 3 4.5 8.82367 2.7 4.8 8.97929
3.3 2.34913 9 3.6 2.38542 9 3.24913 2.4 9
3 2.56218 9 3.3 2.4 9.13626 3.61627 2.4 9
3.9 2.4 9.20965 2.86218 2.7 9 2.7 2.87964 9
3.80041 2.7 9 3.9 2.7 9.08907 4.2 2.7 9.24145
2.57964 3 9 2.4 3.24913 9 3.60255 3 9
3.6 3.0021 9 3.9 3 9.15385 2.34913 3.3 9
2.4 3.3 9.10966 3.31536 3.3 9 3.3 3.32975 9
3.6 3.3 9.19219 2.23475 3.6 9 3.19852 3.6 9
3.3 3.6 9.11198 2.19337 3.9 9 3.1234 3.9 9
3.3 3.9 9.21467 2.19907 4.2 9 3.11274 4.2 9
3.3 4.2 9.28464 2.28726 4.5 9 2.4 4.642 9
3.11274 4.5 9 3 4.67138 9 2.67611 4.8 9
2.73411 4.8 9 2.7 4.81756 9 3 4.8 9.09337
3.3 4.8 9.13724 2.7 5.1 9.28359 3 5.1 9.24609
3.6 2.30663 9.3 3.9 2.31677 9.3 3 2.59554 9.3
3.40557 2.4 9.3 3.3 2.4591 9.3 3.99543 2.4 9.3
4.2 2.63173 9.3 4.2 2.4 9.47326 2.89554 2.7 9.3
2.7 2.88726 9.3 4.25855 2.7 9.3 4.2 2.91732 9.3
4.5 2.7 9.49554 2.58726 3 9.3 4.16834 3 9.3
3.9 3.16156 9.3 4.2 3 9.32534 4.5 3 9.45865
2.4785 3.3 9.3 2.4 3.39357 9.3 3.73671 3.3 9.3
3.6 3.50271 9.3 3.9 3.3 9.4234 4.2 3.3 9.47964
4.5 3.3 9.54913 2.26525 3.6 9.3 3.52606 3.6 9.3
3.6 3.6 9.36576 3.9 3.6 9.48927 2.19907 3.9 9.3
3.38533 3.9 9.3 3.6 3.9 9.4766 2.2234 4.2 9.3
3.31536 4.2 9.3 3.3 4.26341 9.3 3.6 4.2 9.49554
2.30093 4.5 9.3 2.4 4.61015 9.3 3.24973 4.5 9.3
3.3 4.56598 9.3 3.3 4.5 9.35027 3.6 4.5 9.5215
2.53782 4.8 9.3 3.42497 4.8 9.3 3.3 4.97788 9.3
2.68464 5.1 9.3 2.7 5.11536 9.3 2.7 5.1 9.44462
3.08822 5.1 9.3 3 5.15087 9.3 3.6 2.30663 9.6
3.9 2.25644 9.6 4.2 2.28726 9.6 3 2.6215 9.6
3.43187 2.4 9.6 3.3 2.4785 9.6 4.33308 2.4 9.6
4.5 2.57571 9.6 4.5 2.4 9.7815 2.9215 2.7 9.6
2.7 2.94429 9.6 3 2.7 9.8246 4.60446 2.7 9.6
2.64429 3 9.6 2.7 3 9.68975 4.65355 3 9.6
4.8 3 9.80711 2.53164 3.3 9.6 2.4 3.49012 9.6
4.2 3.49122 9.6 4.55812 3.3 9.6 4.5 3.35087 9.6
4.8 3.3 9.77559 2.30663 3.6 9.6 2.4 3.6 9.80754
4.07863 3.6 9.6 3.9 3.81994 9.6 4.2 3.6 9.68279
4.5 3.6 9.77532 4.8 3.6 9.87466 2.26218 3.9 9.6
3.82993 3.9 9.6 3.9 3.9 9.65087 4.2 3.9 9.73782
4.5 3.9 9.81093 2.28418 4.2 9.6 3.74634 4.2 9.6
3.9 4.2 9.70781 4.2 4.2 9.75 4.5 4.2 9.82844
2.33584 4.5 9.6 2.4 4.56416 9.6 2.4 4.5 9.70708
3.71116 4.5 9.6 3.6 4.74215 9.6 3.9 4.5 9.71274
4.2 4.5 9.75315 2.55315 4.8 9.6 2.7 5.0829 9.6
3.57658 4.8 9.6 3.3 5.00459 9.6 3.6 4.8 9.62931
2.73411 5.1 9.6 3.14764 5.1 9.6 3 5.19337 9.6
3.3 5.1 9.80065 3.6 2.30663 9.9 3.9 2.28418 9.9
4.2 2.25315 9.9 4.5 2.30093 9.9 3.47916 2.4 9.9
3.3 2.52036 9.9 4.59907 2.4 9.9 3.0319 2.7 9.9
3 2.7319 9.9 4.72844 2.7 9.9 4.8 2.83534 9.9
4.8 2.7 9.98916 2.80446 3 9.9 2.7 3.11808 9.9
4.88278 3 9.9 2.56456 3.3 9.9 4.91274 3.3 9.9
2.45027 3.6 9.9 2.4 3.69246 9.9 4.82534 3.6 9.9
4.8 3.62815 9.9 2.30663 3.9 9.9 2.4 3.9 10.0041
4.59647 3.9 9.9 4.8 3.9 10.0995 2.35859 4.2 9.9
2.4 4.27388 9.9 2.4 4.2 9.94293 4.57156 4.2 9.9
4.5 4.3359 9.9 2.49868 4.5 9.9 3.9 4.77466 9.9
4.41513 4.5 9.9 4.2 4.66143 9.9 4.5 4.5 9.9924
2.56836 4.8 9.9 2.7 4.94615 9.9 2.7 4.8 10.1096
3.86834 4.8 9.9 3.6 4.93475 9.9 3.9 4.8 9.92534
4.2 4.8 10.0609 2.89367 5.1 9.9 3 5.19337 9.9
3 5.1 10.1892 3.35822 5.1 9.9 3.3 5.15627 9.9
3.6 2.3681 10.2 3.9 2.30663 10.2 4.2 2.29219 10.2
4.5 2.30663 10.2 3.56688 2.4 10.2 3.3 2.55 10.2
3.6 2.4 10.2331 3.9 2.4 10.3718 4.67784 2.4 10.2
4.8 2.48859 10.2 3.1234 2.7 10.2 3 2.83462 10.2
3.3 2.7 10.4737 4.92766 2.7 10.2 2.86143 3 10.2
2.7 3.24794 10.2 3 3 10.4123 4.96836 3 10.2
5.1 3 10.4226 2.64973 3.3 10.2 2.7 3.3 10.2553
4.97532 3.3 10.2 5.1 3.3 10.417 2.55 3.6 10.2
2.7 3.6 10.3843 4.95 3.6 10.2 2.53782 3.9 10.2
2.7 3.9 10.4109 4.89296 3.9 10.2 4.8 4.02815 10.2
2.5555 4.2 10.2 2.7 4.2 10.3598 4.68726 4.2 10.2
4.8 4.2 10.3973 2.58726 4.5 10.2 2.7 4.69233 10.2
2.7 4.5 10.3157 4.63782 4.5 10.2 4.5 4.72783 10.2
2.77563 4.8 10.2 3 5.09505 10.2 3 4.8 10.3974
3.6 5.09505 10.2 3.9 4.97503 10.2 4.41762 4.8 10.2
4.2 4.93317 10.2 3.01075 5.1 10.2 3.58925 5.1 10.2
3.3 5.19337 10.2 3.3 5.1 10.3238 4.2 2.31677 10.5
4.5 2.30663 10.5 3.6 2.54685 10.5 4.04024 2.4 10.5
3.9 2.47563 10.5 4.2 2.4 10.5934 4.6633 2.4 10.5
4.5 2.4 10.6041 4.8 2.48233 10.5 3.32534 2.7 10.5
3.3 2.72534 10.5 4.95865 2.7 10.5 5.1 2.92982 10.5
3.07611 3 10.5 3 3.09703 10.5 3.3 3 10.7929
5.16416 3 10.5 2.86683 3.3 10.5 3 3.3 10.6545
5.16416 3.3 10.5 5.1 3.38638 10.5 2.81274 3.6 10.5
3 3.6 10.6873 4.97934 3.6 10.5 5.1 3.6 10.691
2.78907 3.9 10.5 3 3.9 10.6796 4.96218 3.9 10.5
2.84376 4.2 10.5 3 4.2 10.65 4.87156 4.2 10.5
4.8 4.27156 10.5 4.8 4.2 10.6075 2.89852 4.5 10.5
3 4.64561 10.5 3 4.5 10.6015 4.58907 4.5 10.5
4.5 4.59959 10.5 4.5 4.5 10.5996 3.11053 4.8 10.5
3.3 4.97422 10.5 3.3 4.8 10.6841 3.6 5.00132 10.5
3.9 4.95315 10.5 4.34376 4.8 10.5 4.2 4.93164 10.5
4.2 4.8 10.7604 3.6 2.6315 10.8 3.9 2.55315 10.8
4.2 2.53782 10.8 4.5 2.53782 10.8 4.8 2.56456 10.8
3.52925 2.7 10.8 3.6 2.7 10.8708 3.9 2.7 11.0496
4.94406 2.7 10.8 4.8 2.7 11.0128 5.1 2.89905 10.8
3.30714 3 10.8 3.3 3.01053 10.8 3.6 3 11.0647
5.19337 3 10.8 5.1 3 11.0316 3.15 3.3 10.8
3.3 3.3 10.9288 5.19337 3.3 10.8 3.13051 3.6 10.8
3.3 3.6 10.9438 5.18323 3.6 10.8 5.1 3.78527 10.8
3.158 3.9 10.8 3.3 3.9 10.9157 3.6 3.9 11.0747
5.04237 3.9 10.8 4.8 4.09219 10.8 3.17559 4.2 10.8
3.3 4.2 10.9127 3.6 4.2 11.0491 4.65531 4.2 10.8
4.5 4.32441 10.8 4.5 4.2 11.0601 3.21904 4.5 10.8
3.3 4.61616 10.8 3.3 4.5 10.8785 3.6 4.5 11.0409
4.33668 4.5 10.8 4.2 4.757 10.8 3.42159 4.8 10.8
3.6 4.93544 10.8 3.6 4.8 10.9565 4.1681 4.8 10.8
3.9 4.95 10.8 3.9 4.8 11.0658 4.2 2.57503 11.1
4.5 2.56836 11.1 3.96403 2.7 11.1 3.9 2.7557 11.1
4.2 2.7 11.225 4.70963 2.7 11.1 4.5 2.7 11.2316
4.8 2.77563 11.1 3.64071 3 11.1 3.6 3.11857 11.1
3.9 3 11.2378 4.2 3 11.25 4.5 3 11.25
5.06468 3 11.1 4.8 3 11.25 5.1 3.06839 11.1
3.54407 3.3 11.1 3.6 3.3 11.1509 3.9 3.3 11.2378
4.2 3.3 11.25 4.5 3.3 11.2622 4.8 3.3 11.2532
5.19337 3.3 11.1 5.1 3.3 11.1934 3.54188 3.6 11.1
3.6 3.80663 11.1 3.6 3.6 11.1509 3.9 3.6 11.2378
4.2 3.6 11.2532 4.5 3.6 11.3066 4.8 3.6 11.3009
5.19337 3.6 11.1 5.1 3.72862 11.1 5.1 3.6 11.2066
3.62938 3.9 11.1 3.9 3.9 11.2378 4.2 3.9 11.2684
4.5 4.17466 11.1 4.5 3.9 11.2684 4.94469 3.9 11.1
4.8 4.01073 11.1 4.8 3.9 11.2107 3.65812 4.2 11.1
3.9 4.2 11.2378 4.47466 4.2 11.1 4.2 4.2 11.2553
3.66721 4.5 11.1 3.9 4.76054 11.1 3.9 4.5 11.2378
4.29907 4.5 11.1 4.2 4.61239 11.1 4.2 4.5 11.2038
5.1 4.5 10.4066 4.5 4.8 10.3535 4.8 4.8 10.3873
5.1 4.8 10.4168 3.6 5.1 10.3903 3.9 5.1 10.3234
4.2 5.1 10.3413 4.5 5.1 10.3468 4.8 5.1 10.3922
3.6 5.4 10.3331 3.9 5.4 10.3436 4.2 5.4 10.3462
4.5 5.4 10.3955 4.8 4.2 10.6633 5.1 4.26839 10.5
5.1 4.2 10.5353 4.5 4.59959 10.5 4.5 4.5 10.6757
5.00391 4.5 10.5 4.8 4.68428 10.5 5.26813 4.5 10.5
5.4 4.5 10.5971 3.6 5.00132 10.5 3.9 4.95315 10.5
4.34376 4.8 10.5 4.2 4.93164 10.5 4.2 4.8 10.7604
5.2093 4.8 10.5 5.1 5.0147 10.5 5.4 4.8 10.6323
3.49002 5.1 10.5 5.03585 5.1 10.5 4.8 5.25 10.5
5.1 5.1 10.5397 5.4 5.1 10.7491 3.46782 5.4 10.5
3.6 5.54739 10.5 3.6 5.4 10.6819 3.9 5.60663 10.5
4.2 5.5841 10.5 4.64634 5.4 10.5 4.5 5.5158 10.5
4.8 5.4 10.6078 5.1 5.4 10.758 4.8 4.09219 10.8
5.1 3.99296 10.8 5.1 3.9 10.9495 4.65531 4.2 10.8
4.5 4.4005 10.8 4.5 4.2 11.0765 4.8 4.41994 10.8
5.34973 4.2 10.8 5.4 4.26411 10.8 5.4 4.2 10.9489
4.41125 4.5 10.8 4.2 4.757 10.8 4.67821 4.5 10.8
4.5 4.5 10.9194 4.85087 4.5 10.8 4.8 4.55087 10.8
4.8 4.5 10.8735 5.52766 4.5 10.8 3.6 5.05859 10.8
4.1681 4.8 10.8 3.9 4.95 10.8 5.54307 4.8 10.8
3.55859 5.1 10.8 3.6 5.17388 10.8 3.6 5.1 10.8414
3.9 5.1 11.0215 5.45087 5.1 10.8 5.4 5.15087 10.8
3.70647 5.4 10.8 3.9 5.57587 10.8 3.9 5.4 10.9742
4.2 5.60663 10.8 4.5 5.60663 10.8 4.8 5.57964 10.8
5.14205 5.4 10.8 5.1 5.44205 10.8 5.1 3.80663 11.1
4.5 4.18542 11.1 4.96615 3.9 11.1 4.8 4.01073 11.1
4.8 3.9 11.2229 5.20414 3.9 11.1 5.4 4.14188 11.1
4.48542 4.2 11.1 4.5 4.23047 11.1 5.45087 4.2 11.1
5.4 4.2 11.183 4.2 4.62254 11.1 4.62544 4.5 11.1
4.5 4.59337 11.1 5.54135 4.5 11.1 5.4 4.5 11.3817
4.03689 4.8 11.1 4.2 4.8 11.237 5.55865 4.8 11.1
3.98829 5.1 11.1 4.2 5.1 11.25 5.55711 5.1 11.1
5.4 5.24376 11.1 4.1402 5.4 11.1 4.2 5.44141 11.1
4.2 5.4 11.1414 4.5 5.52877 11.1 4.5 5.4 11.2288
4.8 5.51572 11.1 4.8 5.4 11.2244 5.15812 5.4 11.1
5.1 5.45087 11.1 5.1 5.4 11.1559 4.8 3.76064 11.4
5.1 3.75415 11.4 4.5404 3.9 11.4 4.5 4.11338 11.4
4.8 3.9 11.5427 5.22371 3.9 11.4 5.1 3.9 11.5237
4.47484 4.2 11.4 4.5 4.21518 11.4 4.5 4.2 11.4146
4.8 4.2 11.5654 5.28755 4.2 11.4 5.1 4.2 11.5641
4.66525 4.5 11.4 4.5 4.71421 11.4 4.8 4.5 11.5402
5.38356 4.5 11.4 5.1 4.5 11.5532 5.4 4.53935 11.4
4.40663 4.8 11.4 4.5 4.8 11.4832 4.8 4.8 11.55
5.1 4.8 11.5378 5.48579 4.8 11.4 5.4 4.8 11.4832
4.42725 5.1 11.4 4.5 5.17018 11.4 4.5 5.1 11.4642
4.8 5.21385 11.4 4.8 5.1 11.5026 5.1 5.23995 11.4
5.1 5.1 11.5314 5.47856 5.1 11.4 5.4 5.17205 11.4
5.4 5.1 11.4721 3.9 6.3 9.58464 3.3 6 9.73782
3.6 6 9.71929 3.9 6.27533 9.6 3.9 6 9.77138
4.2 6 9.77138 4.5 6 9.82099 3.85557 6.3 9.6
3.6 6.3 9.70204 3.94443 6.3 9.6 3.9 6.31536 9.6
4.2 6.3 9.69498 3.3 5.80781 9.9 3.3 5.7 10.1875
3.6 5.85693 9.9 3.9 5.90663 9.9 4.2 5.90663 9.9
4.5 5.92341 9.9 3.15 6 9.9 3.3 6.16836 9.9
4.58336 6 9.9 4.5 6.28008 9.9 4.8 6 10.099
3.46949 6.3 9.9 3.6 6.41274 9.9 3.9 6.45 9.9
4.48947 6.3 9.9 4.2 6.42036 9.9 4.5 6.3 9.91536
3.3 5.69286 10.2 3.29201 5.7 10.2 3.30714 5.7 10.2
3.6 5.86456 10.2 3.9 5.90663 10.2 4.2 5.90663 10.2
4.5 5.87234 10.2 4.8 5.90663 10.2 3.13782 6 10.2
3.3 6.16218 10.2 4.90633 6 10.2 4.8 6.15457 10.2
5.1 6 10.3654 3.4842 6.3 10.2 3.6 6.40446 10.2
3.9 6.45 10.2 4.2 6.43782 10.2 4.65457 6.3 10.2
4.5 6.39337 10.2 3.3 5.61677 10.5 3.21421 5.7 10.5
3.409 5.7 10.5 3.6 5.82066 10.5 3.6 5.7 10.6636
3.9 5.8555 10.5 4.2 5.86218 10.5 4.5 5.85 10.5
4.8 5.81274 10.5 5.1 5.85 10.5 5.1 5.7 10.7299
5.4 5.7 10.7929 3.22437 6 10.5 3.3 6.07803 10.5
3.3 6 10.5872 4.8 6.20663 10.5 5.22036 6 10.5
5.1 6.13225 10.5 3.57367 6.3 10.5 3.6 6.32534 10.5
3.6 6.3 10.5302 3.9 6.43164 10.5 3.9 6.3 10.7386
4.2 6.42766 10.5 4.63782 6.3 10.5 4.5 6.38323 10.5
4.5 6.3 10.65 3.3 5.67062 10.8 3.6 5.5841 10.8
3.6 5.4 11.092 5.1 5.64913 10.8 5.4 5.69006 10.8
5.4 5.4 10.9882 5.7 5.4 11.0491 3.27466 5.7 10.8
3.3 5.73024 10.8 3.3 5.7 10.8302 3.80271 5.7 10.8
3.9 5.76363 10.8 3.9 5.7 10.8739 4.2 5.82497 10.8
4.2 5.7 10.9775 4.5 5.82036 10.8 4.5 5.7 11.0299
4.99585 5.7 10.8 4.8 5.78323 10.8 4.8 5.7 10.9378
5.40714 5.7 10.8 5.4 5.71421 10.8 3.44406 6 10.8
3.6 6.15594 10.8 3.6 6 10.9665 3.9 6.24973 10.8
4.5 6.21677 10.8 4.8 6.18726 10.8 5.30132 6 10.8
5.1 6.15315 10.8 4.04894 6.3 10.8 4.30414 6.3 10.8
4.2 6.35087 10.8 4.2 6.3 10.8559 3.6 5.39286 11.1
5.4 5.30041 11.1 5.7 5.31178 11.1 3.59201 5.4 11.1
3.61421 5.4 11.1 3.6 5.4 11.1117 3.9 5.51198 11.1
3.9 5.4 11.2264 4.2 5.59812 11.1 4.2 5.4 11.2766
4.5 5.64913 11.1 4.5 5.4 11.3409 4.8 5.60663 11.1
5.30827 5.4 11.1 5.1 5.5766 11.1 5.75087 5.4 11.1
5.7 5.47007 11.1 5.7 5.4 11.1934 3.45645 5.7 11.1
3.6 5.8542 11.1 3.6 5.7 11.2322 3.9 5.7 11.341
5.5766 5.7 11.1 5.4 5.86143 11.1 5.4 5.7 11.3848
3.7956 6 11.1 3.9 6.08278 11.1 3.9 6 11.1828
4.2 6.14406 11.1 4.2 6 11.2441 4.5 6.1445 11.1
4.5 6 11.2535 4.8 6.13164 11.1 4.8 6 11.2438
5.22674 6 11.1 5.1 6.11274 11.1 5.1 6 11.221
3.9 5.27092 11.4 4.2 5.26775 11.4 4.5 5.33887 11.4
5.4 5.22159 11.4 3.74132 5.4 11.4 3.9 5.63091 11.4
3.9 5.4 11.5237 4.2 5.4 11.55 4.62273 5.4 11.4
4.5 5.4 11.5637 4.8 5.49734 11.4 4.8 5.4 11.5903
5.14886 5.4 11.4 5.1 5.451 11.4 5.1 5.4 11.5621
5.59367 5.4 11.4 5.4 5.68247 11.4 5.4 5.4 11.5819
3.98211 5.7 11.4 4.2 5.81245 11.4 4.2 5.7 11.5045
4.5 5.85 11.4 4.5 5.7 11.5378 4.8 5.83943 11.4
4.8 5.7 11.5394 5.3816 5.7 11.4 5.1 5.84022 11.4
5.1 5.7 11.5438 4.8 5.33308 11.7 5.1 5.36402 11.7
4.65 5.4 11.7 4.8 5.45812 11.7 4.8 5.4 11.7509
5.16098 5.4 11.7 5.1 5.44147 11.7 5.1 5.4 11.736
5.4 2.4 9.47138 5.7 2.4 9.57106 5.1 2.7 9.46925
5.4 2.7 9.49353 5.4 2.30663 9.6 5.7 2.37394 9.6
5.27138 2.4 9.6 5.1 2.53451 9.6 5.4 2.4 9.80754
5.72606 2.4 9.6 5.7 2.43356 9.6 5.7 2.4 9.63254
4.97234 2.7 9.6 5.1 2.85752 9.6 5.51808 2.7 9.6
5.4 2.80148 9.6 5.1 3 9.76329 5.1 2.56246 9.9
5.4 2.45529 9.9 4.98726 2.7 9.9 5.1 2.7 10.05
5.57868 2.7 9.9 5.4 2.85355 9.9 4.97816 3 9.9
5.21929 3 9.9 5.1 3.10781 9.9 5.4 2.56218 10.2
5.22441 2.7 10.2 5.1 2.88318 10.2 5.5842 2.7 10.2
5.4 2.86302 10.2 5.4 2.7 10.3565 5.01677 3 10.2
5.20491 3 10.2 5.1 3.08323 10.2 5.1 3 10.2904
5.7 3.3 10.7234 5.7 3.21664 10.8 5.62341 3.3 10.8
5.77659 3.3 10.8 5.7 3.37659 10.8 5.7 3.3 10.8766
3.3 5.1 7.70663 3.6 5.4 7.74373 3.9 5.4 7.71677
3.9 5.7 7.73531 2.7 4.5 8.04913 2.7 4.8 8.00838
3 4.8 8.03961 3.3 4.98987 7.8 3.07572 5.1 7.8
3 5.1 7.86664 3.46274 5.1 7.8 3.3 5.31803 7.8
3.6 5.28682 7.8 3.9 5.30663 7.8 3.42717 5.4 7.8
3.3 5.4 7.92359 3.6 5.46859 7.8 4.00519 5.4 7.8
3.82174 5.7 7.8 3.6 5.7 7.94348 3.99404 5.7 7.8
3.9 5.76469 7.8 2.7 4.44913 8.1 2.64913 4.5 8.1
2.80465 4.5 8.1 3 4.6856 8.1 3 4.5 8.24181
2.6409 4.8 8.1 2.7 4.8591 8.1 3.24062 4.8 8.1
3.3 4.81644 8.1 3.3 4.8 8.12635 2.89554 5.1 8.1
3 5.2158 8.1 3.5409 5.1 8.1 3.6 5.1591 8.1
3.9 5.28428 8.1 3.2334 5.4 8.1 3.3 5.4666 8.1
4.02098 5.4 8.1 3.9 5.4 8.32403 3.45 5.7 8.1
3.6 5.84645 8.1 4.10663 5.7 8.1 3.9 5.9215 8.1
3.6 6 8.37185 3.9 6 8.2035 2.7 4.43584 8.4
3 4.4105 8.4 2.63584 4.5 8.4 2.7 4.5 8.46416
3.10242 4.5 8.4 3 4.5 8.61969 3.3 4.673 8.4
2.6215 4.8 8.4 2.7 4.8785 8.4 3.41274 4.8 8.4
2.86218 5.1 8.4 3 5.26775 8.4 3.57466 5.1 8.4
3.6 5.12534 8.4 3.6 5.1 8.45379 3.23271 5.4 8.4
3 5.4 8.53225 3.3 5.45043 8.4 3.84913 5.4 8.4
3.9 5.45812 8.4 3.9 5.4 8.49733 3.46143 5.7 8.4
3.6 5.7 8.64037 4.07559 5.7 8.4 3.57466 6 8.4
3.6 6.02534 8.4 3.6 6 8.42534 4.03257 6 8.4
3.9 6.12066 8.4 3.9 6 8.65035 2.7 4.70055 8.7
3 4.54035 8.7 3.3 4.71093 8.7 2.60055 4.8 8.7
2.7 4.90727 8.7 2.7 4.8 8.92442 3.39647 4.8 8.7
3.3 4.8 8.88321 3.6 5.00353 8.7 2.84135 5.1 8.7
3.71149 5.1 8.7 3.9 5.28804 8.7 3.9 5.1 8.9901
2.85693 5.4 8.7 3 5.57559 8.7 3.3 5.57124 8.7
3.6 5.64913 8.7 3.9895 5.4 8.7 3.65593 5.7 8.7
4.07902 5.7 8.7 3.9 5.96092 8.7 3 4.70663 9
2.78096 4.8 9 3.188 4.8 9 3 4.8 9.09337
3.3 4.86363 9 3.6 4.96456 9 3.9 5.09286 9
2.81235 5.1 9 3 5.1 9.23749 3.90714 5.1 9
3.9 5.1 9.00938 2.85865 5.4 9 3 5.55978 9
3 5.4 9.2536 3.3 5.60132 9 3.6 5.60663 9
4.13098 5.4 9 3.9 5.4 9.2808 3.75507 5.7 9
4.10222 5.7 9 3.9 5.79173 9 4.2 6 9.20687
3.3 5.02196 9.3 3.6 5.05859 9.3 3.13177 5.1 9.3
3.3 5.1 9.39173 3.65249 5.1 9.3 3.6 5.1 9.34141
3.04205 5.4 9.3 3.3 5.60663 9.3 3.88154 5.4 9.3
3.6 5.63584 9.3 3.9 5.4257 9.3 3.684 5.7 9.3
3.6 5.7 9.41097 4.08707 5.7 9.3 3.9 5.93419 9.3
3.9 5.7 9.48952 4.2 5.875 9.3 4.01838 6 9.3
3.9 6 9.40159 4.26952 6 9.3 4.2 6.06952 9.3
4.2 6 9.38935 3.3 5.28389 9.6 3.6 5.32341 9.6
3.17993 5.4 9.6 3.3 5.50711 9.6 3.3 5.4 9.72038
3.67659 5.4 9.6 3.6 5.4 9.70884 3.4907 5.7 9.6
3.75958 5.7 9.6 3.6 5.84536 9.6 3.6 5.7 9.71546
3.9 5.85452 9.6 3.76865 6 9.6 4.00519 6 9.6
3.9 6.09337 9.6 3.9 6 9.68579 5.4 3 9.85795
5.1 3.3 9.85859 5.4 3.3 9.87466 5.4 2.9536 9.9
5.7 2.7 9.92847 5.3536 3 9.9 5.1 3.25429 9.9
5.45669 3 9.9 5.7 3 10.0265 5.05602 3.3 9.9
5.1 3.46365 9.9 5.43839 3.3 9.9 5.4 3.39337 9.9
5.7 3.3 10.1094 5.1 3.6 9.93532 5.4 3.6 9.9546
5.1 3.9 10.0668 5.4 3.9 10.02 5.7 2.65859 10.2
5.65859 2.7 10.2 5.4 2.87503 10.2 5.74141 2.7 10.2
5.7 2.7 10.2429 5.23724 3 10.2 5.1 3.13754 10.2
5.84685 3 10.2 4.97532 3.3 10.2 5.1 3.3 10.417
5.76416 3.3 10.2 5.7 3.38082 10.2 4.95 3.6 10.2
5.56629 3.6 10.2 5.7 3.6 10.3903 4.97532 3.9 10.2
5.1 4.03668 10.2 5.51882 3.9 10.2 5.4 4.06815 10.2
5.4 2.9215 10.5 5.7 2.87955 10.5 5.31462 3 10.5
5.4 3 10.5938 5.81744 3 10.5 5.7 3 10.6205
5.16416 3.3 10.5 5.1 3.38638 10.5 5.84685 3.3 10.5
5.7 3.3 10.7039 4.97934 3.6 10.5 5.1 3.6 10.691
5.7895 3.6 10.5 5.7 3.73295 10.5 4.96218 3.9 10.5
5.1 4.06775 10.5 5.1 3.9 10.7192 5.5842 3.9 10.5
5.4 4.08985 10.5 5.7 3.9 10.6093 5.4 4.2 10.713
5.4 3.13137 10.8 5.23164 3.3 10.8 5.60663 3.3 10.8
5.4 3.3 10.9793 5.7 3.39337 10.8 5.18323 3.6 10.8
5.85 3.6 10.8 5.7 3.6 11.0239 5.17156 3.9 10.8
5.84473 3.9 10.8 5.7 4.18441 10.8 5.34973 4.2 10.8
5.63928 4.2 10.8 5.4 4.26411 10.8 5.4 4.2 10.9489
5.7 4.2 10.8175 5.7 4.5 11.0199 5.7 4.8 11.0729
5.4 3.43494 11.1 5.20633 3.6 11.1 5.61231 3.6 11.1
5.4 3.6 11.2476 5.7 3.69676 11.1 5.25 3.9 11.1
5.4 4.14188 11.1 5.4 3.9 11.3192 5.82497 3.9 11.1
5.7 3.9 11.228 5.45963 4.2 11.1 5.83544 4.2 11.1
5.7 4.2 11.3428 5.64407 4.5 11.1 5.75087 4.5 11.1
5.67394 4.8 11.1 5.72606 4.8 11.1 5.7 4.83573 11.1
5.7 4.34606 11.4 5.62403 4.5 11.4 5.75087 4.5 11.4
5.7 4.5 11.4509 5.63826 4.8 11.4 5.75627 4.8 11.4
5.7 4.87045 11.4 5.7 4.8 11.4563 5.4 3.9 9.88373
5.4 3.88373 9.9 5.33928 3.9 9.9 5.41559 3.9 9.9
5.4 3.98662 9.9 5.4 3.9 9.91458 5.7 3 9.79476
5.7 2.87425 9.9 5.55135 3 9.9 5.79749 3 9.9
5.7 3.12929 9.9 5.7 3 9.99749 3.6 5.1 9.74229
3.3 5.4 9.81677 3.6 4.99777 9.9 3.41902 5.1 9.9
3.3 5.24088 9.9 3.7868 5.1 9.9 3.6 5.29726 9.9
3.6 5.1 10.1384 3.9 5.1 10.0348 4.2 5.1 10.0986
3.21677 5.4 9.9 3.47636 5.4 9.9 3.3 5.48323 9.9
3.3 5.4 9.99035 3.6 5.4 9.99729 3.9 5.4 10.0812
3.9 5.01677 10.2 4.2 4.98299 10.2 3.67737 5.1 10.2
3.6 5.15765 10.2 3.9 5.1 10.2832 4.29378 5.1 10.2
4.2 5.24437 10.2 4.2 5.1 10.2938 3.4841 5.4 10.2
3.6 5.55366 10.2 3.6 5.4 10.3078 4.06858 5.4 10.2
3.9 5.52993 10.2 3.9 5.4 10.3158 3 4.2 8.31309
3 4.0836 8.4 3 3.9 8.54663 2.8836 4.2 8.4
3.08691 4.2 8.4 3 4.33581 8.4 3.3 4.2 8.68542
3.3 4.5 8.63167 3 3.75415 8.7 3.3 3.6 8.96391
2.87934 3.9 8.7 3.18432 3.9 8.7 3 3.9 8.85032
3.3 4.16762 8.7 3.3 3.9 8.79455 2.86836 4.2 8.7
3 4.39479 8.7 3 4.2 8.86949 3.31458 4.2 8.7
3.6 4.2 8.93584 3.1817 4.5 8.7 3.36469 4.5 8.7
3.3 4.56469 8.7 3.6 4.5 8.91093 3.3 3.56742 9
3.26618 3.6 9 3.33609 3.6 9 3.3 3.6 9.03868
3.6 3.6 9.27185 3.1266 3.9 9 3.52366 3.9 9
3.3 3.9 9.21197 3.6 4.06055 9 3.6 3.9 9.07387
3.9 3.9 9.18726 3.11274 4.2 9 3.3 4.2 9.28464
3.67945 4.2 9 3.9 4.2 9.13218 3.11274 4.5 9
3.3 4.65865 9 3.70893 4.5 9 3.6 4.59173 9
3.9 4.5 9.13075 3.6 3.57466 9.3 3.56976 3.6 9.3
3.64438 3.6 9.3 3.6 3.6 9.32633 3.9 3.74064 9.3
3.38533 3.9 9.3 3.6 3.9 9.4766 4.02674 3.9 9.3
4.2 3.9 9.47804 3.31536 4.2 9.3 3.3 4.26341 9.3
3.6 4.2 9.49554 4.11467 4.2 9.3 4.2 4.2 9.38533
3.24973 4.5 9.3 3.3 4.55529 9.3 3.3 4.5 9.35027
3.6 4.70663 9.3 3.6 4.5 9.5215 4.13369 4.5 9.3
3.9 4.68927 9.3 4.2 4.5 9.37744 3.9 3.82993 9.6
4.2 3.78373 9.6 3.82993 3.9 9.6 3.9 3.9 9.65087
4.31108 3.9 9.6 4.2 3.9 9.70816 3.74634 4.2 9.6
3.9 4.2 9.70781 4.35904 4.2 9.6 4.2 4.2 9.74685
3.71116 4.5 9.6 3.9 4.65 9.6 3.9 4.5 9.71274
4.34022 4.5 9.6 4.2 4.63164 9.6 4.2 4.5 9.73164
3.9 4.8 8.29219 3.6 4.5 8.50521 3.9 4.6841 8.4
3.60872 4.8 8.4 4.04469 4.8 8.4 3.9 4.91073 8.4
3.6 4.36836 8.7 3.39881 4.5 8.7 3.80643 4.5 8.7
3.6 4.76834 8.7 3.6 4.5 8.89479 3.9 4.58096 8.7
3.9 4.5 8.82123 3.62633 4.8 8.7 4.10391 4.8 8.7
3.9 4.94685 8.7 3.9 4.8 8.92613 3.9 4.39703 9
3.73407 4.5 9 4.03147 4.5 9 3.9 4.68757 9
3.9 4.5 9.10297 4.8 3.9 9.52103 5.1 3.9 9.53584
4.8 4.2 9.45 5.1 4.2 9.46315 4.5 4.5 9.58464
4.8 4.5 9.43782 5.1 4.5 9.40781 4.8 4.8 9.46197
5.1 4.8 9.39337 5.1 5.1 9.41274 4.8 3.77874 9.6
5.1 3.82982 9.6 4.72103 3.9 9.6 5.16778 3.9 9.6
4.62098 4.2 9.6 4.5 4.47533 9.6 5.23164 4.2 9.6
4.48464 4.5 9.6 4.5 4.51846 9.6 4.5 4.5 9.62632
5.31722 4.5 9.6 5.1 4.5 9.79554 4.67007 4.8 9.6
4.8 5.00025 9.6 5.39505 4.8 9.6 4.87156 5.1 9.6
5.32894 5.1 9.6 5.1 5.38749 9.6 5.1 5.1 9.81677
4.8 3.74246 9.9 5.1 3.87466 9.9 4.68896 3.9 9.9
4.8 3.9 10.0636 5.12815 3.9 9.9 5.1 3.9 9.93445
4.6445 4.2 9.9 5.31467 4.2 9.9 5.1 4.39266 9.9
4.79273 4.5 9.9 4.80762 4.5 9.9 5.1 4.6414 9.9
4.65315 4.8 9.9 4.8 5.06519 9.9 5.24132 4.8 9.9
5.1 4.98284 9.9 4.8 4.03463 10.2 5.1 4.03668 10.2
4.68726 4.2 10.2 4.8 4.2 10.345 5.26332 4.2 10.2
5.1 4.41171 10.2 5.1 4.2 10.4436 4.75171 4.5 10.2
4.89451 4.5 10.2 4.8 4.5 10.242 5.1 4.58829 10.2
4.55707 4.8 10.2 4.8 4.95865 10.2 4.8 4.8 10.3873
5.24645 4.8 10.2 5.1 4.94096 10.2 5.1 4.8 10.3807
3.9 5.4 9.50641 3.9 5.7 9.51435 3.9 5.31677 9.6
3.80965 5.4 9.6 4.0093 5.4 9.6 3.9 5.4 9.69035
3.81531 5.7 9.6 4.03486 5.7 9.6 3.9 5.78747 9.6
4.2 5.7 9.70371 3.9 5.68373 9.9 4.2 5.55904 9.9
3.88542 5.7 9.9 3.9 5.71753 9.9 3.9 5.7 9.91458
4.42879 5.7 9.9 4.2 5.88985 9.9 4.2 5.7 10.0633
3.9 5.1 8.59273 3.6 4.8 8.70689 3.9 4.99773 8.7
3.9 4.8 8.93369 3.73797 5.1 8.7 4.00418 5.1 8.7
3.9 5.19945 8.7 3.9 5.1 8.85087 3.6 4.67503 9
3.9 4.73584 9 4.2 4.5 9.21699 4.5 4.5 9.18927
3.37494 4.8 9 3.6 4.93936 9 4.07242 4.8 9
3.9 4.90708 9 4.2 4.8 9.05206 3.9 5.1 9.16066
4.2 4.43584 9.3 4.5 4.39219 9.3 3.6 4.70663 9.3
4.13369 4.5 9.3 3.9 4.68927 9.3 4.2 4.5 9.37744
4.60781 4.5 9.3 4.5 4.6601 9.3 4.5 4.5 9.51994
3.50205 4.8 9.3 3.6 4.988 9.3 3.6 4.8 9.45558
4.39852 4.8 9.3 4.2 4.99266 9.3 4.5 4.8 9.41198
3.71631 5.1 9.3 3.6 5.1 9.41631 4.03295 5.1 9.3
3.9 5.19216 9.3 4.2 5.1 9.40446 4.5 5.1 9.48419
3.9 4.70093 9.6 4.2 4.63164 9.6 4.5 4.55963 9.6
3.7379 4.8 9.6 3.6 4.94898 9.6 3.9 4.8 9.7185
4.67007 4.8 9.6 3.50784 5.1 9.6 3.6 5.23891 9.6
3.6 5.1 9.69216 3.9 5.31677 9.6 4.2 5.30093 9.6
4.63372 5.1 9.6 4.5 5.21582 9.6 3.9 5.4 9.69659
4.2 5.4 9.70188 4.5 5.4 9.83637 3.6 5.7 9.77934
4.2 4.70827 9.9 4.5 4.60097 9.9 4.09241 4.8 9.9
3.9 5.01205 9.9 4.2 4.8 9.98907 4.63857 4.8 9.9
4.5 4.8 10.0579 3.82613 5.1 9.9 3.9 5.1 9.97156
4.2 5.1 10.0709 4.67422 5.1 9.9 4.8 5.1 10.0258
5.1 5.1 10.0793 3.6412 5.4 9.9 3.6 5.44817 9.9
3.9 5.66928 9.9 3.9 5.4 10.0596 4.2 5.55904 9.9
4.58851 5.4 9.9 4.5 5.47394 9.9 4.8 5.4 10.0174
5.1 5.4 10.1586 3.45415 5.7 9.9 3.86382 5.7 9.9
3.6 5.82908 9.9 3.9 5.7 9.93166 4.2 5.7 10.0633
4.5 4.93075 10.2 4.8 4.95865 10.2 5.1 4.97092 10.2
4.32371 5.1 10.2 4.2 5.29987 10.2 4.5 5.1 10.3468
4.8 5.1 10.3841 5.25032 5.1 10.2 3.6 5.60093 10.2
4.10353 5.4 10.2 3.9 5.54289 10.2 4.2 5.4 10.2823
4.5 5.64373 10.2 4.5 5.4 10.3955 4.8 5.57964 10.2
5.14294 5.4 10.2 5.1 5.44141 10.2 3.48123 5.7 10.2
3.6 5.81239 10.2 3.9 5.89012 10.2 4.42647 5.7 10.2
4.2 5.86771 10.2 4.5 5.7 10.2684 5.1 5.05882 10.5
5.03585 5.1 10.5 4.8 5.25 10.5 5.23108 5.1 10.5
5.1 5.1 10.5397 3.6 5.59324 10.5 3.9 5.61266 10.5
4.2 5.5841 10.5 4.64634 5.4 10.5 4.5 5.52177 10.5
4.8 5.62077 10.5 4.8 5.4 10.6078 5.20734 5.4 10.5
5.1 5.51245 10.5 5.1 5.4 10.6676 3.48968 5.7 10.5
3.6 5.79378 10.5 3.6 5.7 10.6291 3.9 5.79466 10.5
3.9 5.7 10.7403 4.2 5.81929 10.5 4.73857 5.7 10.5
4.5 5.83164 10.5 4.8 5.7 10.7366 3.9 5.4 11.092
4.2 5.65732 10.8 4.5 5.66742 10.8 4.8 5.68464 10.8
4.01424 5.7 10.8 4.2 5.74268 10.8 4.2 5.7 10.8755
4.5 5.73258 10.8 4.5 5.7 10.884 4.82236 5.7 10.8
4.8 5.71536 10.8 4.8 5.7 10.8296 3.9 5.39256 11.1
3.89201 5.4 11.1 3.93241 5.4 11.1 3.9 5.40863 11.1
3.9 5.4 11.1071 4.8 5.4 11.324 5.1 5.4 11.3483
4.8 5.34188 11.4 5.1 5.38542 11.4 4.69034 5.4 11.4
4.8 5.45087 11.4 4.8 5.4 11.4509 5.11753 5.4 11.4
5.1 5.41458 11.4 5.1 5.4 11.4146 5.7 3.6 9.86402
5.7 3.55738 9.9 5.66402 3.6 9.9 5.73598 3.6 9.9
5.7 3.78267 9.9 5.7 3.9 9.9251 5.7 4.2 10.0598
5.7 3.38082 10.2 5.56629 3.6 10.2 5.82737 3.6 10.2
5.7 3.6 10.3903 5.51882 3.9 10.2 5.84685 3.9 10.2
5.55624 4.2 10.2 5.83164 4.2 10.2 5.7 4.39012 10.2
5.7 4.5 10.2934 5.7 3.73295 10.5 5.5842 3.9 10.5
5.80446 3.9 10.5 5.7 3.9 10.6093 5.55239 4.2 10.5
5.83544 4.2 10.5 5.7 4.2 10.7602 5.52737 4.5 10.5
5.85 4.5 10.5 5.7 4.71677 10.5 5.7 4.5 10.6873
5.7 3 9.48386 5.7 2.73823 9.6 5.54072 3 9.6
5.81614 3 9.6 5.7 3.17489 9.6 5.7 3 9.72446
4.2 5.7 9.5681 4.2 6 9.53584 4.5 6 9.46587
4.2 5.6681 9.6 4.16688 5.7 9.6 4.27247 5.7 9.6
4.2 5.7 9.6319 4.5 5.79479 9.6 4.12982 6 9.6
4.2 6.06416 9.6 4.2 6 9.66631 4.64273 6 9.6
4.5 6.13413 9.6 4.5 6 9.78637 4.8 6 9.86391
5.1 6 9.81677 4.8 5.89968 9.9 4.8 5.7 10.1204
5.1 5.84887 9.9 5.1 5.7 9.98233 5.4 5.7 10.107
4.74056 6 9.9 4.8 6.03258 9.9 4.8 6 9.94057
5.19881 6 9.9 5.1 6.08323 9.9 5.7 4.8 10.4279
5.7 5.1 10.3468 4.8 5.67585 10.2 5.1 5.52036 10.2
5.4 5.563 10.2 5.4 5.4 10.3073 5.7 5.4 10.3019
4.76712 5.7 10.2 4.8 5.73031 10.2 4.8 5.7 10.2924
5.50943 5.7 10.2 5.4 5.90622 10.2 4.94972 6 10.2
5.33788 6 10.2 5.1 6.13164 10.2 5.1 6 10.3616
5.7 4.72795 10.5 5.7 4.5 10.758 5.61866 4.8 10.5
5.77205 4.8 10.5 5.47156 5.1 10.5 5.4 5.17387 10.5
5.85 5.1 10.5 5.20734 5.4 10.5 5.1 5.54634 10.5
5.84685 5.4 10.5 5.7 5.62613 10.5 4.87786 5.7 10.5
5.1 5.83671 10.5 5.1 5.7 10.6537 5.62844 5.7 10.5
5.4 5.9409 10.5 5.4 5.7 10.7647 5.7 4.45041 10.8
5.65795 4.5 10.8 5.74205 4.5 10.8 5.7 4.5 10.9332
5.56654 4.8 10.8 5.82497 4.8 10.8 5.7 4.8 11.0333
5.45087 5.1 10.8 5.4 5.18006 10.8 5.85 5.1 10.8
5.7 5.1 11.0284 5.27072 5.4 10.8 5.4 5.64235 10.8
5.4 5.4 10.9078 5.79868 5.4 10.8 5.7 5.52675 10.8
5.7 5.4 10.8987 4.8 3.9 8.33584 4.5 3.6 8.52468
4.8 3.82982 8.4 4.8 3.6 8.62196 4.71723 3.9 8.4
4.5 3.9 8.53346 4.88917 3.9 8.4 4.8 4.08884 8.4
5.1 3.9 8.67679 4.5 4.2 8.55648 4.5 3.40781 8.7
4.8 3.52844 8.7 4.25027 3.6 8.7 4.2 3.6 8.86577
4.87156 3.6 8.7 4.8 3.6 8.8359 5.1 3.88464 8.7
4.34022 3.9 8.7 4.2 3.9 8.94825 4.8 4.10391 8.7
5.11536 3.9 8.7 5.1 3.92467 8.7 5.1 3.9 8.71536
4.22847 4.2 8.7 4.5785 4.2 8.7 4.5 4.24141 8.7
4.5 4.2 8.78208 4.2 3.52957 9 4.5 3.4266 9
4.15795 3.6 9 4.2 3.6 9.04205 4.71244 3.6 9
4.5 3.6 9.14356 4.8 3.74175 9 4.15795 3.9 9
4.2 3.96065 9 4.2 3.9 9.04205 4.5 4.1105 9
4.5 3.9 9.15 4.88907 3.9 9 4.8 4.00893 9
4.8 3.9 9.09354 4.5 4.5 7.74316 4.8 4.5 7.65315
5.1 4.5 7.66218 4.5 4.44316 7.8 4.8 4.35315 7.8
5.1 4.36218 7.8 4.44316 4.5 7.8 4.5 4.55684 7.8
4.8 4.68428 7.8 5.23782 4.5 7.8 5.1 4.66775 7.8
4.5 4.40093 8.1 4.8 4.30149 8.1 4.8 4.2 8.32612
5.1 4.28907 8.1 4.38737 4.5 8.1 4.5 4.59907 8.1
4.8 4.70391 8.1 5.28256 4.5 8.1 5.1 4.69219 8.1
4.8 4.15859 8.4 4.75706 4.2 8.4 4.5 4.3555 8.4
4.91932 4.2 8.4 5.1 4.30477 8.4 5.1 4.2 8.6454
4.33735 4.5 8.4 4.5 4.64135 8.4 4.8 4.68419 8.4
5.19337 4.5 8.4 5.1 4.62862 8.4 4.8 4.10663 8.7
5.1 4.18464 8.7 4.59246 4.2 8.7 4.5 4.30369 8.7
5.11536 4.2 8.7 5.1 4.2 8.72 4.41294 4.5 8.7
4.5 4.58278 8.7 4.5 4.5 8.78278 4.8 4.64685 8.7
4.8 4.5 8.87629 5.19337 4.5 8.7 5.1 4.59795 8.7
5.1 4.5 8.83747 4.8 4.14316 9 4.68453 4.2 9
4.87091 4.2 9 4.8 4.27735 9 4.8 4.2 9.05684
3.6 3.9 7.63757 3.6 3.78985 7.8 3.49313 3.9 7.8
3.73506 3.9 7.8 3.6 4.01239 7.8 3.6 4.2 8.06976
3.9 4.2 8.00838 3.6 3.81904 8.1 3.46813 3.9 8.1
3.68829 3.9 8.1 3.9 4.13279 8.1 3.57185 4.2 8.1
3.6 4.22534 8.1 3.6 4.2 8.22264 3.96113 4.2 8.1
3.9 4.26478 8.1 3.9 3.3 8.69642 3.6 3.77559 8.4
3.6 3.6 8.6698 3.46949 3.9 8.4 3.742 3.9 8.4
3.6 4.14558 8.4 3.6 3.9 8.62483 3.9 4.07962 8.4
3.9 3.9 8.61736 3.66873 4.2 8.4 4.00943 4.2 8.4
3.9 4.32815 8.4 3.9 3.29705 8.7 3.89624 3.3 8.7
3.6 3.56746 8.7 3.90693 3.3 8.7 3.9 3.30684 8.7
3.9 3.3 8.7033 3.57394 3.6 8.7 3.65485 3.6 8.7
3.6 3.69627 8.7 3.6 3.6 8.72606 3.9 3.7876 8.7
3.73243 3.9 8.7 3.9667 3.9 8.7 3.9 3.9 8.78264
3.85107 4.2 8.7 3.97774 4.2 8.7 3.9 4.24723 8.7
3.9 4.2 8.74893 3.9 3.6 7.47394 3.9 3.9 7.44854
3.9 3.57106 7.5 3.71359 3.6 7.5 3.6 3.6 7.52007
3.92606 3.6 7.5 3.82894 3.9 7.5 4.03042 3.9 7.5
3.9 3.96765 7.5 4.2 3.9 7.59269 4.2 4.2 7.76014
4.5 4.2 7.73369 3.6 3.42287 7.8 3.6 3.3 7.96381
3.9 3.36631 7.8 3.46587 3.6 7.8 3.6 3.76406 7.8
4.08118 3.6 7.8 4.2 3.75325 7.8 4.2 3.6 8.06161
3.758 3.9 7.8 3.9 4.03051 7.8 4.32441 3.9 7.8
4.5 4.12725 7.8 4.16834 4.2 7.8 4.2 4.22534 7.8
4.56416 4.2 7.8 4.5 4.26416 7.8 3.6 3.20459 8.1
3.50459 3.3 8.1 3.86889 3.3 8.1 3.6 3.3 8.28946
3.9 3.31536 8.1 3.9 3.3 8.15408 4.2 3.57185 8.1
3.44788 3.6 8.1 3.6 3.81904 8.1 4.22534 3.6 8.1
3.68829 3.9 8.1 3.9 4.11171 8.1 4.40432 3.9 8.1
4.5 3.99296 8.1 4.5 3.9 8.27606 3.98096 4.2 8.1
4.2 4.36552 8.1 4.65527 4.2 8.1 4.5 4.38256 8.1
3.9 3.2409 8.4 3.75774 3.3 8.4 3.6 3.37275 8.4
3.96721 3.3 8.4 3.9 3.3 8.46721 4.2 3.45624 8.4
3.46218 3.6 8.4 3.6 3.77559 8.4 3.6 3.6 8.55
4.34022 3.6 8.4 4.5 3.82144 8.4 3.742 3.9 8.4
3.9 4.07325 8.4 3.9 3.9 8.60809 4.57205 3.9 8.4
4.5 3.9 8.47856 4.01947 4.2 8.4 4.2 4.33075 8.4
4.2 4.2 8.5711 4.53532 4.2 8.4 4.5 4.23665 8.4
4.5 4.2 8.43665 3.9 3.49996 8.7 4.2 3.55429 8.7
3.79996 3.6 8.7 3.9 3.77689 8.7 3.9 3.6 8.7895
4.24141 3.6 8.7 4.2 3.6 8.74141 3.99164 3.9 8.7
4.32908 3.9 8.7 4.2 4.06399 8.7 4.2 3.9 8.82066
3.3 3.6 6.28464 3.3 3.58287 6.3 3.28464 3.6 6.3
3.31536 3.6 6.3 3.3 3.61943 6.3 3.3 3.9 6.56735
3.3 3.49586 6.6 3.20663 3.6 6.6 3.568 3.6 6.6
3.6 3.6 6.61536 3.27394 3.9 6.6 3.3435 3.9 6.6
3.3 3.92606 6.6 3.6 3.9 6.75571 3.3 3.54188 6.9
3.6 3.42066 6.9 3.24913 3.6 6.9 3.3 3.6 6.96671
3.81677 3.6 6.9 3.9 3.6 7.07559 3.23531 3.9 6.9
3.3 3.96469 6.9 3.3 3.9 6.97512 3.74794 3.9 6.9
3.6 4.0026 6.9 3.6 3.43448 7.2 3.9 3.53584 7.2
3.42805 3.6 7.2 3.6 3.6 7.38428 3.96416 3.6 7.2
3.9 3.73028 7.2 3.9 3.6 7.29337 3.49367 3.9 7.2
3.76813 3.9 7.2 3.6 3.99337 7.2 3.6 3.9 7.31656
3.6 3.3 7.15859 3.6 3.22612 7.2 3.6 3 7.30149
3.48884 3.3 7.2 3.3 3.3 7.30123 3.64141 3.3 7.2
3.6 3.34294 7.2 3.6 2.85315 7.5 3.42805 3 7.5
3.3 3.17161 7.5 3.78927 3 7.5 3.19554 3.3 7.5
3.3 3.42177 7.5 3.7555 3.3 7.5 3.6 3.49852 7.5
3.6 2.79868 7.8 3.6 2.7 8.05248 3.31536 3 7.8
3.3 3.0756 7.8 3.81677 3 7.8 3.25859 3.3 7.8
3.3 3.34141 7.8 3.3 3.3 7.84571 3.7159 3.3 7.8
3.6 3.41073 7.8 3.6 3.3 7.92159 3.6 2.67466 8.1
3.57466 2.7 8.1 3.65379 2.7 8.1 3.6 2.7 8.16447
3.41015 3 8.1 3.79996 3 8.1 3.6 3.1524 8.1
3.6 3 8.29026 3.6 3.3 6.81971 3.9 3.3 6.79481
3.6 3.21271 6.9 3.9 3.13478 6.9 3.9 3 6.99824
3.53531 3.3 6.9 3.6 3.36469 6.9 3.6 3.3 7.0023
3.98323 3.3 6.9 3.9 3.38323 6.9 3.9 2.88256 7.2
3.77422 3 7.2 4.11083 3 7.2 4.2 3 7.27275
3.76213 3.3 7.2 4.02862 3.3 7.2 3.9 3.39337 7.2
4.2 3.3 7.40596 3.9 2.86771 7.5 4.2 2.81015 7.5
4.2 2.7 7.69332 4.5 2.7 7.69905 3.79219 3 7.5
4.38071 3 7.5 4.5 3 7.64469 4.8 3 7.67934
5.1 3 7.68386 3.79703 3.3 7.5 3.9 3.40297 7.5
3.9 3.3 7.61091 4.27531 3.3 7.5 4.2 3.36469 7.5
4.2 3.3 7.56685 4.2 2.63584 7.8 4.5 2.60663 7.8
4.05872 2.7 7.8 3.9 2.83296 7.8 4.73465 2.7 7.8
4.8 2.74727 7.8 5.1 2.73546 7.8 3.81677 3 7.8
3.9 3.09035 7.8 3.9 3 7.96773 4.2 3.13857 7.8
4.2 3 8.03173 4.5 3.11274 7.8 4.5 3 7.98371
4.8 3.12066 7.8 5.22118 3 7.8 5.1 3.11614 7.8
4.2 2.60663 8.1 4.5 2.60663 8.1 3.96535 2.7 8.1
4.2 2.89523 8.1 4.2 2.7 8.19337 4.65457 2.7 8.1
4.5 2.86274 8.1 4.5 2.7 8.19337 4.8 2.80004 8.1
5.1 2.98287 8.1 4.59289 3 8.1 4.8 3.13782 8.1
5.11536 3 8.1 5.1 3.01536 8.1 5.1 3 8.13964
4.8 2.89353 8.4 4.70132 3 8.4 4.97411 3 8.4
4.8 3.17569 8.4 4.8 3 8.49868 4.2 3.6 7.35
4.5 3.6 7.35 4.5 3.9 7.44973 3.9 3.3 7.78209
4.2 3.38323 7.5 4.2 3.3 7.58579 4.5 3.35087 7.5
4.5 3.3 7.55087 4.8 3.3 7.74188 3.99907 3.6 7.5
4.2 3.86579 7.5 4.67263 3.6 7.5 4.317 3.9 7.5
4.55896 3.9 7.5 4.5 3.95027 7.5 3.9 3.28464 7.8
4.2 3.13857 7.8 4.5 3.11274 7.8 4.5 3 8.08833
4.8 3.24188 7.8 3.88464 3.3 7.8 3.9 3.31598 7.8
4.85087 3.3 7.8 4.8 3.40415 7.8 4.08118 3.6 7.8
4.2 3.75325 7.8 4.2 3.6 8.06161 4.71677 3.6 7.8
4.8 3.6 7.93782 4.32441 3.9 7.8 4.69586 3.9 7.8
4.5 4.05 7.8 4.8 3.9 7.93385 4.5 2.99286 8.1
3.9 3.27764 8.1 4.48464 3 8.1 4.2 3.10095 8.1
4.50837 3 8.1 4.5 3 8.10837 4.8 3.19586 8.1
3.88464 3.3 8.1 3.9 3.31536 8.1 3.9 3.3 8.13111
4.2 3.57185 8.1 4.89337 3.3 8.1 4.8 3.3 8.25507
4.22534 3.6 8.1 4.89337 3.6 8.1 4.8 3.6 8.27718
4.40432 3.9 8.1 4.5 3.99296 8.1 4.5 3.9 8.22815
4.90781 3.9 8.1 4.8 4.06615 8.1 4.8 3.9 8.24469
4.2 3.15727 8.4 4.5 3.17559 8.4 4.00973 3.3 8.4
4.2 3.45252 8.4 4.2 3.3 8.54273 4.67633 3.3 8.4
4.5 3.3 8.51274 4.36949 3.6 8.4 4.69734 3.6 8.4
4.5 3.75 8.4 4.5 3.6 8.51274 4.8 3.3 8.85594
4.8 3.6 8.93039 4.8 3.15594 9 4.5827 3.3 9
4.5 3.3 9.14387 4.98231 3.3 9 4.73424 3.6 9
4.88599 3.6 9 4.8 3.66363 9 5.1 3.6 9.2627
4.5 3.20297 9.3 4.8 3.12468 9.3 4.42389 3.3 9.3
4.5 3.38285 9.3 4.5 3.3 9.37611 4.98726 3.3 9.3
4.8 3.3 9.46863 5.1 3.55907 9.3 4.65355 3.6 9.3
4.8 3.76775 9.3 4.8 3.6 9.47075 5.12606 3.6 9.3
5.1 3.62606 9.3 5.1 3.6 9.32606 5.1 3.9 8.8445
5.4 3.9 8.93308 5.1 4.2 8.90741 5.1 3.62434 9
5.4 3.84913 9 4.89173 3.9 9 5.45391 3.9 9
5.4 4.05 9 5.4 3.9 9.05593 4.99736 4.2 9
5.30311 4.2 9 5.1 4.28992 9 5.1 3.68278 9.3
4.8172 3.9 9.3 5.25865 3.9 9.3 5.1 3.9 9.45
5.02725 4.2 9.3 5.17018 4.2 9.3 5.1 4.26416 9.3
5.1 4.2 9.36416 5.1 3 8.90663 5.1 2.90663 9
4.96615 3 9 5.19337 3 9 5.1 3.16973 9
5.1 3 9.15508 3.9 2.7 8.38464 4.2 2.7 8.30663
4.5 2.7 8.30663 3.9 3 8.22098 4.2 3 8.17663
4.5 3 8.22925 3.9 2.68464 8.4 4.2 2.60663 8.4
4.5 2.60663 8.4 3.88464 2.7 8.4 3.9 2.7 8.42321
4.62378 2.7 8.4 3.75 3 8.4 3.9 3.14135 8.4
4.2 3.1445 8.4 4.69026 3 8.4 4.5 3.17559 8.4
4.8 3 8.49868 4.5 3.3 8.55531 4.8 3.3 8.60784
4.2 2.62341 8.7 4.5 2.60093 8.7 4.09571 2.7 8.7
3.9 2.91083 8.7 4.2 2.7 8.77901 4.7011 2.7 8.7
4.5 2.7 8.85044 4.8 2.75855 8.7 3.82982 3 8.7
3.9 3.06416 8.7 3.9 3 8.76416 4.2 3.2829 8.7
5.04145 3 8.7 4.2281 3.3 8.7 4.5 3.40781 8.7
4.5 3.3 8.9719 4.8895 3.3 8.7 4.8 3.3895 8.7
4.8 3.3 8.80218 4.2 2.97367 9 4.5 2.80647 9
4.8 2.84493 9 4.17466 3 9 4.2 3.03024 9
4.2 3 9.02534 4.5 3.28167 9 4.5 3 9.14135
4.89337 3 9 4.8 3.10633 9 4.8 3 9.09337
5.7 3.6 7.76742 5.7 3.9 7.78464 5.7 3.53283 7.8
5.66742 3.6 7.8 5.73258 3.6 7.8 5.7 3.6 7.91211
5.68464 3.9 7.8 5.71536 3.9 7.8 5.7 3.92116 7.8
5.7 3.9 8.02879 5.1 3.3 8.05815 5.1 3.6 7.94675
5.4 3.6 7.89337 5.7 3.6 8.04188 5.4 3.9 7.89337
5.1 3.26468 8.1 5.06468 3.3 8.1 5.19872 3.3 8.1
5.4 3.36416 8.1 5.4 3.3 8.16416 5.7 3.53308 8.1
4.98418 3.6 8.1 5.1 3.82646 8.1 5.75087 3.6 8.1
5.7 3.72862 8.1 5.15087 3.9 8.1 5.63584 3.9 8.1
5.4 4.10663 8.1 5.1 3.16836 8.4 5.4 3.15 8.4
4.96836 3.3 8.4 5.64913 3.3 8.4 5.7 3.39337 8.4
4.95644 3.6 8.4 5.1 3.76872 8.4 5.1 3.6 8.62685
5.79337 3.6 8.4 5.7 3.75507 8.4 5.28851 3.9 8.4
5.55 3.9 8.4 5.4 3.98907 8.4 5.4 3.9 8.51599
5.1 3.24471 8.7 5.4 3.12766 8.7 5.04973 3.3 8.7
5.1 3.42146 8.7 5.1 3.3 8.77923 5.64913 3.3 8.7
5.7 3.45 8.7 5.1748 3.6 8.7 5.4 3.77123 8.7
5.75087 3.6 8.7 5.7 3.65593 8.7 5.7 3.6 8.78822
5.4 3.12625 9 5.21073 3.3 9 5.60391 3.3 9
5.4 3.3 9.16525 5.33369 3.6 9 5.50708 3.6 9
5.4 3.66416 9 5.4 3.6 9.06416 5.4 4.2 8.32725
5.4 4.5 8.12884 5.4 4.13584 8.4 5.31336 4.2 8.4
5.48664 4.2 8.4 5.22993 4.5 8.4 5.59367 4.5 8.4
5.4 4.63544 8.4 5.4 4.14854 8.7 5.32918 4.2 8.7
5.46765 4.2 8.7 5.4 4.2 8.75146 5.35795 4.5 8.7
5.44959 4.5 8.7 5.4 4.54205 8.7 5.4 4.5 8.74205
5.7 3.3 7.79286 5.7 3.29006 7.8 5.69286 3.3 7.8
5.70714 3.3 7.8 5.7 3.30714 7.8 5.7 3.15 8.1
5.57044 3.3 8.1 5.80781 3.3 8.1 5.7 3.40781 8.1
5.7 3.268 8.4 5.68464 3.3 8.4 5.71536 3.3 8.4
5.7 3.31536 8.4 5.7 3.22403 8.7 5.64913 3.3 8.7
5.75087 3.3 8.7 5.7 3.35087 8.7 5.7 3.18987 9
5.60663 3.3 9 5.79337 3.3 9 5.7 3.52428 9
5.7 3.3 9.13787 5.7 3.6 9.07572 5.7 3.9 9.23584
5.7 3.46213 9.3 5.60663 3.6 9.3 5.79337 3.6 9.3
5.7 3.6 9.40415 5.63584 3.9 9.3 5.76416 3.9 9.3
5.7 4.12879 9.3 5.7 3.9 9.39798 5.4 3.6 9.18085
5.4 3.9 9.15355 5.4 4.2 9.18419 5.4 3.48085 9.3
5.28386 3.6 9.3 5.5589 3.6 9.3 5.4 3.6 9.42446
5.26218 3.9 9.3 5.62725 3.9 9.3 5.4 3.9 9.58084
5.28118 4.2 9.3 5.57898 4.2 9.3 5.4 4.31582 9.3
5.4 4.2 9.45325 5.7 4.8 7.95865 5.7 4.53713 8.1
5.7 4.5 8.18056 5.5555 4.8 8.1 5.84135 4.8 8.1
5.7 4.94135 8.1 5.7 4.42341 8.4 5.62341 4.5 8.4
5.77659 4.5 8.4 5.5234 4.8 8.4 5.84685 4.8 8.4
5.7 4.94685 8.4 5.4 4.2 8.93308 5.7 4.33462 8.7
5.49495 4.5 8.7 5.4 4.5 8.78278 5.83544 4.5 8.7
5.51464 4.8 8.7 5.77156 4.8 8.7 5.7 4.87156 8.7
5.7 4.8 8.81655 5.4 4.14913 9 5.34188 4.2 9
5.668 4.2 9 5.4 4.2 9.06502 5.7 4.20714 9
5.19337 4.5 9 5.4 4.65865 9 5.4 4.5 9.26468
5.85 4.5 9 5.7 4.70093 9 5.7 4.31947 9.3
5.44579 4.5 9.3 5.82766 4.5 9.3 5.7 4.62766 9.3
5.7 4.5 9.42766 5.1 3.9 8.08464 5.1 3.88464 8.1
5.07885 3.9 8.1 5.11536 3.9 8.1 5.1 3.9627 8.1
5.1 3.82562 8.4 5.1 3.6 8.69781 5.01676 3.9 8.4
5.22843 3.9 8.4 5.1 3.99206 8.4 5.1 3.9 8.58227
5.4 3.9 8.63283 5.1 3.5979 8.7 5.09705 3.6 8.7
5.1021 3.6 8.7 5.1 3.61002 8.7 5.1 3.6 8.7021
5.4 3.86742 8.7 5.28789 3.9 8.7 5.4388 3.9 8.7
5.4 3.93609 8.7 5.4 3.9 8.73258 4.8 3.6 8.34783
4.8 3.52228 8.4 4.77394 3.6 8.4 4.82708 3.6 8.4
4.8 3.63029 8.4 4.8 3.6 8.43539 5.7 4.2 7.94826
5.7 4.05578 8.1 5.55291 4.2 8.1 5.8191 4.2 8.1
5.7 4.32748 8.1 5.7 4.2 8.31228 5.1 3.3 7.6524
5.4 3.3 7.72613 4.8 3.6 7.66453 5.1 3.6 7.60826
4.8 3.9 7.67916 5.1 3.9 7.61015 5.4 3.9 7.6828
5.1 3.13936 7.8 5.4 3.21709 7.8 4.85963 3.3 7.8
4.8 3.40415 7.8 5.1 3.3 7.93544 5.50266 3.3 7.8
5.4 3.51402 7.8 5.4 3.3 7.87156 4.71677 3.6 7.8
4.8 3.6 7.88323 5.34813 3.6 7.8 5.1 3.6 7.91274
5.4 3.68543 7.8 4.70663 3.9 7.8 4.8 4.00988 7.8
4.8 3.9 7.89337 5.1 4.08071 7.8 5.1 3.9 7.93782
5.49231 3.9 7.8 5.4 3.99231 7.8 5.4 3.9 7.87205
3.3 3.6 7.96836 3.3 3.9 7.98344 3.3 3.38581 8.1
3.6 3.3 8.32772 3.15624 3.6 8.1 3.43164 3.6 8.1
3.16615 3.9 8.1 3.39337 3.9 8.1 3.3 4.02862 8.1
3.6 3.21214 8.4 3.51214 3.3 8.4 3.3 3.40687 8.4
3.65267 3.3 8.4 3.6 3.35087 8.4 3.13995 3.6 8.4
3.44135 3.6 8.4 3.3 3.6 8.62196 3.28482 3.9 8.4
3.31458 3.9 8.4 3.3 3.91627 8.4 3.3 3.9 8.41753
3.6 3.19367 8.7 3.49586 3.3 8.7 3.80754 3.3 8.7
3.6 3.49443 8.7 3.6 3.3 8.83385 3.9 3.3 8.84067
4.2 3.3 8.92613 3.6 3.6 8.9483 3.9 3.6 8.93048
4.2 4.2 8.91664 4.5 4.5 8.82441 4.8 4.5 8.88086
3.9 3.23492 9 4.2 3.20827 9 3.81329 3.3 9
3.6 3.57496 9 3.9 3.3 9.06113 4.27387 3.3 9
4.2 3.45 9 4.2 3.3 9.09975 3.58542 3.6 9
3.6 3.61901 9 3.6 3.6 9.01458 4.04717 3.6 9
3.9 3.86951 9 3.9 3.6 9.10526 4.2 3.6 9.10234
4.5 3.6 9.15551 4.2 4.04324 9 4.5 3.9 9.15
4.10972 4.2 9 4.38901 4.2 9 4.2 4.32988 9
4.2 4.2 9.09731 4.5 4.25746 9 4.5 4.2 9.05529
4.8 4.35441 9 4.8 4.2 9.15442 4.30371 4.5 9
4.5 4.63782 9 4.5 4.5 9.16775 5.05111 4.5 9
4.8 4.61614 9 4.8 4.5 9.1536 4.2 3.4529 9.3
4.5 3.40053 9.3 4.04395 3.6 9.3 4.2 3.83721 9.3
4.2 3.6 9.41308 4.6445 3.6 9.3 4.5 3.6 9.44135
4.24141 3.9 9.3 4.72437 3.9 9.3 4.5 3.9 9.45
4.8 4.00439 9.3 4.33346 4.2 9.3 4.5 4.37123 9.3
4.5 4.2 9.44135 4.9536 4.2 9.3 4.8 4.3536 9.3
4.8 4.2 9.41614 3.3 3.6 7.48149 3.3 3.59201 7.5
3.29286 3.6 7.5 3.30799 3.6 7.5 3.3 3.60799 7.5
3.3 3.6 7.50907 3.3 3.9 7.08386 3.3 3.76974 7.2
3.1464 3.9 7.2 3.41614 3.9 7.2 3.3 4.04112 7.2
3.3 3.6989 7.5 3.3 3.6 7.57399 3.13135 3.9 7.5
3.39907 3.9 7.5 3.3 4.139 7.5 3.3 3.42928 7.8
3.08059 3.6 7.8 3.42766 3.6 7.8 3.3 3.6 7.92766
3.21941 3.9 7.8 3.36416 3.9 7.8 3.3 3.98917 7.8
3.3 3.9 7.86416 5.7 2.7 8.01215 5.7 2.64913 8.1
5.62403 2.7 8.1 5.75087 2.7 8.1 5.7 2.85394 8.1
5.7 2.67466 8.4 5.66014 2.7 8.4 5.72534 2.7 8.4
5.7 2.8269 8.4 5.7 2.7 8.44238 5.4 3 7.77394
5.4 2.97292 7.8 5.37292 3 7.8 5.42894 3 7.8
5.4 3.02606 7.8 5.4 2.84096 8.1 5.19609 3 8.1
5.57955 3 8.1 5.4 3.15 8.1 5.4 2.85644 8.4
5.2266 3 8.4 5.55841 3 8.4 5.4 3.14356 8.4
5.4 2.9426 8.7 5.34062 3 8.7 5.4574 3 8.7
5.4 3.0574 8.7 5.4 3 8.76074 5.4 4.5 7.65329
5.4 4.26114 7.8 5.25644 4.5 7.8 5.62366 4.5 7.8
5.4 4.7373 7.8 5.4 4.5 7.98999 5.4 4.8 8.04779
5.4 4.77368 8.1 5.38542 4.8 8.1 5.41627 4.8 8.1
5.4 4.81458 8.1 5.4 4.8 8.11458 3.6 4.2 6.82725
3.9 4.2 6.78077 3.6 4.09692 6.9 3.9 3.97521 6.9
3.52547 4.2 6.9 3.6 4.26416 6.9 3.6 4.2 6.97765
4.02899 4.2 6.9 3.9 4.31104 6.9 3.9 4.2 7.12072
4.2 4.2 7.08987 4.2 4.06213 7.2 3.99551 4.2 7.2
4.36973 4.2 7.2 4.2 4.29337 7.2 4.2 4.2 7.40754
4.5 4.2 7.35087 4.8 4.2 7.38692 4.5 4.01099 7.5
4.8 4.04929 7.5 4.31099 4.2 7.5 4.5 4.27659 7.5
4.5 4.2 7.57659 4.9379 4.2 7.5 4.8 4.31308 7.5
4.8 4.2 7.61308 5.7 3.6 7.44913 5.7 3.9 7.44913
5.7 3.54392 7.5 5.64913 3.6 7.5 5.75087 3.6 7.5
5.7 3.6 7.57007 5.64913 3.9 7.5 5.75087 3.9 7.5
5.7 4.05284 7.5 5.7 3.9 7.58786 4.8 4.2 7.68862
5.1 4.2 7.71677 4.8 4.08862 7.8 5.1 4.11677 7.8
4.68019 4.2 7.8 4.8 4.31138 7.8 4.8 4.2 8.0473
5.22191 4.2 7.8 5.1 4.28579 7.8 5.1 4.2 7.95207
3.9 3.6 6.81124 3.9 3.50383 6.9 3.82795 3.6 6.9
3.99206 3.6 6.9 3.9 3.73657 6.9 3.9 3.6 7.0172
3.9 3.9 7.05488 4.2 3.9 7.11314 3.9 3.77454 7.2
4.2 3.6517 7.2 3.79621 3.9 7.2 3.9 4.05312 7.2
3.9 3.9 7.29978 4.26113 3.9 7.2 4.2 3.96478 7.2
4.2 3.9 7.2591 5.7 5.1 7.78464 5.7 5.7 7.74913
5.7 6 7.68692 5.4 6.3 7.63703 5.7 6.3 7.6359
5.7 5.07235 7.8 5.68464 5.1 7.8 5.71536 5.1 7.8
5.7 5.17838 7.8 5.7 5.1 8.00663 5.7 5.52829 7.8
5.64913 5.7 7.8 5.75087 5.7 7.8 5.56887 6 7.8
5.4 6.16161 7.8 5.81308 6 7.8 5.27486 6.3 7.8
5.4 6.42005 7.8 5.78233 6.3 7.8 5.7 6.4367 7.8
5.7 5.1 8.27764 5.7 5.55 8.1 5.7 5.4 8.19337
5.64913 5.7 8.1 5.75087 5.7 8.1 5.55653 6 8.1
5.4 6.16129 8.1 5.82497 6 8.1 5.27964 6.3 8.1
5.4 6.42036 8.1 5.4 6.3 8.27325 5.82438 6.3 8.1
5.7 6.43876 8.1 5.7 5.09505 8.4 5.69484 5.1 8.4
5.70496 5.1 8.4 5.60663 5.4 8.4 5.79337 5.4 8.4
5.60663 5.7 8.4 5.79337 5.7 8.4 5.55 6 8.4
5.83782 6 8.4 5.53463 6.3 8.4 5.81274 6.3 8.4
5.7 6.41274 8.4 5.7 6.3 8.53754 5.4 4.8 8.90119
5.7 4.93451 8.7 5.7 4.8 8.95907 5.5257 5.1 8.7
5.82766 5.1 8.7 5.64913 5.4 8.7 5.75087 5.4 8.7
5.7 5.4 8.77007 5.64913 5.7 8.7 5.75087 5.7 8.7
5.7 5.7 8.75963 5.68464 6 8.7 5.71536 6 8.7
5.7 6.02116 8.7 5.7 6 8.71536 5.4 4.71677 9
5.7 4.77394 9 5.31677 4.8 9 5.4 4.9093 9
5.4 4.8 9.24188 5.72606 4.8 9 5.64129 5.1 9
5.74205 5.1 9 5.7 5.15871 9 5.7 5.1 9.09646
5.7 4.69313 9.3 5.44729 4.8 9.3 5.79907 4.8 9.3
5.7 4.97672 9.3 5.7 4.8 9.43017 5.7 5.4 8.93076
5.7 5.7 8.79362 5.7 6 8.79337 5.7 5.34734 9
5.7 5.1 9.29308 5.1 5.4 9.2681 5.64974 5.4 9
5.73945 5.4 9 5.1 5.7 9.23584 5.56594 5.7 9
5.81614 5.7 9 5.54135 6 9 5.4 6 9.20309
5.85 6 9 5.7 6.15 9 5.7 5.09505 9.3
5.7 4.8 9.54913 5.1 5.36316 9.3 5.69086 5.1 9.3
5.4 5.1 9.50634 5.70496 5.1 9.3 5.0681 5.4 9.3
5.16936 5.4 9.3 5.56072 5.4 9.3 5.77659 5.4 9.3
4.98197 5.7 9.3 5.34175 5.7 9.3 5.1 5.94175 9.3
5.44129 5.7 9.3 5.4 5.74008 9.3 5.78734 5.7 9.3
5.14008 6 9.3 5.1 6 9.32439 5.4 6.0895 9.3
5.4 6 9.47274 5.75027 6 9.3 5.7 6.05027 9.3
5.7 6 9.35529 5.7 4.2 9.88148 5.7 4.73308 9.6
5.58743 4.8 9.6 5.4 4.9751 9.6 5.4 4.8 9.73586
5.75087 4.8 9.6 5.34145 5.1 9.6 5.1 5.3993 9.6
5.4 5.18895 9.6 5.7895 5.1 9.6 5.0993 5.4 9.6
5.10121 5.4 9.6 5.67428 5.4 9.6 5.4 5.4 9.74164
5.71536 5.4 9.6 4.95 5.7 9.6 5.26525 5.7 9.6
5.63161 5.7 9.6 5.4 5.7 9.73164 5.75627 5.7 9.6
5.7 5.76174 9.6 4.94971 6 9.6 5.31084 6 9.6
5.1 6.12766 9.6 5.1 6 9.7906 5.7 4.17522 9.9
5.68464 4.2 9.9 5.71536 4.2 9.9 5.7 4.22752 9.9
5.7 4.2 9.91536 5.4 4.71266 9.9 5.7 4.60734 9.9
5.278 4.8 9.9 5.4 4.8 9.99775 5.84685 4.8 9.9
5.7 4.8 10.1337 5.23259 5.1 9.9 5.1 5.28755 9.9
5.4 5.1 10.0864 5.83782 5.1 9.9 5.01677 5.4 9.9
5.1 5.4 9.98323 5.80781 5.4 9.9 5.01513 5.7 9.9
5.1 5.84124 9.9 5.1 5.7 9.98233 5.4 5.89591 9.9
5.4 5.7 10.107 5.80781 5.7 9.9 5.7 5.80781 9.9
5.7 4.87275 10.2 5.51015 5.1 10.2 5.4 5.31214 10.2
5.83782 5.1 10.2 5.7 5.1 10.3378 5.34913 5.4 10.2
5.4 5.49378 10.2 5.4 5.4 10.2509 5.79907 5.4 10.2
5.7 5.4 10.2991 5.64755 5.7 10.2 5.72606 5.7 10.2
5.7 5.72606 10.2 5.7 5.7 10.2261 4.8 5.7 7.15216
4.8 5.64364 7.2 4.75216 5.7 7.2 4.84784 5.7 7.2
4.8 5.74784 7.2 4.8 5.7 7.26833 5.4 5.4 6.77629
5.7 5.4 6.72036 5.4 5.7 6.75447 5.7 5.7 6.72441
5.4 5.27934 6.9 5.7 5.23518 6.9 5.27092 5.4 6.9
5.85 5.4 6.9 5.10734 5.7 6.9 5.1 5.7 6.90495
5.4 5.82036 6.9 5.83782 5.7 6.9 5.7 5.83782 6.9
5.4 5.27234 7.2 5.7 5.27964 7.2 5.17465 5.4 7.2
5.1 5.4591 7.2 5.4 5.4 7.35306 5.82036 5.4 7.2
5.7 5.4 7.32877 4.95 5.7 7.2 5.1 5.85865 7.2
5.1 5.7 7.39219 5.4 5.88726 7.2 5.4 5.7 7.35865
5.85 5.7 7.2 5.7 5.87964 7.2 5.7 5.7 7.39043
3.6 4.2 7.13584 3.9 4.5 7.14429 3.6 4.12982 7.2
3.51336 4.2 7.2 3.71319 4.2 7.2 3.6 4.28301 7.2
3.9 4.39896 7.2 3.9 4.2 7.36227 3.82716 4.5 7.2
4.02639 4.5 7.2 3.9 4.55571 7.2 4.2 4.5 7.27156
4.5 4.5 7.40663 4.8 4.5 7.45859 4.2 4.8 7.44145
4.5 4.8 7.4409 4.8 4.8 7.43584 4.8 5.1 7.38726
5.1 5.1 7.44733 4.5 5.4 7.3841 4.8 5.4 7.29907
4.5 5.7 7.37841 4.8 5.7 7.4808 3.6 3.9785 7.5
3.9 4.11722 7.5 3.39337 4.2 7.5 3.6 4.4409 7.5
3.99289 4.2 7.5 4.2 4.33782 7.5 4.5 4.40663 7.5
4.8 4.45859 7.5 3.6591 4.5 7.5 3.9 4.68726 7.5
4.5 4.5 7.63385 4.8785 4.5 7.5 4.8 4.5 7.54141
4.11387 4.8 7.5 3.9 4.8 7.72403 4.2 4.8989 7.5
4.5 4.96374 7.5 5.04175 4.8 7.5 5.1 4.87291 7.5
5.1 4.8 7.57291 4.2 5.1 7.62718 4.57597 5.1 7.5
4.5 5.18006 7.5 4.5 5.1 7.55087 5.15087 5.1 7.5
5.1 5.28298 7.5 4.36771 5.4 7.5 5.06535 5.4 7.5
4.28855 5.7 7.5 4.2 5.7 7.71353 4.5 5.8159 7.5
4.82774 5.7 7.5 4.8 5.72674 7.5 5.1 5.7 7.71083
4.8 6 7.6234 5.1 6 7.67234 3.6 4.05 7.8
3.9 4.17466 7.8 3.32798 4.2 7.8 3.6 4.4097 7.8
3.6 4.2 8.02606 3.92938 4.2 7.8 3.9 4.2 7.82815
4.2 4.34096 7.8 3.6785 4.5 7.8 4.38927 4.5 7.8
4.5 4.60781 7.8 4.8 4.68726 7.8 5.1 4.74407 7.8
3.84913 4.8 7.8 3.9 4.85812 7.8 5.15087 4.8 7.8
4.06775 5.1 7.8 4.2 5.33068 7.8 5.11251 5.1 7.8
5.1 5.12013 7.8 4.25027 5.4 7.8 4.2 5.60373 7.8
4.2 5.4 7.86411 4.98692 5.4 7.8 5.1 5.60694 7.8
5.1 5.4 8.00694 4.17394 5.7 7.8 4.2 5.72606 7.8
4.5 5.96468 7.8 5.16416 5.7 7.8 5.1 5.7 8.08256
4.53665 6 7.8 4.5 6 7.97736 4.8 6.19303 7.8
5.22766 6 7.8 5.1 6.19943 7.8 5.1 6 7.92766
5.1 6.3 7.92931 3.9 4.35 8.1 4.2 4.44913 8.1
3.72877 4.5 8.1 3.9 4.5 8.28792 4.25087 4.5 8.1
4.2 4.5 8.3772 4.5 4.65 8.1 4.8 4.70663 8.1
5.1 4.78464 8.1 3.84913 4.8 8.1 3.9 4.85267 8.1
3.9 4.8 8.16692 5.11536 4.8 8.1 4.12613 5.1 8.1
5.17156 5.1 8.1 4.06381 5.4 8.1 5.16416 5.4 8.1
5.1 5.68256 8.1 5.1 5.4 8.2876 4.11677 5.7 8.1
4.2 5.78323 8.1 5.09398 5.7 8.1 4.47466 6 8.1
4.5 6.02534 8.1 4.5 6 8.19337 4.90781 6 8.1
4.8 6.20871 8.1 5.1 6.20093 8.1 5.1 6 8.31677
4.89968 6.3 8.1 5.21877 6.3 8.1 5.1 6.39907 8.1
4.2 4.50814 8.4 4.5 4.65 8.4 4.8 4.68419 8.4
5.1 4.71677 8.4 4.06246 4.8 8.4 5.22585 4.8 8.4
4.00647 5.1 8.4 5.16416 5.1 8.4 5.1 5.2876 8.4
4.05624 5.4 8.4 5.04657 5.4 8.4 4.16924 5.7 8.4
4.2 5.7341 8.4 4.2 5.7 8.44009 4.5 5.94913 8.4
5.06723 5.7 8.4 5.1 5.75812 8.4 4.55267 6 8.4
4.8 6.19266 8.4 5.19035 6 8.4 5.4 6 8.55
4.97454 6.3 8.4 5.36065 6.3 8.4 5.1 6.38323 8.4
5.1 6.3 8.55 4.2 4.57405 8.7 4.5 4.63137 8.7
4.8 4.65527 8.7 5.1 4.70459 8.7 4.11677 4.8 8.7
5.23657 4.8 8.7 4.04307 5.1 8.7 5.25077 5.1 8.7
5.1 5.39132 8.7 5.1 5.1 8.83709 4.02674 5.4 8.7
4.2 5.5579 8.7 5.08709 5.4 8.7 4.38678 5.7 8.7
4.5 5.80371 8.7 4.5 5.7 8.92113 4.96146 5.7 8.7
5.1 5.80117 8.7 5.4 5.8555 8.7 4.69629 6 8.7
4.8 6.10053 8.7 4.8 6 8.80943 5.1 6.20944 8.7
5.57902 6 8.7 5.4 6.24407 8.7 4.2 4.789 9
4.5 4.6445 9 4.8 4.64685 9 4.8 4.5 9.23369
5.1 4.65978 9 4.19256 4.8 9 4.2 4.8 9.00744
5.27823 4.8 9 5.1 4.96156 9 5.1 4.8 9.25841
4.03341 5.1 9 4.95 5.1 9 4.13098 5.4 9
4.2 5.48987 9 4.5 5.65859 9 4.8785 5.4 9
4.56948 5.7 9 4.5 5.7 9.14352 4.90697 5.7 9
4.8 5.82138 9 5.1 5.87195 9 5.4 5.85693 9
4.5 6 9.173 4.95681 6 9 5.1 6.12805 9
5.1 6 9.12805 5.53782 6 9 5.4 6.14307 9
5.4 6 9.13782 4.8 4.43584 9.3 4.72982 4.5 9.3
4.5 4.69353 9.3 5.00661 4.5 9.3 4.8 4.5 9.36416
4.39852 4.8 9.3 4.2 4.99266 9.3 4.5 4.8 9.39868
5.05629 4.8 9.3 4.8 4.8 9.42737 4.06691 5.1 9.3
4.2 5.1 9.40446 4.5 5.1 9.48419 4.92766 5.1 9.3
3.93421 5.4 9.3 4.2 5.69286 9.3 4.94135 5.4 9.3
4.23676 5.7 9.3 4.89602 5.7 9.3 4.8 5.84898 9.3
4.34469 6 9.3 4.67584 6 9.3 4.5 6.11274 9.3
4.5 6 9.42441 4.8 6 9.42102 4.8 5.07394 9.6
4.2 5.35795 9.6 4.76058 5.1 9.6 4.5 5.21582 9.6
4.82606 5.1 9.6 4.8 5.1 9.68754 5.1 5.1 9.89286
4.15795 5.4 9.6 4.2 5.45871 9.6 4.2 5.4 9.64205
4.5 5.4 9.83637 4.95315 5.4 9.6 4.39261 5.7 9.6
4.5 5.7916 9.6 4.5 5.7 9.76385 4.95 5.7 9.6
4.67242 6 9.6 4.91582 6 9.6 4.8 6.11582 9.6
4.8 6 9.72413 5.4 4.2 10.1846 5.4 4.5 10.1192
5.7 4.5 10.0792 5.1 5.09286 9.9 5.4 4.8 10.076
5.7 4.8 10.1729 5.07135 5.1 9.9 4.8 5.17924 9.9
5.10744 5.1 9.9 5.1 5.11414 9.9 5.1 5.1 9.90991
5.4 5.1 10.1564 4.58851 5.4 9.9 4.96983 5.4 9.9
4.8 5.4 10.0174 4.7576 5.7 9.9 4.81458 5.7 9.9
4.8 5.71627 9.9 4.8 5.7 9.91458 5.4 4.18464 10.2
5.38464 4.2 10.2 5.41713 4.2 10.2 5.7 4.39905 10.2
5.32844 4.5 10.2 5.79337 4.5 10.2 5.7 4.5 10.2934
5.2974 4.8 10.2 5.72606 4.8 10.2 5.7 4.82894 10.2
5.7 4.8 10.2278 5.34424 5.1 10.2 5.4464 5.1 10.2
5.4 5.15594 10.2 5.4 5.1 10.2749 5.4 4.14316 10.5
5.34316 4.2 10.5 5.46015 4.2 10.5 5.4 4.2 10.5568
5.37466 4.5 10.5 5.42534 4.5 10.5 5.4 4.5 10.5253
5.297 4.8 10.5 5.49795 4.8 10.5 5.4 4.9439 10.5
5.4 4.8 10.5934 5.1 5.4 8.69505 5.4 5.4 8.53137
5.1 5.7 8.60663 5.4 5.7 8.62844 5.1 5.39335 8.7
5.1 5.1 8.99335 5.4 5.19907 8.7 5.4 5.1 8.89332
5.09445 5.4 8.7 5.57652 5.4 8.7 4.96146 5.7 8.7
5.1 5.80117 8.7 5.47634 5.7 8.7 5.4 5.77156 8.7
5.1 5.09505 9 5.4 5.03369 9 5.094 5.1 9
5.46631 5.1 9 4.8785 5.4 9 5.1 5.4 9.23584
5.55545 5.4 9 5.4 5.4 9.18743 4.90697 5.7 9
5.1 5.84685 9 5.1 5.7 9.21467 5.52805 5.7 9
5.4 5.82497 9 5.4 5.7 9.21891 5.1 4.99905 9.3
5.4 5.07784 9.3 4.99905 5.1 9.3 5.1 5.28726 9.3
5.1 5.1 9.39337 5.40744 5.1 9.3 5.4 5.11536 9.3
5.4 5.1 9.30714 5.4 5.4 9.37984 5.4 5.7 9.43844
5.4 5.2907 9.6 5.29554 5.4 9.6 5.56253 5.4 9.6
5.4 5.4 9.73611 5.26836 5.7 9.6 5.57468 5.7 9.6
5.4 5.85028 9.6 5.4 5.7 9.73164 5.1 5.4 7.15738
5.1 5.34755 7.2 5.05175 5.4 7.2 5.14327 5.4 7.2
5.1 5.43598 7.2 5.1 5.4 7.27383 5.4 5.7 8.01722
5.1 6 7.92766 5.4 6 7.84254 5.4 5.61467 8.1
5.20369 5.7 8.1 5.1 5.75027 8.1 5.56466 5.7 8.1
4.90781 6 8.1 5.1 6.15 8.1 5.1 6 8.31677
5.55653 6 8.1 5.4 6.13448 8.1 5.4 5.51572 8.4
5.10516 5.7 8.4 5.60391 5.7 8.4 5.4 5.7 8.57225
5.20242 6 8.4 5.53972 6 8.4 5.4 6.12766 8.4
5.4 6 8.52766 5.7 4.8 7.01582 5.4 5.1 7.11933
5.4 4.5 7.44407 5.7 4.55571 7.2 5.7 4.5 7.26774
5.4785 4.8 7.2 5.4 4.9525 7.2 5.85 4.8 7.2
5.7 5.08154 7.2 5.31645 5.1 7.2 5.65184 5.1 7.2
5.4 5.17659 7.2 5.7 5.1 7.21846 5.7 5.4 7.39219
5.4 4.41081 7.5 5.7 4.32494 7.5 5.34913 4.5 7.5
5.4 4.768 7.5 5.4 4.5 7.55087 5.83164 4.5 7.5
5.7 4.5 7.73973 5.40714 4.8 7.5 5.4 4.81791 7.5
5.4 4.8 7.53241 5.85 4.8 7.5 5.31677 5.1 7.5
5.4 5.23829 7.5 5.85 5.1 7.5 5.7 5.1 7.78464
5.1 5.4 7.70622 5.53338 5.4 7.5 5.4 5.4 7.68607
5.80781 5.4 7.5 5.7 5.52558 7.5 5.7 5.4 7.6925
5.4 4.74973 7.8 5.7 4.63345 7.8 5.34332 4.8 7.8
5.4 4.8 7.93521 5.7591 4.8 7.8 5.7 5.04592 7.8
5.7 4.8 7.8591 5.1595 5.1 7.8 5.1 5.19795 7.8
5.68287 5.1 7.8 5.4 5.1 8.05614 5.00622 5.4 7.8
5.1 5.52457 7.8 5.1 5.4 7.89378 5.54023 5.4 7.8
5.4 5.48389 7.8 5.4 5.4 7.86469 5.1 6 7.41677
5.1 5.7105 7.5 4.98318 6 7.5 5.3895 6 7.5
5.1 6.09056 7.5 5.1 6 7.58323 5.4 6 7.16402
5.7 6 7.19204 5.4 5.96402 7.2 5.7 5.99204 7.2
5.35853 6 7.2 5.4 6.03598 7.2 5.70796 6 7.2
5.7 6.00932 7.2 5.7 6.3 7.44188 5.4 5.99475 7.5
5.4 5.7 7.66984 5.7 5.85531 7.5 5.39501 6 7.5
5.4 6.0299 7.5 5.4 6 7.53935 5.80781 6 7.5
5.7 6 7.62532 5.5144 6.3 7.5 5.75087 6.3 7.5
5.7 6.35087 7.5 5.7 6.3 7.55087 5.4 5.1 8.06029
5.7 5.1 8.09286 5.4 5.51716 7.8 5.4 5.4 7.88579
5.7 5.4 8.02986 5.27594 5.7 7.8 5.60632 5.7 7.8
5.4 5.95997 7.8 5.4 5.7 7.98337 5.4 5.06029 8.1
5.7 5.09286 8.1 5.34958 5.1 8.1 5.70714 5.1 8.1
5.7 5.1 8.27764 5.16631 5.4 8.1 5.1 5.4 8.2876
5.4 5.61467 8.1 5.74205 5.4 8.1 5.7 5.4464 8.1
5.7 5.4 8.15594 5.4 4.95315 8.4 5.16631 5.1 8.4
5.1 5.2876 8.4 5.69484 5.1 8.4 5.4 5.1 8.54685
5.05795 5.4 8.4 5.1 5.4464 8.4 5.1 5.4 8.44205
5.49703 5.4 8.4 5.4 5.47611 8.4 5.4 5.4 8.47611
5.7 1.8 5.90592 5.7 1.77106 6 5.65907 1.8 6
5.72606 1.8 6 5.7 1.82606 6 5.7 1.8 6.07833
5.4 2.1 6.87533 5.4 2.08464 6.9 5.25158 2.1 6.9
5.45603 2.1 6.9 5.4 2.11536 6.9 5.4 2.1 6.91598
5.4 1.5 5.0105 5.7 1.5 5.09286 5.4 1.4105 5.1
5.7 1.49286 5.1 5.26065 1.5 5.1 5.1 1.5 5.20974
5.4 1.5895 5.1 5.70714 1.5 5.1 5.7 1.50714 5.1
5.1 1.35904 5.4 5.4 1.35 5.4 5.7 1.36805 5.4
4.84071 1.5 5.4 4.8 1.5 5.50568 5.1 1.64645 5.4
5.4 1.62036 5.4 5.82348 1.5 5.4 5.7 1.63195 5.4
4.5 1.8 5.62747 4.8 1.4409 5.7 5.1 1.35 5.7
5.4 1.35 5.7 5.7 1.36454 5.7 4.7409 1.5 5.7
4.5 1.74913 5.7 4.8 1.58686 5.7 5.1 1.63782 5.7
5.4 1.59337 5.7 5.82348 1.5 5.7 5.7 1.63546 5.7
4.44913 1.8 5.7 4.57597 1.8 5.7 4.5 1.85087 5.7
4.8 1.44913 6 5.1 1.35329 6 5.4 1.36494 6
5.7 1.41722 6 4.74913 1.5 6 4.5 1.72844 6
4.8 1.70663 6 4.8 1.5 6.05963 5.1 1.65815 6
5.1 1.5 6.26192 5.4 1.59907 6 5.78278 1.5 6
5.7 1.59831 6 4.42844 1.8 6 4.73174 1.8 6
4.5 1.87387 6 4.5 1.8 6.15 4.8 1.8 6.03433
5.1 1.8 6.25815 5.7 1.8 6.2816 5.4 1.39554 6.3
5.7 1.49286 6.3 4.8 1.66064 6.3 5.15996 1.5 6.3
5.1 1.65 6.3 5.4 1.64104 6.3 5.4 1.5 6.42177
5.70714 1.5 6.3 5.7 1.5 6.30799 4.59148 1.8 6.3
4.8 1.92805 6.3 4.8 1.8 6.47161 5.15442 1.8 6.3
5.1 1.83532 6.3 5.67654 1.8 6.3 5.4 1.8 6.46101
5.71458 1.8 6.3 5.7 1.81458 6.3 4.5 2.1 6.59553
5.1 1.71722 6.6 5.4 1.68021 6.6 5.7 1.74799 6.6
4.5 2.0979 6.6 4.97509 1.8 6.6 5.1 1.90878 6.6
5.1 1.8 6.68533 5.4 1.9026 6.6 5.4 1.8 6.71979
5.74723 1.8 6.6 5.7 1.85333 6.6 5.7 1.8 6.65201
4.4979 2.1 6.6 4.58872 2.1 6.6 4.5 2.10225 6.6
4.5 2.1 6.6021 4.8 1.5 4.45429 5.1 1.5 4.39012
5.4 1.5 4.41421 4.5 1.8 4.32045 4.8 1.8 4.29337
5.1 1.8 4.29337 5.4 1.8 4.33164 5.7 1.8 4.38256
4.5 2.1 4.35 4.8 2.1 4.29337 5.1 2.1 4.29337
5.4 2.1 4.32775 5.7 2.1 4.38726 4.5 2.4 4.39219
4.8 2.4 4.32036 5.1 2.4 4.35 5.4 2.4 4.41722
4.8 2.7 4.48542 4.8 1.45859 4.5 5.1 1.40663 4.5
5.4 1.41677 4.5 4.74486 1.5 4.5 4.5 1.62775 4.5
5.53178 1.5 4.5 5.7 1.62974 4.5 4.31572 1.8 4.5
4.2 1.8 4.73608 5.81744 1.8 4.5 4.27387 2.1 4.5
4.2 2.1 4.57156 5.81274 2.1 4.5 5.7 2.23051 4.5
5.7 2.1 4.72403 3.9 2.4 4.72844 4.36801 2.4 4.5
4.2 2.4 4.62497 4.5 2.62077 4.5 5.1 2.57902 4.5
5.49831 2.4 4.5 5.4 2.48278 4.5 3.9 2.7 4.77394
4.2 2.7 4.65865 4.73928 2.7 4.5 4.5 2.7 4.55027
4.82346 2.7 4.5 4.8 2.71458 4.5 5.1 2.7 4.61572
4.2 3 4.70093 4.5 3 4.65865 4.8 3 4.68419
4.8 1.40663 4.8 5.1 1.40663 4.8 5.4 1.40663 4.8
4.2 1.75795 4.8 4.65654 1.5 4.8 4.5 1.59907 4.8
4.8 1.5 4.97784 5.1 1.5 5.06589 5.56813 1.5 4.8
5.4 1.5 4.90633 5.7 1.5785 4.8 4.15795 1.8 4.8
4.2 1.8 4.87487 5.85 1.8 4.8 5.7 2.04913 4.8
5.7 1.8 5.0215 3.98907 2.1 4.8 3.9 2.27224 4.8
5.64733 2.1 4.8 3.82844 2.4 4.8 5.55624 2.4 4.8
5.4 2.58071 4.8 5.4 2.4 4.96332 3.87394 2.7 4.8
3.9 2.74876 4.8 5.28927 2.7 4.8 5.1 2.92664 4.8
4.04956 3 4.8 3.9 3 4.89868 4.2 3.13506 4.8
4.5 3.16683 4.8 5.00086 3 4.8 4.8 3.11582 4.8
3.9 3.3 4.98225 4.2 3.3 4.98371 4.5 1.66525 5.1
4.8 1.58525 5.1 5.1 1.53411 5.1 5.4 1.70457 5.1
4.3156 1.8 5.1 4.2 1.90148 5.1 4.5 1.8 5.25
4.8 1.8 5.23164 5.1 1.8 5.19337 5.55601 1.8 5.1
5.4 1.8 5.18323 4.00148 2.1 5.1 3.9 2.22212 5.1
4.8 2.1 5.25355 5.1 2.1 5.19337 5.4464 2.1 5.1
5.4 2.15594 5.1 5.4 2.1 5.14205 3.77503 2.4 5.1
4.8 2.4 5.25693 5.21656 2.4 5.1 5.1 2.4 5.19337
3.69907 2.7 5.1 4.8 2.7 5.27964 5.11536 2.7 5.1
5.1 2.71598 5.1 5.1 2.7 5.11536 3.67156 3 5.1
4.5 3.21677 5.1 4.91572 3 5.1 4.8 3.11274 5.1
3.7113 3.3 5.1 3.9 3.42282 5.1 4.34944 3.3 5.1
4.2 3.38988 5.1 4.5 3.3 5.23135 4.2 2.05707 5.4
4.5 2.00119 5.4 4.15706 2.1 5.4 3.9 2.38482 5.4
4.2 2.1 5.44141 4.59337 2.1 5.4 4.5 2.1 5.48323
3.88542 2.4 5.4 3.9 2.4 5.41753 4.2 2.4 5.60459
4.62441 2.4 5.4 4.5 2.4 5.51274 3.75 2.7 5.4
4.6766 2.7 5.4 4.5 2.7 5.58927 4.8 2.98947 5.4
3.69337 3 5.4 4.80714 3 5.4 4.8 3.00837 5.4
4.8 3 5.40744 3.62321 3.3 5.4 3.9 3.44376 5.4
4.2 3.43995 5.4 4.61015 3.3 5.4 4.5 3.39907 5.4
4.5 3.3 5.6011 3.6 3.6 5.51462 3.9 3.6 5.54645
3.9 3.9 5.64913 3.9 2.59782 5.7 4.2 2.53094 5.7
3.8105 2.7 5.7 3.9 2.7 5.81225 4.35531 2.7 5.7
4.2 2.7 5.81572 4.5 2.90271 5.7 3.69907 3 5.7
4.56576 3 5.7 4.5 3.15783 5.7 4.5 3 5.76363
3.67205 3.3 5.7 3.6 3.40813 5.7 4.42898 3.3 5.7
4.2 3.4844 5.7 3.49219 3.6 5.7 3.6 3.75 5.7
4.09353 3.6 5.7 3.9 3.6 5.92982 3.81994 3.9 5.7
3.6 3.9 5.92077 3.98607 3.9 5.7 3.9 3.95087 5.7
3.9 2.84289 6 4.2 2.91513 6 3.75624 3 6
3.9 3 6.14376 4.28233 3 6 4.2 3 6.08941
3.64456 3.3 6 3.6 3.40907 6 3.9 3.52982 6
4.26416 3.3 6 4.2 3.38664 6 4.2 3.3 6.07744
3.53584 3.6 6 3.75 3.6 6 3.9 3.68059 6
3.54973 3.9 6 3.6 3.95027 6 4.08053 3.9 6
3.9 4.03284 6 3.9 3.9 6.12766 3.9 3.18071 6.3
3.7075 3.3 6.3 3.6 3.48162 6.3 4.02532 3.3 6.3
3.9 3.45966 6.3 3.9 3.3 6.43229 3.54913 3.6 6.3
3.68786 3.6 6.3 3.6 3.6 6.53624 3.59201 3.9 6.3
3.60714 3.9 6.3 3.6 3.90938 6.3 3.6 3.69343 6.6
3.56742 3.9 6.6 3.63609 3.9 6.6 3.6 3.94388 6.6
3.6 3.9 6.63258 5.7 2.1 4.74913 5.7 2.4 4.69518
5.4 2.7 4.70663 4.8 3.3 4.77466 5.7 2.04913 4.8
5.64733 2.1 4.8 5.75087 2.1 4.8 5.7 2.1 4.87597
5.58382 2.4 4.8 5.4 2.59585 4.8 5.4 2.4 4.98985
5.80482 2.4 4.8 5.7 2.51618 4.8 5.30391 2.7 4.8
5.50415 2.7 4.8 5.4 2.82378 4.8 4.8 3.26555 4.8
5.1 3 4.83551 5.4 3 4.95496 4.64357 3.3 4.8
4.5 3.3 4.8542 4.83166 3.3 4.8 4.8 3.32534 4.8
5.1 3.3 4.93164 5.4 3.3 4.99591 5.1 3.6 4.89541
5.4 3.6 4.85087 5.7 3.6 4.90053 5.4 4.2 5.03584
5.4 2.29313 5.1 5.7 2.21572 5.1 5.30093 2.4 5.1
5.84685 2.4 5.1 5.7 2.68482 5.1 5.15627 2.7 5.1
5.1 2.75822 5.1 5.1 2.7 5.21834 5.68542 2.7 5.1
5.7 2.7 5.12003 4.5 3.21677 5.1 4.91572 3 5.1
4.8 3.13754 5.1 5.52441 3 5.1 4.38786 3.3 5.1
4.5 3.38323 5.1 4.5 3.3 5.23135 4.8 3.45415 5.1
5.53706 3.3 5.1 5.7 3.42446 5.1 5.7 3.3 5.23026
4.5 3.6 5.25315 4.92066 3.6 5.1 4.8 3.6 5.22066
5.1 3.80093 5.1 5.4 3.75644 5.1 5.84135 3.6 5.1
5.7 3.82196 5.1 4.8 3.9 5.32103 5.1 3.9 5.31214
5.4 4.1314 5.1 5.4 3.9 5.28115 5.7 3.9 5.17634
5.33584 4.2 5.1 5.47744 4.2 5.1 5.4 4.36099 5.1
5.7 4.2 5.31475 5.4 2.30663 5.4 5.7 2.29219 5.4
5.30663 2.4 5.4 5.1 2.6215 5.4 5.80781 2.4 5.4
5.0215 2.7 5.4 5.82497 2.7 5.4 5.7 2.89509 5.4
4.82534 3 5.4 4.8 3.02938 5.4 5.61677 3 5.4
5.7 3.09543 5.4 5.7 3 5.52546 4.61015 3.3 5.4
4.5 3.40188 5.4 4.5 3.3 5.6011 5.83544 3.3 5.4
4.32775 3.6 5.4 4.5 3.80184 5.4 5.84685 3.6 5.4
4.2 3.9 5.66892 4.66986 3.9 5.4 4.5 3.9 5.51999
4.8 4.00463 5.4 5.1 3.95593 5.4 5.84356 3.9 5.4
5.7 3.9 5.67259 4.2 4.2 5.64316 5.29905 4.2 5.4
5.4 4.32544 5.4 5.77106 4.2 5.4 5.7 4.28525 5.4
5.4 2.30663 5.7 5.7 2.30663 5.7 5.30663 2.4 5.7
5.1 2.62844 5.7 5.4 2.4 5.90754 5.79337 2.4 5.7
5.02844 2.7 5.7 5.1 2.7 5.88162 5.83544 2.7 5.7
4.5 3.23807 5.7 4.90781 3 5.7 4.8 3.11073 5.7
5.80446 3 5.7 4.4334 3.3 5.7 5.83782 3.3 5.7
3.9 3.6 5.9536 4.22434 3.6 5.7 4.2 3.74128 5.7
4.2 3.6 5.73366 5.77611 3.6 5.7 5.7 3.83596 5.7
4.17106 3.9 5.7 4.5 4.05629 5.7 4.8 4.14913 5.7
5.1 4.1112 5.7 5.67177 3.9 5.7 5.4 3.9 5.94392
5.7 3.94752 5.7 4.13765 4.2 5.7 4.27996 4.2 5.7
4.2 4.25684 5.7 4.5 4.2 5.84695 4.8 4.2 5.77007
5.38874 4.2 5.7 5.1 4.2 5.78587 5.4 4.2065 5.7
5.79868 4.2 5.7 5.7 4.3156 5.7 5.7 4.2 5.86822
4.2 4.5 5.89219 5.7 2.30663 6 5.49246 2.4 6
5.4 2.45027 6 5.79337 2.4 6 5.7 2.4 6.12862
5.15087 2.7 6 5.1 2.75087 6 5.85 2.7 6
4.5 3.09337 6 4.94135 3 6 4.8 3.14135 6
5.81274 3 6 3.9 3.5536 6 4.26416 3.3 6
4.2 3.38664 6 4.2 3.3 6.17138 5.84685 3.3 6
3.8536 3.6 6 3.9 3.65175 6 5.4 3.83788 6
5.78323 3.6 6 5.7 3.72191 6 4.0844 3.9 6
3.9 3.9 6.13164 5.34913 3.9 6 5.4 3.95087 6
5.4 3.9 6.05087 5.7 3.9 6.1159 3.6 4.2 6.29204
3.96416 4.2 6 3.9 4.2 6.08664 4.5 4.41959 6
4.8 4.32036 6 5.1 4.37123 6 5.61677 4.2 6
5.4 4.38418 6 4.0841 4.5 6 3.9 4.5 6.22982
4.40871 4.5 6 4.2 4.60781 6 4.5 4.5 6.08686
4.8 4.5 6.15315 5.1 4.5 6.12036 5.4 4.5 6.18626
4.2 4.8 6.20663 4.5 4.8 6.29422 5.4 2.5555 6.3
5.7 2.51274 6.3 5.24406 2.7 6.3 5.1 2.92606 6.3
5.4 2.7 6.51765 5.85 2.7 6.3 4.2 3.24913 6.3
4.5 3.19554 6.3 5.03637 3 6.3 4.8 3.15865 6.3
5.1 3 6.38993 5.85 3 6.3 4.13308 3.3 6.3
3.9 3.47717 6.3 4.2 3.3 6.37354 4.5 3.3 6.44634
4.8 3.3 6.58373 5.85 3.3 6.3 3.77717 3.6 6.3
5.85 3.6 6.3 3.71274 3.9 6.3 3.6 4.18701 6.3
5.84135 3.9 6.3 5.7 4.10965 6.3 3.59204 4.2 6.3
3.6 4.21299 6.3 3.6 4.2 6.3101 5.61677 4.2 6.3
3.80663 4.5 6.3 3.6 4.5 6.47138 3.9 4.67242 6.3
4.8 4.7829 6.3 5.1 4.7105 6.3 5.48323 4.5 6.3
5.4 4.65541 6.3 3.99246 4.8 6.3 3.9 4.8 6.35529
4.2 4.91231 6.3 4.57597 4.8 6.3 4.5 4.84053 6.3
5.1 4.8 6.45051 5.4 4.8 6.39787 4.2 5.1 6.49888
4.5 5.1 6.36535 4.8 5.1 6.56861 5.7 2.59554 6.6
5.51606 2.7 6.6 5.4 2.77563 6.6 5.80446 2.7 6.6
5.7 2.7 6.71245 5.21582 3 6.6 5.1 3.12413 6.6
5.4 3 6.86468 5.84135 3 6.6 3.9 3.5198 6.6
4.2 3.41582 6.6 4.5 3.40781 6.6 4.81627 3.3 6.6
4.8 3.31458 6.6 5.1 3.3 6.7841 5.85 3.3 6.6
3.86402 3.6 6.6 3.9 3.6 6.63598 4.2 3.6 6.79219
4.5 3.6 6.83584 5.85 3.6 6.6 3.79313 3.9 6.6
3.9 3.9 6.70687 5.82468 3.9 6.6 5.7 4.14406 6.6
3.83857 4.2 6.6 3.6 4.39012 6.6 3.9 4.2 6.67275
5.65795 4.2 6.6 5.7 4.2 6.64205 3.50663 4.5 6.6
3.6 4.62862 6.6 4.8 4.72437 6.6 5.54725 4.5 6.6
5.7 4.5 6.79808 3.72098 4.8 6.6 3.6 4.8 6.82403
3.9 4.99353 6.6 4.69685 4.8 6.6 4.93317 4.8 6.6
4.8 5.05116 6.6 4.8 4.8 6.77804 5.1 4.91568 6.6
5.55276 4.8 6.6 5.4 4.98025 6.6 4.06822 5.1 6.6
3.9 5.1 6.87025 4.2 5.18323 6.6 4.5 5.19337 6.6
4.82663 5.1 6.6 4.8 5.13178 6.6 5.1 5.1 6.72577
5.4 5.1 6.82025 5.1 5.4 6.75326 5.7 2.90534 6.9
5.47357 3 6.9 5.4 3.05154 6.9 5.78734 3 6.9
5.7 3 7.02165 4.8 3.45 6.9 5.23974 3.3 6.9
5.1 3.40781 6.9 5.4 3.3 7.06983 5.82036 3.3 6.9
4.2 3.81994 6.9 4.56631 3.6 6.9 4.5 3.67453 6.9
4.8 3.6 7.08462 5.85 3.6 6.9 4.14407 3.9 6.9
4.2 3.9 6.95963 5.85 3.9 6.9 3.6 4.40093 6.9
4.03399 4.2 6.9 3.9 4.33019 6.9 4.2 4.2 7.06922
5.85 4.2 6.9 3.50093 4.5 6.9 3.9 4.5 7.13474
5.78278 4.5 6.9 5.7 4.60468 6.9 3.54913 4.8 6.9
3.6 4.85087 6.9 3.6 4.8 7.08143 5.56332 4.8 6.9
3.88464 5.1 6.9 3.9 5.11536 6.9 4.2 5.24068 6.9
4.5 5.26218 6.9 4.8 5.34733 6.9 5.44522 5.1 6.9
5.4 5.15183 6.9 5.4 5.1 6.94983 4.87831 5.4 6.9
5.21618 5.4 6.9 5.1 5.52908 6.9 5.1 5.4 7.00482
5.7 3.142 7.2 5.1 3.57323 7.2 5.52718 3.3 7.2
5.4 3.49526 7.2 5.4 3.3 7.33185 5.82036 3.3 7.2
5.7 3.3 7.41959 4.5 3.85795 7.2 5.05784 3.6 7.2
4.8 3.72406 7.2 5.1 3.6 7.22677 5.85 3.6 7.2
5.7 3.6 7.39554 4.45041 3.9 7.2 4.5 3.9 7.24205
4.8 3.9 7.43441 5.4 3.9 7.41722 5.85 3.9 7.2
5.7 3.9 7.40093 3.6 4.45795 7.2 4.42616 4.2 7.2
4.2 4.42483 7.2 4.5 4.2 7.24929 4.8 4.2 7.37503
5.4 4.2 7.37442 5.85 4.2 7.2 5.7 4.2 7.39591
3.55795 4.5 7.2 3.72506 4.5 7.2 3.6 4.66496 7.2
3.6 4.5 7.30435 4.05933 4.5 7.2 3.9 4.55571 7.2
4.2 4.5 7.25027 4.5 4.5 7.37282 4.8 4.5 7.28882
5.4 4.5 7.3274 5.75571 4.5 7.2 5.7 4.55571 7.2
5.7 4.5 7.25897 3.63532 4.8 7.2 4.2 4.8 7.40541
4.5 4.8 7.43366 4.8 4.8 7.43584 5.46416 4.8 7.2
5.4 4.87018 7.2 5.4 4.8 7.27744 3.85795 5.1 7.2
3.9 5.14205 7.2 3.9 5.1 7.29451 4.2 5.26587 7.2
4.5 5.35612 7.2 4.8 5.35965 7.2 4.8 5.1 7.38726
5.20647 5.1 7.2 5.1 5.19868 7.2 5.1 5.1 7.33463
5.4 3.12498 7.5 5.26341 3.3 7.5 5.6158 3.3 7.5
5.4 3.3 7.61582 5.3681 3.6 7.5 5.1 3.84854 7.5
5.45464 3.6 7.5 5.4 3.67137 7.5 5.4 3.6 7.5319
4.96036 3.9 7.5 5.20561 3.9 7.5 5.1 3.9 7.55146
4.96276 4.2 7.5 5.25531 4.2 7.5 5.1 4.2 7.61274
3.9 4.70093 7.5 4.89246 4.5 7.5 5.26813 4.5 7.5
5.1 4.5 7.59337 3.72546 4.8 7.5 4.1011 4.8 7.5
3.9 4.97454 7.5 3.9 4.8 7.59907 4.2 4.92429 7.5
4.5 4.96374 7.5 5.07533 4.8 7.5 5.10907 4.8 7.5
5.1 4.81167 7.5 5.1 4.8 7.50714 4.0525 5.1 7.5
4.2 5.17659 7.5 4.2 5.1 7.57659 4.57597 5.1 7.5
4.5 5.16483 7.5 4.5 5.1 7.55087 5.4 2.1 5.26494
5.7 2.1 5.31645 4.8 2.4 5.31933 5.1 2.4 5.25325
4.8 2.7 5.32389 5.4 2.00093 5.4 5.7 2.05795 5.4
4.8 2.32341 5.4 5.28399 2.1 5.4 5.1 2.26949 5.4
5.4 2.22017 5.4 5.74205 2.1 5.4 5.7 2.14205 5.4
4.72341 2.4 5.4 5.2348 2.4 5.4 5.1 2.51274 5.4
4.72148 2.7 5.4 4.5 2.7 5.63369 4.87611 2.7 5.4
4.8 2.78017 5.4 4.8 3 5.61983 5.4 2.01677 5.7
5.7 2.05859 5.7 4.8 2.38542 5.7 5.30663 2.1 5.7
5.1 2.3192 5.7 5.4 2.22191 5.7 5.4 2.1 5.87559
5.74141 2.1 5.7 5.7 2.16303 5.7 5.7 2.1 5.77355
4.78542 2.4 5.7 4.5 2.63584 5.7 4.8 2.4 5.71518
5.2075 2.4 5.7 5.1 2.47156 5.7 4.43584 2.7 5.7
4.5 2.83399 5.7 4.5 2.7 5.83399 4.94685 2.7 5.7
4.64937 3 5.7 4.5 3 5.82818 4.87611 3 5.7
4.8 3.07611 5.7 5.1 2.30391 6 5.00391 2.4 6
4.8 2.55 6 5.26218 2.4 6 5.1 2.52084 6
5.1 2.4 6.12862 5.4 2.4 6.19586 4.57803 2.7 6
4.5 2.82818 6 4.9766 2.7 6 4.8 2.7 6.22925
5.1 2.7 6.17282 4.40663 3 6 4.5 3.09337 6
4.5 3 6.16274 4.94135 3 6 4.8 3.14135 6
5.4 2.34913 6.3 5.32403 2.4 6.3 5.1 2.56494 6.3
5.61206 2.4 6.3 5.4 2.45087 6.3 5.4 2.4 6.38822
4.91252 2.7 6.3 4.8 2.77075 6.3 5.19907 2.7 6.3
5.1 2.81015 6.3 5.1 2.7 6.47757 4.58533 3 6.3
4.95904 3 6.3 4.8 3.1555 6.3 4.8 3 6.47195
5.1 3 6.55171 5.1 2.90277 6.6 5.04424 3 6.6
5.14205 3 6.6 5.1 3.04205 6.6 5.1 3 6.64359
4.8 2.1 5.27092 5.1 2.1 5.22532 4.8 1.97934 5.4
5.1 1.92532 5.4 4.67092 2.1 5.4 4.8 2.27313 5.4
5.28399 2.1 5.4 5.1 2.23164 5.4 4.5 2.4 5.51572
4.8 1.99219 5.7 5.1 1.94376 5.7 4.66329 2.1 5.7
4.5 2.2234 5.7 4.8 2.37496 5.7 4.8 2.1 5.92077
5.30663 2.1 5.7 5.1 2.26332 5.7 5.4 2.1 5.87559
4.30149 2.4 5.7 4.78482 2.4 5.7 4.5 2.57225 5.7
4.8 2.4 5.71518 4.2 2.7 5.82441 4.5 2.7 5.90353
5.1 1.97964 6 5.4 2.02725 6 4.5 2.30093 6
4.86932 2.1 6 4.8 2.15206 6 5.1 2.27282 6
5.1 2.1 6.16329 5.50708 2.1 6 5.4 2.16416 6
4.37746 2.4 6 4.2 2.53698 6 4.5 2.4 6.13017
4.99812 2.4 6 4.8 2.55 6 5.1 2.4 6.14034
4.06218 2.7 6 4.2 2.90759 6 4.57803 2.7 6
4.5 2.77563 6 4.8 2.7 6.22925 4.2 3 6.08941
4.5 3 6.21722 5.4 2.04913 6.3 4.8 2.28927 6.3
5.31994 2.1 6.3 5.1 2.25 6.3 5.46671 2.1 6.3
5.4 2.18006 6.3 5.4 2.1 6.35391 4.2 2.6681 6.3
4.66026 2.4 6.3 4.5 2.51744 6.3 4.8 2.4 6.42786
5.25 2.4 6.3 5.1 2.50781 6.3 5.4 2.4 6.55763
4.1681 2.7 6.3 4.2 2.7 6.33312 4.8685 2.7 6.3
4.8 2.77075 6.3 5.1 2.7 6.52389 4.05865 3 6.3
4.2 3.19353 6.3 4.2 3 6.59445 4.58533 3 6.3
4.5 3.11629 6.3 4.8 3 6.47195 4.5 3.3 6.47138
4.8 3.3 6.58542 5.1 2.34913 6.6 5.4 2.37298 6.6
4.5 2.68542 6.6 5.03615 2.4 6.6 4.8 2.53218 6.6
5.1 2.4 6.65087 5.45114 2.4 6.6 5.4 2.42534 6.6
5.4 2.4 6.63986 4.48482 2.7 6.6 4.5 2.7 6.61458
4.8 2.7 6.7766 5.17611 2.7 6.6 5.1 2.80826 6.6
5.1 2.7 6.87993 4.20495 3 6.6 4.5 3 6.75
4.96276 3 6.6 4.8 3 6.78373 5.1 3 6.89514
4.26535 3.3 6.6 4.5 3.39337 6.6 4.5 3.3 6.69337
4.81627 3.3 6.6 4.8 3.31458 6.6 4.8 3.3 6.61701
5.1 2.91326 6.9 5.09356 3 6.9 5.10295 3 6.9
5.1 3.00307 6.9 5.1 3 6.90295 5.1 1.8 5.34406
5.4 1.8 5.26253 5.7 1.8 5.36735 5.1 1.75795 5.4
5.4 1.70663 5.4 5.7 1.77394 5.4 4.96682 1.8 5.4
5.1 1.84205 5.4 5.4 1.89337 5.4 5.72606 1.8 5.4
5.7 1.82606 5.4 5.7 1.8 5.55229 4.5 2.1 5.56253
5.1 1.71677 5.7 5.4 1.70663 5.7 4.5 2.00663 5.7
4.90415 1.8 5.7 5.1 1.88323 5.7 5.64913 1.8 5.7
5.4 1.89337 5.7 4.37916 2.1 5.7 4.63385 2.1 5.7
4.5 2.19609 5.7 4.8 2.1 5.92077 4.2 2.4 5.80547
3.9 2.7 5.97394 5.1 1.74973 6 5.4 1.70663 6
4.5 2.00093 6 5.02483 1.8 6 4.8 2.02483 6
5.1 1.86619 6 5.1 1.8 6.06143 5.57718 1.8 6
5.4 1.89337 6 5.4 1.8 6.17718 4.36494 2.1 6
4.2 2.25493 6 4.5 2.25 6 4.5 2.1 6.18345
4.86619 2.1 6 4.8 2.15027 6 5.1 2.1 6.17332
5.7 2.1 6.0081 4.08035 2.4 6 3.9 2.6698 6
4.36004 2.4 6 4.2 2.51627 6 4.5 2.4 6.13017
3.87394 2.7 6 3.92894 2.7 6 3.9 2.72708 6
3.9 3 6.17629 4.8 1.97934 6.3 5.1 1.98021 6.3
5.7 1.96914 6.3 4.2 2.2974 6.3 4.5953 2.1 6.3
4.5 2.19824 6.3 4.8 2.26361 6.3 4.8 2.1 6.45832
5.31539 2.1 6.3 5.1 2.20546 6.3 5.1 2.1 6.57315
5.4757 2.1 6.3 5.4 2.1 6.38296 5.81308 2.1 6.3
5.7 2.21606 6.3 4.09454 2.4 6.3 3.9 2.61421 6.3
4.2 2.64412 6.3 4.66026 2.4 6.3 4.5 2.51744 6.3
4.8 2.4 6.43199 3.81677 2.7 6.3 4.12904 2.7 6.3
3.9 2.7 6.46522 4.2 2.7 6.33443 3.76481 3 6.3
4.02066 3 6.3 3.9 3.12908 6.3 4.2 3 6.59505
5.4 1.99554 6.6 5.7 2.09505 6.6 4.2 2.38464 6.6
4.5 2.29219 6.6 4.8 2.23724 6.6 5.12619 2.1 6.6
5.4 2.24104 6.6 5.4 2.1 6.74104 5.70496 2.1 6.6
5.7 2.10988 6.6 5.7 2.1 6.60581 4.18464 2.4 6.6
4.2 2.4 6.62322 4.5 2.67496 6.6 5.03329 2.4 6.6
4.8 2.52805 6.6 5.1 2.4 6.65087 5.4 2.4 6.75
5.7 2.4 6.7692 3.97634 2.7 6.6 3.9 2.80266 6.6
4.48418 2.7 6.6 4.5 2.7 6.62817 4.8 2.7 6.7766
5.1 2.7 6.89286 3.77902 3 6.6 3.9 3.17633 6.6
3.9 3 6.72098 4.20496 3 6.6 4.2 3.01922 6.6
4.5 3 6.81677 4.8 3 6.82341 5.4 3 6.88542
4.8 3.3 6.81266 5.1 3.3 6.7974 4.5 2.31677 6.9
4.8 2.27964 6.9 5.1 2.22766 6.9 5.4 2.25 6.9
5.7 2.30711 6.9 4.38786 2.4 6.9 4.2 2.67678 6.9
4.5 2.4 6.98323 4.8 2.4 7.02036 5.1 2.4 7.07964
5.4 2.59174 6.9 5.4 2.4 7.09174 5.78278 2.4 6.9
5.7 2.57504 6.9 5.7 2.4 7.00878 4.18464 2.7 6.9
4.2 2.7 6.91536 4.5 2.7 6.99907 4.8 2.7 7.07325
5.12008 2.7 6.9 5.1 2.7627 6.9 5.1 2.7 6.91536
5.4 2.9608 6.9 4.14407 3 6.9 4.2 3.07354 6.9
4.2 3 6.95087 4.5 3.12191 6.9 4.5 3 6.98323
5.03638 3 6.9 4.8 3 6.98624 5.29308 3 6.9
5.1 3.04523 6.9 5.1 3 6.93986 5.41518 3 6.9
5.4 3.02207 6.9 4.67319 3.3 6.9 4.8 3.38734 6.9
4.8 3.3 7.00701 5.23407 3.3 6.9 5.1 3.4026 6.9
5.1 2.82862 7.2 5.4 2.94913 7.2 4.97559 3 7.2
5.1 3 7.31274 5.43024 3 7.2 5.4 3.03445 7.2
5.4 3 7.22534 4.93619 3.3 7.2 5.26683 3.3 7.2
5.1 3.51413 7.2 5.1 3.3 7.34135 4.2 3.3 6.80663
4.5 3.3 6.79219 4.2 3.6 6.83531 4.5 3.6 6.83584
4.5 2.7 7.08726 4.8 2.7 7.12844 4.2 3.12282 6.9
4.2 3 7.06055 4.5 3.12191 6.9 4.5 3 6.98323
4.8 3 7.05355 4.10205 3.3 6.9 4.64469 3.3 6.9
4.8 3.3 7.03451 4.13167 3.6 6.9 4.2 3.68364 6.9
4.56631 3.6 6.9 4.5 3.67453 6.9 4.8 3.6 7.18482
4.5 2.58726 7.2 4.8 2.62844 7.2 4.35 2.7 7.2
4.2 2.90663 7.2 4.87156 2.7 7.2 5.1 2.7 7.44913
4.13584 3 7.2 4.2 3 7.27275 4.93782 3 7.2
4.11677 3.3 7.2 4.2 3.3 7.29035 4.92766 3.3 7.2
4.18542 3.6 7.2 4.2 3.61627 7.2 4.2 3.6 7.21458
4.5 3.80093 7.2 4.5 3.6 7.35 4.81458 3.6 7.2
4.8 3.61458 7.2 4.8 3.6 7.21753 4.5 2.61677 7.5
4.8 2.55 7.5 5.1 2.6402 7.5 4.41677 2.7 7.5
4.5 2.7 7.58323 4.8 2.7 7.68726 5.15087 2.7 7.5
5.1 2.86375 7.5 5.1 2.7 7.56692 4.38071 3 7.5
4.5 3 7.60781 5.05644 3 7.5 4.8 3 7.65
4.49201 3.3 7.5 4.5 3.30714 7.5 4.5 3.3 7.50714
4.88323 3.3 7.5 4.8 3.39544 7.5 4.8 3.3 7.58323
5.7 4.2 5.97394 5.7 4.15907 6 5.67394 4.2 6
5.72606 4.2 6 5.7 4.2373 6 5.7 4.2 6.03108
5.7 4.5 6.14968 5.7 4.8 6.19219 5.7 5.1 6.15865
5.7 4.36506 6.3 5.56506 4.5 6.3 5.82066 4.5 6.3
5.7 4.5 6.42371 5.59219 4.8 6.3 5.80781 4.8 6.3
5.49647 5.1 6.3 5.4 5.1 6.45769 5.84135 5.1 6.3
5.7 5.27902 6.3 5.4 5.4 6.5006 5.7 5.4 6.45531
5.7 4.67225 6.6 5.56902 4.8 6.6 5.4 5.01197 6.6
5.82468 4.8 6.6 5.31722 5.1 6.6 5.4 5.1 6.75545
5.85 5.1 6.6 5.29691 5.4 6.6 5.4 5.48952 6.6
5.4 5.4 6.6942 5.80781 5.4 6.6 5.7 5.53258 6.6
5.7 5.4 6.70781 5.7 4.73141 6.9 5.63826 4.8 6.9
5.75627 4.8 6.9 5.7 4.8 6.95627 5.56972 5.1 6.9
5.76416 5.1 6.9 5.7 5.16416 6.9 5.7 5.1 6.96416
4.2 4.2 5.34913 4.5 4.2 5.35859 5.1 4.2 5.38464
4.2 4.04606 5.4 4.5 4.00144 5.4 5.1 4.18464 5.4
4.14913 4.2 5.4 4.2 4.30414 5.4 4.2 4.2 5.50415
4.55959 4.2 5.4 4.5 4.28829 5.4 5.07688 4.2 5.4
4.8 4.2 5.6615 5.11536 4.2 5.4 5.1 4.22975 5.4
5.1 4.2 5.42227 4.5 4.5 5.6895 4.8 4.5 5.56374
4.5 4.0842 5.7 4.8 4.17394 5.7 4.32546 4.2 5.7
4.5 4.2 5.83309 4.83716 4.2 5.7 4.8 4.2 5.7373
4.48539 4.5 5.7 4.5 4.5043 5.7 4.85593 4.5 5.7
4.8 4.55087 5.7 4.5 4.43717 6 4.8 4.32876 6
4.45478 4.5 6 4.5 4.54522 6 4.5 4.5 6.04522
5.02337 4.5 6 4.8 4.64135 6 4.8 4.5 6.14135
5.7 2.7 7.18464 5.7 2.68464 7.2 5.67522 2.7 7.2
5.4 2.7 7.41656 5.71536 2.7 7.2 5.7 2.72322 7.2
5.7 2.7 7.24109 5.4 2.64373 7.5 5.34373 2.7 7.5
5.52134 2.7 7.5 5.4 2.8199 7.5 5.4 2.7 7.55627
4.8 2.4 7.12341 5.1 2.4 7.13584 4.8 2.32341 7.2
5.1 2.33369 7.2 4.6957 2.4 7.2 4.8 2.48821 7.2
4.8 2.4 7.28336 5.17472 2.4 7.2 5.1 2.47018 7.2
5.1 2.4 7.27765 5.4 3.3 7.17394 5.1 3 7.46579
5.4 3.26256 7.2 5.37106 3.3 7.2 5.1 3.3 7.37902
5.42606 3.3 7.2 5.4 3.37936 7.2 5.4 3.3 7.2373
5.1 3.6 7.40563 5.1 2.96579 7.5 5.06579 3 7.5
5.18737 3 7.5 5.1 3 7.53421 4.97902 3.3 7.5
5.242 3.3 7.5 5.1 3.3 7.61274 4.9089 3.6 7.5
5.19462 3.6 7.5 5.1 3.69676 7.5 5.1 3.6 7.57611
5.1 2.7 7.12341 5.1 2.62341 7.2 5.02341 2.7 7.2
5.19758 2.7 7.2 5.1 2.80884 7.2 5.1 2.7 7.3043
3.6 4.2 6.55156 3.6 4.15156 6.6 3.53886 4.2 6.6
3.71487 4.2 6.6 3.6 4.24845 6.6 3.6 4.2 6.66373
3.6 3.9 5.39621 3.9 3.9 5.27652 3.6 4.2 5.29219
3.9 4.2 5.32389 3.6 4.5 5.30663 3.6 3.89563 5.4
3.9 3.75545 5.4 3.59621 3.9 5.4 3.6 3.9 5.40705
4.04877 3.9 5.4 3.9 3.9 5.5942 3.49219 4.2 5.4
3.98017 4.2 5.4 3.9 4.30826 5.4 3.50663 4.5 5.4
3.72862 4.5 5.4 3.6 4.59337 5.4 3.9 4.5 5.55531
3.6 4.8 5.68542 3.6 4.04594 5.7 3.9 4.02137 5.7
3.49219 4.2 5.7 3.6 4.2 5.82159 4.00781 4.2 5.7
3.9 4.2 5.8159 3.45315 4.5 5.7 3.6 4.5 5.88428
4.00781 4.5 5.7 3.9 4.7475 5.7 3.9 4.5 5.85966
3.58542 4.8 5.7 3.69013 4.8 5.7 3.6 4.81627 5.7
3.6 4.8 5.74207 3.9 4.8 5.7493 3.9 5.1 5.83225
4.2 5.1 5.92389 4.2 5.4 5.85339 4.2 5.7 5.74835
4.5 5.7 5.97503 4.2 6 5.89686 4.5 6 5.9373
3.9 4.63471 6 3.70234 4.8 6 4.02132 4.8 6
3.9 4.8 6.11308 4.2 5.01715 6 3.7158 5.1 6
3.9 5.37062 6 3.9 5.1 6.15652 4.27611 5.1 6
4.2 5.1 6.08285 3.92815 5.4 6 4.37123 5.4 6
4.5 5.67503 6 4.06775 5.7 6 4.2 5.7 6.17325
4.5172 5.7 6 4.5 5.7 6.0179 4.15859 6 6
4.2 6.04293 6 4.2 6 6.04141 4.55855 6 6
4.5 6.06056 6 4.5 6 6.05855 4.2 5.34407 6.3
4.12772 5.4 6.3 4.25608 5.4 6.3 4.2 5.48822 6.3
4.2 5.4 6.35087 3.9 5.4 4.47466 3.9 5.7 4.38418
3.6 4.8 4.79286 3.9 4.8 4.74373 3.9 5.36823 4.5
3.9 5.1 4.63448 3.86976 5.4 4.5 3.93986 5.4 4.5
3.74675 5.7 4.5 3.6 5.7 4.69672 4.06815 5.7 4.5
3.9 5.89473 4.5 3.6 4.79201 4.8 3.9 4.74044 4.8
3.59256 4.8 4.8 3.3 4.8 5.06335 3.6 4.83903 4.8
3.95627 4.8 4.8 3.64359 5.1 4.8 3.6 5.1 4.84205
4.06525 5.1 4.8 3.65087 5.4 4.8 3.6 5.51773 4.8
3.6 5.4 4.88006 4.11093 5.4 4.8 3.52795 5.7 4.8
3.6 5.77856 4.8 4.1105 5.7 4.8 3.9 5.91677 4.8
3.3 4.76468 5.1 3.6 4.65 5.1 3.9 4.74913 5.1
3.26468 4.8 5.1 3.3 4.8778 5.1 3.3 4.8 5.18962
3.95087 4.8 5.1 3.9 4.8 5.18786 3.38278 5.1 5.1
3.3 5.1 5.21629 3.95087 5.1 5.1 3.9 5.1 5.19337
3.49219 5.4 5.1 4.02036 5.4 5.1 3.51677 5.7 5.1
3.6 5.78323 5.1 4.07964 5.7 5.1 3.9 5.87263 5.1
3.6 4.66456 5.4 3.3827 4.8 5.4 3.3 4.90266 5.4
3.78761 4.8 5.4 3.6 4.8 5.56094 3.18726 5.1 5.4
3.3 5.22098 5.4 3.3 5.1 5.542 3.80663 5.1 5.4
3.6 5.1 5.6681 3.9 5.24764 5.4 3.4445 5.4 5.4
3.99541 5.4 5.4 3.52844 5.7 5.4 3.6 5.77156 5.4
4.03218 5.7 5.4 3.9 5.82908 5.4 3.6 5.13684 5.7
3.9 5.27072 5.7 3.45904 5.4 5.7 3.6 5.4 5.83782
4.00781 5.4 5.7 3.9 5.4 5.80781 3.57466 5.7 5.7
3.6 5.72534 5.7 3.6 5.7 5.72534 3.95087 5.7 5.7
3.9 5.75087 5.7 3.9 5.7 5.75087 4.5 6.3 4.71266
4.5 6.21266 4.8 4.39017 6.3 4.8 4.72963 6.3 4.8
4.5 6.38734 4.8 4.5 6.20663 5.1 4.37916 6.3 5.1
4.75265 6.3 5.1 4.5 6.40415 5.1 4.8 6.3 5.24128
4.5 6.1076 5.4 4.5 6 5.46174 4.8 6.27394 5.4
4.4105 6.3 5.4 4.5 6.39691 5.4 4.5 6.3 5.62834
4.82606 6.3 5.4 4.8 6.32606 5.4 4.8 6.3 5.44369
4.5 5.85644 5.7 4.33515 6 5.7 4.64883 6 5.7
4.5 6.26192 5.7 4.5 6 5.84356 5.1 6.3 4.74373
5.1 6.24373 4.8 4.85435 6.3 4.8 4.8 6.3 4.91289
5.15627 6.3 4.8 5.1 6.35627 4.8 4.8 6.23616 5.1
4.8 6 5.23478 5.1 6.28542 5.1 4.77658 6.3 5.1
4.8 6.32342 5.1 4.8 6.3 5.1542 5.11458 6.3 5.1
5.1 6.31458 5.1 5.1 6.3 5.11753 4.8 5.91677 5.4
4.69481 6 5.4 4.88323 6 5.4 4.8 6.15 5.4
4.8 6 5.5093 4.2 6 4.86535 4.5 6 4.92546
4.2 5.90663 5.1 4.5 5.90093 5.1 4.10663 6 5.1
4.2 6.23465 5.1 4.59907 6 5.1 4.5 6.15654 5.1
4.5 6 5.27757 4.2 5.91677 5.4 4.11677 6 5.4
4.35912 6 5.4 4.2 6.22263 5.4 4.2 6 5.51682
5.7 4.5 4.13584 5.1 3.9 4.48464 5.1 4.2 4.40093
5.4 4.2 4.47658 5.7 4.42982 4.2 5.7 4.2 4.39905
5.1 4.5 4.40093 5.59292 4.5 4.2 5.4 4.5 4.29868
5.76416 4.5 4.2 5.7 4.74731 4.2 5.4 5.1 4.40663
5.7 5.1 4.40663 5.1 5.4 4.43584 5.4 5.4 4.40663
5.7 5.4 4.38418 4.8 5.7 4.47466 5.1 5.7 4.40663
5.4 5.7 4.36836 5.7 5.7 4.35865 5.1 6 4.35865
5.1 3.88464 4.5 5.08464 3.9 4.5 5.1546 3.9 4.5
5.4 4.12235 4.5 5.4 3.9 4.64217 5.7 4.06253 4.5
5.7 3.9 4.68333 4.99313 4.2 4.5 5.79337 4.2 4.5
4.5 4.5 4.77394 4.96494 4.5 4.5 4.8 4.5 4.65896
5.1 4.75477 4.5 5.4 4.73531 4.5 5.85 4.5 4.5
5.7 4.72389 4.5 5.7 4.5 4.78464 4.2 4.8 4.68419
4.5 4.8 4.66218 4.8 4.8 4.64685 5.1 4.8 4.52415
5.4 4.91348 4.5 5.4 4.8 4.57333 5.7 4.9288 4.5
4.2 5.1 4.66836 4.5 5.1 4.65 4.8 5.1 4.64685
5.20557 5.1 4.5 5.1 5.24226 4.5 5.1 5.1 4.5591
5.79337 5.1 4.5 4.2 5.4 4.71093 4.5 5.4 4.65339
4.97559 5.4 4.5 4.8 5.64188 4.5 4.8 5.4 4.58323
5.81582 5.4 4.5 4.2 5.7 4.75315 4.75763 5.7 4.5
4.5 5.7 4.62184 4.8 5.73445 4.5 5.4 5.88021 4.5
5.84135 5.7 4.5 5.7 5.92982 4.5 4.93317 6 4.5
4.8 6 4.64289 5.28947 6 4.5 5.1 6.14661 4.5
5.4 6 4.6026 5.7 6 4.62551 5.1 3.87466 4.8
5.4 3.83637 4.8 5.7 3.82389 4.8 5.07466 3.9 4.8
5.1 3.9 4.82815 5.4 3.9 4.86961 5.77611 3.9 4.8
5.7 3.9 5.08588 4.5 4.47394 4.8 4.98737 4.2 4.8
4.8 4.38167 4.8 5.1 4.2 4.90687 5.4 4.2 4.97171
5.84685 4.2 4.8 5.7 4.48402 4.8 4.31359 4.5 4.8
4.2 4.52532 4.8 4.2 4.5 4.82177 4.8 4.5 5.02986
5.55158 4.5 4.8 4.08118 4.8 4.8 5.6192 4.8 4.8
5.7 4.88603 4.8 4.06525 5.1 4.8 5.83137 5.1 4.8
4.11093 5.4 4.8 5.85 5.4 4.8 4.15478 5.7 4.8
4.2 5.74798 4.8 4.2 5.7 4.945 4.5 5.86038 4.8
5.84135 5.7 4.8 4.64319 6 4.8 4.8 6.13164 4.8
5.1 6.15315 4.8 5.4 6.19219 4.8 5.78233 6 4.8
5.7 6.158 4.8 5.7 6 4.99483 5.7 3.9081 5.1
4.2 4.37234 5.1 4.5 4.33668 5.1 5.1 4.42196 5.1
5.54028 4.2 5.1 5.4 4.42825 5.1 5.81308 4.2 5.1
5.7 4.42838 5.1 5.7 4.2 5.23113 4.01947 4.5 5.1
4.2 4.5 5.23619 4.75172 4.5 5.1 4.5 4.5 5.3613
4.90268 4.5 5.1 4.8 4.54205 5.1 4.8 4.5 5.23318
5.54046 4.5 5.1 3.96416 4.8 5.1 5.1 4.8 5.31677
5.55378 4.8 5.1 5.4 4.8 5.28987 5.7 4.96549 5.1
3.95087 5.1 5.1 3.9 5.1 5.19337 4.8 5.1 5.33584
5.1 5.1 5.29219 5.4 5.1 5.28726 5.81274 5.1 5.1
5.7 5.1 5.22098 4.02036 5.4 5.1 4.2 5.65216 5.1
4.5 5.4 5.31677 4.8 5.4 5.30663 5.1 5.4 5.25
5.4 5.4 5.31475 5.82497 5.4 5.1 4.24784 5.7 5.1
4.5 5.90093 5.1 4.5 5.7 5.30663 4.8 5.7 5.25865
5.1 5.7 5.24135 5.4 5.7 5.25048 5.79337 5.7 5.1
5.7 5.90663 5.1 5.7 5.7 5.27652 4.68345 6 5.1
4.8 6.07156 5.1 4.8 6 5.17156 5.1 6.11263 5.1
5.1 6 5.19907 5.60663 6 5.1 5.4 6.11656 5.1
5.4 6 5.19337 4.8 4.44733 5.4 5.1 4.41012 5.4
5.4 4.40205 5.4 4.2 4.76092 5.4 4.6144 4.5 5.4
4.5 4.57405 5.4 4.8 4.5 5.45087 5.1 4.64944 5.4
5.1 4.5 5.48278 5.51367 4.5 5.4 5.4 4.65 5.4
5.4 4.5 5.49337 4.1222 4.8 5.4 3.9 4.93726 5.4
4.2 4.8 5.43532 4.5 4.8 5.48323 4.95 4.8 5.4
4.8 4.97559 5.4 4.8 4.8 5.48323 3.80663 5.1 5.4
3.9 5.24764 5.4 3.9 5.1 5.51656 4.2 5.1 5.54641
4.68726 5.1 5.4 4.5 5.26218 5.4 4.5 5.1 5.49337
5.7 5.32412 5.4 4.04582 5.4 5.4 4.36865 5.4 5.4
4.2 5.58345 5.4 4.2 5.4 5.50687 5.55214 5.4 5.4
5.4 5.4 5.4947 5.76952 5.4 5.4 5.7 5.54649 5.4
5.1 5.7 5.63637 5.4 5.7 5.49296 5.7 5.7 5.52284
5.1 6 5.63584 5.4 6 5.58256 5.7 6 5.51773
5.1 6.3 5.60157 5.4 6.3 5.62469 5.4 5.27934 5.7
5.7 5.27263 5.7 5.25865 5.4 5.7 5.1 5.62116 5.7
5.1 5.4 5.94751 5.82737 5.4 5.7 5.02606 5.7 5.7
4.8 5.7 5.84406 5.79394 5.7 5.7 4.94921 6 5.7
4.8 6 5.76363 5.84473 6 5.7 5.7 6.25602 5.7
4.83688 6.3 5.7 4.8 6.3 5.75269 5.1 6.38777 5.7
5.58957 6.3 5.7 5.4 6.36469 5.7 5.4 6.3 5.85079
5.1 5.35859 6 5.4 5.27934 6 5.7 5.27092 6
5.04486 5.4 6 4.8 5.53317 6 4.8 5.4 6.26555
5.1 5.4 6.13187 5.4 5.4 6.24232 5.82908 5.4 6
4.65865 5.7 6 4.5 5.7 6.18386 5.83544 5.7 6
4.55855 6 6 5.4 6.23584 6 5.85 6 6
5.7 6.18419 6 4.71083 6.3 6 4.8 6.36416 6
4.8 6.3 6.07018 5.21116 6.3 6 5.1 6.34141 6
5.1 6.3 6.04571 4.8 5.37466 6.3 5.7 5.28726 6.3
4.69325 5.4 6.3 4.5 5.46274 6.3 4.89337 5.4 6.3
4.8 5.4 6.36197 5.1 5.45593 6.3 5.46303 5.4 6.3
5.4 5.44141 6.3 5.81274 5.4 6.3 5.7 5.4 6.42098
4.38386 5.7 6.3 4.5 5.91035 6.3 4.5 5.7 6.42446
5.85 5.7 6.3 5.7 5.7 6.55071 4.56363 6 6.3
4.8 6.15865 6.3 4.8 6 6.46218 5.1 6.1555 6.3
5.1 6 6.4555 5.4 6.11274 6.3 5.4 6 6.41274
5.73532 6 6.3 5.7 6.03532 6.3 5.7 6 6.33532
4.8 5.57813 6.6 5.1 5.55925 6.6 5.4 5.59292 6.6
4.73582 5.7 6.6 4.8 5.7666 6.6 4.8 5.7 6.65855
5.1 5.77804 6.6 5.1 5.7 6.67156 5.57415 5.7 6.6
5.4 5.76416 6.6 5.4 5.7 6.66416 5.7 4.5 4.78464
5.7 4.48464 4.8 5.55158 4.5 4.8 5.71536 4.5 4.8
5.7 4.59002 4.8 5.7 4.5 4.86535 5.7 4.8 4.86535
5.7 4.59002 5.1 5.7 4.5 5.18113 5.1 4.8 5.31677
5.60663 4.8 5.1 5.4 4.8 5.33584 5.79337 4.8 5.1
5.7 4.92862 5.1 4.8 5.1 5.33584 5.1 5.1 5.29219
5.4 5.1 5.28726 5.7 5.1 5.22098 4.5 5.4 5.31677
4.8 5.4 5.30663 5.1 5.4 5.25 5.4 5.4 5.31475
4.2 5.7 5.33584 4.5 5.7 5.30663 4.8 5.7 5.25865
5.1 5.7 5.24135 5.4 5.7 5.25048 5.4 6 5.25868
5.7 4.39703 5.4 5.1 4.71677 5.4 5.1 4.5 5.62341
5.58349 4.5 5.4 5.4 4.72547 5.4 5.4 4.5 5.57007
5.80297 4.5 5.4 4.5 4.8 5.50188 4.95 4.8 5.4
4.8 4.97559 5.4 4.8 4.8 5.48323 5.83782 4.8 5.4
4.2 5.1 5.69093 4.68726 5.1 5.4 4.5 5.26218 5.4
4.5 5.1 5.49337 5.84135 5.1 5.4 5.7 5.32412 5.4
4.36865 5.4 5.4 4.2 5.59332 5.4 5.55214 5.4 5.4
5.4 5.4 5.4947 4.12982 5.7 5.4 4.2 5.77018 5.4
4.2 5.7 5.53336 4.5 5.81013 5.4 4.8 5.90965 5.4
5.1 5.95216 5.4 5.1 5.7 5.63637 5.6524 5.7 5.4
5.4 5.7 5.49296 5.17214 6 5.4 5.69182 6 5.4
5.4 6.11241 5.4 5.4 6 5.51739 5.1 4.42341 5.7
5.4 4.38418 5.7 5.7 4.36836 5.7 4.5 4.5043 5.7
5.00242 4.5 5.7 4.8 4.62468 5.7 5.1 4.5 5.98008
5.83164 4.5 5.7 4.20516 4.8 5.7 4.2 4.92236 5.7
5.85 4.8 5.7 4.19201 5.1 5.7 4.2 5.11053 5.7
4.2 5.1 5.70714 4.5 5.1 5.95795 5.4 5.27629 5.7
5.85 5.1 5.7 5.7 5.25644 5.7 4.3853 5.4 5.7
4.5 5.4 5.92894 5.25865 5.4 5.7 5.1 5.62116 5.7
5.1 5.4 5.94751 4.31321 5.7 5.7 4.5 5.80781 5.7
4.5 5.7 5.8159 5.02606 5.7 5.7 4.8 5.95943 5.7
4.8 5.7 5.83544 5.4 4.38418 6 5.7 4.3974 6
4.5 4.65339 6 4.8 4.64135 6 5.1112 4.5 6
5.1 4.50714 6 5.4 4.5 6.11582 5.8026 4.5 6
5.7 4.5 6.1026 4.31554 4.8 6 4.5 5.0536 6
4.5 4.8 6.24577 4.8 4.8 6.24913 5.1 4.8 6.27466
5.85 4.8 6 5.7 4.8 6.17964 4.54974 5.1 6
5.1 5.35859 6 5.4 5.24289 6 5.4 5.1 6.18344
5.84685 5.1 6 5.7 5.24685 6 5.7 5.1 6.1555
4.56211 5.4 6 5.02645 5.4 6 4.8 5.49907 6
4.8 5.4 6.11015 5.4 4.76402 6.3 4.8 4.92862 6.3
5.2211 4.8 6.3 5.1 5.0373 6.3 5.45071 4.8 6.3
5.4 4.86952 6.3 5.4 4.8 6.33598 4.71699 5.1 6.3
4.8 5.17275 6.3 4.8 5.1 6.36416 5.11536 5.1 6.3
5.1 5.10837 6.3 5.1 5.1 6.30714 4.8 3.6 4.7215
4.5 3.9 4.6648 4.5 4.2 4.70646 4.8 4.2 4.66921
4.8 3.51736 4.8 4.2 3.6 4.94406 4.66361 3.6 4.8
4.5 3.71616 4.8 4.5 3.6 4.8895 4.91652 3.6 4.8
4.8 3.83652 4.8 4.35445 3.9 4.8 4.2 3.9 4.9956
4.76284 3.9 4.8 4.8 3.95642 4.8 4.25379 4.2 4.8
4.2 4.2 4.84752 4.5 4.31889 4.8 4.88996 4.2 4.8
4.8 4.3169 4.8 3.6 4.5 5.08287 3.9 4.5 4.92262
4.2 3.43995 5.1 4.5 3.45 5.1 4.8 3.45415 5.1
4.03317 3.6 5.1 4.2 3.6 5.29313 4.5 3.6 5.25315
4.92066 3.6 5.1 4.8 3.87883 5.1 4.8 3.6 5.22066
4.11294 3.9 5.1 4.2 3.9 5.2308 4.78542 3.9 5.1
4.5 3.9 5.30663 4.8 3.92198 5.1 3.6 4.48464 5.1
3.93173 4.2 5.1 3.9 4.2343 5.1 4.2 4.31947 5.1
4.2 4.2 5.29292 4.5 4.28026 5.1 4.5 4.2 5.24318
4.92077 4.2 5.1 4.8 4.32611 5.1 4.8 4.2 5.35109
3.58464 4.5 5.1 3.6 4.51536 5.1 3.6 4.5 5.12322
4.01322 4.5 5.1 3.9 4.59753 5.1 4.2 4.5 5.31879
3.9 4.38399 5.4 4.2 4.34921 5.4 3.76983 4.5 5.4
3.9 4.739 5.4 3.9 4.5 5.50188 4.3078 4.5 5.4
4.2 4.64092 5.4 4.2 4.5 5.46469 5.4 3.9 4.89561
5.1 4.2 4.95727 4.8 4.5 5.08464 5.4 3.76587 5.1
5.23292 3.9 5.1 5.1 4.03292 5.1 5.56406 3.9 5.1
5.4 4.05657 5.1 5.4 3.9 5.25962 4.95133 4.2 5.1
4.8 4.48154 5.1 5.25657 4.2 5.1 5.1 4.39708 5.1
5.1 4.2 5.23413 4.78464 4.5 5.1 4.83399 4.5 5.1
4.8 4.51536 5.1 4.8 4.5 5.11536 3.6 4.5 3.89286
3.9 4.5 3.74289 3.6 4.8 3.75978 3.6 4.49286 3.9
3.9 4.36836 3.9 3.59286 4.5 3.9 4.10643 4.5 3.9
3.9 4.65681 3.9 3.9 4.5 4.07468 3.42177 4.8 3.9
3.3 4.8 4.02839 3.75681 4.8 3.9 3.6 4.93685 3.9
3.6 4.8 4.14825 3.3 5.1 4.02531 3.6 4.42196 4.2
3.52645 4.5 4.2 3.3 4.66654 4.2 3.7021 4.5 4.2
3.6 4.6919 4.2 3.6 4.5 4.26955 3.17503 4.8 4.2
3.54424 4.8 4.2 3.17234 5.1 4.2 3.43619 5.1 4.2
3.3 5.25306 4.2 3.3 4.65904 4.5 3.15 4.8 4.5
3.45 4.8 4.5 3.3 4.8 4.72064 3.20663 5.1 4.5
3.35812 5.1 4.5 3.3 5.15087 4.5 3.3 5.1 4.55087
3.3 5.4 4.08985 3.3 5.28399 4.2 3.20093 5.4 4.2
3.46159 5.4 4.2 3.3 5.67183 4.2 3.3 5.7 4.21582
3.3 5.15267 4.5 3.3 5.1 4.58296 3.11073 5.4 4.5
3 5.4 4.63199 3.44685 5.4 4.5 3.3 5.4 4.73424
3.13802 5.7 4.5 3 5.7 4.79369 3.44356 5.7 4.5
3.3 5.88115 4.5 3.3 5.7 4.68115 3.3 4.88211 4.8
3.14399 5.1 4.8 3 5.22254 4.8 3.40446 5.1 4.8
3.3 5.29948 4.8 3.3 5.1 5.09086 2.87503 5.4 4.8
3.21786 5.4 4.8 2.99505 5.7 4.8 3.00814 5.7 4.8
3 5.70496 4.8 3 5.17438 5.1 2.85315 5.4 5.1
3.14685 5.4 5.1 2.99984 5.7 5.1 3.00016 5.7 5.1
3 5.70016 5.1 3 5.7 5.10018 3 5.39722 5.4
2.9979 5.4 5.4 3.0021 5.4 5.4 3 5.40236 5.4
3 5.4 5.4021 5.4 5.1 1.71266 5.1 4.8 1.89337
5.4 4.99669 1.8 5.26367 5.1 1.8 5.5001 5.1 1.8
5.4 5.20983 1.8 5.4 5.1 1.89466 5.1 4.64685 2.1
4.91274 4.8 2.1 5.3105 4.8 2.1 5.1 5.07466 2.1
5.1 4.50692 2.4 4.87695 4.8 2.4 5.23906 4.8 2.4
5.1 4.93317 2.4 5.1 4.8 2.53906 5.7 4.8 1.77394
5.7 4.77394 1.8 5.63972 4.8 1.8 5.72606 4.8 1.8
5.7 4.87121 1.8 5.7 4.8 1.84876 4.8 4.5 2.6945
4.8 4.49705 2.7 4.75618 4.5 2.7 4.5 4.5 2.73935
4.80295 4.5 2.7 4.8 4.50295 2.7 4.8 4.5 2.70413
4.5 4.41677 3 4.41421 4.5 3 4.60519 4.5 3
4.5 4.63782 3 4.5 4.5 3.10519 5.1 6 5.35045
5.1 5.95216 5.4 5.05216 6 5.4 5.17214 6 5.4
5.1 6.04784 5.4 5.1 6 5.45636 4.5 6.3 1.75732
4.5 4.8 2.04373 4.2 5.1 2.09286 4.5 5.1 1.95
4.8 5.1 2.05763 4.2 5.4 1.96836 4.5 5.4 1.96839
4.2 5.7 1.9555 4.2 6 1.91274 4.5 6.21945 1.8
4.5 6 1.99523 4.44047 6.3 1.8 4.2 6.3 1.97916
4.54268 6.3 1.8 4.5 6.34709 1.8 4.5 6.3 1.85933
4.5 4.74373 2.1 4.43826 4.8 2.1 4.2 5.09201 2.1
4.73366 4.8 2.1 4.8 4.92461 2.1 4.19286 5.1 2.1
4.82534 5.1 2.1 4.8 5.12534 2.1 4.8 5.1 2.13433
4.05624 5.4 2.1 3.9 5.4 2.37062 4.61744 5.4 2.1
4.5 5.62772 2.1 4.5 5.4 2.26983 4.02877 5.7 2.1
3.9 5.7 2.32993 4.44407 5.7 2.1 4.5 5.83714 2.1
4.01274 6 2.1 3.9 6 2.32403 4.55855 6 2.1
4.5 6.07948 2.1 4.5 6 2.20477 4.10663 6.3 2.1
4.32053 6.3 2.1 4.2 6.39337 2.1 4.2 6.3 2.27718
4.5 4.70663 2.4 4.3561 4.8 2.4 4.2 4.91198 2.4
4.60988 4.8 2.4 4.5 4.8 2.52862 4.05594 5.1 2.4
3.9 5.37185 2.4 4.66654 5.1 2.4 4.5 5.29313 2.4
3.87466 5.4 2.4 3.9 5.4 2.46197 4.40093 5.4 2.4
3.84913 5.7 2.4 3.9 5.7 2.48296 4.36218 5.7 2.4
3.84913 6 2.4 3.9 6.05593 2.4 3.9 6 2.45267
4.40663 6 2.4 4.2 6.22844 2.4 4.2 6 2.60132
4.2 4.93161 2.7 4.5 4.95531 2.7 4.00807 5.1 2.7
4.2 5.1 2.83544 4.60781 5.1 2.7 4.5 5.25038 2.7
4.5 5.1 2.80781 3.99951 5.4 2.7 4.36839 5.4 2.7
4.2 5.4 2.82497 4.11704 5.7 2.7 4.25087 5.7 2.7
4.2 5.78822 2.7 4.2 5.7 2.75087 4.5 4.8 2.68464
3.9 5.4 2.66402 3.9 5.7 2.60093 3.9 6 2.57234
4.5 4.78464 2.7 4.46214 4.8 2.7 4.2 4.8 2.90998
4.51536 4.8 2.7 4.5 4.82467 2.7 3.9 5.3602 2.7
3.9 5.1 2.86683 4.2 5.1 2.83544 4.5 5.1 2.83051
3.85738 5.4 2.7 3.94809 5.4 2.7 4.2 5.4 2.82497
3.76494 5.7 2.7 3.6 5.7 2.90663 4.05 5.7 2.7
4.2 5.7 2.83506 3.76381 6 2.7 4.1271 6 2.7
3.9 6.12766 2.7 4.2 4.75859 3 4.5 4.70663 3
4.149 4.8 3 3.9 4.95711 3 4.2 4.8 3.08876
4.59337 4.8 3 4.5 4.8 3.1633 3.76683 5.1 3
3.9 5.1 3.26461 4.63164 5.1 3 4.5 5.24376 3
4.5 5.1 3.19012 3.64141 5.4 3 3.6 5.51116 3
4.36218 5.4 3 3.53584 5.7 3 3.6 5.79337 3
4.31274 5.7 3 4.2 5.92403 3 3.71274 6 3
4.14913 6 3 3.9 6.15865 3 4.2 4.88278 3.3
3.92606 5.1 3.3 3.9 5.12606 3.3 4.40663 5.1 3.3
4.2 5.1 3.48726 3.65027 5.4 3.3 3.6 5.51672 3.3
3.9 5.4 3.46092 4.35 5.4 3.3 4.2 5.4 3.44135
3.52795 5.7 3.3 3.6 5.78637 3.3 3.6 5.7 3.37205
3.9 5.7 3.44685 4.24205 5.7 3.3 4.2 5.77014 3.3
4.2 5.7 3.34205 3.78398 6 3.3 4.04399 6 3.3
3.9 6.09907 3.3 3.9 6 3.39907 3.9 5.4 3.48225
4.2 5.4 3.50093 3.9 5.7 3.44685 3.9 6 3.45
3.9 5.25719 3.6 4.2 5.21547 3.6 3.77389 5.4 3.6
4.29907 5.4 3.6 4.2 5.56865 3.6 4.2 5.4 3.85271
3.71274 5.7 3.6 4.11677 5.7 3.6 3.78428 6 3.6
4.07138 6 3.6 3.9 6.11274 3.6 3.9 5.28985 3.9
3.80093 5.4 3.9 4.15271 5.4 3.9 3.75 5.7 3.9
4.10663 5.7 3.9 3.80093 6 3.9 4.04034 6 3.9
3.9 6.09907 3.9 3.9 5.25476 4.2 3.78418 5.4 4.2
4.08626 5.4 4.2 3.9 5.4 4.4348 3.69907 5.7 4.2
4.08726 5.7 4.2 3.9 5.7 4.37964 3.86092 6 4.2
3.94185 6 4.2 3.9 6.03532 4.2 3.9 6 4.23532
5.4 5.4 1.78464 5.7 5.4 1.76742 5.1 5.7 1.75795
5.4 5.7 1.72341 5.7 5.7 1.77585 5.1 6 1.71266
4.8 6.3 1.78387 4.8 6.6 1.7105 5.4 6.6 1.7105
5.7 6.6 1.68726 5.4 5.38464 1.8 5.7 5.35612 1.8
5.7 5.1 1.97332 5.38148 5.4 1.8 5.1 5.65026 1.8
5.4 5.4 1.91676 5.73258 5.4 1.8 5.04809 5.7 1.8
5.4 5.79366 1.8 5.4 5.7 1.88821 5.72415 5.7 1.8
5.7 5.72415 1.8 5.7 5.7 1.83182 4.87037 6 1.8
4.8 6.20669 1.8 5.20568 6 1.8 5.1 6.11722 1.8
5.1 6 1.91401 4.78202 6.3 1.8 4.82445 6.3 1.8
5.4 6.50784 1.8 5.7 6.36303 1.8 5.7 6.3 1.86303
4.56852 6.6 1.8 4.5 6.6 1.83481 5.00267 6.6 1.8
4.8 6.70567 1.8 5.19733 6.6 1.8 5.1 6.6 2.01206
5.4 6.80267 1.8 5.81274 6.6 1.8 5.7 6.73051 1.8
5.7 4.9974 2.1 5.57742 5.1 2.1 5.4 5.1 2.2852
5.8026 5.1 2.1 5.1 5.6536 2.1 5.1 5.4 2.35429
5.43762 5.4 2.1 5.81138 5.4 2.1 5.7 5.53336 2.1
5.05641 5.7 2.1 4.8 5.7 2.39256 5.14959 5.7 2.1
5.1 5.75871 2.1 4.5 6 2.38464 4.8 6.10843 2.1
4.8 6 2.13072 5.7 6.12367 2.1 4.75641 6.3 2.1
4.5 6.45 2.1 4.5 6.3 2.30784 4.84205 6.3 2.1
4.8 6.3 2.20268 5.1 6.57658 2.1 5.57902 6.3 2.1
5.4 6.45978 2.1 5.81274 6.3 2.1 4.35315 6.6 2.1
4.5 6.76143 2.1 4.8 6.80391 2.1 5.1 6.68794 2.1
5.4 6.84043 2.1 5.79337 6.6 2.1 5.7 6.69337 2.1
5.4 4.98119 2.4 5.7 4.87023 2.4 5.7 4.8 2.54816
4.8 5.1 2.65795 5.29693 5.1 2.4 5.1 5.35429 2.4
5.1 5.1 2.67185 5.4 5.3851 2.4 5.85 5.1 2.4
4.5 5.4 2.64429 5.05707 5.4 2.4 4.8 5.69256 2.4
4.8 5.4 2.54685 5.36036 5.4 2.4 5.4125 5.4 2.4
5.4 5.4 2.40714 5.80781 5.4 2.4 5.7 5.51073 2.4
4.79286 5.7 2.4 4.5 5.98464 2.4 4.5 5.7 2.55315
5.20781 5.7 2.4 5.1 5.81929 2.4 5.4 5.7 2.55
4.48464 6 2.4 4.94628 6 2.4 4.8 6.21624 2.4
5.1 6 2.53782 5.4 6 2.55865 5.7 6.20827 2.4
4.38353 6.3 2.4 4.2 6.3 2.62993 4.67274 6.3 2.4
4.8 6.37156 2.4 5.1 6.47007 2.4 5.1 6.3 2.53544
5.57633 6.3 2.4 5.4 6.42441 2.4 5.4 6.3 2.52098
5.78907 6.3 2.4 4.35 6.6 2.4 4.5 6.76836 2.4
4.5 6.6 2.61722 4.8 6.80663 2.4 5.1 6.82646 2.4
5.4 6.75 2.4 5.78323 6.6 2.4 5.7 6.68323 2.4
5.7 4.72844 2.7 4.8 5.05795 2.7 5.1 5.07466 2.7
5.53945 4.8 2.7 5.4 4.87018 2.7 5.77156 4.8 2.7
4.75795 5.1 2.7 4.5 5.34429 2.7 5.85 5.1 2.7
4.44429 5.4 2.7 5.78907 5.4 2.7 5.7 5.54493 2.7
4.32775 5.7 2.7 5.60663 5.7 2.7 5.7 5.7 2.80988
4.26416 6 2.7 4.2 6.17138 2.7 4.2 6 2.87138
4.8 6.25859 2.7 5.57902 6 2.7 5.7 6.11274 2.7
5.7 6 2.82674 4.14913 6.3 2.7 4.2 6.35087 2.7
4.2 6.3 2.75812 4.60376 6.3 2.7 4.5 6.35454 2.7
4.5 6.3 2.72342 4.84141 6.3 2.7 4.8 6.46365 2.7
5.85 6.3 2.7 4.7222 6.6 2.7 4.8 6.64071 2.7
4.8 6.6 2.75442 5.1 6.84913 2.7 5.4 6.75 2.7
5.79337 6.6 2.7 5.7 6.69337 2.7 5.7 4.69184 3
4.8 5.09422 3 5.1 5.00663 3 5.55988 4.8 3
5.4 4.96389 3 5.80816 4.8 3 5.7 4.8 3.14543
4.79352 5.1 3 4.5 5.25355 3 5.1 5.1 3.22047
5.79337 5.1 3 5.7 5.1 3.13385 4.36218 5.4 3
5.81308 5.4 3 4.31274 5.7 3 4.2 5.92403 3
5.83164 5.7 3 4.14913 6 3 4.2 6.05812 3
4.5 6.14135 3 4.8 6.13995 3 5.83544 6 3
4.95594 6.3 3 5.1 6.3 3.17841 5.85 6.3 3
4.91274 6.6 3 5.1 6.80093 3 5.1 6.6 3.26468
5.4 6.72441 3 5.83782 6.6 3 5.7 6.75912 3
4.2 4.8 3.48734 4.8 5.03584 3.3 5.4 4.96246 3.3
4.69877 5.1 3.3 4.5 5.21245 3.3 4.5 5.1 3.44104
4.9876 5.1 3.3 5.16392 5.1 3.3 5.1 5.14205 3.3
5.1 5.1 3.34959 5.55531 5.1 3.3 5.7 5.23671 3.3
4.35 5.4 3.3 5.82036 5.4 3.3 4.26416 5.7 3.3
4.2 5.82441 3.3 4.2 5.7 3.42441 5.79907 5.7 3.3
4.11677 6 3.3 4.2 6.08323 3.3 4.5 6.03353 3.3
4.5 6 3.37405 4.8 6.12468 3.3 5.1 6.19219 3.3
5.82036 6 3.3 5.20781 6.3 3.3 5.85 6.3 3.3
5.15996 6.6 3.3 5.4 6.71245 3.3 5.4 6.6 3.52986
5.82497 6.6 3.3 5.7 6.72497 3.3 5.7 6.6 3.54424
4.2 4.6974 3.6 4.0974 4.8 3.6 4.33106 4.8 3.6
4.2 4.97363 3.6 4.2 4.8 3.76095 4.5 4.958 3.6
4.8 5.00093 3.6 5.1 4.96456 3.6 5.4 5.06647 3.6
4.31575 5.1 3.6 4.2 5.1 3.7641 5.46535 5.1 3.6
5.7 5.20117 3.6 4.29907 5.4 3.6 4.2 5.56865 3.6
4.2 5.4 3.85271 5.84111 5.4 3.6 4.11677 5.7 3.6
4.5 5.91677 3.6 5.84685 5.7 3.6 4.11266 6 3.6
4.35504 6 3.6 4.2 6.08734 3.6 4.61214 6 3.6
4.5 6 3.68579 4.8 6.11744 3.6 5.1 6.15 3.6
5.84135 6 3.6 4.5 6.3 3.75865 4.8 6.3 3.77234
5.25 6.3 3.6 5.4 6.5536 3.6 5.84473 6.3 3.6
5.7 6.55535 3.6 4.2 4.97672 3.9 4.5 4.9766 3.9
4.8 4.95 3.9 5.1 4.95 3.9 5.4 5.06647 3.9
4.11709 5.1 3.9 5.46535 5.1 3.9 5.7 5.19337 3.9
5.7 5.1 4.02862 4.17466 5.4 3.9 5.85 5.4 3.9
4.10663 5.7 3.9 5.84685 5.7 3.9 4.18671 6 3.9
4.2 6.10615 3.9 5.1 6.15355 3.9 5.85 6 3.9
4.22604 6.3 3.9 4.2 6.3 3.96384 4.5 6.45 3.9
4.93971 6.3 3.9 4.8 6.43971 3.9 5.24645 6.3 3.9
5.1 6.3 4.07559 5.4 6.4841 3.9 5.81659 6.3 3.9
5.7 6.45937 3.9 4.2 4.96925 4.2 4.5 4.97964 4.2
4.8 4.95 4.2 5.1 4.95212 4.2 5.4 4.90647 4.2
5.7 4.96246 4.2 3.99709 5.1 4.2 4.2 5.1 4.38678
5.4 5.1 4.39905 5.81274 5.1 4.2 5.7 5.1 4.37138
4.11677 5.4 4.2 5.1 5.4 4.43584 5.4 5.4 4.40663
5.85 5.4 4.2 5.7 5.4 4.38418 4.08726 5.7 4.2
4.8 5.7 4.47466 5.1 5.7 4.40663 5.4 5.7 4.36836
5.85 5.7 4.2 5.7 5.7 4.35865 4.10663 6 4.2
5.1 6 4.35865 5.85 6 4.2 4.12844 6.3 4.2
4.2 6.37156 4.2 4.5 6.45315 4.2 4.8 6.49219 4.2
5.1 6.45 4.2 5.4 6.43075 4.2 5.71567 6.3 4.2
5.7 6.31827 4.2 5.7 6.3 4.22683 4.5 4.95 4.5
4.8 5.01093 4.5 5.1 5.06266 4.5 4.29296 5.1 4.5
4.2 5.24299 4.5 4.5 5.1 4.65 4.8 5.1 4.58907
5.16952 5.1 4.5 5.1 5.20013 4.5 5.1 5.1 4.53598
4.09812 5.4 4.5 4.2 5.4 4.59907 4.5 5.4 4.64473
4.97559 5.4 4.5 4.8 5.64188 4.5 4.8 5.4 4.58323
4.10391 5.7 4.5 4.2 5.7 4.59337 4.75763 5.7 4.5
4.5 5.7 4.60781 4.8 5.73445 4.5 5.4 5.88021 4.5
5.7 5.92982 4.5 4.09219 6 4.5 4.2 6 4.65038
4.5 6 4.78749 4.93317 6 4.5 4.8 6 4.63317
5.28947 6 4.5 5.1 6.15 4.5 5.4 6 4.6026
5.76416 6 4.5 5.7 6.09798 4.5 5.7 6 4.56631
4.1215 6.3 4.5 4.2 6.3785 4.5 4.2 6.3 4.58538
4.5 6.45 4.5 4.5 6.3 4.66218 4.8 6.45 4.5
4.8 6.3 4.65 5.1 6.44135 4.5 5.1 6.3 4.64135
5.42632 6.3 4.5 5.4 6.31536 4.5 5.4 6.3 4.51536
4.5 6 3.54397 4.5 5.98464 3.6 4.48464 6 3.6
4.51536 6 3.6 4.5 6.01536 3.6 4.5 6 3.61536
5.7 4.8 3.26293 5.7 4.76742 3.3 5.66742 4.8 3.3
5.73258 4.8 3.3 5.7 4.83258 3.3 5.7 4.70663 3.6
5.60663 4.8 3.6 5.79337 4.8 3.6 5.7 4.89337 3.6
5.7 4.68315 3.9 5.58987 4.8 3.9 5.79337 4.8 3.9
5.7 4.89337 3.9 5.7 4.8 4.02862 4.2 4.5 4.12993
4.5 4.5 3.99337 4.2 4.44913 4.2 4.5 4.32066 4.2
4.14609 4.5 4.2 4.2 4.57007 4.2 4.2 4.5 4.25087
4.65865 4.5 4.2 4.5 4.65865 4.2 4.5 4.5 4.35
5.4 4.5 2.95795 5.4 4.45795 3 5.33245 4.5 3
5.1 4.5 3.15966 5.44959 4.5 3 5.4 4.56176 3
5.4 4.8 3.22646 5.1 4.40093 3.3 5.4 4.35 3.3
5.00093 4.5 3.3 5.1 4.71214 3.3 5.60093 4.5 3.3
5.25 4.8 3.3 5.1 4.8 3.35593 5.46212 4.8 3.3
5.4 4.85087 3.3 4.8 4.2 3.88542 5.1 4.30781 3.6
5.4 4.31274 3.6 4.95 4.5 3.6 5.60663 4.5 3.6
4.92098 4.8 3.6 4.8 4.8 3.77185 5.1 4.94135 3.6
5.51073 4.8 3.6 5.4 4.90781 3.6 4.8 4.18441 3.9
4.78542 4.2 3.9 4.88863 4.2 3.9 4.8 4.24207 3.9
5.1 4.23258 3.9 5.1 4.2 3.99954 5.4 4.31274 3.9
4.87156 4.5 3.9 4.8 4.62328 3.9 4.8 4.5 3.97804
5.60663 4.5 3.9 4.70704 4.8 3.9 4.5 4.8 4.13584
4.8 4.89296 3.9 5.1 4.95 3.9 5.48278 4.8 3.9
5.4 4.88278 3.9 5.4 4.8 4.05 4.8 4.14429 4.2
5.1 4.1409 4.2 4.74429 4.2 4.2 4.8 4.2 4.26113
5.18042 4.2 4.2 5.1 4.2 4.26721 5.4 4.37325 4.2
4.65865 4.5 4.2 4.5 4.73584 4.2 5.1 4.5 4.40093
5.50974 4.5 4.2 5.4 4.66877 4.2 5.4 4.5 4.29868
4.42547 4.8 4.2 4.2 4.8 4.40456 4.5 4.88664 4.2
4.8 4.94685 4.2 5.31467 4.8 4.2 5.1 4.94685 4.2
5.1 4.8 4.40827 4.2 5.1 4.43826 4.8 4.47185 4.5
4.2 4.71677 4.5 4.76976 4.5 4.5 4.5 4.63544 4.5
4.84729 4.5 4.5 4.8 4.5 4.52534 4.11421 4.8 4.5
4.2 4.8 4.58323 4.5 4.95 4.5 4.5 4.8 4.65
5.00827 4.8 4.5 4.8 4.94685 4.5 4.8 4.8 4.64685
4.12647 5.1 4.5 4.25627 5.1 4.5 4.2 5.15627 4.5
4.2 5.1 4.55627 5.1 4.5 2.95795 5.1 4.45795 3
4.82802 4.5 3 4.8 4.5 3.00495 5.14205 4.5 3
5.1 4.54465 3 5.1 4.5 3.07454 4.8 4.8 3.20663
4.8 4.35 3.3 4.52342 4.5 3.3 4.5 4.5 3.33699
5.00093 4.5 3.3 4.51744 4.8 3.3 4.5 4.8 3.30734
4.86416 4.8 3.3 4.8 4.86416 3.3 4.5 4.38726 3.6
4.8 4.32036 3.6 4.36949 4.5 3.6 4.95 4.5 3.6
4.3766 4.8 3.6 4.2 4.8 3.81048 4.5 4.92036 3.6
4.89907 4.8 3.6 4.8 4.89907 3.6 4.8 4.8 3.75701
4.5 4.38344 3.9 4.8 4.44188 3.9 4.32105 4.5 3.9
4.2 4.62852 3.9 4.5 4.5 3.99337 4.85087 4.5 3.9
4.8 4.59378 3.9 4.8 4.5 3.95087 4.10869 4.8 3.9
4.2 4.88691 3.9 4.70432 4.8 3.9 4.5 4.94685 3.9
4.5 4.8 4.11467 4.2 4.70663 4.2 3.90897 4.8 4.2
4.36274 4.8 4.2 4.2 4.89337 4.2 4.2 4.8 4.29337
4.2 4.2 4.13855 4.5 4.2 4.08386 4.2 4.13855 4.2
4.5 4.03706 4.2 4.10981 4.2 4.2 4.2 4.30335 4.2
4.72043 4.2 4.2 4.5 4.31614 4.2 3.9 4.5 4.37916
4.2 4.5 4.29868 4.5 4.5 4.36456 4.2 4.14577 4.5
4.5 4.01387 4.5 4.09296 4.2 4.5 3.9 4.33187 4.5
4.2 4.2 4.54929 4.76947 4.2 4.5 4.5 4.2 4.58323
3.80663 4.5 4.5 3.9 4.67718 4.5 4.2 4.70093 4.5
4.2 4.5 4.73584 4.68802 4.5 4.5 4.5 4.63544 4.5
4.5 4.5 4.69367 3.9 4.48542 4.8 3.88542 4.5 4.8
3.94743 4.5 4.8 3.9 4.54743 4.8 3.9 4.5 4.81458
5.4 5.1 2.04733 5.4 5.01178 2.1 5.4 4.8 2.25374
5.34609 5.1 2.1 5.48006 5.1 2.1 5.4 5.15087 2.1
5.4 5.1 2.15963 5.4 4.69693 2.4 5.4 4.5 2.64407
5.28119 4.8 2.4 5.1 4.8 2.53906 5.58946 4.8 2.4
5.4 4.9085 2.4 5.4 4.44913 2.7 5.31178 4.5 2.7
5.1 4.61198 2.7 5.49378 4.5 2.7 5.4 4.5 2.7623
4.82798 4.8 2.7 4.8 4.8 2.73935 5.1 5.04104 2.7
5.47018 4.8 2.7 5.4 4.87018 2.7 4.8 4.69219 3
5.1 4.70093 3 5.4 4.74809 3 4.69219 4.8 3
4.8 5.08984 3 4.8 4.8 3.20202 5.1 4.95654 3
5.44205 4.8 3 5.4 4.85594 3 5.4 4.8 3.06392
5.1 5.1 3.22047 5.1 4.74913 3.3 4.97138 4.8 3.3
5.17597 4.8 3.3 5.1 4.8 3.35593 4.9876 5.1 3.3
5.14205 5.1 3.3 5.1 5.14205 3.3 5.1 5.1 3.34959
5.7 5.1 3.21266 5.7 5.01004 3.3 5.59017 5.1 3.3
5.78734 5.1 3.3 5.7 5.18996 3.3 5.7 4.95654 3.6
5.46535 5.1 3.6 5.79337 5.1 3.6 5.7 5.19337 3.6
5.7 5.068 3.9 5.60998 5.1 3.9 5.71536 5.1 3.9
5.7 5.11536 3.9 5.7 5.1 3.92322 4.5 6.6 2.64373
4.5 6.3805 2.7 4.5 6.3 2.72342 4.8 6.3 2.72071
4.44373 6.6 2.7 4.69012 6.6 2.7 4.5 6.65627 2.7
4.8 6.6 2.75765 4.5 6.14135 3 4.8 6.14972 3
4.30446 6.3 3 4.94615 6.3 3 5.1 6.3 3.17841
4.40093 6.6 3 4.5 6.69907 3 4.5 6.6 3.18345
4.90781 6.6 3 4.8 6.70781 3 5.1 6.6 3.26468
4.5 6.14135 3.3 4.8 6.12468 3.3 5.1 6.19219 3.3
4.25087 6.3 3.3 4.5 6.52844 3.3 5.20781 6.3 3.3
4.6075 6.6 3.3 4.8 6.70781 3.3 5.13532 6.6 3.3
5.1 6.63532 3.3 4.5 6.12468 3.6 4.8 6.11744 3.6
5.1 6.15 3.6 4.29907 6.3 3.6 4.5 6.48726 3.6
4.5 6.3 3.75865 4.8 6.3 3.77234 5.25 6.3 3.6
4.70663 6.6 3.6 4.8 6.66416 3.6 4.8 6.6 3.70123
5.16901 6.6 3.6 5.1 6.66901 3.6 5.1 6.6 3.6885
5.1 6.15355 3.9 4.93971 6.3 3.9 5.24645 6.3 3.9
5.1 6.46302 3.9 5.1 6.3 4.07559 4.8 5.4 1.90188
4.5 5.7 2.04913 4.8 5.12633 2.1 4.8 5.1 2.13433
5.1 5.1 2.13353 4.62045 5.4 2.1 4.5 5.62772 2.1
4.5 5.4 2.26983 5.02925 5.4 2.1 4.8 5.62613 2.1
4.44913 5.7 2.1 4.61838 5.7 2.1 4.5 5.76404 2.1
4.8 4.80574 2.4 5.1 4.97934 2.4 4.66654 5.1 2.4
4.5 5.29313 2.4 4.8 5.1 2.56801 5.22066 5.1 2.4
5.1 5.26399 2.4 5.1 5.1 2.52908 4.40093 5.4 2.4
4.5 5.4 2.52718 4.98655 5.4 2.4 4.8 5.60545 2.4
4.8 5.4 2.54356 4.36218 5.7 2.4 4.70041 5.7 2.4
4.5 5.84307 2.4 4.5 5.7 2.54096 5.4 6 1.67092
5.7 6 1.68726 5.1 6.3 1.69591 5.4 6.3 1.68726
5.1 6.6 1.74913 5.1 5.4 2.05107 5.4 5.4 2.08603
4.8 5.7 2.01699 5.4 5.83308 1.8 5.4 5.7 1.93724
5.7 5.75284 1.8 4.8 6 2.04621 5.25884 6 1.8
5.1 6.18458 1.8 5.1 6 1.96775 5.81274 6 1.8
5.7 6.29186 1.8 5.7 6 1.91572 4.5 6.3 2.09922
4.95972 6.3 1.8 5.69186 6.3 1.8 5.4 6.47584 1.8
5.4 6.3 1.95 5.04037 6.6 1.8 5.19733 6.6 1.8
5.1 6.65087 1.8 5.1 6.6 1.90603 5.1 5.34799 2.1
5.4 5.38171 2.1 5.05107 5.4 2.1 4.8 5.63369 2.1
5.1 5.56022 2.1 5.1 5.4 2.17105 5.41933 5.4 2.1
4.73584 5.7 2.1 4.9876 5.7 2.1 4.8 5.7 2.19337
5.15576 5.7 2.1 5.1 5.75871 2.1 5.57746 5.7 2.1
5.7 5.7 2.35271 4.75248 6 2.1 4.5 6.29858 2.1
4.8 6.10843 2.1 4.8 6 2.13072 5.40516 6 2.1
5.4 6.00814 2.1 4.4993 6.3 2.1 4.50423 6.3 2.1
4.5 6.3007 2.1 4.5 6.3 2.1013 4.93423 6.3 2.1
4.8 6.3 2.20268 5.17517 6.3 2.1 5.1 6.40506 2.1
5.4 6.3 2.32403 5.4 5.38905 2.4 5.38833 5.4 2.4
5.41053 5.4 2.4 5.4 5.4 2.40714 5.7 5.66369 2.4
5.20781 5.7 2.4 5.1 5.81929 2.4 5.4 5.7 2.55
5.72534 5.7 2.4 5.7 5.73986 2.4 5.7 5.7 2.42534
4.94628 6 2.4 4.8 6.21624 2.4 5.1 6 2.53782
5.57902 6 2.4 5.4 6 2.54135 4.68911 6.3 2.4
4.8 6.37156 2.4 4.8 6.3 2.47156 5.1 6.47007 2.4
5.1 6.3 2.53544 5.45087 6.3 2.4 5.4 6.35087 2.4
5.4 6.3 2.45593 3.3 4.8 3.45 2.4 5.4 3.50663
2.4 5.7 3.50663 3 4.5 3.80093 3.3 4.58988 3.6
3.3 4.5 3.7308 2.1 4.8 3.82844 2.4 4.8 3.81093
3.12877 4.8 3.6 3 4.8 3.83068 3.44135 4.8 3.6
3.3 4.96005 3.6 2.1 5.1 3.74376 2.4 5.19337 3.6
2.4 5.1 3.65087 2.7 5.1 3.77123 2.27138 5.4 3.6
2.1 5.4 3.71274 2.55507 5.4 3.6 2.7 5.4 3.69959
2.24493 5.7 3.6 2.1 5.7 3.69173 2.51627 5.7 3.6
2.4 5.80414 3.6 2.7 5.7 3.77746 2.1 6 3.84236
2.4 6 3.77559 3 4.38761 3.9 3.3 4.40093 3.9
2.1 4.72844 3.9 2.1 4.5 4.18464 2.4 4.71093 3.9
2.89313 4.5 3.9 2.7 4.5 4.07902 3.39907 4.5 3.9
3.3 4.5 4.02718 2.0173 4.8 3.9 1.8 4.8 4.06064
2.51149 4.8 3.9 2.93402 4.8 3.9 2.7 4.95477 3.9
2.7 4.8 4.04725 3 4.91737 3.9 3.39541 4.8 3.9
3.3 4.94626 3.9 3.3 4.8 4.00004 1.88829 5.1 3.9
1.8 5.1 3.98829 2.90442 5.1 3.9 3 5.1 4.04324
1.8785 5.4 3.9 1.8 5.4 3.98829 2.83782 5.4 3.9
1.90734 5.7 3.9 1.8 5.7 4.02177 2.79907 5.7 3.9
2.7 5.80687 3.9 2.04236 6 3.9 2.1 6.05571 3.9
2.52098 6 3.9 2.4 6.11274 3.9 2.1 4.48464 4.2
2.4 4.2 4.45535 2.7 4.22635 4.2 2.7 4.2 4.23411
3 4.32876 4.2 2.08 4.5 4.2 1.8 4.6542 4.2
1.8 4.5 4.46644 2.1546 4.5 4.2 2.48613 4.5 4.2
2.4 4.5666 4.2 2.4 4.5 4.25855 3.17124 4.5 4.2
3 4.5 4.38717 1.67195 4.8 4.2 3.15 4.8 4.2
3 4.8 4.42506 1.65 5.1 4.2 1.5 5.1 4.44188
2.7 5.1 4.35 3.07659 5.1 4.2 3 5.18067 4.2
3 5.1 4.27659 1.65 5.4 4.2 1.5 5.4 4.49163
2.4 5.4 4.4681 2.8093 5.4 4.2 2.7 5.4 4.30446
1.66525 5.7 4.2 1.8 5.86949 4.2 2.75027 5.7 4.2
2.7 5.75206 4.2 2.7 5.7 4.25328 1.91274 6 4.2
2.1 6.15 4.2 2.1 6 4.44913 2.53857 6 4.2
2.4 6.13544 4.2 2.4 6 4.36064 2.4 4.15795 4.5
2.7 4.10663 4.5 1.8 4.47394 4.5 2.35795 4.2 4.5
2.1 4.35 4.5 2.79609 4.2 4.5 1.77394 4.5 4.5
1.8 4.5 4.54555 2.75695 4.5 4.5 3 4.5 4.68312
1.57156 4.8 4.5 1.5 4.98162 4.5 2.9091 4.8 4.5
2.7 4.93936 4.5 2.7 4.8 4.65477 1.44913 5.1 4.5
2.50589 5.1 4.5 2.4 5.33716 4.5 2.4 5.1 4.59568
1.49286 5.4 4.5 1.5 5.40907 4.5 1.5 5.4 4.51817
2.3681 5.4 4.5 2.4 5.44285 4.5 1.63164 5.7 4.5
1.8 5.87964 4.5 1.8 5.7 4.70132 2.1 5.94913 4.5
2.1 5.7 4.67964 2.53013 5.7 4.5 2.4 5.85 4.5
2.4 5.7 4.62805 2.4 4.12341 4.8 2.7 4.10663 4.8
2.30634 4.2 4.8 2.1 4.3815 4.8 2.4 4.2 4.87659
2.79337 4.2 4.8 2.7 4.2 4.92084 3 4.42341 4.8
1.95561 4.5 4.8 1.8 4.6374 4.8 2.1 4.5 4.89907
2.4 4.5 4.88583 2.7 4.60379 4.8 2.7 4.5 4.95
3.07659 4.5 4.8 3 4.57659 4.8 3 4.5 4.97802
1.64675 4.8 4.8 1.5 5.03608 4.8 1.8 4.8 4.91582
2.1 4.8 4.94013 2.44277 4.8 4.8 2.4 4.83122 4.8
2.4 4.8 4.83007 1.45795 5.1 4.8 1.5 5.19035 4.8
1.5 5.1 4.84205 1.8 5.1 4.95 2.21572 5.1 4.8
2.1 5.1 4.91274 1.62083 5.4 4.8 1.8 5.5601 4.8
1.8 5.4 4.90781 2.10799 5.4 4.8 2.1 5.41053 4.8
2.1 5.4 4.80714 3 4.8 4.45859 2.7 5.1 4.35594
2.4 5.4 4.4681 2.7 5.4 4.30446 3 4.75859 4.5
2.95114 4.8 4.5 2.7 4.95 4.5 2.7 4.8 4.66538
3.04141 4.8 4.5 3 4.87388 4.5 2.50589 5.1 4.5
2.4 5.33716 4.5 2.4 5.1 4.60371 2.88802 5.1 4.5
2.3681 5.4 4.5 2.4 5.43312 4.5 2.4 5.4 4.71967
2.85 5.4 4.5 2.7 5.59219 4.5 2.7 4.67964 4.8
2.7 4.5 5.07394 3 4.67503 4.8 2.45564 4.8 4.8
2.4 4.84566 4.8 3.12497 4.8 4.8 3 4.94347 4.8
2.26218 5.1 4.8 2.4 5.38539 4.8 2.4 5.1 5.00086
2.86863 5.1 4.8 3 5.1 5.01341 2.42159 5.4 4.8
2.80781 5.4 4.8 2.7 5.50781 4.8 2.7 5.4 4.94144
2.7 4.47394 5.1 2.67394 4.5 5.1 2.74535 4.5 5.1
2.7 4.5 5.12894 3 4.63611 5.1 2.43353 4.8 5.1
2.7 4.8 5.27964 3.11744 4.8 5.1 2.49602 5.1 5.1
2.7 5.27587 5.1 2.7 5.1 5.25355 3.07205 5.1 5.1
3 5.17205 5.1 3 4.62531 5.4 2.84248 4.8 5.4
3.12766 4.8 5.4 3 4.8 5.52766 2.97765 5.1 5.4
3.01921 5.1 5.4 3 5.11921 5.4 3 5.1 5.41921
4.8 3.6 3.2315 5.1 3.6 3.1841 4.8 3.52252 3.3
5.1 3.49219 3.3 4.7252 3.6 3.3 4.8 3.67075 3.3
5.22558 3.6 3.3 5.1 3.74469 3.3 5.1 3.9 3.50663
4.8 3.46925 3.6 5.1 3.46218 3.6 4.66925 3.6 3.6
4.8 3.89446 3.6 4.8 3.6 3.7421 5.2842 3.6 3.6
4.81461 3.9 3.6 4.8 3.9 3.70908 5.17275 3.9 3.6
5.1 3.96416 3.6 5.1 3.54913 3.9 5.04037 3.6 3.9
4.8 3.89137 3.9 5.16385 3.6 3.9 5.1 3.6 3.95087
4.79286 3.9 3.9 4.8 3.90714 3.9 4.8 3.9 3.90799
5.22159 3.9 3.9 5.1 4.00781 3.9 5.1 3.9 4.03671
4.2 3.9 3.54429 4.5 3.9 3.45982 4.2 4.2 3.53584
4.2 3.84236 3.6 4.5 3.75982 3.6 4.5 3.6 3.7907
3.6 3.9 3.85795 4.12149 3.9 3.6 3.9 3.9 3.72578
4.63156 3.9 3.6 4.5 4.01923 3.6 4.5 3.9 3.82264
4.08245 4.2 3.6 3.9 4.2 3.71149 4.27018 4.2 3.6
4.2 4.26416 3.6 4.2 4.2 3.77242 4.5 3.51677 3.9
3.6 3.85795 3.9 3.9 3.75339 3.9 4.38318 3.6 3.9
4.2 3.71885 3.9 4.60519 3.6 3.9 4.5 3.79586 3.9
4.5 3.6 4.05601 3.55795 3.9 3.9 3.6 3.97487 3.9
4.4454 3.9 3.9 4.2 4.14603 3.9 3.72212 4.2 3.9
4.13402 4.2 3.9 3.9 4.32497 3.9 3.9 4.2 4.08373
3.6 3.89204 4.2 3.9 3.79554 4.2 4.2 3.77841 4.2
3.59204 3.9 4.2 3.6 3.90865 4.2 3.6 3.9 4.20796
3.9 4.06253 4.2 3.9 3.9 4.30734 4.37863 3.9 4.2
4.2 4.01929 4.2 4.2 3.9 4.33229 3.3 4.2 4.14973
3.6 4.2 4.03451 3.3 4.5 4.14913 3.3 4.13686 4.2
3.6 4.01947 4.2 3.24973 4.2 4.2 3.72766 4.2 4.2
3.6 4.35752 4.2 3.6 4.2 4.33619 3.24913 4.5 4.2
3.37007 4.5 4.2 3.3 4.55087 4.2 3.3 4.03668 4.5
3.16218 4.2 4.5 3.44645 4.2 4.5 3.3 4.2 4.63782
3.23222 4.5 4.5 3.36416 4.5 4.5 3.3 4.56416 4.5
3.3 4.5 4.56416 5.7 3.9 3.55795 5.7 3.85641 3.6
5.62986 3.9 3.6 5.74205 3.9 3.6 5.7 3.95175 3.6
5.7 3.9 3.6777 5.7 2.4 3.84913 5.4 2.7 3.80663
5.7 2.7 3.80663 5.4 3 3.80663 5.7 3 3.81266
5.1 3.3 3.88464 5.4 3.3 3.87394 5.7 3.3 3.79043
5.7 2.34913 3.9 5.7 2.1 4.12844 5.1 2.4 4.13369
5.5706 2.4 3.9 5.4 2.512 3.9 5.4 2.4 3.96576
5.75087 2.4 3.9 4.8 2.7 4.10663 5.20557 2.7 3.9
5.1 2.7 3.9591 5.79337 2.7 3.9 4.8 3 4.08428
5.11536 3 3.9 5.1 3.09337 3.9 5.1 3 3.90714
5.78734 3 3.9 5.08287 3.3 3.9 5.1 3.31536 3.9
5.4 3.32606 3.9 5.80957 3.3 3.9 5.7 3.41772 3.9
5.7 3.6 4.16361 5.4 3.9 4.13584 5.7 3.9 4.00148
5.7 2.02844 4.2 5.1 2.33584 4.2 5.51568 2.1 4.2
5.4 2.15104 4.2 5.77156 2.1 4.2 5.7 2.1 4.30266
5.03369 2.4 4.2 4.8 2.60391 4.2 5.1 2.4 4.27018
5.4 2.4 4.41467 5.85 2.4 4.2 4.70663 2.7 4.2
4.8 2.7 4.46953 5.85 2.7 4.2 4.67326 3 4.2
4.8 3.18371 4.2 5.84685 3 4.2 4.5 3.3 4.30697
4.89831 3.3 4.2 4.8 3.3 4.28278 5.1 3.44022 4.2
5.4 3.59256 4.2 5.85 3.3 4.2 4.5 3.6 4.41677
4.8 3.6 4.42341 5.1 3.6 4.35727 5.44963 3.6 4.2
5.4 3.62467 4.2 5.4 3.6 4.20837 5.73285 3.6 4.2
5.32982 3.9 4.2 5.4 3.96416 4.2 5.84685 3.9 4.2
5.7 4.06552 4.2 5.7 2.23051 4.5 5.1 2.57902 4.5
5.49831 2.4 4.5 5.4 2.48278 4.5 5.83164 2.4 4.5
5.7 2.4 4.63164 4.82346 2.7 4.5 4.8 2.71458 4.5
5.1 2.7 4.61274 5.4 2.7 4.65 5.85 2.7 4.5
5.7 2.7 4.67532 4.5785 3 4.5 4.5 3.08096 4.5
4.8 3 4.65644 5.1 3 4.69219 5.85 3 4.5
4.3445 3.3 4.5 4.5 3.3 4.74733 4.8 3.3 4.75859
5.84473 3.3 4.5 4.38318 3.6 4.5 4.2 3.6 4.67092
4.5 3.69337 4.5 4.8 3.67659 4.5 4.8 3.6 4.6475
5.1 3.78065 4.5 5.83782 3.6 4.5 3.9 3.9 4.74373
4.2 3.9 4.73584 5.35582 3.9 4.5 5.4 3.92534 4.5
5.4 3.9 4.52815 5.75087 3.9 4.5 5.7 3.95087 4.5
5.7 3.9 4.55593 5.4 2.89554 4.8 5.7 2.86771 4.8
5.25366 3 4.8 5.1 3.12532 4.8 5.4 3 4.90446
5.80781 3 4.8 5.7 3 4.90781 4.2 3.47576 4.8
4.5 3.40415 4.8 4.851 3.3 4.8 5.1 3.3 4.93164
5.4 3.3 4.95 5.82766 3.3 4.8 5.7 3.3 4.92766
4.093 3.6 4.8 3.9 3.8341 4.8 4.2 3.6 4.89378
4.65601 3.6 4.8 4.5 3.69881 4.8 4.5 3.6 4.88323
5.08069 3.6 4.8 5.1 3.60714 4.8 5.1 3.6 4.80714
5.4 3.65593 4.8 5.4 3.6 4.85087 5.72534 3.6 4.8
5.7 3.62815 4.8 5.7 3.6 4.82534 3.82647 3.9 4.8
3.9 3.99053 4.8 3.9 3.9 4.86325 4.27744 3.9 4.8
4.2 3.97018 4.8 4.2 3.9 4.86416 5.4 2.4 3.18761
5.7 2.4 3.13051 5.4 2.7 3.09337 5.7 2.7 3.09337
5.4 3 3.15865 5.7 3 3.1234 5.4 3.3 3.29204
5.7 3.3 3.16654 5.4 1.5 3.45624 5.7 1.5 3.41572
5.1 1.8 3.48726 5.4 1.8 3.43164 5.7 1.8 3.39907
5.1 2.1 3.48256 5.4 2.28985 3.3 5.4 2.1 3.43782
5.7 2.22532 3.3 5.7 2.1 3.41073 4.8 2.4 3.51722
5.24956 2.4 3.3 5.1 2.4 3.39868 5.83164 2.4 3.3
4.8 2.7 3.45372 5.11536 2.7 3.3 5.1 2.7 3.31536
5.85 2.7 3.3 4.8 3 3.49586 5.12894 3 3.3
5.1 3 3.33118 5.84685 3 3.3 5.38182 3.3 3.3
5.4 3.30796 3.3 5.82497 3.3 3.3 5.7 3.42497 3.3
5.4 1.36836 3.6 5.7 1.35315 3.6 5.151 1.5 3.6
5.1 1.56303 3.6 5.1 1.5 3.66303 5.84685 1.5 3.6
4.95 1.8 3.6 4.8 1.8 3.71885 5.85 1.8 3.6
4.93974 2.1 3.6 4.8 2.27863 3.6 4.8 2.1 3.70781
5.84685 2.1 3.6 4.71467 2.4 3.6 4.5 2.4 3.79812
5.85 2.4 3.6 5.7 2.4 3.84913 4.63594 2.7 3.6
4.5 2.7 3.73225 5.4 2.7 3.80663 5.85 2.7 3.6
5.7 2.7 3.80663 4.67138 3 3.6 4.5 3 3.73724
4.8 3.1633 3.6 5.1 3.20948 3.6 5.4 3 3.80663
5.85 3 3.6 5.7 3 3.80663 5.20782 3.3 3.6
5.4 3.41614 3.6 5.4 3.3 3.76849 5.84685 3.3 3.6
5.7 3.4766 3.6 5.7 3.3 3.76143 5.1 1.38726 3.9
5.4 1.34685 3.9 5.7 1.31582 3.9 4.90266 1.5 3.9
4.8 1.57634 3.9 5.85 1.5 3.9 4.64424 1.8 3.9
5.83137 1.8 3.9 4.56363 2.1 3.9 4.5 2.20595 3.9
4.5 2.1 3.96804 5.4 2.1 4.17466 5.85 2.1 3.9
5.7 2.34913 3.9 5.7 2.1 4.12844 4.39313 2.4 3.9
4.2 2.4 4.1536 5.1 2.4 4.11467 5.5706 2.4 3.9
5.4 2.512 3.9 5.4 2.4 3.96576 4.3158 2.7 3.9
4.2 2.7 4.0158 4.8 2.7 4.10663 5.20557 2.7 3.9
5.1 2.7 3.9591 4.29951 3 3.9 4.2 3 3.98829
4.5 3.18851 3.9 4.8 3.1225 3.9 4.8 3 4.05496
5.11536 3 3.9 5.1 3.01167 3.9 5.1 3 3.90714
4.2 3.3 4.08295 5.1 1.45795 4.2 5.4 1.35329 4.2
5.7 1.33782 4.2 5.03608 1.5 4.2 4.8 1.67138 4.2
5.1 1.5 4.24205 5.4 1.5 4.34883 5.85 1.5 4.2
5.7 1.5 4.41093 4.51075 1.8 4.2 4.5 1.80539 4.2
4.8 1.8 4.29337 5.1 1.8 4.29337 5.4 2.06834 4.2
5.4 1.8 4.33164 5.85 1.8 4.2 5.7 2.02844 4.2
5.7 1.8 4.37532 4.31885 2.1 4.2 4.2 2.33608 4.2
4.5 2.1 4.34671 4.8 2.1 4.29337 5.34913 2.1 4.2
5.1 2.26274 4.2 5.1 2.1 4.29337 4.15795 2.4 4.2
4.5 2.4 4.39219 4.98679 2.4 4.2 4.8 2.57456 4.2
4.8 2.4 4.31582 4.05355 2.7 4.2 4.70663 2.7 4.2
4.02441 3 4.2 3.9 3 4.36494 4.67326 3 4.2
4.5 3.19949 4.2 4.08333 3.3 4.2 3.9 3.3 4.33309
4.33514 3.3 4.2 4.2 3.37611 4.2 4.2 2.34326 4.5
4.15732 2.4 4.5 4.26847 2.4 4.5 4.2 2.4 4.54268
4.5 2.62077 4.5 3.97156 2.7 4.5 3.9 2.81655 4.5
4.2 2.7 4.65865 4.55027 2.7 4.5 4.5 2.7 4.55027
3.80093 3 4.5 4.2 3 4.70093 4.5785 3 4.5
4.5 3.08096 4.5 4.5 3 4.5785 3.76775 3.3 4.5
3.6 3.3 4.66775 3.9 3.49902 4.5 4.3445 3.3 4.5
4.2 3.4538 4.5 4.2 3.3 4.78603 3.6 3.6 4.64645
3.9 3.6 4.58791 3.9 2.88802 4.8 3.77356 3 4.8
3.6 3.15032 4.8 4.04956 3 4.8 3.9 3 4.89868
3.4766 3.3 4.8 4.18749 3.3 4.8 3.9 3.3 4.97092
3.44645 3.6 4.8 3.3 3.6 4.96302 3.6 3.85429 4.8
4.06481 3.6 4.8 3.9 3.78778 4.8 3.3 3.9 4.93782
3.6 3.9 4.84141 3.9 3.9 5.06461 3.3 4.2 4.99852
3.6 4.2 4.95315 3.6 3.20663 5.1 3.52725 3.3 5.1
3.3 3.46302 5.1 3.67945 3.3 5.1 3.6 3.3 5.16416
3.9 3.51205 5.1 3.17503 3.6 5.1 3.3 3.6 5.23346
3.6 3.6 5.24135 3.97156 3.6 5.1 3.9 3.6 5.17156
3.10781 3.9 5.1 3.3 3.9 5.30093 3.6 3.9 5.27532
3.91846 3.9 5.1 3.9 3.92674 5.1 3.9 3.9 5.11846
3.15044 4.2 5.1 3.3 4.30149 5.1 3.3 4.2 5.2561
3.7766 4.2 5.1 3.6 4.37225 5.1 3.6 4.2 5.28428
5.1 2.4 2.37394 5.4 2.4 2.25904 5.7 2.4 2.21572
5.7 2.7 2.39505 5.1 2.37292 2.4 5.1 2.1 2.61467
5.4 2.2158 2.4 5.4 2.1 2.5158 5.7 2.18096 2.4
5.7 2.1 2.4785 5.07292 2.4 2.4 4.8 2.4 2.58086
5.1 2.44852 2.4 5.4 2.56029 2.4 5.84685 2.4 2.4
4.8 2.7 2.55538 5.1 2.7 2.50188 5.69335 2.7 2.4
5.70496 2.7 2.4 5.7 2.70495 2.4 5.1 2.01722 2.7
5.4 1.95904 2.7 5.4 1.8 2.89266 5.7 1.92036 2.7
5.7 1.8 2.83462 5.00505 2.1 2.7 4.8 2.26974 2.7
4.8 2.1 2.87326 5.85 2.1 2.7 4.68386 2.4 2.7
5.4 2.68701 2.7 5.83518 2.4 2.7 4.69353 2.7 2.7
4.8 2.80647 2.7 4.8 2.7 2.92513 5.39171 2.7 2.7
5.1 2.85212 2.7 5.4158 2.7 2.7 5.4 2.7 2.71706
5.79868 2.7 2.7 5.7 2.86066 2.7 5.1 3 2.88227
5.4 3 2.84135 5.7 3 2.81647 5.4 3.3 2.91677
5.7 3.3 2.90663 5.4 1.69554 3 5.7 1.65594 3
4.8 1.97902 3 4.8 1.8 3.23039 5.21089 1.8 3
5.1 1.87156 3 5.1 1.8 3.07387 5.83544 1.8 3
4.66246 2.1 3 4.5 2.1 3.12775 5.84473 2.1 3
4.73069 2.4 3 4.5 2.4 3.16156 4.8 2.5771 3
5.4 2.4 3.18761 5.81274 2.4 3 5.7 2.4 3.13051
4.84359 2.7 3 4.8 2.7 3.04829 5.4 2.7 3.09337
5.79337 2.7 3 5.7 2.7 3.09337 4.94104 3 3
4.8 3 3.11935 5.1 3.16494 3 5.4 3 3.15865
5.82036 3 3 5.7 3 3.12036 5.26865 3.3 3
5.4 3.38323 3 5.4 3.3 3.09035 5.79337 3.3 3
5.7 3.39337 3 5.7 3.3 3.09337 4.8 1.73637 3.3
5.1 1.6445 3.3 5.4 1.63051 3.3 5.7 1.64956 3.3
4.72783 1.8 3.3 4.5 1.94096 3.3 4.8 1.8 3.40595
5.1 1.8 3.48428 5.4 1.8 3.43164 5.79907 1.8 3.3
5.7 1.8 3.39907 4.26631 2.1 3.3 4.5 2.1 3.50391
4.8 2.1 3.50663 5.1 2.1 3.45 5.4 2.28985 3.3
5.4 2.1 3.43782 5.80781 2.1 3.3 5.7 2.22532 3.3
5.7 2.1 3.40781 4.33671 2.4 3.3 4.5 2.62993 3.3
4.5 2.4 3.47916 4.8 2.4 3.49219 5.24956 2.4 3.3
5.1 2.4 3.39868 4.55812 2.7 3.3 4.8 2.7 3.45
5.11536 2.7 3.3 5.1 2.7 3.31536 4.62287 3 3.3
4.8 3.2091 3.3 4.8 3 3.43725 5.12894 3 3.3
5.1 3.12915 3.3 5.1 3 3.32606 5.4 2.7 2.07466
5.7 2.7 2.00663 5.4 3 2.00663 5.7 3 2.00093
5.4 2.67466 2.1 5.7 2.60663 2.1 5.35763 2.7 2.1
5.1 2.7 2.25966 5.79337 2.7 2.1 5.7 2.7 2.38925
4.8 3 2.22287 5.23782 3 2.1 5.1 3 2.18323
5.4 3.16973 2.1 5.79907 3 2.1 5.7 3.12283 2.1
5.1 3.3 2.27798 5.1 2.60093 2.4 5.4 2.57234 2.4
4.93841 2.7 2.4 4.8 2.80292 2.4 5.1 2.7 2.49907
5.69335 2.7 2.4 5.4 2.7 2.52766 5.7 2.70495 2.4
4.66587 3 2.4 4.8 3.14273 2.4 4.8 3 2.55279
5.4 3.19554 2.4 5.85 3 2.4 5.7 3.15 2.4
5.7 3 2.65795 5.0536 3.3 2.4 5.17014 3.3 2.4
5.1 3.34205 2.4 5.1 3.3 2.47953 5.1 2.9215 2.7
5.4 2.99505 2.7 5.00619 3 2.7 5.1 3.13187 2.7
5.1 3 2.7785 5.42802 3 2.7 5.4 3.00814 2.7
5.4 3 2.70495 5.7 3.3 1.98726 5.1 3.6 2.09204
5.4 3.6 1.96456 5.7 3.6 1.95315 5.7 3.18726 2.1
5.1 3.58828 2.1 5.46303 3.3 2.1 5.4 3.34886 2.1
5.4 3.3 2.18208 5.81274 3.3 2.1 5.09204 3.6 2.1
5.1 3.62476 2.1 5.1 3.6 2.16839 5.4 3.79367 2.1
5.84685 3.6 2.1 5.7 3.78927 2.1 5.4 3.2105 2.4
5.7 3.15 2.4 5.2906 3.3 2.4 5.85 3.3 2.4
5.13445 3.6 2.4 5.1 3.6 2.46778 5.4 3.73317 2.4
5.4 3.6 2.66555 5.80781 3.6 2.4 5.7 3.70781 2.4
5.7 3.6 2.63245 5.4 3.20663 2.7 5.7 3.19554 2.7
5.20477 3.3 2.7 5.1 3.43023 2.7 5.4 3.54913 2.7
5.4 3.3 2.79337 5.80446 3.3 2.7 5.7 3.52986 2.7
5.7 3.3 2.80446 5.02795 3.6 2.7 5.33222 3.6 2.7
5.1 3.67597 2.7 5.1 3.6 2.8721 5.4 3.6 2.8893
5.4 3.58464 3 5.34397 3.6 3 5.44443 3.6 3
5.4 3.61536 3 5.4 3.6 3.01536 5.4 3.9 2.00663
5.7 3.9 1.97841 5.1 4.2 2.08433 5.4 4.2 2.00207
5.7 4.2 1.94907 5.1 4.5 1.9445 5.4 4.5 1.89337
5.7 4.5 1.88323 5.4 3.80663 2.1 5.7 3.78927 2.1
5.27138 3.9 2.1 5.1 4.17485 2.1 5.80781 3.9 2.1
5.08118 4.2 2.1 5.82438 4.2 2.1 4.87387 4.5 2.1
5.1 4.64685 2.1 5.4 4.65 2.1 5.85 4.5 2.1
5.7 4.65 2.1 5.4 3.73668 2.4 5.4 3.6 2.66555
5.7 3.71271 2.4 5.7 3.6 2.63245 5.14071 3.9 2.4
5.1 3.94519 2.4 5.1 3.9 2.4778 5.84473 3.9 2.4
4.84299 4.2 2.4 4.8 4.2 2.45848 5.84685 4.2 2.4
5.08853 4.5 2.4 5.1 4.50495 2.4 5.1 4.5 2.40988
5.4 4.63164 2.4 5.4 4.5 2.61419 5.83544 4.5 2.4
5.7 4.63544 2.4 5.4 3.57466 2.7 5.7 3.55795 2.7
5.36976 3.6 2.7 5.1 3.80505 2.7 5.4 3.6 2.72633
5.74205 3.6 2.7 5.7 3.6 2.77454 5.00145 3.9 2.7
4.8 4.07995 2.7 4.8 3.9 2.97059 5.83544 3.9 2.7
4.6974 4.2 2.7 4.8 4.31385 2.7 4.8 4.2 2.97315
5.1 4.39812 2.7 5.1 4.2 2.88428 5.4 4.42844 2.7
5.4 4.2 2.87964 5.85 4.2 2.7 5.7 4.2 2.87964
5.59732 4.5 2.7 5.74205 4.5 2.7 5.7 4.54205 2.7
5.7 4.5 2.74205 4.8 3.87658 3 5.1 3.75441 3
5.4 3.78085 3 5.7 3.72718 3 4.77658 3.9 3
4.8 4.08711 3 4.8 3.9 3.03204 5.1 4.0536 3
5.1 3.9 3.19423 5.4 4.04559 3 5.4 3.9 3.16254
5.82036 3.9 3 5.7 4.05 3 5.7 3.9 3.158
4.8 4.2 2.98542 5.1 4.2 2.88726 5.4 4.2 2.87964
5.7 4.2 2.87964 5.7 4.5 2.94407 4.8 4.18542 3
5.1 4.07902 3 5.4 4.06775 3 5.4 3.9 3.19996
5.7 4.05 3 5.7 3.9 3.158 4.77168 4.2 3
4.5 4.2 3.10974 4.8 4.22011 3 5.1 4.35 3
5.4 4.3907 3 5.82036 4.2 3 5.59586 4.5 3
5.75087 4.5 3 5.7 4.55087 3 5.7 4.5 3.07007
5.4 3.80784 3.3 5.7 3.76949 3.3 4.5 4.05355 3.3
4.8 3.96328 3.3 5.24237 3.9 3.3 5.1 3.98323 3.3
5.81274 3.9 3.3 5.7 3.9 3.52403 4.31892 4.2 3.3
4.5 4.33782 3.3 4.5 4.2 3.58173 4.8 4.35 3.3
5.1 4.35 3.3 5.4 4.35 3.3 5.4 4.2 3.56647
5.85 4.2 3.3 5.7 4.37964 3.3 5.4 3.89204 3.6
4.8 4.17764 3.6 5.37269 3.9 3.6 5.1 4.15257 3.6
5.43532 3.9 3.6 5.4 3.95339 3.6 5.4 3.9 3.60796
5.7 4.06553 3.6 4.65158 4.2 3.6 4.8 4.21536 3.6
4.8 4.2 3.61536 5.18662 4.2 3.6 5.1 4.21458 3.6
5.1 4.2 3.61559 5.52942 4.2 3.6 5.74268 4.2 3.6
5.7 4.24268 3.6 5.7 4.2 3.64268 4.2 1.8 3.55795
4.5 1.8 3.51677 4.8 1.8 3.59621 3.9 2.1 3.57394
4.2 2.1 3.50663 4.5 2.1 3.50663 4.8 2.1 3.59621
4.2 2.4 3.52389 4.5 2.4 3.51266 4.2 2.7 3.55795
4.5 2.7 3.56742 4.2 3 3.54913 4.5 3 3.51677
4.5 3.3 3.57394 4.2 1.75795 3.6 4.5 1.71677 3.6
4.8 1.79621 3.6 4.14674 1.8 3.6 3.9 2.06644 3.6
3.9 1.8 3.77214 4.80379 1.8 3.6 4.8 1.8 3.60395
3.87394 2.1 3.6 3.6 2.1 3.85795 3.9 2.16348 3.6
4.80584 2.1 3.6 4.8 2.1046 3.6 4.8 2.1 3.60379
4.05312 2.4 3.6 3.9 2.4 3.68829 4.6001 2.4 3.6
4.5 2.4 3.73633 4.13935 2.7 3.6 3.9 2.7 3.73944
4.53258 2.7 3.6 4.5 2.7 3.63762 4.14913 3 3.6
3.9 3 3.84373 4.2 3.08328 3.6 4.59035 3 3.6
4.5 3 3.69337 4.45445 3.3 3.6 4.52894 3.3 3.6
4.5 3.32606 3.6 4.5 3.3 3.62606 3.9 1.69219 3.9
4.2 1.62775 3.9 4.5 1.65355 3.9 3.77214 1.8 3.9
3.6 2.04674 3.9 3.6 1.8 4.15917 4.64096 1.8 3.9
4.5 1.8 4.06775 3.55795 2.1 3.9 3.6 2.2206 3.9
4.56363 2.1 3.9 4.5 2.20595 3.9 4.5 2.1 3.96576
3.6666 2.4 3.9 3.6 2.4 3.95855 4.39313 2.4 3.9
4.2 2.4 4.1536 3.69709 2.7 3.9 3.6 2.7 3.98829
4.3158 2.7 3.9 4.2 2.7 4.0158 3.81656 3 3.9
3.6 3 4.05495 3.9 3.11371 3.9 4.28829 3 3.9
4.2 3.2672 3.9 4.2 3 3.98829 3.9 3.3 4.04124
3.6 1.7681 4.2 3.9 1.65644 4.2 4.2 1.62468 4.2
3.56466 1.8 4.2 4.37964 1.8 4.2 4.2 1.8 4.42437
3.3591 2.1 4.2 3.3 2.1 4.26113 4.31572 2.1 4.2
4.2 2.33608 4.2 3 2.4 4.42844 3.35087 2.4 4.2
3.3 2.4 4.25087 4.15795 2.4 4.2 3 2.7 4.38726
3.35812 2.7 4.2 3.3 2.7 4.25087 4.05355 2.7 4.2
3 3 4.42844 3.42885 3 4.2 3.3 3 4.32885
3.6 3.18384 4.2 4.0158 3 4.2 3.9 3 4.35601
3.3 3.3 4.34491 3.73639 3.3 4.2 3.6 3.3 4.28829
4.00004 3.3 4.2 3.9 3.40027 4.2 3.9 3.3 4.31647
3.6 3.6 4.39773 3.6 1.79286 4.5 3.9 1.70093 4.5
3.59163 1.8 4.5 3.3 1.94096 4.5 3.6 1.8 4.50714
4.07818 1.8 4.5 3.9 1.8 4.59907 4.2 2.07977 4.5
3.09173 2.1 4.5 3 2.27224 4.5 3.3 2.1 4.67195
3.6 2.1 4.7409 3.9 2.1 4.68726 4.20714 2.1 4.5
4.2 2.11536 4.5 4.2 2.1 4.50714 2.92844 2.4 4.5
3 2.4 4.66134 4.10663 2.4 4.5 3.9 2.4 4.7215
2.88726 2.7 4.5 3.97156 2.7 4.5 3.9 2.81655 4.5
3.9 2.7 4.66055 2.92844 3 4.5 2.7 3 4.70704
3 3.13534 4.5 3.79621 3 4.5 2.7 3.3 4.66218
3.1044 3.3 4.5 3 3.3 4.58278 3.3 3.47362 4.5
3.76775 3.3 4.5 3.6 3.3 4.66775 2.7 3.6 4.69219
3 3.6 4.62036 3.45352 3.6 4.5 3.3 3.6 4.61385
3.70727 3.6 4.5 3.6 3.69945 4.5 3.6 3.6 4.60727
3 3.9 4.68726 3.3 3.9 4.69184 3.3 2.30852 4.8
3.6 2.19129 4.8 3.13866 2.4 4.8 3 2.47394 4.8
3.3 2.4 4.87156 3.78384 2.4 4.8 3.6 2.4 4.90781
2.83161 2.7 4.8 2.7 2.87668 4.8 3 2.7 4.93544
3.3 2.7 4.96836 3.83584 2.7 4.8 3.6 2.7 4.95865
2.60704 3 4.8 2.7 3 4.89296 3 3 4.97934
3.72066 3 4.8 3.6 3.15032 4.8 3.6 3 5.02237
2.56218 3.3 4.8 2.7 3.3 4.94645 3.45447 3.3 4.8
2.59219 3.6 4.8 2.7 3.80202 4.8 3.44645 3.6 4.8
3.3 3.6 4.96302 2.79337 3.9 4.8 2.7 3.9 4.92441
3 4.03051 4.8 3.40816 3.9 4.8 3.3 4.03266 4.8
3.3 3.9 4.90816 3.3 2.89012 5.1 3.17947 3 5.1
3 3.18384 5.1 3.49739 3 5.1 3.3 3 5.19337
2.90309 3.3 5.1 2.7 3.58373 5.1 3 3.3 5.1895
3.40816 3.3 5.1 3.3 3.43236 5.1 3.3 3.3 5.20816
2.68542 3.6 5.1 2.7 3.6 5.11458 3.14523 3.6 5.1
3 3.6 5.22036 2.61677 3.9 5.1 2.7 4.02585 5.1
2.7 3.9 5.18323 3.10781 3.9 5.1 3 4.19273 5.1
3 3.9 5.20781 3.9 2.7 2.59219 4.2 2.7 2.55315
4.5 2.7 2.55865 3.6 3 2.6105 3.9 3 2.55865
4.2 3 2.52468 4.5 3 2.43353 4.8 3 2.65641
3.6 3.3 2.56836 3.9 3.3 2.55865 4.2 3.3 2.63584
3.6 3.6 2.62844 3.9 2.59219 2.7 3.9 2.4 2.94429
4.2 2.55315 2.7 4.2 2.4 2.88726 4.5 2.55865 2.7
4.5 2.4 2.89184 3.3 2.7 2.99505 3.76026 2.7 2.7
3.6 2.88062 2.7 3.6 2.7 2.81744 4.69353 2.7 2.7
4.8 2.92513 2.7 3.49782 3 2.7 3.3 3 2.83544
4.5 3.16836 2.7 4.84205 3 2.7 4.8 3.04205 2.7
4.8 3 2.7464 3 3.3 2.86456 3.37683 3.3 2.7
3.3 3.3 2.76363 3.9 3.45355 2.7 4.27744 3.3 2.7
4.2 3.36416 2.7 3 3.6 2.85 3.41838 3.6 2.7
3.3 3.6 2.75812 3.6808 3.6 2.7 3.6 3.67804 2.7
3 3.9 2.99286 3.9 2.33887 3 4.2 2.27559 3
4.5 2.28892 3 3.3 2.69505 3 3.82716 2.4 3
3.6 2.52468 3 3.6 2.4 3.13906 4.71177 2.4 3
4.5 2.4 3.11108 3.29445 2.7 3 3 2.7 3.20353
4.73944 2.7 3 4.5 2.7 3.15904 2.7 3 3.22437
3.0319 3 3 3 3.03789 3 3 3 3.0319
4.62098 3 3 4.5 3.11274 3 4.5 3 3.12098
2.83462 3.3 3 2.7 3.3 3.12036 3.9 3.44645 3
4.25627 3.3 3 4.2 3.35627 3 4.2 3.3 3.10605
2.4 3.6 3.25859 2.72534 3.6 3 2.7 3.6 3.02534
3.3 3.76775 3 3.62815 3.6 3 3.6 3.62534 3
3.6 3.6 3.07597 2.98586 3.9 3 2.7 3.9 3.10188
3.01053 3.9 3 3 3.90714 3 3.6 2.24615 3.3
3.6 2.1 3.50119 3.9 2.12534 3.3 4.2 2.25531 3.3
3 2.61093 3.3 3.40589 2.4 3.3 3.3 2.49296 3.3
3.3 2.4 3.40589 4.31073 2.4 3.3 4.2 2.4 3.4159
2.90827 2.7 3.3 2.7 2.92197 3.3 4.34376 2.7 3.3
4.2 2.7 3.43802 2.62197 3 3.3 4.34645 3 3.3
4.2 3.20041 3.3 4.2 3 3.45624 2.51274 3.3 3.3
2.4 3.53697 3.3 2.4 3.3 3.42098 3.6 3.53584 3.3
4.0908 3.3 3.3 3.9 3.42737 3.3 2.35859 3.6 3.3
2.4 3.72377 3.3 3.52725 3.6 3.3 3.3 3.73782 3.3
3.6 3.6 3.57533 2.45764 3.9 3.3 2.4 3.9 3.35764
2.7 4.05904 3.3 3.02534 3.9 3.3 3 3.92534 3.3
3.6 2.01677 3.6 3.49509 2.1 3.6 3.3 2.23936 3.6
3.3 2.1 3.81723 3.75056 2.1 3.6 3.6 2.1 3.75056
3.9 2.25545 3.6 3.08717 2.4 3.6 3 2.48235 3.6
3 2.4 3.70767 3.98538 2.4 3.6 3.9 2.4 3.68829
2.75529 2.7 3.6 2.7 2.75027 3.6 2.7 2.7 3.65529
3.98358 2.7 3.6 3.9 2.7 3.68829 2.42342 3 3.6
2.4 3.02604 3.6 2.4 3 3.63699 4.03844 3 3.6
3.9 3 3.73225 2.24022 3.3 3.6 4.02908 3.3 3.6
3.9 3.43257 3.6 3.9 3.3 3.73257 2.1591 3.6 3.6
2.1 3.6 3.67465 3.3 3.70687 3.6 3.60837 3.6 3.6
3.6 3.60714 3.6 3.6 3.6 3.61817 2.17387 3.9 3.6
2.1 3.9 3.78162 2.4 4.11467 3.6 2.7 4.09219 3.6
3.05593 3.9 3.6 3 3.95087 3.6 3 3.9 3.72862
2.4 4.2 3.72137 3.3 2.03584 3.9 3.22055 2.1 3.9
3 2.26692 3.9 3.42496 2.1 3.9 3.3 2.1 4.10512
3.6 2.28335 3.9 2.87326 2.4 3.9 2.7 2.54406 3.9
2.7 2.4 4.13428 3.6666 2.4 3.9 3.6 2.4 3.95855
2.53763 2.7 3.9 2.4 2.86692 3.9 2.4 2.7 4.12055
3.68829 2.7 3.9 3.6 2.7 3.98829 2.27902 3 3.9
2.1 3 4.13039 3.6666 3 3.9 3.6 3 3.9666
2.15087 3.3 3.9 2.1 3.36483 3.9 2.1 3.3 3.95812
3.62938 3.3 3.9 3.6 3.35883 3.9 3.6 3.3 3.92534
1.97234 3.6 3.9 3 3.83584 3.9 3.5076 3.6 3.9
3.3 3.74645 3.9 3.3 3.6 4.07736 2.04913 3.9 3.9
2.1 3.95812 3.9 2.1 3.9 4.10663 2.88681 3.9 3.9
2.7 4.02038 3.9 2.28071 4.2 3.9 2.53671 4.2 3.9
2.4 4.30781 3.9 2.7 2.34373 4.2 3 2.16416 4.2
3.3 2.2144 4.2 2.64373 2.4 4.2 2.4 2.63584 4.2
3 2.4 4.41093 3.35087 2.4 4.2 3.3 2.4 4.25087
2.33584 2.7 4.2 2.1 2.93637 4.2 3 2.7 4.38726
3.35812 2.7 4.2 3.3 2.7 4.25087 2.03637 3 4.2
3 3 4.42844 3.39959 3 4.2 3.3 3 4.28907
1.95904 3.3 4.2 3.38233 3.3 4.2 3.3 3.41748 4.2
3.3 3.3 4.28233 1.97263 3.6 4.2 2.1 3.86666 4.2
3.18077 3.6 4.2 3 3.7841 4.2 2.12534 3.9 4.2
2.85 3.9 4.2 2.7 4.00781 4.2 2.36468 4.2 4.2
2.43532 4.2 4.2 2.4 4.23532 4.2 2.4 4.2 4.25442
2.7 2.31677 4.5 2.61677 2.4 4.5 2.4 2.59219 4.5
2.84287 2.4 4.5 2.7 2.4 4.58323 2.29219 2.7 4.5
2.1 2.91093 4.5 2.4 2.7 4.60781 2.88726 2.7 4.5
2.7 2.7 4.66863 2.01093 3 4.5 2.1 3 4.59173
2.4 3 4.69219 2.92844 3 4.5 2.7 3 4.65
3 3.13534 4.5 1.94135 3.3 4.5 2.1 3.3 4.68726
2.7 3.3 4.65315 3.08278 3.3 4.5 3 3.3 4.58278
1.94685 3.6 4.5 2.1 3.81093 4.5 2.1 3.6 4.71093
2.7 3.6 4.69219 3.10781 3.6 4.5 3 3.7601 4.5
3 3.6 4.60781 2.19959 3.9 4.5 2.4 4.07559 4.5
2.85044 3.9 4.5 2.7 3.99907 4.5 2.4 3.25763 4.8
2.36014 3.3 4.8 2.42633 3.3 4.8 2.4 3.3 4.82534
2.24493 3.6 4.8 2.53385 3.6 4.8 2.4 3.6 4.89337
2.7 3.80202 4.8 2.3201 3.9 4.8 2.4 3.98875 4.8
2.4 3.9 4.86901 2.76778 3.9 4.8 2.7 3.98917 4.8
2.7 3.9 4.86416 4.2 3.3 2.30093 4.5 3.3 2.25
4.8 3.3 2.23225 3.9 3.6 2.32341 4.2 3.6 2.27964
4.5 3.6 2.20781 3.9 3.9 2.31677 4.2 3.9 2.25355
3.9 4.2 2.37394 4.2 3.17717 2.4 4.5 3.09337 2.4
4.8 3.15355 2.4 4.03024 3.3 2.4 3.9 3.45737 2.4
4.2 3.3 2.59332 4.96332 3.3 2.4 4.8 3.4842 2.4
3.82099 3.6 2.4 4.69554 3.6 2.4 4.5 3.84913 2.4
3.80119 3.9 2.4 3.6 3.9 2.54022 4.44188 3.9 2.4
4.2 4.10041 2.4 3.3 4.2 2.64973 3.87106 4.2 2.4
3.6 4.2 2.54135 3.95515 4.2 2.4 3.9 4.22606 2.4
3.6 4.5 2.60093 4.5 3.16836 2.7 4.8 3.15966 2.7
3.9 3.45355 2.7 4.27744 3.3 2.7 4.2 3.36416 2.7
4.89907 3.3 2.7 4.8 3.39907 2.7 3.68829 3.6 2.7
3.6 3.68538 2.7 4.62036 3.6 2.7 4.5 3.73225 2.7
4.5 3.6 2.87325 3.37804 3.9 2.7 3.3 4.08263 2.7
3.3 3.9 2.79558 4.34376 3.9 2.7 4.2 4.06949 2.7
4.2 3.9 2.90169 3.24794 4.2 2.7 3 4.2 2.86143
3.3 4.26932 2.7 4.07902 4.2 2.7 3.9 4.47396 2.7
3.47282 4.5 2.7 3.3 4.5 2.82036 3.85603 4.5 2.7
3.6 4.59907 2.7 4.5 3.22844 3 4.8 3.28209 3
3.9 3.44645 3 4.38345 3.3 3 4.2 3.40188 3
4.5 3.41697 3 4.5 3.3 3.08581 4.82765 3.3 3
4.8 3.31536 3 4.8 3.3 3.01536 3.3 3.76775 3
3.62815 3.6 3 3.6 3.62633 3 4.39852 3.6 3
4.2 3.81467 3 3.03631 3.9 3 3 3.93024 3
4.11722 3.9 3 2.83462 4.2 3 2.7 4.2 3.13594
3 4.45041 3 3.93532 4.2 3 3.9 4.25442 3
3.9 4.2 3.05765 3.04205 4.5 3 3 4.5 3.04205
3.3 4.69777 3 3.77902 4.5 3 3.6 4.65355 3
3.3 4.8 3.21505 3.9 3.51093 3.3 4.2 3.49343 3.3
3.3 3.7524 3.3 3.70723 3.6 3.3 3.6 3.68887 3.3
3.9 3.6 3.39647 4.28538 3.6 3.3 4.2 3.68538 3.3
4.2 3.6 3.3785 2.7 4.06275 3.3 3.03024 3.9 3.3
3 3.92534 3.3 3.3 3.9 3.55738 3.6 3.9 3.51037
3.96961 3.9 3.3 3.9 3.99729 3.3 3.9 3.9 3.36961
2.56587 4.2 3.3 2.7 4.45041 3.3 3.7841 4.2 3.3
3.6 4.2 3.46654 2.74141 4.5 3.3 2.7 4.5 3.34141
3 4.76468 3.3 3.6591 4.5 3.3 3.6 4.5591 3.3
3.6 4.5 3.3591 3.11857 4.8 3.3 3 4.8 3.4586
3.35087 4.8 3.3 3.3 4.85087 3.3 3.3 4.8 3.35593
2.7 4.09219 3.6 3 3.97156 3.6 3.3 3.93981 3.6
2.47701 4.2 3.6 3.46654 4.2 3.6 2.53544 4.5 3.6
2.7 4.74973 3.6 3 4.5 3.80093 3.37611 4.5 3.6
3.3 4.58285 3.6 3.3 4.5 3.67611 2.88856 4.8 3.6
3.03534 4.8 3.6 3 4.8319 3.6 3 4.8 3.63534
2.7 4.09219 3.9 3 4.01239 3.9 3.3 4.11994 3.9
2.58927 4.2 3.9 2.7 4.2 4.10202 3 4.38761 3.9
3.35087 4.2 3.9 3.3 4.25087 3.9 3.3 4.2 3.97007
2.48581 4.5 3.9 2.88399 4.5 3.9 2.7 4.65 3.9
2.7 4.5 4.03475 3 4.09996 4.2 2.81706 4.2 4.2
3.11647 4.2 4.2 3 4.2895 4.2 3 4.2 4.41539
4.8 3.9 2.01677 4.8 4.2 2.06402 4.8 3.76822 2.1
4.8 3.6 2.24355 5.1 3.6 2.36734 4.6907 3.9 2.1
4.5 3.9 2.32993 4.93547 3.9 2.1 4.2 4.2 2.32547
4.66207 4.2 2.1 4.5 4.2 2.14141 4.84825 4.2 2.1
4.8 4.29312 2.1 4.8 4.2 2.31492 4.2 4.5 2.31421
4.8 3.49266 2.4 5.1 3.56555 2.4 4.69554 3.6 2.4
4.5 3.84913 2.4 5.12534 3.6 2.4 5.1 3.75643 2.4
5.1 3.6 2.42938 4.44913 3.9 2.4 4.2 4.13584 2.4
5.07658 3.9 2.4 4.8 4.18464 2.4 4.13584 4.2 2.4
4.78464 4.2 2.4 4.5 4.38726 2.4 4.0907 4.5 2.4
4.31682 4.5 2.4 4.2 4.58323 2.4 4.8 3.41274 2.7
4.62036 3.6 2.7 4.5 3.73225 2.7 4.5 3.6 2.87325
4.96218 3.6 2.7 4.34376 3.9 2.7 4.2 4.06949 2.7
4.2 3.9 2.90169 4.89568 3.9 2.7 4.8 4.00943 2.7
4.8 3.9 2.79296 4.07902 4.2 2.7 4.66836 4.2 2.7
4.5 4.36218 2.7 4.5 4.2 2.87503 3.92938 4.5 2.7
3.9 4.5 2.73986 4.35 4.5 2.7 4.2 4.63782 2.7
4.5 3.50132 3 4.8 3.53337 3 4.39852 3.6 3
4.2 3.81467 3 4.84141 3.6 3 4.8 3.64141 3
4.8 3.6 3.04141 4.11722 3.9 3 4.57106 3.9 3
4.5 3.9909 3 4.5 3.9 3.09764 3.93532 4.2 3
3.9 4.25442 3 3.9 4.2 3.05765 4.37503 4.2 3
3.77902 4.5 3 3.9 4.64504 3 4.23532 4.5 3
4.2 4.53532 3 4.2 4.5 3.04185 4.5 3.52341 3.3
4.3525 3.6 3.3 4.2 3.69357 3.3 4.57659 3.6 3.3
4.5 3.7043 3.3 4.5 3.6 3.37659 3.97683 3.9 3.3
3.9 3.99729 3.3 3.9 3.9 3.53921 4.36459 3.9 3.3
4.2 3.9 3.45 3.7841 4.2 3.3 3.6 4.2 3.46654
4.23007 4.2 3.3 4.2 4.23576 3.3 4.2 4.2 3.33122
3.70007 4.5 3.3 3.6 4.5 3.36478 4.01198 4.5 3.3
3.9 4.60974 3.3 3.9 4.5 3.42675 3.9 3.87578 3.6
3.83921 3.9 3.6 3.6 3.98214 3.6 3.92414 3.9 3.6
3.9 3.9 3.61921 3.46654 4.2 3.6 3.6 4.2 3.82328
3.96631 4.2 3.6 3.9 4.28664 3.6 3.9 4.2 3.66416
3.4555 4.5 3.6 3.77123 4.5 3.6 3.6 4.67422 3.6
3.6 4.5 3.77902
POLYGONS 29596 118384
3 0 1 2
3 1 0 4
3 0 2 5
3 4 0 5
3 3 7 11
3 6 2 1
3 13 7 3
3 1 4 6
3 3 11 14
3 2 6 5
3 3 14 13
3 4 5 6
3 8 15 18
3 8 9 16
3 15 8 16
3 9 10 17
3 16 9 17
3 17 10 21
3 12 19 24
3 18 19 12
3 8 18 12
3 8 12 11
3 8 11 7
3 20 9 8
3 20 8 13
3 20 13 27
3 7 13 8
3 10 9 20
3 22 10 20
3 21 10 22
3 12 24 25
3 11 12 25
3 11 25 14
3 14 25 28
3 27 13 14
3 28 27 14
3 15 30 34
3 18 15 34
3 16 31 15
3 15 31 30
3 17 32 16
3 16 32 31
3 21 23 33
3 21 33 17
3 17 33 32
3 33 23 41
3 19 26 24
3 35 18 34
3 35 26 18
3 35 29 26
3 26 19 18
3 29 20 27
3 29 35 20
3 35 37 20
3 22 20 39
3 20 37 39
3 23 21 22
3 23 22 42
3 42 22 39
3 41 23 42
3 24 26 25
3 28 25 26
3 29 28 26
3 27 28 29
3 30 36 34
3 30 31 38
3 36 30 38
3 31 32 40
3 38 31 40
3 32 33 43
3 40 32 43
3 33 41 43
3 34 36 35
3 37 35 36
3 38 37 36
3 39 37 38
3 40 39 38
3 42 39 40
3 43 42 40
3 41 42 43
3 44 46 48
3 46 44 50
3 45 44 48
3 51 45 48
3 53 50 44
3 45 53 44
3 45 51 54
3 53 45 54
3 47 56 57
3 56 47 60
3 49 58 61
3 57 58 49
3 47 57 49
3 47 49 48
3 47 48 46
3 47 46 50
3 47 50 60
3 60 50 62
3 52 49 61
3 63 52 61
3 48 52 51
3 49 52 48
3 50 53 62
3 62 53 65
3 55 52 63
3 68 55 63
3 51 52 55
3 51 55 66
3 51 66 54
3 66 55 70
3 65 53 54
3 66 65 54
3 55 68 71
3 70 55 71
3 59 72 74
3 59 57 56
3 59 56 72
3 72 56 73
3 73 56 60
3 76 73 60
3 58 59 74
3 58 74 61
3 61 74 77
3 57 59 58
3 60 62 76
3 76 62 80
3 64 78 82
3 64 77 78
3 64 63 77
3 63 61 77
3 67 83 81
3 67 81 80
3 67 80 65
3 65 80 62
3 69 64 82
3 84 69 82
3 63 69 68
3 64 69 63
3 66 83 67
3 66 70 83
3 70 86 83
3 65 66 67
3 69 84 85
3 68 69 85
3 68 85 71
3 71 85 87
3 86 70 71
3 87 86 71
3 75 88 91
3 75 74 72
3 75 72 88
3 88 72 89
3 73 90 72
3 72 90 89
3 90 73 76
3 93 90 76
3 79 75 91
3 94 79 91
3 74 79 77
3 75 79 74
3 76 80 93
3 93 80 96
3 78 79 94
3 78 94 82
3 82 94 99
3 77 79 78
3 81 101 97
3 83 101 81
3 96 80 81
3 97 96 81
3 82 99 84
3 99 102 84
3 83 86 101
3 101 86 105
3 84 102 104
3 85 84 104
3 87 85 106
3 85 104 106
3 105 86 87
3 106 105 87
3 92 108 112
3 92 91 88
3 92 88 108
3 108 88 109
3 89 110 88
3 88 110 109
3 90 111 89
3 89 111 110
3 111 90 93
3 113 111 93
3 95 92 112
3 116 95 112
3 91 95 94
3 92 95 91
3 98 118 114
3 98 114 113
3 98 113 96
3 96 113 93
3 100 95 116
3 119 100 116
3 94 100 99
3 95 100 94
3 97 118 98
3 97 101 118
3 101 121 118
3 96 97 98
3 103 100 119
3 122 103 119
3 99 103 102
3 100 103 99
3 101 105 121
3 121 105 125
3 107 103 122
3 127 107 122
3 102 103 107
3 102 107 124
3 102 124 104
3 124 107 129
3 106 104 126
3 104 124 126
3 125 105 106
3 126 125 106
3 107 127 130
3 129 107 130
3 108 132 135
3 112 108 135
3 109 133 108
3 108 133 132
3 110 134 109
3 109 134 133
3 115 137 134
3 115 134 111
3 111 134 110
3 111 113 115
3 117 136 139
3 117 135 136
3 117 116 135
3 116 112 135
3 114 137 115
3 114 118 137
3 118 141 137
3 113 114 115
3 120 117 139
3 143 120 139
3 116 120 119
3 117 120 116
3 118 121 141
3 141 121 145
3 123 120 143
3 147 123 143
3 119 123 122
3 120 123 119
3 121 125 145
3 145 125 149
3 128 123 147
3 152 128 147
3 122 128 127
3 123 128 122
3 124 129 131
3 156 124 131
3 156 150 124
3 150 126 124
3 149 125 126
3 150 149 126
3 128 152 154
3 127 128 154
3 127 154 130
3 130 154 155
3 131 129 130
3 131 130 157
3 157 130 155
3 156 131 157
3 132 160 163
3 135 132 163
3 133 161 132
3 132 161 160
3 138 166 161
3 138 161 134
3 134 161 133
3 134 137 138
3 140 162 168
3 140 139 136
3 140 136 162
3 162 136 164
3 163 136 135
3 164 136 163
3 142 166 138
3 170 166 142
3 137 141 142
3 138 137 142
3 144 140 168
3 172 144 168
3 139 144 143
3 140 144 139
3 146 170 142
3 174 170 146
3 141 145 146
3 142 141 146
3 148 144 172
3 176 148 172
3 143 148 147
3 144 148 143
3 151 174 146
3 178 174 151
3 145 149 151
3 146 145 151
3 153 148 176
3 180 153 176
3 147 153 152
3 148 153 147
3 150 178 151
3 150 156 178
3 156 183 178
3 149 150 151
3 158 153 180
3 186 158 180
3 152 159 154
3 152 153 159
3 153 158 159
3 189 154 159
3 189 182 154
3 182 155 154
3 157 155 184
3 155 182 184
3 183 156 157
3 184 183 157
3 158 186 188
3 159 158 188
3 190 159 188
3 189 159 190
3 160 165 163
3 160 161 167
3 165 160 167
3 161 166 167
3 162 169 168
3 202 169 162
3 202 162 199
3 199 162 164
3 165 164 163
3 165 200 164
3 200 199 164
3 200 171 204
3 200 165 171
3 165 167 171
3 166 170 171
3 167 166 171
3 173 201 206
3 169 203 201
3 169 201 172
3 169 172 168
3 172 201 173
3 202 203 169
3 175 204 171
3 207 204 175
3 170 174 175
3 171 170 175
3 177 173 206
3 208 177 206
3 172 177 176
3 173 177 172
3 179 207 175
3 210 207 179
3 174 178 179
3 175 174 179
3 181 177 208
3 211 181 208
3 176 181 180
3 177 181 176
3 185 210 179
3 213 210 185
3 178 183 185
3 179 178 185
3 187 181 211
3 214 187 211
3 180 187 186
3 181 187 180
3 182 189 191
3 185 216 213
3 185 182 216
3 185 184 182
3 191 216 182
3 183 184 185
3 192 187 214
3 218 192 214
3 186 193 188
3 186 187 193
3 187 192 193
3 188 194 190
3 193 194 188
3 190 194 220
3 189 190 220
3 189 220 217
3 189 217 191
3 216 191 217
3 195 192 218
3 222 195 218
3 193 192 196
3 196 192 195
3 224 221 194
3 224 194 196
3 196 194 193
3 220 194 221
3 197 195 222
3 225 197 222
3 196 195 198
3 198 195 197
3 228 224 196
3 198 228 196
3 197 225 227
3 198 197 227
3 229 198 227
3 228 198 229
3 199 231 233
3 202 199 233
3 205 235 231
3 205 231 200
3 200 231 199
3 200 204 205
3 201 232 238
3 206 201 238
3 203 234 201
3 201 234 232
3 233 203 202
3 234 203 233
3 205 237 235
3 237 205 204
3 237 204 241
3 241 204 207
3 209 239 243
3 209 238 239
3 209 208 238
3 208 206 238
3 207 210 241
3 241 210 245
3 212 209 243
3 247 212 243
3 208 212 211
3 209 212 208
3 210 213 245
3 245 213 248
3 215 212 247
3 250 215 247
3 211 215 214
3 212 215 211
3 213 216 248
3 248 216 251
3 219 215 250
3 254 219 250
3 214 219 218
3 215 219 214
3 217 255 252
3 220 255 217
3 251 216 217
3 252 251 217
3 223 219 254
3 257 223 254
3 218 223 222
3 219 223 218
3 221 258 256
3 224 258 221
3 255 220 221
3 256 255 221
3 226 223 257
3 260 226 257
3 222 226 225
3 223 226 222
3 230 262 259
3 230 259 258
3 230 258 228
3 228 258 224
3 226 260 261
3 225 226 261
3 225 261 227
3 227 261 263
3 262 230 229
3 262 229 263
3 263 229 227
3 228 229 230
3 231 236 233
3 231 235 236
3 232 240 238
3 267 240 232
3 267 232 265
3 265 232 234
3 236 234 233
3 236 266 234
3 266 265 234
3 242 270 266
3 237 242 266
3 237 266 236
3 237 236 235
3 237 241 242
3 239 244 243
3 239 272 244
3 238 272 239
3 238 268 272
3 238 240 268
3 267 268 240
3 246 270 242
3 275 270 246
3 241 245 246
3 242 241 246
3 244 273 277
3 244 277 243
3 243 277 247
3 272 273 244
3 249 275 246
3 279 275 249
3 245 248 249
3 246 245 249
3 247 277 250
3 277 281 250
3 253 279 249
3 283 279 253
3 248 251 253
3 249 248 253
3 250 281 254
3 281 285 254
3 252 283 253
3 252 255 283
3 255 287 283
3 251 252 253
3 254 285 257
3 285 290 257
3 256 293 288
3 258 293 256
3 287 255 256
3 288 287 256
3 257 290 260
3 290 296 260
3 264 297 292
3 264 259 262
3 264 292 259
3 292 294 259
3 293 258 259
3 294 293 259
3 260 296 298
3 261 260 298
3 297 264 263
3 297 263 298
3 298 263 261
3 262 263 264
3 265 269 267
3 265 266 271
3 269 265 271
3 266 270 271
3 268 274 272
3 268 301 274
3 267 301 268
3 267 300 301
3 267 269 300
3 300 276 303
3 300 269 276
3 269 271 276
3 270 275 276
3 271 270 276
3 273 278 277
3 273 305 278
3 272 305 273
3 272 302 305
3 272 274 302
3 301 302 274
3 280 303 276
3 307 303 280
3 275 279 280
3 276 275 280
3 278 282 281
3 277 278 281
3 309 278 305
3 282 278 309
3 284 307 280
3 311 307 284
3 279 283 284
3 280 279 284
3 282 286 285
3 281 282 285
3 313 282 309
3 286 282 313
3 289 311 284
3 315 311 289
3 283 287 289
3 284 283 289
3 286 291 290
3 285 286 290
3 318 286 313
3 291 286 318
3 295 319 316
3 315 295 316
3 289 295 315
3 289 293 295
3 289 288 293
3 287 288 289
3 291 299 296
3 290 291 296
3 297 320 292
3 297 291 320
3 297 299 291
3 318 320 291
3 319 295 294
3 319 294 320
3 320 294 292
3 293 294 295
3 296 299 298
3 297 298 299
3 300 304 301
3 300 303 304
3 302 306 305
3 302 301 304
3 302 304 306
3 306 304 308
3 303 307 308
3 304 303 308
3 306 310 309
3 305 306 309
3 308 312 306
3 312 310 306
3 307 311 312
3 308 307 312
3 310 314 313
3 309 310 313
3 312 317 310
3 317 314 310
3 311 315 317
3 312 311 317
3 314 321 318
3 313 314 318
3 316 319 321
3 316 321 317
3 317 321 314
3 315 316 317
3 318 321 320
3 319 320 321
3 322 323 326
3 323 322 327
3 322 326 328
3 327 322 328
3 324 329 331
3 324 325 330
3 329 324 330
3 330 325 332
3 323 324 331
3 323 331 326
3 326 331 334
3 333 325 324
3 333 324 327
3 333 327 335
3 323 327 324
3 332 325 333
3 326 334 336
3 328 326 336
3 335 327 328
3 336 335 328
3 329 339 341
3 331 329 341
3 330 340 329
3 329 340 339
3 340 330 332
3 342 340 332
3 331 341 334
3 341 344 334
3 333 346 343
3 335 346 333
3 342 332 333
3 343 342 333
3 337 345 348
3 336 337 338
3 336 344 337
3 336 334 344
3 345 337 344
3 336 338 350
3 336 350 335
3 335 350 346
3 337 348 349
3 338 337 349
3 351 338 349
3 350 338 351
3 339 353 355
3 341 339 355
3 340 354 339
3 339 354 353
3 354 340 342
3 356 354 342
3 341 355 344
3 355 357 344
3 343 346 347
3 343 347 360
3 343 360 342
3 342 360 356
3 345 358 362
3 348 345 362
3 357 345 344
3 358 345 357
3 347 363 361
3 347 346 363
3 346 350 363
3 360 347 361
3 352 349 348
3 352 348 365
3 365 348 362
3 366 349 352
3 366 364 349
3 364 351 349
3 363 350 351
3 364 363 351
3 352 365 367
3 366 352 367
3 353 368 370
3 355 353 370
3 354 369 353
3 353 369 368
3 369 354 356
3 373 369 356
3 359 371 374
3 359 370 371
3 359 357 370
3 357 355 370
3 356 360 373
3 373 360 375
3 358 359 374
3 358 374 362
3 362 374 377
3 357 359 358
3 361 378 376
3 363 378 361
3 375 360 361
3 376 375 361
3 362 377 365
3 377 380 365
3 364 381 379
3 366 381 364
3 378 363 364
3 379 378 364
3 365 380 382
3 367 365 382
3 381 366 367
3 382 381 367
3 372 383 386
3 372 370 368
3 372 368 383
3 383 368 384
3 369 385 368
3 368 385 384
3 385 369 373
3 388 385 373
3 371 372 386
3 371 386 374
3 374 386 389
3 370 372 371
3 373 375 388
3 388 375 391
3 374 389 377
3 389 393 377
3 376 395 392
3 378 395 376
3 391 375 376
3 392 391 376
3 377 393 380
3 393 397 380
3 379 399 396
3 381 399 379
3 395 378 379
3 396 395 379
3 380 397 400
3 382 380 400
3 399 381 382
3 400 399 382
3 387 401 405
3 387 386 383
3 387 383 401
3 401 383 402
3 384 403 383
3 383 403 402
3 385 404 384
3 384 404 403
3 404 385 388
3 406 404 388
3 390 387 405
3 407 390 405
3 386 390 389
3 387 390 386
3 388 391 406
3 406 391 409
3 394 390 407
3 411 394 407
3 389 394 393
3 390 394 389
3 392 413 410
3 395 413 392
3 409 391 392
3 410 409 392
3 398 394 411
3 415 398 411
3 393 398 397
3 394 398 393
3 396 418 414
3 399 418 396
3 413 395 396
3 414 413 396
3 398 415 417
3 397 398 417
3 397 417 400
3 400 417 419
3 418 399 400
3 419 418 400
3 401 422 426
3 405 401 426
3 402 423 401
3 401 423 422
3 403 424 402
3 402 424 423
3 404 425 403
3 403 425 424
3 425 404 406
3 429 425 406
3 408 427 430
3 408 426 427
3 408 407 426
3 407 405 426
3 406 409 429
3 429 409 432
3 412 408 430
3 434 412 430
3 407 412 411
3 408 412 407
3 410 435 433
3 413 435 410
3 432 409 410
3 433 432 410
3 416 412 434
3 437 416 434
3 411 416 415
3 412 416 411
3 414 438 436
3 418 438 414
3 435 413 414
3 436 435 414
3 420 416 437
3 440 420 437
3 415 421 417
3 415 416 421
3 416 420 421
3 442 417 421
3 442 439 417
3 439 419 417
3 438 418 419
3 439 438 419
3 420 440 441
3 421 420 441
3 443 421 441
3 442 421 443
3 428 446 451
3 428 426 422
3 428 422 446
3 446 422 447
3 423 448 422
3 422 448 447
3 424 449 423
3 423 449 448
3 425 450 424
3 424 450 449
3 450 425 429
3 453 450 429
3 431 452 454
3 451 452 431
3 428 451 431
3 428 431 430
3 428 430 427
3 426 428 427
3 429 432 453
3 453 432 457
3 431 454 456
3 456 430 431
3 456 459 430
3 459 434 430
3 433 461 458
3 435 461 433
3 457 432 433
3 458 457 433
3 434 459 437
3 459 463 437
3 436 465 462
3 438 465 436
3 461 435 436
3 462 461 436
3 437 463 440
3 463 467 440
3 439 469 466
3 442 469 439
3 465 438 439
3 466 465 439
3 444 441 440
3 444 440 471
3 471 440 467
3 474 441 444
3 474 470 441
3 470 443 441
3 469 442 443
3 470 469 443
3 445 472 476
3 471 475 444
3 472 445 477
3 474 444 475
3 445 476 478
3 477 445 478
3 446 480 486
3 451 446 486
3 447 481 446
3 446 481 480
3 448 482 447
3 447 482 481
3 449 483 448
3 448 483 482
3 450 484 449
3 449 484 483
3 484 450 453
3 489 484 453
3 455 485 490
3 455 454 452
3 455 452 485
3 485 452 487
3 486 452 451
3 487 452 486
3 453 457 489
3 489 457 492
3 455 490 491
3 460 491 494
3 456 491 460
3 456 455 491
3 456 454 455
3 456 460 459
3 458 496 493
3 461 496 458
3 492 457 458
3 493 492 458
3 464 460 494
3 498 464 494
3 459 464 463
3 460 464 459
3 462 500 497
3 465 500 462
3 496 461 462
3 497 496 462
3 468 464 498
3 502 468 498
3 463 468 467
3 464 468 463
3 466 504 501
3 469 504 466
3 500 465 466
3 501 500 466
3 473 468 502
3 507 473 502
3 467 473 471
3 468 473 467
3 470 510 505
3 474 510 470
3 504 469 470
3 505 504 470
3 472 479 476
3 473 507 509
3 477 479 472
3 471 473 475
3 475 473 509
3 475 509 511
3 510 474 475
3 511 510 475
3 476 479 478
3 477 478 479
3 480 488 486
3 519 488 480
3 519 480 513
3 513 480 481
3 482 514 481
3 481 514 513
3 483 515 482
3 482 515 514
3 484 516 483
3 483 516 515
3 516 484 489
3 521 516 489
3 485 517 523
3 490 485 523
3 487 518 485
3 485 518 517
3 488 487 486
3 488 520 487
3 520 518 487
3 519 520 488
3 489 492 521
3 521 492 525
3 495 491 490
3 495 490 527
3 527 490 523
3 491 495 494
3 493 528 526
3 496 528 493
3 525 492 493
3 526 525 493
3 499 495 527
3 530 499 527
3 494 499 498
3 495 499 494
3 497 533 529
3 500 533 497
3 528 496 497
3 529 528 497
3 503 499 530
3 536 503 530
3 498 503 502
3 499 503 498
3 506 538 532
3 506 501 504
3 506 532 501
3 532 534 501
3 533 500 501
3 534 533 501
3 508 503 536
3 540 508 536
3 502 508 507
3 503 508 502
3 512 543 539
3 538 512 539
3 506 512 538
3 506 510 512
3 506 505 510
3 504 505 506
3 508 540 542
3 507 508 542
3 507 542 509
3 509 542 544
3 543 512 511
3 543 511 544
3 544 511 509
3 510 511 512
3 513 546 550
3 519 513 550
3 514 547 513
3 513 547 546
3 515 548 514
3 514 548 547
3 522 553 548
3 522 548 516
3 516 548 515
3 516 521 522
3 517 524 523
3 555 524 517
3 555 517 549
3 549 517 518
3 520 551 518
3 518 551 549
3 550 520 519
3 551 520 550
3 522 554 553
3 554 522 521
3 554 521 558
3 558 521 525
3 524 556 560
3 524 560 523
3 523 560 527
3 555 556 524
3 526 563 559
3 528 563 526
3 558 525 526
3 559 558 526
3 531 561 565
3 531 560 561
3 531 530 560
3 530 527 560
3 535 567 562
3 535 529 533
3 535 562 529
3 562 564 529
3 563 528 529
3 564 563 529
3 537 531 565
3 570 537 565
3 530 537 536
3 531 537 530
3 532 573 568
3 538 573 532
3 567 535 534
3 567 534 568
3 568 534 532
3 533 534 535
3 541 537 570
3 575 541 570
3 536 541 540
3 537 541 536
3 545 578 572
3 545 539 543
3 545 572 539
3 572 574 539
3 573 538 539
3 574 573 539
3 541 575 576
3 540 541 576
3 540 576 542
3 542 576 579
3 578 545 544
3 578 544 579
3 579 544 542
3 543 544 545
3 546 552 550
3 583 552 546
3 583 546 580
3 580 546 547
3 548 581 547
3 547 581 580
3 581 548 553
3 586 581 553
3 549 557 555
3 590 557 549
3 590 549 582
3 582 549 551
3 552 551 550
3 552 584 551
3 584 582 551
3 583 584 552
3 553 588 586
3 554 588 553
3 588 554 558
3 592 588 558
3 556 589 595
3 560 556 595
3 557 556 555
3 557 591 556
3 591 589 556
3 590 591 557
3 559 601 593
3 563 601 559
3 592 558 559
3 593 592 559
3 561 566 565
3 561 604 566
3 561 560 604
3 560 595 604
3 569 606 597
3 569 562 567
3 569 597 562
3 597 599 562
3 564 562 602
3 562 599 602
3 601 563 564
3 602 601 564
3 566 571 570
3 565 566 570
3 608 566 604
3 571 566 608
3 568 606 569
3 568 573 606
3 573 611 606
3 567 568 569
3 571 577 575
3 570 571 575
3 613 571 608
3 577 571 613
3 572 614 610
3 578 614 572
3 574 572 612
3 572 610 612
3 611 573 574
3 612 611 574
3 575 577 576
3 577 613 615
3 577 615 576
3 576 615 579
3 614 578 579
3 615 614 579
3 580 585 583
3 580 581 587
3 585 580 587
3 581 586 587
3 582 617 621
3 590 582 621
3 584 618 582
3 582 618 617
3 585 584 583
3 585 619 584
3 619 618 584
3 587 619 585
3 620 619 587
3 594 628 620
3 588 594 620
3 588 620 587
3 588 587 586
3 588 592 594
3 589 596 595
3 631 596 589
3 631 589 622
3 622 589 591
3 621 591 590
3 622 591 621
3 598 633 624
3 598 626 600
3 624 626 598
3 600 629 603
3 626 629 600
3 628 603 629
3 594 603 628
3 594 601 603
3 594 593 601
3 592 593 594
3 596 605 604
3 595 596 604
3 636 596 631
3 605 596 636
3 607 637 634
3 633 607 634
3 598 607 633
3 598 606 607
3 598 597 606
3 599 597 598
3 600 599 598
3 602 599 600
3 603 602 600
3 601 602 603
3 605 609 608
3 604 605 608
3 640 605 636
3 609 605 640
3 607 639 637
3 639 607 606
3 639 606 643
3 643 606 611
3 609 616 613
3 608 609 613
3 614 641 610
3 614 609 641
3 614 616 609
3 640 641 609
3 612 610 644
3 610 641 644
3 643 611 612
3 644 643 612
3 613 616 615
3 614 615 616
3 617 623 621
3 617 618 625
3 623 617 625
3 618 619 627
3 625 618 627
3 619 620 630
3 627 619 630
3 620 628 630
3 622 632 631
3 622 621 623
3 622 623 632
3 632 623 635
3 624 633 635
3 624 635 625
3 625 635 623
3 626 624 625
3 627 626 625
3 629 626 627
3 630 629 627
3 628 629 630
3 632 638 636
3 631 632 636
3 634 637 638
3 634 638 635
3 635 638 632
3 633 634 635
3 638 642 640
3 636 638 640
3 637 639 645
3 637 645 638
3 638 645 642
3 639 643 645
3 640 642 641
3 644 641 642
3 645 644 642
3 643 644 645
3 646 659 662
3 646 647 660
3 659 646 660
3 660 647 664
3 648 663 668
3 662 663 648
3 662 648 646
3 646 648 649
3 647 646 650
3 650 646 649
3 665 664 647
3 665 647 651
3 651 647 650
3 651 652 667
3 665 651 667
3 667 652 670
3 648 668 669
3 669 671 653
3 669 653 648
3 648 653 649
3 650 649 654
3 654 649 653
3 651 650 655
3 655 650 654
3 652 651 656
3 656 651 655
3 674 670 652
3 656 674 652
3 653 671 673
3 673 676 657
3 673 657 653
3 653 657 654
3 655 654 658
3 658 654 657
3 679 675 656
3 679 656 658
3 658 656 655
3 674 656 675
3 657 676 678
3 658 657 678
3 680 658 678
3 679 658 680
3 661 681 682
3 681 661 684
3 659 683 686
3 662 659 686
3 682 660 661
3 682 683 660
3 683 659 660
3 664 666 685
3 660 664 685
3 660 685 684
3 660 684 661
3 685 666 688
3 663 687 690
3 668 663 690
3 686 663 662
3 687 663 686
3 664 665 666
3 666 689 688
3 666 665 689
3 665 667 689
3 689 667 670
3 691 689 670
3 672 669 668
3 672 668 693
3 693 668 690
3 669 672 671
3 670 674 691
3 691 674 697
3 672 693 694
3 677 694 700
3 673 694 677
3 673 672 694
3 673 671 672
3 673 677 676
3 675 705 698
3 679 705 675
3 697 674 675
3 698 697 675
3 677 700 701
3 676 677 701
3 676 701 678
3 678 701 703
3 680 678 706
3 678 703 706
3 705 679 680
3 706 705 680
3 681 708 709
3 682 681 709
3 708 681 684
3 711 708 684
3 683 710 714
3 686 683 714
3 709 683 682
3 710 683 709
3 684 713 711
3 685 713 684
3 713 685 688
3 718 713 688
3 687 715 720
3 690 687 720
3 714 687 686
3 715 687 714
3 692 688 689
3 692 725 688
3 725 718 688
3 689 691 692
3 690 720 693
3 720 728 693
3 695 731 723
3 695 726 696
3 723 726 695
3 725 696 726
3 725 692 696
3 692 699 696
3 691 697 699
3 692 691 699
3 693 728 729
3 694 693 729
3 700 732 702
3 700 694 732
3 694 729 732
3 731 702 732
3 731 695 702
3 695 704 702
3 696 707 695
3 707 704 695
3 698 705 707
3 698 707 699
3 699 707 696
3 697 698 699
3 700 702 701
3 703 701 702
3 704 703 702
3 706 703 704
3 707 706 704
3 705 706 707
3 708 712 709
3 708 711 712
3 710 716 714
3 710 709 712
3 710 712 716
3 716 712 717
3 711 713 719
3 711 719 712
3 712 719 717
3 713 718 719
3 715 721 720
3 715 714 716
3 715 716 721
3 721 716 722
3 717 724 716
3 724 722 716
3 719 727 717
3 727 724 717
3 718 725 727
3 719 718 727
3 721 730 728
3 720 721 728
3 722 733 721
3 733 730 721
3 723 731 733
3 723 733 724
3 724 733 722
3 726 723 724
3 727 726 724
3 725 726 727
3 728 730 729
3 732 729 730
3 733 732 730
3 731 732 733
3 734 737 739
3 737 734 740
3 735 734 739
3 744 735 739
3 741 740 734
3 741 734 736
3 736 734 735
3 741 736 746
3 735 744 745
3 736 735 745
3 747 736 745
3 746 736 747
3 738 750 751
3 750 738 753
3 737 752 756
3 739 737 756
3 740 742 738
3 740 738 752
3 740 752 737
3 752 738 751
3 754 753 738
3 754 738 743
3 743 738 742
3 754 743 757
3 739 756 744
3 756 759 744
3 740 741 742
3 746 742 741
3 746 748 742
3 748 743 742
3 761 757 743
3 748 761 743
3 744 759 760
3 745 744 760
3 749 760 764
3 749 747 760
3 747 745 760
3 747 749 766
3 746 747 766
3 746 766 762
3 746 762 748
3 761 748 762
3 749 764 767
3 766 749 767
3 750 768 770
3 751 750 770
3 753 755 769
3 753 769 750
3 750 769 768
3 769 755 772
3 752 771 775
3 756 752 775
3 770 752 751
3 771 752 770
3 753 754 755
3 757 758 773
3 754 757 773
3 754 773 772
3 754 772 755
3 773 758 776
3 756 775 759
3 775 777 759
3 758 761 763
3 757 761 758
3 780 776 758
3 763 780 758
3 765 760 759
3 765 759 782
3 782 759 777
3 760 765 764
3 762 784 779
3 766 784 762
3 763 761 762
3 763 762 781
3 781 762 779
3 780 763 781
3 765 782 783
3 764 765 783
3 764 783 767
3 767 783 785
3 784 766 767
3 785 784 767
3 768 788 791
3 770 768 791
3 769 789 768
3 768 789 788
3 772 774 790
3 772 790 769
3 769 790 789
3 790 774 793
3 771 792 795
3 775 771 795
3 791 771 770
3 792 771 791
3 772 773 774
3 774 773 776
3 774 776 793
3 793 776 797
3 778 796 798
3 778 795 796
3 778 777 795
3 777 775 795
3 776 780 797
3 797 780 800
3 778 798 799
3 799 777 778
3 799 802 777
3 802 782 777
3 779 784 786
3 805 779 786
3 805 801 779
3 801 781 779
3 800 780 781
3 801 800 781
3 782 802 804
3 783 782 804
3 787 804 807
3 787 785 804
3 785 783 804
3 785 787 809
3 784 785 809
3 784 809 806
3 784 806 786
3 805 786 806
3 787 807 810
3 809 787 810
3 788 811 813
3 791 788 813
3 789 812 788
3 788 812 811
3 794 815 812
3 794 812 790
3 790 812 789
3 790 793 794
3 792 814 817
3 795 792 817
3 813 792 791
3 814 792 813
3 794 816 815
3 816 794 793
3 816 793 819
3 819 793 797
3 796 818 821
3 798 796 821
3 817 796 795
3 818 796 817
3 797 800 819
3 819 800 822
3 803 799 798
3 803 798 824
3 824 798 821
3 799 803 802
3 801 827 823
3 805 827 801
3 822 800 801
3 823 822 801
3 803 824 826
3 808 826 830
3 804 826 808
3 804 803 826
3 804 802 803
3 804 808 807
3 806 832 828
3 809 832 806
3 827 805 806
3 828 827 806
3 808 830 831
3 807 808 831
3 807 831 810
3 810 831 833
3 832 809 810
3 833 832 810
3 811 834 836
3 813 811 836
3 812 835 811
3 811 835 834
3 835 812 815
3 838 835 815
3 814 837 840
3 817 814 840
3 836 814 813
3 837 814 836
3 820 815 816
3 820 842 815
3 842 838 815
3 816 819 820
3 818 841 844
3 821 818 844
3 840 818 817
3 841 818 840
3 820 843 842
3 843 820 819
3 843 819 848
3 848 819 822
3 825 845 850
3 825 844 845
3 825 824 844
3 824 821 844
3 823 827 829
3 823 829 859
3 823 859 822
3 822 859 848
3 825 850 851
3 824 825 851
3 824 851 826
3 826 851 853
3 853 830 826
3 862 830 853
3 828 865 857
3 832 865 828
3 829 827 828
3 829 828 860
3 860 828 857
3 859 829 860
3 830 862 863
3 831 830 863
3 833 831 866
3 831 863 866
3 865 832 833
3 866 865 833
3 834 868 869
3 836 834 869
3 839 871 868
3 839 868 835
3 835 868 834
3 835 838 839
3 837 870 874
3 840 837 874
3 869 837 836
3 870 837 869
3 839 873 871
3 873 839 838
3 873 838 878
3 878 838 842
3 841 846 844
3 875 840 874
3 875 846 840
3 875 847 846
3 846 841 840
3 875 880 847
3 849 842 843
3 849 883 842
3 883 878 842
3 843 848 849
3 845 852 850
3 845 844 846
3 845 846 852
3 852 846 854
3 847 855 846
3 855 854 846
3 881 847 880
3 881 856 847
3 856 855 847
3 856 884 858
3 881 884 856
3 883 858 884
3 883 849 858
3 849 861 858
3 848 859 861
3 849 848 861
3 850 852 851
3 853 851 852
3 854 853 852
3 862 853 854
3 862 854 864
3 864 854 855
3 856 867 855
3 867 864 855
3 857 865 867
3 857 867 858
3 858 867 856
3 860 857 858
3 861 860 858
3 859 860 861
3 862 864 863
3 866 863 864
3 867 866 864
3 865 866 867
3 868 872 869
3 868 871 872
3 870 876 874
3 870 869 872
3 870 872 876
3 876 872 877
3 871 873 879
3 871 879 872
3 872 879 877
3 873 878 879
3 874 876 875
3 880 875 876
3 880 876 882
3 882 876 877
3 879 885 877
3 885 882 877
3 878 883 885
3 879 878 885
3 880 882 881
3 884 881 882
3 885 884 882
3 883 884 885
3 886 892 898
3 886 887 894
3 892 886 894
3 887 888 896
3 894 887 896
3 896 888 901
3 886 898 899
3 887 886 899
3 900 887 899
3 888 887 900
3 902 888 900
3 901 888 902
3 889 905 908
3 889 890 906
3 905 889 906
3 890 891 907
3 906 890 907
3 907 891 910
3 889 908 909
3 909 913 893
3 909 893 889
3 889 893 890
3 891 890 895
3 895 890 893
3 911 910 891
3 911 891 897
3 897 891 895
3 911 897 915
3 892 893 913
3 892 913 898
3 898 913 917
3 894 893 892
3 895 893 894
3 896 895 894
3 897 895 896
3 897 896 901
3 897 901 915
3 915 901 918
3 903 899 898
3 903 898 921
3 921 898 917
3 899 904 900
3 903 904 899
3 924 900 904
3 924 919 900
3 919 902 900
3 918 901 902
3 919 918 902
3 903 921 922
3 904 903 922
3 925 904 922
3 924 904 925
3 905 926 930
3 908 905 930
3 906 927 905
3 905 927 926
3 907 928 906
3 906 928 927
3 910 912 929
3 910 929 907
3 907 929 928
3 929 912 931
3 914 909 908
3 914 908 934
3 934 908 930
3 909 914 913
3 916 910 911
3 916 937 910
3 912 910 932
3 932 910 937
3 912 932 931
3 911 915 916
3 914 934 935
3 935 913 914
3 935 938 913
3 938 917 913
3 920 937 916
3 940 937 920
3 915 918 920
3 916 915 920
3 939 923 921
3 939 921 938
3 938 921 917
3 939 942 923
3 919 940 920
3 919 924 940
3 924 943 940
3 918 919 920
3 921 923 922
3 923 942 944
3 923 944 922
3 922 944 925
3 943 924 925
3 944 943 925
3 926 946 949
3 930 926 949
3 927 947 926
3 926 947 946
3 928 948 927
3 927 948 947
3 933 952 948
3 933 948 929
3 929 948 928
3 929 931 933
3 950 936 934
3 950 934 949
3 949 934 930
3 950 954 936
3 932 952 933
3 932 937 952
3 937 956 952
3 931 932 933
3 934 936 935
3 936 938 935
3 936 954 938
3 954 959 938
3 941 960 957
3 941 957 956
3 941 956 940
3 940 956 937
3 938 959 961
3 939 938 961
3 942 941 945
3 942 961 941
3 942 939 961
3 961 960 941
3 940 943 945
3 941 940 945
3 942 945 944
3 943 944 945
3 946 951 949
3 964 951 946
3 964 946 963
3 963 946 947
3 953 965 963
3 953 963 948
3 948 963 947
3 948 952 953
3 949 951 950
3 954 966 955
3 950 966 954
3 950 964 966
3 950 951 964
3 965 955 966
3 965 953 955
3 953 958 955
3 952 956 958
3 953 952 958
3 955 962 959
3 954 955 959
3 957 960 962
3 957 962 958
3 958 962 955
3 956 957 958
3 959 962 961
3 960 961 962
3 963 967 964
3 963 965 967
3 964 967 966
3 965 966 967
3 968 979 984
3 979 968 987
3 969 982 989
3 969 970 985
3 982 969 985
3 984 985 970
3 984 970 968
3 968 970 971
3 992 987 968
3 971 992 968
3 972 990 995
3 989 990 972
3 989 972 969
3 969 972 973
3 970 969 974
3 974 969 973
3 998 993 971
3 998 971 974
3 974 971 970
3 992 971 993
3 972 995 997
3 997 1001 975
3 997 975 972
3 972 975 973
3 1002 999 974
3 1002 974 975
3 975 974 973
3 998 974 999
3 975 1001 1003
3 1002 975 1003
3 976 1005 1006
3 1005 976 1008
3 977 1007 1010
3 1006 1007 977
3 1006 977 976
3 976 977 978
3 1009 1008 976
3 1009 976 980
3 980 976 978
3 1009 980 1012
3 981 1011 1013
3 1010 1011 981
3 1010 981 977
3 977 981 983
3 978 977 986
3 986 977 983
3 979 986 984
3 979 980 986
3 980 978 986
3 980 979 987
3 980 987 1012
3 1012 987 1015
3 988 1014 1018
3 1013 1014 988
3 1013 988 981
3 981 988 991
3 982 991 989
3 982 983 991
3 983 981 991
3 985 983 982
3 986 983 985
3 984 986 985
3 1016 992 994
3 1016 1015 992
3 1015 987 992
3 1016 994 1020
3 996 988 1018
3 1022 996 1018
3 990 996 995
3 990 991 996
3 991 988 996
3 989 991 990
3 993 998 1000
3 993 1000 1025
3 992 993 1025
3 992 1025 1021
3 992 1021 994
3 1020 994 1021
3 996 1022 1023
3 995 996 1023
3 995 1023 997
3 997 1023 1024
3 1024 1001 997
3 1027 1001 1024
3 999 1002 1004
3 999 1004 1030
3 998 999 1030
3 998 1030 1026
3 998 1026 1000
3 1025 1000 1026
3 1001 1027 1029
3 1003 1001 1029
3 1004 1002 1003
3 1004 1003 1031
3 1031 1003 1029
3 1030 1004 1031
3 1005 1034 1035
3 1006 1005 1035
3 1034 1005 1008
3 1037 1034 1008
3 1007 1036 1039
3 1010 1007 1039
3 1035 1007 1006
3 1036 1007 1035
3 1008 1038 1037
3 1009 1038 1008
3 1038 1009 1012
3 1041 1038 1012
3 1011 1040 1043
3 1013 1011 1043
3 1039 1011 1010
3 1040 1011 1039
3 1042 1015 1017
3 1042 1041 1015
3 1041 1012 1015
3 1042 1017 1044
3 1014 1019 1018
3 1014 1046 1019
3 1014 1013 1046
3 1013 1043 1046
3 1015 1016 1017
3 1017 1016 1020
3 1017 1020 1044
3 1044 1020 1048
3 1019 1047 1051
3 1019 1051 1018
3 1018 1051 1022
3 1046 1047 1019
3 1021 1054 1049
3 1025 1054 1021
3 1048 1020 1021
3 1049 1048 1021
3 1022 1051 1052
3 1023 1022 1052
3 1028 1052 1055
3 1028 1024 1052
3 1024 1023 1052
3 1024 1028 1027
3 1026 1030 1032
3 1026 1032 1058
3 1026 1058 1025
3 1025 1058 1054
3 1028 1055 1056
3 1027 1028 1056
3 1027 1056 1029
3 1029 1056 1057
3 1033 1057 1060
3 1033 1031 1057
3 1031 1029 1057
3 1031 1033 1062
3 1030 1031 1062
3 1030 1062 1059
3 1030 1059 1032
3 1058 1032 1059
3 1033 1060 1063
3 1062 1033 1063
3 1034 1064 1065
3 1035 1034 1065
3 1064 1034 1037
3 1067 1064 1037
3 1036 1066 1070
3 1039 1036 1070
3 1065 1036 1035
3 1066 1036 1065
3 1037 1069 1067
3 1038 1069 1037
3 1069 1038 1041
3 1073 1069 1041
3 1040 1071 1075
3 1043 1040 1075
3 1070 1040 1039
3 1071 1040 1070
3 1045 1041 1042
3 1045 1077 1041
3 1077 1073 1041
3 1042 1044 1045
3 1043 1075 1046
3 1075 1079 1046
3 1050 1077 1045
3 1081 1077 1050
3 1044 1048 1050
3 1045 1044 1050
3 1047 1053 1051
3 1047 1083 1053
3 1047 1046 1083
3 1046 1079 1083
3 1049 1081 1050
3 1049 1054 1081
3 1054 1084 1081
3 1048 1049 1050
3 1051 1053 1052
3 1053 1055 1052
3 1053 1083 1055
3 1083 1086 1055
3 1054 1058 1084
3 1084 1058 1088
3 1055 1086 1087
3 1056 1055 1087
3 1061 1087 1091
3 1061 1057 1087
3 1057 1056 1087
3 1057 1061 1060
3 1059 1094 1089
3 1062 1094 1059
3 1088 1058 1059
3 1089 1088 1059
3 1061 1091 1093
3 1060 1061 1093
3 1060 1093 1063
3 1063 1093 1095
3 1094 1062 1063
3 1095 1094 1063
3 1064 1068 1065
3 1064 1067 1068
3 1066 1072 1070
3 1066 1098 1072
3 1065 1098 1066
3 1065 1097 1098
3 1065 1068 1097
3 1074 1100 1097
3 1069 1074 1097
3 1069 1097 1068
3 1069 1068 1067
3 1069 1073 1074
3 1071 1076 1075
3 1071 1102 1076
3 1070 1102 1071
3 1070 1099 1102
3 1070 1072 1099
3 1098 1099 1072
3 1078 1100 1074
3 1104 1100 1078
3 1073 1077 1078
3 1074 1073 1078
3 1076 1080 1079
3 1075 1076 1079
3 1106 1076 1102
3 1080 1076 1106
3 1082 1104 1078
3 1108 1104 1082
3 1077 1081 1082
3 1078 1077 1082
3 1080 1107 1110
3 1080 1110 1079
3 1079 1110 1083
3 1106 1107 1080
3 1085 1108 1082
3 1112 1108 1085
3 1081 1084 1085
3 1082 1081 1085
3 1083 1110 1086
3 1110 1114 1086
3 1090 1112 1085
3 1116 1112 1090
3 1084 1088 1090
3 1085 1084 1090
3 1092 1087 1086
3 1092 1086 1119
3 1119 1086 1114
3 1087 1092 1091
3 1096 1122 1117
3 1116 1096 1117
3 1090 1096 1116
3 1090 1094 1096
3 1090 1089 1094
3 1088 1089 1090
3 1092 1119 1120
3 1091 1092 1120
3 1091 1120 1093
3 1093 1120 1123
3 1122 1096 1095
3 1122 1095 1123
3 1123 1095 1093
3 1094 1095 1096
3 1097 1101 1098
3 1097 1100 1101
3 1099 1103 1102
3 1099 1098 1101
3 1099 1101 1103
3 1103 1101 1105
3 1100 1104 1105
3 1101 1100 1105
3 1103 1125 1126
3 1103 1126 1102
3 1102 1126 1106
3 1125 1109 1127
3 1125 1103 1109
3 1103 1105 1109
3 1104 1108 1109
3 1105 1104 1109
3 1107 1111 1110
3 1107 1129 1111
3 1107 1106 1129
3 1106 1126 1129
3 1113 1127 1109
3 1130 1127 1113
3 1108 1112 1113
3 1109 1108 1113
3 1111 1115 1114
3 1110 1111 1114
3 1132 1111 1129
3 1115 1111 1132
3 1118 1130 1113
3 1133 1130 1118
3 1112 1116 1118
3 1113 1112 1118
3 1115 1121 1119
3 1114 1115 1119
3 1134 1115 1132
3 1134 1124 1115
3 1124 1121 1115
3 1133 1124 1134
3 1118 1124 1133
3 1118 1122 1124
3 1118 1117 1122
3 1116 1117 1118
3 1119 1121 1120
3 1123 1120 1121
3 1124 1123 1121
3 1122 1123 1124
3 1125 1128 1126
3 1125 1127 1128
3 1128 1131 1129
3 1126 1128 1129
3 1127 1130 1131
3 1128 1127 1131
3 1131 1135 1132
3 1129 1131 1132
3 1130 1133 1135
3 1131 1130 1135
3 1132 1135 1134
3 1133 1134 1135
3 1136 1138 1139
3 1138 1136 1140
3 1137 1136 1139
3 1141 1137 1139
3 1142 1140 1136
3 1137 1142 1136
3 1137 1141 1143
3 1142 1137 1143
3 1138 1146 1147
3 1139 1138 1147
3 1146 1138 1140
3 1149 1146 1140
3 1139 1147 1141
3 1147 1151 1141
3 1140 1142 1149
3 1149 1142 1153
3 1144 1143 1141
3 1144 1141 1154
3 1154 1141 1151
3 1143 1144 1155
3 1143 1155 1142
3 1142 1155 1153
3 1144 1154 1156
3 1155 1144 1156
3 1145 1158 1159
3 1158 1145 1160
3 1148 1145 1159
3 1161 1148 1159
3 1162 1160 1145
3 1162 1145 1148
3 1147 1146 1150
3 1146 1149 1150
3 1152 1148 1161
3 1165 1152 1161
3 1147 1163 1151
3 1147 1150 1163
3 1151 1163 1152
3 1162 1148 1163
3 1152 1163 1148
3 1163 1150 1149
3 1163 1149 1167
3 1167 1149 1153
3 1152 1165 1166
3 1166 1151 1152
3 1166 1169 1151
3 1169 1154 1151
3 1168 1155 1157
3 1168 1167 1155
3 1167 1153 1155
3 1168 1157 1172
3 1154 1169 1171
3 1156 1154 1171
3 1157 1155 1156
3 1157 1156 1173
3 1173 1156 1171
3 1172 1157 1173
3 1158 1175 1176
3 1159 1158 1176
3 1175 1158 1160
3 1177 1175 1160
3 1159 1176 1161
3 1176 1181 1161
3 1179 1162 1164
3 1179 1177 1162
3 1177 1160 1162
3 1179 1164 1183
3 1161 1181 1165
3 1181 1184 1165
3 1162 1163 1164
3 1164 1163 1167
3 1164 1167 1183
3 1183 1167 1185
3 1170 1166 1165
3 1170 1165 1187
3 1187 1165 1184
3 1166 1170 1169
3 1167 1186 1185
3 1168 1186 1167
3 1186 1168 1172
3 1189 1186 1172
3 1170 1187 1188
3 1174 1188 1191
3 1171 1188 1174
3 1171 1170 1188
3 1171 1169 1170
3 1193 1171 1174
3 1193 1190 1171
3 1190 1173 1171
3 1189 1172 1173
3 1190 1189 1173
3 1174 1191 1194
3 1193 1174 1194
3 1175 1178 1176
3 1177 1178 1175
3 1180 1195 1197
3 1195 1180 1199
3 1182 1196 1201
3 1178 1198 1196
3 1178 1196 1181
3 1178 1181 1176
3 1181 1196 1182
3 1197 1179 1180
3 1197 1198 1179
3 1177 1179 1178
3 1178 1179 1198
3 1180 1179 1183
3 1180 1183 1199
3 1199 1183 1203
3 1182 1201 1202
3 1202 1181 1182
3 1202 1204 1181
3 1204 1184 1181
3 1183 1185 1203
3 1203 1185 1206
3 1184 1204 1187
3 1204 1208 1187
3 1185 1207 1206
3 1186 1207 1185
3 1207 1186 1189
3 1209 1207 1189
3 1192 1188 1187
3 1192 1187 1212
3 1212 1187 1208
3 1188 1192 1191
3 1190 1214 1210
3 1193 1214 1190
3 1209 1189 1190
3 1210 1209 1190
3 1192 1212 1213
3 1191 1192 1213
3 1191 1213 1194
3 1194 1213 1215
3 1214 1193 1194
3 1215 1214 1194
3 1195 1200 1197
3 1195 1199 1200
3 1196 1216 1219
3 1201 1196 1219
3 1198 1217 1196
3 1196 1217 1216
3 1200 1198 1197
3 1200 1218 1198
3 1218 1217 1198
3 1218 1200 1199
3 1218 1199 1220
3 1220 1199 1203
3 1205 1202 1201
3 1205 1201 1222
3 1222 1201 1219
3 1202 1205 1204
3 1203 1206 1220
3 1220 1206 1224
3 1205 1222 1223
3 1223 1204 1205
3 1223 1226 1204
3 1226 1208 1204
3 1211 1206 1207
3 1211 1227 1206
3 1227 1224 1206
3 1207 1209 1211
3 1208 1226 1212
3 1226 1229 1212
3 1210 1227 1211
3 1210 1214 1227
3 1214 1232 1227
3 1209 1210 1211
3 1212 1229 1230
3 1213 1212 1230
3 1215 1213 1233
3 1213 1230 1233
3 1232 1214 1215
3 1233 1232 1215
3 1216 1235 1237
3 1219 1216 1237
3 1217 1236 1216
3 1216 1236 1235
3 1221 1239 1236
3 1221 1236 1218
3 1218 1236 1217
3 1218 1220 1221
3 1219 1237 1222
3 1237 1241 1222
3 1225 1239 1221
3 1243 1239 1225
3 1220 1224 1225
3 1221 1220 1225
3 1222 1241 1242
3 1223 1222 1242
3 1242 1226 1223
3 1245 1226 1242
3 1228 1243 1225
3 1246 1243 1228
3 1224 1227 1228
3 1225 1224 1228
3 1247 1231 1229
3 1247 1229 1245
3 1245 1229 1226
3 1246 1231 1247
3 1246 1228 1231
3 1228 1234 1231
3 1227 1232 1234
3 1228 1227 1234
3 1229 1231 1230
3 1233 1230 1231
3 1234 1233 1231
3 1232 1233 1234
3 1235 1238 1237
3 1235 1236 1240
3 1238 1235 1240
3 1236 1239 1240
3 1238 1249 1250
3 1238 1250 1237
3 1237 1250 1241
3 1249 1244 1251
3 1249 1238 1244
3 1238 1240 1244
3 1239 1243 1244
3 1240 1239 1244
3 1241 1250 1252
3 1242 1241 1252
3 1245 1244 1248
3 1245 1252 1244
3 1245 1242 1252
3 1252 1251 1244
3 1243 1246 1248
3 1244 1243 1248
3 1245 1248 1247
3 1246 1247 1248
3 1249 1253 1250
3 1249 1251 1253
3 1250 1253 1252
3 1251 1252 1253
3 1254 1259 1264
3 1259 1254 1265
3 1254 1264 1266
3 1265 1254 1266
3 1255 1270 1274
3 1255 1256 1271
3 1270 1255 1271
3 1256 1257 1272
3 1271 1256 1272
3 1257 1258 1273
3 1272 1257 1273
3 1273 1258 1277
3 1255 1274 1275
3 1275 1280 1260
3 1275 1260 1255
3 1255 1260 1256
3 1257 1256 1261
3 1261 1256 1260
3 1258 1257 1262
3 1262 1257 1261
3 1278 1277 1258
3 1278 1258 1263
3 1263 1258 1262
3 1278 1263 1283
3 1259 1260 1280
3 1259 1280 1264
3 1264 1280 1284
3 1265 1260 1259
3 1265 1267 1260
3 1267 1261 1260
3 1262 1261 1268
3 1268 1261 1267
3 1263 1262 1269
3 1269 1262 1268
3 1291 1283 1263
3 1269 1291 1263
3 1264 1284 1285
3 1266 1264 1285
3 1267 1265 1266
3 1267 1266 1287
3 1287 1266 1285
3 1268 1267 1287
3 1289 1268 1287
3 1269 1268 1289
3 1292 1269 1289
3 1291 1269 1292
3 1270 1276 1274
3 1298 1276 1270
3 1298 1270 1294
3 1294 1270 1271
3 1272 1295 1271
3 1271 1295 1294
3 1273 1296 1272
3 1272 1296 1295
3 1277 1279 1297
3 1277 1297 1273
3 1273 1297 1296
3 1297 1279 1304
3 1274 1276 1275
3 1280 1299 1281
3 1275 1299 1280
3 1275 1298 1299
3 1275 1276 1298
3 1281 1301 1282
3 1299 1301 1281
3 1301 1305 1282
3 1277 1278 1279
3 1279 1278 1283
3 1279 1283 1304
3 1304 1283 1308
3 1281 1286 1284
3 1280 1281 1284
3 1282 1288 1281
3 1288 1286 1281
3 1306 1282 1305
3 1306 1290 1282
3 1290 1288 1282
3 1290 1309 1293
3 1306 1309 1290
3 1293 1309 1308
3 1293 1308 1291
3 1291 1308 1283
3 1284 1286 1285
3 1287 1285 1286
3 1288 1287 1286
3 1289 1287 1288
3 1290 1289 1288
3 1292 1289 1290
3 1293 1292 1290
3 1291 1292 1293
3 1294 1300 1298
3 1294 1295 1302
3 1300 1294 1302
3 1295 1296 1303
3 1302 1295 1303
3 1312 1303 1296
3 1312 1296 1311
3 1311 1296 1297
3 1311 1297 1304
3 1313 1311 1304
3 1298 1300 1299
3 1301 1299 1300
3 1302 1301 1300
3 1305 1301 1302
3 1305 1302 1307
3 1307 1302 1303
3 1314 1303 1312
3 1314 1310 1303
3 1310 1307 1303
3 1310 1314 1313
3 1310 1313 1308
3 1308 1313 1304
3 1305 1307 1306
3 1309 1306 1307
3 1310 1309 1307
3 1308 1309 1310
3 1311 1315 1312
3 1311 1313 1315
3 1312 1315 1314
3 1313 1314 1315
3 1316 1317 1318
3 1317 1316 1319
3 1316 1318 1320
3 1319 1316 1320
3 1317 1322 1323
3 1318 1317 1323
3 1322 1317 1319
3 1325 1322 1319
3 1321 1320 1318
3 1321 1318 1327
3 1327 1318 1323
3 1320 1321 1328
3 1320 1328 1319
3 1319 1328 1325
3 1321 1327 1329
3 1328 1321 1329
3 1324 1333 1334
3 1326 1323 1322
3 1335 1333 1324
3 1322 1325 1326
3 1324 1334 1336
3 1326 1330 1327
3 1326 1327 1323
3 1324 1336 1335
3 1325 1328 1330
3 1326 1325 1330
3 1330 1329 1327
3 1339 1340 1331
3 1329 1330 1328
3 1331 1342 1339
3 1332 1331 1340
3 1344 1332 1340
3 1345 1342 1331
3 1332 1345 1331
3 1332 1344 1346
3 1345 1332 1346
3 1333 1347 1348
3 1334 1333 1348
3 1347 1333 1335
3 1351 1347 1335
3 1337 1349 1353
3 1336 1337 1338
3 1336 1348 1337
3 1336 1334 1348
3 1349 1337 1348
3 1336 1338 1355
3 1336 1355 1335
3 1335 1355 1351
3 1337 1353 1354
3 1354 1356 1341
3 1354 1341 1337
3 1337 1341 1338
3 1357 1355 1338
3 1357 1338 1341
3 1340 1339 1343
3 1339 1342 1343
3 1341 1356 1358
3 1341 1358 1357
3 1343 1359 1340
3 1340 1359 1360
3 1340 1360 1344
3 1359 1343 1342
3 1359 1342 1361
3 1361 1342 1345
3 1344 1360 1362
3 1346 1344 1362
3 1361 1345 1346
3 1362 1361 1346
3 1350 1364 1365
3 1352 1348 1347
3 1366 1364 1350
3 1347 1351 1352
3 1349 1350 1365
3 1349 1365 1353
3 1353 1365 1369
3 1350 1368 1366
3 1350 1349 1368
3 1352 1368 1348
3 1348 1368 1349
3 1368 1352 1351
3 1368 1351 1372
3 1372 1351 1355
3 1353 1369 1370
3 1354 1353 1370
3 1370 1356 1354
3 1374 1356 1370
3 1355 1357 1372
3 1372 1357 1375
3 1356 1374 1376
3 1358 1356 1376
3 1358 1376 1375
3 1358 1375 1357
3 1359 1363 1360
3 1359 1361 1363
3 1360 1363 1362
3 1361 1362 1363
3 1364 1367 1365
3 1364 1366 1367
3 1367 1371 1369
3 1365 1367 1369
3 1366 1368 1373
3 1366 1373 1367
3 1367 1373 1371
3 1368 1372 1373
3 1369 1371 1370
3 1374 1370 1371
3 1374 1371 1377
3 1377 1371 1373
3 1372 1375 1377
3 1373 1372 1377
3 1374 1377 1376
3 1375 1376 1377
3 1378 1380 1381
3 1380 1378 1382
3 1378 1381 1383
3 1384 1385 1379
3 1382 1378 1383
3 1384 1379 1387
3 1379 1385 1388
3 1387 1379 1388
3 1380 1390 1391
3 1381 1380 1391
3 1390 1380 1382
3 1392 1390 1382
3 1386 1383 1381
3 1386 1381 1394
3 1394 1381 1391
3 1382 1386 1392
3 1382 1383 1386
3 1392 1386 1393
3 1385 1384 1386
3 1393 1386 1384
3 1393 1384 1387
3 1397 1393 1387
3 1386 1394 1396
3 1389 1396 1399
3 1388 1396 1389
3 1388 1386 1396
3 1388 1385 1386
3 1388 1389 1401
3 1388 1401 1387
3 1387 1401 1397
3 1389 1399 1402
3 1401 1389 1402
3 1390 1404 1405
3 1391 1390 1405
3 1404 1390 1392
3 1407 1404 1392
3 1395 1406 1409
3 1395 1405 1406
3 1395 1394 1405
3 1394 1391 1405
3 1398 1392 1393
3 1398 1411 1392
3 1411 1407 1392
3 1393 1397 1398
3 1395 1409 1410
3 1400 1410 1414
3 1396 1410 1400
3 1396 1395 1410
3 1396 1394 1395
3 1398 1412 1411
3 1399 1396 1400
3 1412 1398 1397
3 1412 1397 1417
3 1417 1397 1401
3 1400 1414 1416
3 1403 1416 1420
3 1402 1416 1403
3 1402 1400 1416
3 1402 1399 1400
3 1402 1403 1422
3 1402 1422 1401
3 1401 1422 1417
3 1403 1420 1423
3 1422 1403 1423
3 1404 1408 1405
3 1404 1407 1408
3 1406 1431 1433
3 1409 1406 1433
3 1408 1406 1405
3 1408 1432 1406
3 1432 1431 1406
3 1432 1408 1407
3 1432 1407 1435
3 1435 1407 1411
3 1413 1434 1438
3 1410 1413 1415
3 1410 1433 1413
3 1410 1409 1433
3 1434 1413 1433
3 1410 1415 1414
3 1411 1437 1435
3 1412 1437 1411
3 1437 1412 1417
3 1439 1437 1417
3 1418 1413 1438
3 1441 1418 1438
3 1415 1413 1419
3 1419 1413 1418
3 1414 1421 1416
3 1414 1415 1421
3 1415 1419 1421
3 1416 1421 1420
3 1417 1422 1439
3 1439 1422 1442
3 1424 1418 1441
3 1444 1424 1441
3 1419 1418 1425
3 1425 1418 1424
3 1421 1419 1426
3 1426 1419 1425
3 1420 1421 1426
3 1420 1426 1443
3 1420 1443 1423
3 1443 1426 1446
3 1442 1422 1423
3 1443 1442 1423
3 1427 1445 1447
3 1444 1445 1427
3 1444 1427 1424
3 1424 1427 1428
3 1425 1424 1429
3 1429 1424 1428
3 1426 1425 1430
3 1430 1425 1429
3 1451 1446 1426
3 1430 1451 1426
3 1427 1447 1448
3 1428 1427 1448
3 1449 1428 1448
3 1429 1428 1449
3 1450 1429 1449
3 1430 1429 1450
3 1452 1430 1450
3 1451 1430 1452
3 1431 1455 1456
3 1433 1431 1456
3 1436 1458 1455
3 1436 1455 1432
3 1432 1455 1431
3 1432 1435 1436
3 1434 1457 1461
3 1438 1434 1461
3 1456 1434 1433
3 1457 1434 1456
3 1436 1460 1458
3 1440 1462 1460
3 1437 1440 1460
3 1437 1460 1436
3 1437 1436 1435
3 1437 1439 1440
3 1438 1461 1441
3 1461 1465 1441
3 1440 1464 1462
3 1464 1440 1439
3 1464 1439 1466
3 1466 1439 1442
3 1441 1465 1444
3 1465 1468 1444
3 1443 1470 1467
3 1446 1470 1443
3 1466 1442 1443
3 1467 1466 1443
3 1445 1469 1472
3 1447 1445 1472
3 1468 1445 1444
3 1469 1445 1468
3 1446 1451 1470
3 1470 1451 1474
3 1447 1472 1473
3 1448 1447 1473
3 1453 1473 1476
3 1453 1449 1473
3 1449 1448 1473
3 1449 1454 1450
3 1453 1454 1449
3 1479 1450 1454
3 1479 1475 1450
3 1475 1452 1450
3 1474 1451 1452
3 1475 1474 1452
3 1453 1476 1478
3 1454 1453 1478
3 1480 1454 1478
3 1479 1454 1480
3 1455 1459 1456
3 1455 1458 1459
3 1457 1482 1484
3 1461 1457 1484
3 1459 1457 1456
3 1459 1483 1457
3 1483 1482 1457
3 1463 1485 1483
3 1460 1463 1483
3 1460 1483 1459
3 1460 1459 1458
3 1460 1462 1463
3 1461 1484 1465
3 1484 1488 1465
3 1463 1486 1485
3 1462 1486 1463
3 1462 1464 1486
3 1464 1487 1486
3 1487 1464 1466
3 1489 1487 1466
3 1465 1488 1468
3 1488 1491 1468
3 1467 1470 1471
3 1467 1471 1493
3 1467 1493 1466
3 1466 1493 1489
3 1469 1492 1495
3 1472 1469 1495
3 1491 1469 1468
3 1492 1469 1491
3 1471 1497 1494
3 1471 1470 1497
3 1470 1474 1497
3 1493 1471 1494
3 1477 1473 1472
3 1477 1472 1498
3 1498 1472 1495
3 1473 1477 1476
3 1475 1479 1481
3 1475 1481 1502
3 1475 1502 1474
3 1474 1502 1497
3 1477 1498 1499
3 1476 1477 1499
3 1476 1499 1478
3 1478 1499 1500
3 1480 1478 1501
3 1478 1500 1501
3 1481 1479 1480
3 1481 1480 1503
3 1503 1480 1501
3 1502 1481 1503
3 1482 1504 1506
3 1484 1482 1506
3 1483 1505 1482
3 1482 1505 1504
3 1505 1483 1485
3 1508 1505 1485
3 1484 1506 1488
3 1506 1511 1488
3 1485 1510 1508
3 1486 1510 1485
3 1490 1512 1510
3 1490 1510 1487
3 1487 1510 1486
3 1487 1489 1490
3 1488 1511 1491
3 1511 1515 1491
3 1490 1514 1512
3 1514 1490 1489
3 1514 1489 1516
3 1516 1489 1493
3 1492 1496 1495
3 1492 1518 1496
3 1492 1491 1518
3 1491 1515 1518
3 1494 1520 1517
3 1497 1520 1494
3 1516 1493 1494
3 1517 1516 1494
3 1496 1519 1522
3 1496 1522 1495
3 1495 1522 1498
3 1518 1519 1496
3 1497 1502 1520
3 1520 1502 1527
3 1498 1522 1523
3 1499 1498 1523
3 1500 1499 1525
3 1499 1523 1525
3 1501 1500 1526
3 1500 1525 1526
3 1503 1501 1528
3 1501 1526 1528
3 1527 1502 1503
3 1528 1527 1503
3 1504 1507 1506
3 1504 1505 1509
3 1507 1504 1509
3 1505 1508 1509
3 1507 1529 1531
3 1507 1531 1506
3 1506 1531 1511
3 1509 1529 1507
3 1530 1529 1509
3 1513 1532 1530
3 1510 1513 1530
3 1510 1530 1509
3 1510 1509 1508
3 1510 1512 1513
3 1511 1531 1515
3 1531 1535 1515
3 1513 1533 1532
3 1512 1533 1513
3 1512 1514 1533
3 1514 1534 1533
3 1534 1514 1516
3 1536 1534 1516
3 1515 1535 1518
3 1535 1538 1518
3 1517 1520 1521
3 1517 1521 1539
3 1517 1539 1516
3 1516 1539 1536
3 1519 1524 1522
3 1519 1541 1524
3 1519 1518 1541
3 1518 1538 1541
3 1521 1544 1540
3 1521 1520 1544
3 1520 1527 1544
3 1539 1521 1540
3 1522 1524 1523
3 1524 1541 1542
3 1524 1542 1523
3 1523 1542 1525
3 1526 1525 1543
3 1525 1542 1543
3 1528 1526 1545
3 1526 1543 1545
3 1544 1527 1528
3 1545 1544 1528
3 1529 1547 1549
3 1531 1529 1549
3 1530 1548 1529
3 1529 1548 1547
3 1548 1530 1532
3 1551 1548 1532
3 1531 1549 1535
3 1549 1554 1535
3 1532 1553 1551
3 1533 1553 1532
3 1537 1555 1553
3 1537 1553 1534
3 1534 1553 1533
3 1534 1536 1537
3 1535 1554 1538
3 1554 1557 1538
3 1537 1556 1555
3 1556 1537 1536
3 1556 1536 1558
3 1558 1536 1539
3 1538 1557 1541
3 1557 1559 1541
3 1540 1544 1546
3 1540 1546 1563
3 1540 1563 1539
3 1539 1563 1558
3 1541 1559 1560
3 1542 1541 1560
3 1543 1542 1561
3 1542 1560 1561
3 1545 1543 1562
3 1543 1561 1562
3 1546 1544 1545
3 1546 1545 1564
3 1564 1545 1562
3 1563 1546 1564
3 1547 1550 1549
3 1547 1548 1552
3 1550 1547 1552
3 1548 1551 1552
3 1550 1565 1568
3 1550 1568 1549
3 1549 1568 1554
3 1552 1565 1550
3 1566 1565 1552
3 1551 1566 1552
3 1551 1553 1566
3 1553 1567 1566
3 1567 1553 1555
3 1570 1567 1555
3 1554 1568 1557
3 1568 1573 1557
3 1555 1572 1570
3 1556 1572 1555
3 1572 1556 1558
3 1575 1572 1558
3 1557 1573 1559
3 1573 1576 1559
3 1558 1563 1575
3 1575 1563 1581
3 1559 1576 1577
3 1560 1559 1577
3 1561 1560 1579
3 1560 1577 1579
3 1562 1561 1580
3 1561 1579 1580
3 1564 1562 1582
3 1562 1580 1582
3 1581 1563 1564
3 1582 1581 1564
3 1565 1569 1568
3 1585 1569 1565
3 1585 1565 1584
3 1584 1565 1566
3 1571 1586 1584
3 1571 1584 1567
3 1567 1584 1566
3 1567 1570 1571
3 1569 1574 1573
3 1568 1569 1573
3 1590 1569 1585
3 1574 1569 1590
3 1571 1588 1586
3 1570 1588 1571
3 1570 1572 1588
3 1572 1589 1588
3 1589 1572 1575
3 1591 1589 1575
3 1574 1578 1576
3 1573 1574 1576
3 1594 1574 1590
3 1578 1574 1594
3 1583 1597 1592
3 1583 1592 1591
3 1583 1591 1581
3 1581 1591 1575
3 1576 1578 1577
3 1578 1594 1595
3 1578 1595 1577
3 1577 1595 1579
3 1580 1579 1598
3 1579 1595 1598
3 1597 1583 1582
3 1597 1582 1598
3 1598 1582 1580
3 1581 1582 1583
3 1584 1587 1585
3 1584 1586 1587
3 1587 1600 1602
3 1587 1602 1585
3 1585 1602 1590
3 1586 1600 1587
3 1586 1588 1600
3 1588 1601 1600
3 1593 1605 1601
3 1593 1601 1589
3 1589 1601 1588
3 1589 1591 1593
3 1603 1596 1594
3 1603 1594 1602
3 1602 1594 1590
3 1596 1606 1599
3 1603 1606 1596
3 1605 1599 1606
3 1593 1599 1605
3 1593 1597 1599
3 1593 1592 1597
3 1591 1592 1593
3 1594 1596 1595
3 1598 1595 1596
3 1599 1598 1596
3 1597 1598 1599
3 1600 1604 1602
3 1600 1601 1607
3 1604 1600 1607
3 1601 1605 1607
3 1602 1604 1603
3 1606 1603 1604
3 1607 1606 1604
3 1605 1606 1607
3 1608 1611 1613
3 1611 1608 1616
3 1609 1612 1619
3 1609 1610 1614
3 1612 1609 1614
3 1613 1617 1608
3 1614 1610 1622
3 1616 1608 1617
3 1609 1619 1620
3 1610 1609 1620
3 1623 1610 1620
3 1622 1610 1623
3 1615 1624 1629
3 1615 1613 1611
3 1615 1611 1624
3 1624 1611 1625
3 1616 1618 1626
3 1616 1626 1611
3 1611 1626 1625
3 1626 1618 1631
3 1612 1621 1619
3 1615 1629 1633
3 1615 1633 1612
3 1615 1612 1614
3 1621 1612 1633
3 1617 1615 1630
3 1617 1613 1615
3 1630 1615 1634
3 1614 1622 1615
3 1634 1615 1622
3 1618 1616 1617
3 1618 1617 1632
3 1632 1617 1630
3 1631 1618 1632
3 1619 1621 1620
3 1621 1633 1635
3 1621 1635 1620
3 1620 1635 1623
3 1634 1622 1623
3 1635 1634 1623
3 1627 1636 1639
3 1627 1628 1637
3 1636 1627 1637
3 1637 1628 1642
3 1624 1638 1644
3 1629 1624 1644
3 1625 1640 1624
3 1624 1640 1638
3 1639 1626 1627
3 1639 1640 1626
3 1640 1625 1626
3 1643 1628 1627
3 1643 1627 1631
3 1643 1631 1647
3 1626 1631 1627
3 1642 1628 1643
3 1629 1644 1633
3 1644 1650 1633
3 1630 1651 1646
3 1634 1651 1630
3 1632 1630 1648
3 1630 1646 1648
3 1647 1631 1632
3 1648 1647 1632
3 1633 1650 1652
3 1635 1633 1652
3 1651 1634 1635
3 1652 1651 1635
3 1641 1654 1658
3 1641 1639 1636
3 1641 1636 1654
3 1654 1636 1655
3 1637 1656 1636
3 1636 1656 1655
3 1656 1637 1642
3 1660 1656 1642
3 1638 1645 1644
3 1641 1658 1663
3 1641 1663 1638
3 1641 1638 1640
3 1645 1638 1663
3 1639 1641 1640
3 1659 1649 1664
3 1649 1643 1647
3 1649 1659 1643
3 1659 1661 1643
3 1660 1642 1643
3 1661 1660 1643
3 1645 1653 1650
3 1644 1645 1650
3 1651 1665 1646
3 1651 1645 1665
3 1651 1653 1645
3 1663 1665 1645
3 1664 1649 1648
3 1664 1648 1665
3 1665 1648 1646
3 1647 1648 1649
3 1650 1653 1652
3 1651 1652 1653
3 1657 1667 1669
3 1667 1657 1672
3 1654 1668 1675
3 1658 1654 1675
3 1655 1670 1654
3 1654 1670 1668
3 1657 1669 1673
3 1662 1678 1656
3 1656 1678 1670
3 1656 1670 1655
3 1657 1673 1672
3 1656 1660 1662
3 1676 1666 1663
3 1676 1663 1675
3 1675 1663 1658
3 1666 1659 1664
3 1666 1676 1659
3 1676 1679 1659
3 1678 1662 1661
3 1678 1661 1679
3 1679 1661 1659
3 1660 1661 1662
3 1663 1666 1665
3 1664 1665 1666
3 1671 1681 1682
3 1674 1669 1667
3 1683 1681 1671
3 1667 1672 1674
3 1668 1677 1675
3 1680 1677 1668
3 1680 1668 1670
3 1671 1682 1684
3 1674 1673 1669
3 1671 1684 1683
3 1678 1680 1670
3 1672 1673 1674
3 1675 1677 1676
3 1679 1676 1677
3 1680 1679 1677
3 1678 1679 1680
3 1681 1685 1682
3 1681 1683 1685
3 1682 1685 1684
3 1683 1684 1685
3 1686 1694 1697
3 1686 1687 1695
3 1694 1686 1695
3 1687 1688 1696
3 1695 1687 1696
3 1696 1688 1699
3 1689 1686 1697
3 1701 1689 1697
3 1687 1686 1690
3 1690 1686 1689
3 1688 1687 1691
3 1691 1687 1690
3 1702 1699 1688
3 1691 1702 1688
3 1692 1689 1701
3 1704 1692 1701
3 1690 1689 1693
3 1693 1689 1692
3 1706 1703 1691
3 1706 1691 1693
3 1693 1691 1690
3 1702 1691 1703
3 1692 1704 1705
3 1693 1692 1705
3 1707 1693 1705
3 1706 1693 1707
3 1694 1708 1709
3 1697 1694 1709
3 1698 1710 1708
3 1698 1708 1695
3 1695 1708 1694
3 1695 1696 1700
3 1698 1695 1700
3 1696 1699 1700
3 1697 1709 1701
3 1709 1714 1701
3 1698 1712 1710
3 1700 1712 1698
3 1713 1712 1700
3 1713 1700 1699
3 1713 1699 1715
3 1715 1699 1702
3 1701 1714 1704
3 1714 1717 1704
3 1703 1719 1716
3 1706 1719 1703
3 1715 1702 1703
3 1716 1715 1703
3 1704 1717 1718
3 1705 1704 1718
3 1707 1705 1720
3 1705 1718 1720
3 1719 1706 1707
3 1720 1719 1707
3 1708 1711 1709
3 1708 1710 1711
3 1711 1722 1725
3 1711 1725 1709
3 1709 1725 1714
3 1710 1722 1711
3 1710 1712 1722
3 1712 1723 1722
3 1713 1724 1712
3 1712 1724 1723
3 1724 1713 1715
3 1726 1724 1715
3 1714 1725 1717
3 1725 1727 1717
3 1716 1719 1721
3 1716 1721 1730
3 1716 1730 1715
3 1715 1730 1726
3 1717 1727 1728
3 1718 1717 1728
3 1720 1718 1729
3 1718 1728 1729
3 1721 1719 1720
3 1721 1720 1731
3 1731 1720 1729
3 1730 1721 1731
3 1722 1732 1735
3 1725 1722 1735
3 1723 1733 1722
3 1722 1733 1732
3 1724 1734 1723
3 1723 1734 1733
3 1734 1724 1726
3 1737 1734 1726
3 1725 1735 1727
3 1735 1739 1727
3 1726 1730 1737
3 1737 1730 1743
3 1727 1739 1740
3 1728 1727 1740
3 1729 1728 1742
3 1728 1740 1742
3 1731 1729 1744
3 1729 1742 1744
3 1743 1730 1731
3 1744 1743 1731
3 1732 1736 1735
3 1749 1736 1732
3 1749 1732 1746
3 1746 1732 1733
3 1734 1747 1733
3 1733 1747 1746
3 1737 1738 1748
3 1737 1748 1734
3 1734 1748 1747
3 1748 1738 1752
3 1736 1741 1739
3 1735 1736 1739
3 1755 1736 1749
3 1741 1736 1755
3 1745 1756 1750
3 1738 1750 1753
3 1738 1743 1750
3 1738 1737 1743
3 1743 1745 1750
3 1752 1738 1753
3 1739 1741 1740
3 1741 1755 1757
3 1741 1757 1740
3 1740 1757 1742
3 1756 1745 1744
3 1756 1744 1757
3 1757 1744 1742
3 1743 1744 1745
3 1746 1759 1760
3 1749 1746 1760
3 1751 1761 1759
3 1751 1759 1747
3 1747 1759 1746
3 1747 1748 1754
3 1751 1747 1754
3 1748 1752 1754
3 1762 1758 1755
3 1762 1755 1760
3 1760 1755 1749
3 1761 1758 1762
3 1751 1758 1761
3 1751 1756 1758
3 1751 1750 1756
3 1753 1750 1751
3 1754 1753 1751
3 1752 1753 1754
3 1755 1758 1757
3 1756 1757 1758
3 1759 1763 1760
3 1759 1761 1763
3 1760 1763 1762
3 1761 1762 1763
3 1764 1765 1766
3 1765 1764 1768
3 1764 1766 1769
3 1768 1764 1769
3 1767 1771 1773
3 1767 1766 1765
3 1767 1765 1771
3 1771 1765 1772
3 1772 1765 1768
3 1775 1772 1768
3 1767 1773 1774
3 1770 1774 1777
3 1769 1774 1770
3 1769 1767 1774
3 1769 1766 1767
3 1769 1770 1779
3 1769 1779 1768
3 1768 1779 1775
3 1770 1777 1780
3 1779 1770 1780
3 1771 1782 1783
3 1773 1771 1783
3 1776 1784 1782
3 1776 1782 1772
3 1772 1782 1771
3 1772 1775 1776
3 1778 1774 1773
3 1778 1773 1787
3 1787 1773 1783
3 1776 1786 1784
3 1777 1774 1778
3 1786 1776 1775
3 1786 1775 1790
3 1790 1775 1779
3 1778 1787 1789
3 1781 1789 1793
3 1780 1789 1781
3 1780 1778 1789
3 1780 1777 1778
3 1780 1781 1795
3 1780 1795 1779
3 1779 1795 1790
3 1781 1793 1796
3 1795 1781 1796
3 1782 1785 1783
3 1782 1784 1785
3 1788 1798 1800
3 1785 1799 1798
3 1785 1798 1787
3 1785 1787 1783
3 1787 1798 1788
3 1791 1802 1799
3 1786 1791 1799
3 1786 1799 1785
3 1786 1785 1784
3 1786 1790 1791
3 1792 1788 1800
3 1805 1792 1800
3 1787 1794 1789
3 1787 1788 1794
3 1788 1792 1794
3 1791 1804 1802
3 1793 1789 1794
3 1804 1791 1790
3 1804 1790 1810
3 1810 1790 1795
3 1792 1805 1806
3 1794 1792 1806
3 1808 1794 1806
3 1797 1808 1812
3 1796 1808 1797
3 1796 1794 1808
3 1796 1793 1794
3 1796 1797 1813
3 1796 1813 1795
3 1795 1813 1810
3 1797 1812 1814
3 1813 1797 1814
3 1798 1801 1800
3 1798 1799 1803
3 1801 1798 1803
3 1799 1802 1803
3 1801 1807 1805
3 1800 1801 1805
3 1803 1809 1801
3 1809 1807 1801
3 1802 1804 1811
3 1802 1811 1803
3 1803 1811 1809
3 1804 1810 1811
3 1805 1807 1806
3 1808 1806 1807
3 1809 1808 1807
3 1812 1808 1809
3 1812 1809 1815
3 1815 1809 1811
3 1810 1813 1815
3 1811 1810 1815
3 1812 1815 1814
3 1813 1814 1815
3 1816 1821 1822
3 1821 1816 1823
3 1817 1816 1822
3 1826 1817 1822
3 1824 1823 1816
3 1824 1816 1818
3 1818 1816 1817
3 1824 1818 1828
3 1819 1817 1826
3 1830 1819 1826
3 1818 1817 1820
3 1820 1817 1819
3 1833 1828 1818
3 1820 1833 1818
3 1819 1830 1832
3 1820 1819 1832
3 1834 1820 1832
3 1833 1820 1834
3 1821 1835 1837
3 1822 1821 1837
3 1823 1825 1836
3 1823 1836 1821
3 1821 1836 1835
3 1836 1825 1839
3 1827 1838 1841
3 1827 1837 1838
3 1827 1826 1837
3 1826 1822 1837
3 1823 1824 1825
3 1828 1829 1840
3 1824 1828 1840
3 1824 1840 1839
3 1824 1839 1825
3 1840 1829 1842
3 1831 1827 1841
3 1844 1831 1841
3 1826 1831 1830
3 1827 1831 1826
3 1829 1847 1843
3 1829 1828 1847
3 1828 1833 1847
3 1842 1829 1843
3 1831 1844 1845
3 1830 1831 1845
3 1830 1845 1832
3 1832 1845 1846
3 1834 1832 1848
3 1832 1846 1848
3 1847 1833 1834
3 1848 1847 1834
3 1835 1850 1852
3 1837 1835 1852
3 1836 1851 1835
3 1835 1851 1850
3 1851 1836 1839
3 1854 1851 1839
3 1838 1853 1857
3 1841 1838 1857
3 1852 1838 1837
3 1853 1838 1852
3 1839 1856 1854
3 1840 1856 1839
3 1856 1840 1842
3 1858 1856 1842
3 1841 1857 1844
3 1857 1861 1844
3 1843 1864 1859
3 1847 1864 1843
3 1858 1842 1843
3 1859 1858 1843
3 1844 1861 1862
3 1845 1844 1862
3 1846 1845 1863
3 1845 1862 1863
3 1849 1863 1865
3 1849 1848 1863
3 1848 1846 1863
3 1848 1849 1866
3 1848 1866 1847
3 1847 1866 1864
3 1849 1865 1867
3 1866 1849 1867
3 1850 1869 1870
3 1852 1850 1870
3 1855 1872 1869
3 1855 1869 1851
3 1851 1869 1850
3 1851 1854 1855
3 1853 1871 1875
3 1857 1853 1875
3 1870 1853 1852
3 1871 1853 1870
3 1855 1874 1872
3 1860 1878 1874
3 1856 1860 1874
3 1856 1874 1855
3 1856 1855 1854
3 1856 1858 1860
3 1857 1875 1861
3 1875 1880 1861
3 1859 1878 1860
3 1859 1864 1878
3 1864 1885 1878
3 1858 1859 1860
3 1861 1880 1881
3 1862 1861 1881
3 1863 1862 1883
3 1862 1881 1883
3 1865 1886 1868
3 1865 1863 1886
3 1863 1883 1886
3 1868 1886 1885
3 1868 1885 1866
3 1866 1885 1864
3 1865 1868 1867
3 1866 1867 1868
3 1869 1873 1870
3 1869 1872 1873
3 1871 1876 1875
3 1871 1870 1873
3 1871 1873 1876
3 1876 1873 1877
3 1872 1874 1879
3 1872 1879 1873
3 1873 1879 1877
3 1874 1878 1879
3 1876 1882 1880
3 1875 1876 1880
3 1877 1884 1876
3 1884 1882 1876
3 1879 1887 1877
3 1887 1884 1877
3 1878 1885 1887
3 1879 1878 1887
3 1880 1882 1881
3 1883 1881 1882
3 1884 1883 1882
3 1886 1883 1884
3 1887 1886 1884
3 1885 1886 1887
3 1888 1892 1896
3 1888 1889 1893
3 1892 1888 1893
3 1893 1889 1899
3 1888 1896 1897
3 1889 1888 1897
3 1900 1889 1897
3 1899 1889 1900
3 1890 1902 1904
3 1890 1891 1903
3 1902 1890 1903
3 1903 1891 1905
3 1894 1890 1904
3 1907 1894 1904
3 1891 1890 1895
3 1895 1890 1894
3 1910 1905 1891
3 1895 1910 1891
3 1892 1898 1896
3 1901 1898 1892
3 1901 1892 1893
3 1894 1907 1908
3 1908 1911 1895
3 1908 1895 1894
3 1893 1899 1901
3 1910 1895 1911
3 1896 1898 1897
3 1900 1897 1898
3 1901 1900 1898
3 1899 1900 1901
3 1902 1912 1913
3 1904 1902 1913
3 1906 1914 1912
3 1906 1912 1903
3 1903 1912 1902
3 1903 1905 1906
3 1915 1909 1907
3 1915 1907 1913
3 1913 1907 1904
3 1918 1906 1917
3 1918 1909 1906
3 1914 1906 1915
3 1915 1906 1909
3 1917 1906 1905
3 1917 1905 1919
3 1919 1905 1910
3 1907 1909 1908
3 1909 1918 1920
3 1909 1920 1908
3 1908 1920 1911
3 1919 1910 1911
3 1920 1919 1911
3 1912 1916 1913
3 1912 1914 1916
3 1913 1916 1915
3 1914 1915 1916
3 1917 1921 1918
3 1917 1919 1921
3 1918 1921 1920
3 1919 1920 1921
3 1922 1924 1926
3 1922 1923 1925
3 1924 1922 1925
3 1925 1923 1928
3 1922 1926 1927
3 1923 1922 1927
3 1929 1923 1927
3 1928 1923 1929
3 1924 1933 1934
3 1926 1924 1934
3 1930 1935 1933
3 1930 1933 1925
3 1925 1933 1924
3 1925 1928 1930
3 1931 1927 1926
3 1931 1926 1938
3 1938 1926 1934
3 1932 1935 1931
3 1932 1937 1935
3 1931 1935 1927
3 1930 1929 1935
3 1927 1935 1929
3 1929 1930 1928
3 1932 1940 1937
3 1931 1938 1939
3 1932 1931 1939
3 1941 1932 1939
3 1940 1932 1941
3 1933 1936 1934
3 1933 1935 1936
3 1936 1942 1944
3 1936 1944 1934
3 1934 1944 1938
3 1935 1942 1936
3 1935 1937 1942
3 1937 1943 1942
3 1943 1937 1940
3 1946 1943 1940
3 1938 1944 1945
3 1939 1938 1945
3 1941 1939 1947
3 1939 1945 1947
3 1946 1940 1941
3 1947 1946 1941
3 1942 1948 1950
3 1944 1942 1950
3 1943 1949 1942
3 1942 1949 1948
3 1949 1943 1946
3 1952 1949 1946
3 1944 1950 1951
3 1945 1944 1951
3 1947 1945 1953
3 1945 1951 1953
3 1952 1946 1947
3 1953 1952 1947
3 1948 1955 1961
3 1950 1948 1961
3 1949 1957 1948
3 1948 1957 1955
3 1952 1954 1959
3 1952 1959 1949
3 1949 1959 1957
3 1959 1954 1964
3 1950 1961 1962
3 1951 1950 1962
3 1953 1951 1963
3 1951 1962 1963
3 1954 1952 1953
3 1954 1953 1965
3 1965 1953 1963
3 1964 1954 1965
3 1956 1966 1969
3 1956 1958 1967
3 1966 1956 1967
3 1958 1960 1968
3 1967 1958 1968
3 1968 1960 1972
3 1955 1956 1969
3 1955 1969 1961
3 1961 1969 1974
3 1957 1956 1955
3 1958 1956 1957
3 1959 1958 1957
3 1960 1958 1959
3 1960 1959 1964
3 1960 1964 1972
3 1972 1964 1979
3 1961 1974 1975
3 1962 1961 1975
3 1963 1962 1977
3 1962 1975 1977
3 1965 1963 1980
3 1963 1977 1980
3 1979 1964 1965
3 1980 1979 1965
3 1966 1970 1969
3 1966 1967 1971
3 1970 1966 1971
3 1967 1968 1973
3 1971 1967 1973
3 1968 1972 1973
3 1970 1976 1974
3 1969 1970 1974
3 1971 1978 1970
3 1978 1976 1970
3 1973 1981 1971
3 1981 1978 1971
3 1972 1979 1981
3 1973 1972 1981
3 1974 1976 1975
3 1977 1975 1976
3 1978 1977 1976
3 1980 1977 1978
3 1981 1980 1978
3 1979 1980 1981
3 1982 1987 1988
3 1987 1982 1990
3 1983 1989 1992
3 1988 1989 1983
3 1988 1983 1982
3 1982 1983 1984
3 1991 1990 1982
3 1991 1982 1985
3 1985 1982 1984
3 1991 1985 1994
3 1983 1992 1993
3 1993 1997 1986
3 1993 1986 1983
3 1983 1986 1984
3 1998 1995 1985
3 1998 1985 1986
3 1986 1985 1984
3 1994 1985 1995
3 1986 1997 1999
3 1998 1986 1999
3 1987 2000 2001
3 1988 1987 2001
3 2000 1987 1990
3 2003 2000 1990
3 1989 2002 2005
3 1992 1989 2005
3 2001 1989 1988
3 2002 1989 2001
3 1996 1990 1991
3 1996 2008 1990
3 2008 2003 1990
3 1991 1994 1996
3 1992 2005 2006
3 1993 1992 2006
3 2006 1997 1993
3 2010 1997 2006
3 1995 2008 1996
3 1995 1998 2008
3 1998 2011 2008
3 1994 1995 1996
3 1997 2010 2012
3 1999 1997 2012
3 2011 1998 1999
3 2012 2011 1999
3 2000 2004 2001
3 2000 2003 2004
3 2002 2007 2005
3 2002 2001 2004
3 2002 2004 2007
3 2007 2004 2009
3 2003 2008 2009
3 2004 2003 2009
3 2005 2007 2006
3 2010 2006 2007
3 2010 2007 2013
3 2013 2007 2009
3 2008 2011 2013
3 2009 2008 2013
3 2010 2013 2012
3 2011 2012 2013
3 2014 2015 2016
3 2015 2014 2018
3 2014 2016 2019
3 2018 2014 2019
3 2017 2023 2025
3 2017 2016 2015
3 2017 2015 2023
3 2023 2015 2024
3 2024 2015 2018
3 2027 2024 2018
3 2020 2017 2025
3 2029 2020 2025
3 2016 2021 2019
3 2016 2017 2021
3 2017 2020 2021
3 2028 2027 2018
3 2028 2018 2021
3 2028 2021 2022
3 2021 2018 2019
3 2028 2022 2034
3 2020 2029 2030
3 2021 2020 2030
3 2032 2021 2030
3 2022 2021 2032
3 2035 2022 2032
3 2034 2022 2035
3 2023 2026 2025
3 2037 2026 2023
3 2037 2023 2036
3 2036 2023 2024
3 2036 2024 2027
3 2038 2036 2027
3 2026 2031 2029
3 2025 2026 2029
3 2039 2026 2037
3 2039 2033 2026
3 2033 2031 2026
3 2041 2033 2028
3 2041 2042 2033
3 2028 2033 2027
3 2039 2038 2033
3 2027 2033 2038
3 2041 2028 2034
3 2043 2041 2034
3 2029 2031 2030
3 2032 2030 2031
3 2033 2032 2031
3 2033 2042 2044
3 2033 2044 2032
3 2032 2044 2035
3 2043 2034 2035
3 2044 2043 2035
3 2036 2040 2037
3 2036 2038 2040
3 2037 2040 2039
3 2038 2039 2040
3 2041 2045 2042
3 2041 2043 2045
3 2042 2045 2044
3 2043 2044 2045
3 2046 2049 2051
3 2049 2046 2053
3 2047 2046 2051
3 2056 2047 2051
3 2054 2053 2046
3 2054 2046 2048
3 2048 2046 2047
3 2054 2048 2058
3 2047 2056 2057
3 2048 2047 2057
3 2059 2048 2057
3 2058 2048 2059
3 2050 2060 2061
3 2060 2050 2063
3 2052 2062 2065
3 2061 2062 2052
3 2050 2061 2052
3 2050 2052 2051
3 2050 2051 2049
3 2053 2055 2064
3 2049 2053 2064
3 2049 2064 2063
3 2049 2063 2050
3 2064 2055 2068
3 2052 2065 2066
3 2066 2051 2052
3 2066 2069 2051
3 2069 2056 2051
3 2053 2054 2055
3 2055 2054 2058
3 2055 2058 2068
3 2068 2058 2072
3 2056 2069 2070
3 2057 2056 2070
3 2059 2057 2073
3 2057 2070 2073
3 2072 2058 2059
3 2073 2072 2059
3 2060 2075 2076
3 2061 2060 2076
3 2075 2060 2063
3 2077 2075 2063
3 2062 2067 2065
3 2062 2080 2067
3 2062 2061 2080
3 2061 2076 2080
3 2063 2078 2077
3 2064 2078 2063
3 2078 2064 2068
3 2082 2078 2068
3 2065 2067 2066
3 2069 2081 2071
3 2066 2081 2069
3 2066 2080 2081
3 2066 2067 2080
3 2071 2083 2074
3 2081 2083 2071
3 2074 2083 2082
3 2074 2082 2072
3 2072 2082 2068
3 2069 2071 2070
3 2073 2070 2071
3 2074 2073 2071
3 2072 2073 2074
3 2075 2084 2086
3 2076 2075 2086
3 2077 2079 2085
3 2077 2085 2075
3 2075 2085 2084
3 2085 2079 2088
3 2076 2086 2080
3 2086 2090 2080
3 2077 2078 2079
3 2079 2078 2082
3 2079 2082 2088
3 2088 2082 2093
3 2080 2090 2091
3 2081 2080 2091
3 2083 2081 2094
3 2081 2091 2094
3 2093 2082 2083
3 2094 2093 2083
3 2084 2087 2086
3 2084 2085 2089
3 2087 2084 2089
3 2085 2088 2089
3 2087 2092 2090
3 2086 2087 2090
3 2089 2095 2087
3 2095 2092 2087
3 2088 2093 2095
3 2089 2088 2095
3 2090 2092 2091
3 2094 2091 2092
3 2095 2094 2092
3 2093 2094 2095
3 2096 2102 2108
3 2096 2097 2104
3 2102 2096 2104
3 2104 2097 2110
3 2098 2096 2108
3 2113 2098 2108
3 2115 2111 2097
3 2115 2097 2098
3 2098 2097 2096
3 2110 2097 2111
3 2098 2113 2116
3 2115 2098 2116
3 2099 2117 2121
3 2099 2100 2118
3 2117 2099 2118
3 2100 2101 2119
3 2118 2100 2119
3 2119 2101 2124
3 2103 2122 2127
3 2121 2122 2103
3 2121 2103 2099
3 2099 2103 2105
3 2100 2099 2106
3 2106 2099 2105
3 2130 2125 2101
3 2130 2101 2106
3 2106 2101 2100
3 2124 2101 2125
3 2107 2126 2132
3 2107 2109 2128
3 2126 2107 2128
3 2127 2128 2109
3 2103 2127 2109
3 2103 2109 2108
3 2103 2108 2102
3 2104 2103 2102
3 2105 2103 2104
3 2131 2106 2105
3 2131 2105 2110
3 2131 2110 2133
3 2104 2110 2105
3 2130 2106 2131
3 2112 2107 2132
3 2135 2112 2132
3 2109 2107 2114
3 2114 2107 2112
3 2108 2114 2113
3 2109 2114 2108
3 2111 2138 2134
3 2115 2138 2111
3 2133 2110 2111
3 2134 2133 2111
3 2112 2135 2136
3 2114 2112 2136
3 2137 2114 2136
3 2113 2114 2137
3 2113 2137 2116
3 2116 2137 2139
3 2138 2115 2116
3 2139 2138 2116
3 2120 2141 2144
3 2141 2120 2147
3 2123 2142 2148
3 2123 2121 2117
3 2123 2117 2142
3 2142 2117 2143
3 2118 2145 2117
3 2117 2145 2143
3 2144 2119 2120
3 2144 2145 2119
3 2145 2118 2119
3 2120 2119 2124
3 2120 2124 2147
3 2147 2124 2150
3 2129 2149 2152
3 2148 2149 2129
3 2123 2148 2129
3 2123 2129 2127
3 2123 2127 2122
3 2121 2123 2122
3 2125 2155 2151
3 2130 2155 2125
3 2150 2124 2125
3 2151 2150 2125
3 2126 2153 2157
3 2132 2126 2157
3 2152 2128 2129
3 2152 2153 2128
3 2153 2126 2128
3 2127 2129 2128
3 2131 2158 2156
3 2133 2158 2131
3 2155 2130 2131
3 2156 2155 2131
3 2132 2157 2135
3 2157 2160 2135
3 2134 2163 2159
3 2138 2163 2134
3 2158 2133 2134
3 2159 2158 2134
3 2135 2160 2161
3 2136 2135 2161
3 2140 2161 2166
3 2140 2137 2161
3 2137 2136 2161
3 2167 2137 2140
3 2167 2164 2137
3 2164 2139 2137
3 2163 2138 2139
3 2164 2163 2139
3 2140 2166 2168
3 2167 2140 2168
3 2146 2170 2173
3 2146 2144 2141
3 2146 2141 2170
3 2170 2141 2171
3 2171 2141 2147
3 2175 2171 2147
3 2142 2172 2177
3 2148 2142 2177
3 2143 2174 2142
3 2142 2174 2172
3 2173 2145 2146
3 2173 2174 2145
3 2174 2143 2145
3 2144 2146 2145
3 2147 2150 2175
3 2175 2150 2180
3 2154 2176 2182
3 2154 2152 2149
3 2154 2149 2176
3 2176 2149 2178
3 2177 2149 2148
3 2178 2149 2177
3 2151 2183 2181
3 2155 2183 2151
3 2180 2150 2151
3 2181 2180 2151
3 2153 2154 2182
3 2153 2182 2157
3 2157 2182 2185
3 2152 2154 2153
3 2156 2188 2184
3 2158 2188 2156
3 2183 2155 2156
3 2184 2183 2156
3 2186 2162 2160
3 2186 2160 2185
3 2185 2160 2157
3 2186 2190 2162
3 2165 2191 2187
3 2165 2159 2163
3 2165 2187 2159
3 2187 2189 2159
3 2188 2158 2159
3 2189 2188 2159
3 2160 2162 2161
3 2166 2192 2169
3 2161 2192 2166
3 2161 2190 2192
3 2161 2162 2190
3 2191 2169 2192
3 2165 2169 2191
3 2165 2167 2169
3 2165 2164 2167
3 2163 2164 2165
3 2166 2169 2168
3 2167 2168 2169
3 2170 2193 2197
3 2173 2170 2197
3 2171 2194 2170
3 2170 2194 2193
3 2194 2171 2175
3 2200 2194 2175
3 2179 2195 2202
3 2179 2177 2172
3 2179 2172 2195
3 2195 2172 2196
3 2174 2198 2172
3 2172 2198 2196
3 2197 2174 2173
3 2198 2174 2197
3 2175 2180 2200
3 2200 2180 2204
3 2176 2203 2207
3 2182 2176 2207
3 2202 2178 2179
3 2202 2203 2178
3 2203 2176 2178
3 2177 2179 2178
3 2181 2208 2205
3 2183 2208 2181
3 2204 2180 2181
3 2205 2204 2181
3 2182 2207 2185
3 2207 2210 2185
3 2184 2214 2209
3 2188 2214 2184
3 2208 2183 2184
3 2209 2208 2184
3 2185 2210 2211
3 2186 2185 2211
3 2211 2190 2186
3 2217 2190 2211
3 2187 2218 2213
3 2191 2218 2187
3 2189 2187 2215
3 2187 2213 2215
3 2214 2188 2189
3 2215 2214 2189
3 2190 2217 2219
3 2192 2190 2219
3 2218 2191 2192
3 2219 2218 2192
3 2199 2221 2224
3 2199 2197 2193
3 2199 2193 2221
3 2221 2193 2222
3 2201 2226 2222
3 2201 2222 2194
3 2194 2222 2193
3 2194 2200 2201
3 2195 2223 2228
3 2202 2195 2228
3 2196 2225 2195
3 2195 2225 2223
3 2224 2198 2199
3 2224 2225 2198
3 2225 2196 2198
3 2197 2199 2198
3 2206 2226 2201
3 2230 2226 2206
3 2200 2204 2206
3 2201 2200 2206
3 2203 2229 2231
3 2207 2203 2231
3 2228 2203 2202
3 2229 2203 2228
3 2205 2230 2206
3 2205 2208 2230
3 2208 2235 2230
3 2204 2205 2206
3 2232 2212 2210
3 2232 2210 2231
3 2231 2210 2207
3 2232 2237 2212
3 2216 2239 2234
3 2216 2209 2214
3 2216 2234 2209
3 2234 2236 2209
3 2235 2208 2209
3 2236 2235 2209
3 2210 2212 2211
3 2217 2238 2220
3 2211 2238 2217
3 2211 2237 2238
3 2211 2212 2237
3 2220 2213 2218
3 2220 2238 2213
3 2238 2240 2213
3 2239 2216 2215
3 2239 2215 2240
3 2240 2215 2213
3 2214 2215 2216
3 2217 2220 2219
3 2218 2219 2220
3 2221 2241 2243
3 2224 2221 2243
3 2227 2245 2241
3 2227 2241 2222
3 2222 2241 2221
3 2222 2226 2227
3 2223 2242 2247
3 2228 2223 2247
3 2225 2244 2223
3 2223 2244 2242
3 2243 2225 2224
3 2244 2225 2243
3 2227 2246 2245
3 2246 2227 2226
3 2246 2226 2248
3 2248 2226 2230
3 2229 2233 2231
3 2229 2250 2233
3 2229 2228 2250
3 2228 2247 2250
3 2230 2235 2248
3 2248 2235 2253
3 2231 2233 2232
3 2233 2237 2232
3 2233 2250 2237
3 2250 2256 2237
3 2234 2259 2252
3 2239 2259 2234
3 2236 2234 2254
3 2234 2252 2254
3 2253 2235 2236
3 2254 2253 2236
3 2237 2256 2257
3 2238 2237 2257
3 2240 2238 2260
3 2238 2257 2260
3 2259 2239 2240
3 2260 2259 2240
3 2241 2262 2264
3 2243 2241 2264
3 2262 2241 2245
3 2266 2262 2245
3 2242 2263 2268
3 2247 2242 2268
3 2244 2265 2242
3 2242 2265 2263
3 2264 2244 2243
3 2265 2244 2264
3 2249 2245 2246
3 2249 2272 2245
3 2272 2266 2245
3 2246 2248 2249
3 2269 2251 2250
3 2269 2250 2268
3 2268 2250 2247
3 2269 2274 2251
3 2255 2272 2249
3 2277 2272 2255
3 2248 2253 2255
3 2249 2248 2255
3 2251 2258 2256
3 2250 2251 2256
3 2275 2251 2274
3 2275 2261 2251
3 2261 2258 2251
3 2261 2252 2259
3 2261 2275 2252
3 2275 2278 2252
3 2277 2255 2254
3 2277 2254 2278
3 2278 2254 2252
3 2253 2254 2255
3 2256 2258 2257
3 2260 2257 2258
3 2261 2260 2258
3 2259 2260 2261
3 2262 2267 2264
3 2262 2266 2267
3 2263 2270 2268
3 2263 2265 2271
3 2270 2263 2271
3 2265 2264 2267
3 2265 2267 2271
3 2271 2267 2273
3 2266 2272 2273
3 2267 2266 2273
3 2268 2270 2269
3 2274 2269 2270
3 2274 2270 2276
3 2276 2270 2271
3 2273 2279 2271
3 2279 2276 2271
3 2272 2277 2279
3 2273 2272 2279
3 2274 2276 2275
3 2278 2275 2276
3 2279 2278 2276
3 2277 2278 2279
3 2280 2283 2284
3 2283 2280 2286
3 2281 2285 2288
3 2284 2285 2281
3 2284 2281 2280
3 2280 2281 2282
3 2291 2286 2280
3 2282 2291 2280
3 2281 2288 2290
3 2282 2281 2290
3 2292 2282 2290
3 2291 2282 2292
3 2283 2287 2284
3 2283 2286 2287
3 2289 2294 2298
3 2289 2288 2285
3 2289 2285 2294
3 2294 2285 2295
3 2287 2285 2284
3 2287 2296 2285
3 2296 2295 2285
3 2287 2286 2291
3 2287 2291 2297
3 2287 2297 2296
3 2293 2297 2291
3 2297 2293 2305
3 2289 2298 2299
3 2288 2289 2299
3 2288 2299 2290
3 2290 2299 2301
3 2292 2290 2303
3 2290 2301 2303
3 2293 2291 2292
3 2293 2292 2306
3 2306 2292 2303
3 2305 2293 2306
3 2294 2300 2298
3 2294 2295 2302
3 2300 2294 2302
3 2295 2296 2304
3 2302 2295 2304
3 2296 2297 2307
3 2304 2296 2307
3 2297 2305 2307
3 2298 2300 2299
3 2301 2299 2300
3 2302 2301 2300
3 2303 2301 2302
3 2304 2303 2302
3 2306 2303 2304
3 2307 2306 2304
3 2305 2306 2307
3 2308 2309 2310
3 2309 2308 2311
3 2308 2310 2312
3 2311 2308 2312
3 2309 2313 2314
3 2310 2309 2314
3 2313 2309 2311
3 2316 2313 2311
3 2310 2314 2317
3 2312 2310 2317
3 2316 2311 2312
3 2317 2316 2312
3 2315 2320 2322
3 2315 2314 2313
3 2315 2313 2320
3 2320 2313 2321
3 2321 2313 2316
3 2324 2321 2316
3 2318 2315 2322
3 2326 2318 2322
3 2314 2319 2317
3 2314 2315 2319
3 2315 2318 2319
3 2317 2319 2328
3 2317 2328 2316
3 2316 2328 2324
3 2318 2326 2327
3 2319 2318 2327
3 2329 2319 2327
3 2328 2319 2329
3 2323 2330 2332
3 2323 2322 2320
3 2323 2320 2330
3 2330 2320 2331
3 2325 2334 2331
3 2325 2331 2321
3 2321 2331 2320
3 2321 2324 2325
3 2323 2332 2333
3 2333 2322 2323
3 2333 2337 2322
3 2337 2326 2322
3 2325 2336 2334
3 2336 2325 2324
3 2336 2324 2340
3 2340 2324 2328
3 2326 2337 2339
3 2327 2326 2339
3 2329 2327 2341
3 2327 2339 2341
3 2340 2328 2329
3 2341 2340 2329
3 2330 2343 2344
3 2332 2330 2344
3 2335 2345 2343
3 2335 2343 2331
3 2331 2343 2330
3 2331 2334 2335
3 2338 2333 2332
3 2338 2332 2348
3 2348 2332 2344
3 2335 2347 2345
3 2337 2333 2338
3 2342 2351 2347
3 2336 2342 2347
3 2336 2347 2335
3 2336 2335 2334
3 2336 2340 2342
3 2338 2348 2349
3 2337 2338 2349
3 2337 2349 2339
3 2339 2349 2352
3 2351 2342 2341
3 2351 2341 2352
3 2352 2341 2339
3 2340 2341 2342
3 2343 2346 2344
3 2343 2345 2346
3 2346 2350 2348
3 2344 2346 2348
3 2345 2347 2353
3 2345 2353 2346
3 2346 2353 2350
3 2347 2351 2353
3 2348 2350 2349
3 2352 2349 2350
3 2353 2352 2350
3 2351 2352 2353
3 2354 2356 2359
3 2356 2354 2360
3 2354 2359 2361
3 2360 2354 2361
3 2355 2365 2368
3 2355 2357 2366
3 2365 2355 2366
3 2357 2358 2367
3 2366 2357 2367
3 2367 2358 2370
3 2355 2368 2369
3 2356 2373 2359
3 2356 2355 2373
3 2356 2357 2355
3 2355 2369 2373
3 2360 2357 2356
3 2360 2362 2357
3 2362 2358 2357
3 2371 2370 2358
3 2371 2358 2363
3 2363 2358 2362
3 2371 2363 2375
3 2364 2361 2359
3 2364 2359 2378
3 2378 2359 2373
3 2361 2364 2379
3 2360 2361 2379
3 2360 2379 2374
3 2360 2374 2362
3 2363 2362 2374
3 2376 2363 2374
3 2375 2363 2376
3 2364 2378 2380
3 2379 2364 2380
3 2365 2382 2386
3 2368 2365 2386
3 2366 2383 2365
3 2365 2383 2382
3 2367 2384 2366
3 2366 2384 2383
3 2370 2372 2385
3 2370 2385 2367
3 2367 2385 2384
3 2385 2372 2391
3 2368 2386 2387
3 2369 2368 2387
3 2387 2373 2369
3 2394 2373 2387
3 2370 2371 2372
3 2375 2377 2393
3 2371 2375 2393
3 2371 2393 2391
3 2371 2391 2372
3 2393 2377 2401
3 2395 2381 2378
3 2395 2378 2394
3 2394 2378 2373
3 2381 2374 2379
3 2381 2395 2374
3 2395 2397 2374
3 2376 2374 2399
3 2374 2397 2399
3 2377 2375 2376
3 2377 2376 2402
3 2402 2376 2399
3 2401 2377 2402
3 2378 2381 2380
3 2379 2380 2381
3 2382 2388 2386
3 2382 2383 2389
3 2388 2382 2389
3 2383 2384 2390
3 2389 2383 2390
3 2384 2385 2392
3 2390 2384 2392
3 2385 2391 2392
3 2386 2388 2387
3 2394 2387 2388
3 2394 2388 2396
3 2396 2388 2389
3 2390 2398 2389
3 2398 2396 2389
3 2392 2400 2390
3 2400 2398 2390
3 2391 2393 2403
3 2391 2403 2392
3 2392 2403 2400
3 2393 2401 2403
3 2394 2396 2395
3 2397 2395 2396
3 2398 2397 2396
3 2399 2397 2398
3 2400 2399 2398
3 2402 2399 2400
3 2403 2402 2400
3 2401 2402 2403
3 2404 2405 2407
3 2405 2404 2408
3 2404 2407 2409
3 2408 2404 2409
3 2406 2411 2412
3 2411 2406 2413
3 2405 2406 2412
3 2405 2412 2407
3 2407 2412 2415
3 2408 2410 2414
3 2405 2408 2414
3 2405 2414 2413
3 2405 2413 2406
3 2414 2410 2418
3 2407 2415 2416
3 2409 2407 2416
3 2410 2408 2409
3 2410 2409 2419
3 2419 2409 2416
3 2418 2410 2419
3 2411 2420 2421
3 2412 2411 2421
3 2420 2411 2413
3 2422 2420 2413
3 2423 2417 2415
3 2423 2415 2421
3 2421 2415 2412
3 2425 2417 2414
3 2425 2426 2417
3 2414 2417 2413
3 2423 2422 2417
3 2413 2417 2422
3 2425 2414 2418
3 2427 2425 2418
3 2415 2417 2416
3 2417 2426 2428
3 2417 2428 2416
3 2416 2428 2419
3 2427 2418 2419
3 2428 2427 2419
3 2420 2424 2421
3 2420 2422 2424
3 2421 2424 2423
3 2422 2423 2424
3 2425 2429 2426
3 2425 2427 2429
3 2426 2429 2428
3 2427 2428 2429
3 2430 2435 2436
3 2435 2430 2437
3 2431 2430 2436
3 2441 2431 2436
3 2438 2437 2430
3 2438 2430 2432
3 2432 2430 2431
3 2438 2432 2442
3 2433 2431 2441
3 2444 2433 2441
3 2432 2431 2434
3 2434 2431 2433
3 2447 2442 2432
3 2434 2447 2432
3 2433 2444 2445
3 2434 2433 2445
3 2448 2434 2445
3 2447 2434 2448
3 2435 2449 2452
3 2436 2435 2452
3 2437 2439 2450
3 2437 2450 2435
3 2435 2450 2449
3 2439 2440 2451
3 2450 2439 2451
3 2451 2440 2454
3 2436 2452 2441
3 2452 2455 2441
3 2437 2438 2439
3 2442 2439 2438
3 2442 2443 2439
3 2443 2440 2439
3 2459 2454 2440
3 2443 2459 2440
3 2456 2446 2444
3 2456 2444 2455
3 2455 2444 2441
3 2456 2461 2446
3 2443 2462 2460
3 2443 2442 2462
3 2442 2447 2462
3 2459 2443 2460
3 2444 2446 2445
3 2446 2461 2463
3 2446 2463 2445
3 2445 2463 2448
3 2462 2447 2448
3 2463 2462 2448
3 2449 2453 2452
3 2467 2453 2449
3 2467 2449 2465
3 2465 2449 2450
3 2451 2466 2450
3 2450 2466 2465
3 2466 2451 2454
3 2470 2466 2454
3 2453 2457 2455
3 2452 2453 2455
3 2468 2453 2467
3 2468 2458 2453
3 2458 2457 2453
3 2468 2472 2458
3 2454 2459 2470
3 2470 2459 2473
3 2455 2457 2456
3 2461 2456 2457
3 2461 2457 2464
3 2464 2457 2458
3 2462 2474 2460
3 2462 2458 2474
3 2462 2464 2458
3 2472 2474 2458
3 2473 2459 2460
3 2474 2473 2460
3 2461 2464 2463
3 2462 2463 2464
3 2465 2469 2467
3 2465 2466 2471
3 2469 2465 2471
3 2466 2470 2471
3 2467 2469 2468
3 2472 2468 2469
3 2472 2469 2475
3 2475 2469 2471
3 2470 2473 2475
3 2471 2470 2475
3 2472 2475 2474
3 2473 2474 2475
3 2476 2479 2480
3 2479 2476 2482
3 2477 2481 2483
3 2480 2481 2477
3 2480 2477 2476
3 2476 2477 2478
3 2485 2482 2476
3 2478 2485 2476
3 2477 2483 2484
3 2478 2477 2484
3 2486 2478 2484
3 2485 2478 2486
3 2479 2492 2493
3 2480 2479 2493
3 2492 2479 2482
3 2496 2492 2482
3 2481 2494 2499
3 2483 2481 2499
3 2493 2481 2480
3 2494 2481 2493
3 2498 2485 2487
3 2498 2496 2485
3 2496 2482 2485
3 2498 2487 2501
3 2488 2500 2504
3 2484 2488 2489
3 2484 2499 2488
3 2484 2483 2499
3 2500 2488 2499
3 2484 2490 2486
3 2489 2490 2484
3 2486 2490 2507
3 2485 2486 2507
3 2485 2507 2502
3 2485 2502 2487
3 2501 2487 2502
3 2491 2488 2504
3 2509 2491 2504
3 2510 2506 2489
3 2510 2489 2491
3 2491 2489 2488
3 2490 2489 2506
3 2508 2490 2506
3 2507 2490 2508
3 2491 2509 2511
3 2510 2491 2511
3 2495 2514 2515
3 2497 2493 2492
3 2516 2514 2495
3 2492 2496 2497
3 2494 2495 2515
3 2494 2515 2499
3 2499 2515 2519
3 2495 2518 2516
3 2495 2494 2518
3 2497 2518 2493
3 2493 2518 2494
3 2503 2521 2518
3 2498 2503 2518
3 2498 2518 2497
3 2498 2497 2496
3 2498 2501 2503
3 2500 2505 2504
3 2500 2523 2505
3 2500 2499 2523
3 2499 2519 2523
3 2502 2521 2503
3 2502 2507 2521
3 2507 2525 2521
3 2501 2502 2503
3 2505 2512 2509
3 2504 2505 2509
3 2528 2506 2523
3 2528 2513 2506
3 2523 2506 2505
3 2510 2512 2506
3 2505 2506 2512
3 2529 2506 2513
3 2529 2526 2506
3 2526 2508 2506
3 2525 2507 2508
3 2526 2525 2508
3 2509 2512 2511
3 2513 2528 2530
3 2510 2511 2512
3 2529 2513 2530
3 2514 2517 2515
3 2514 2516 2517
3 2517 2520 2519
3 2515 2517 2519
3 2516 2518 2522
3 2516 2522 2517
3 2517 2522 2520
3 2518 2521 2522
3 2520 2524 2523
3 2519 2520 2523
3 2522 2527 2520
3 2527 2524 2520
3 2521 2525 2527
3 2522 2521 2527
3 2524 2531 2528
3 2523 2524 2528
3 2526 2529 2531
3 2526 2531 2527
3 2527 2531 2524
3 2525 2526 2527
3 2528 2531 2530
3 2529 2530 2531
3 2532 2536 2538
3 2532 2533 2537
3 2536 2532 2537
3 2537 2533 2540
3 2534 2539 2542
3 2538 2539 2534
3 2538 2534 2532
3 2532 2534 2535
3 2545 2541 2533
3 2545 2533 2535
3 2535 2533 2532
3 2540 2533 2541
3 2534 2542 2543
3 2535 2534 2543
3 2546 2535 2543
3 2545 2535 2546
3 2536 2548 2550
3 2538 2536 2550
3 2537 2549 2536
3 2536 2549 2548
3 2549 2537 2540
3 2552 2549 2540
3 2539 2544 2542
3 2539 2553 2544
3 2539 2538 2553
3 2538 2550 2553
3 2541 2545 2547
3 2541 2547 2555
3 2541 2555 2540
3 2540 2555 2552
3 2542 2544 2543
3 2544 2553 2554
3 2544 2554 2543
3 2543 2554 2546
3 2547 2545 2546
3 2547 2546 2556
3 2556 2546 2554
3 2555 2547 2556
3 2548 2551 2550
3 2559 2551 2548
3 2559 2548 2558
3 2558 2548 2549
3 2558 2549 2552
3 2561 2558 2552
3 2551 2560 2562
3 2551 2562 2550
3 2550 2562 2553
3 2559 2560 2551
3 2552 2555 2561
3 2561 2555 2565
3 2557 2563 2567
3 2564 2554 2553
3 2564 2553 2562
3 2563 2557 2568
3 2556 2554 2566
3 2554 2564 2566
3 2565 2555 2556
3 2566 2565 2556
3 2557 2567 2569
3 2568 2557 2569
3 2558 2570 2571
3 2559 2558 2571
3 2570 2558 2561
3 2573 2570 2561
3 2560 2572 2574
3 2562 2560 2574
3 2571 2560 2559
3 2572 2560 2571
3 2561 2565 2573
3 2573 2565 2577
3 2563 2575 2579
3 2567 2563 2579
3 2563 2568 2580
3 2563 2580 2575
3 2564 2562 2576
3 2576 2562 2574
3 2566 2564 2578
3 2564 2576 2578
3 2577 2565 2566
3 2578 2577 2566
3 2567 2579 2581
3 2569 2567 2581
3 2580 2568 2569
3 2581 2580 2569
3 2570 2582 2583
3 2571 2570 2583
3 2582 2570 2573
3 2585 2582 2573
3 2572 2584 2586
3 2574 2572 2586
3 2583 2572 2571
3 2584 2572 2583
3 2573 2577 2585
3 2585 2577 2589
3 2575 2587 2591
3 2579 2575 2591
3 2575 2580 2592
3 2575 2592 2587
3 2576 2574 2588
3 2588 2574 2586
3 2578 2576 2590
3 2576 2588 2590
3 2589 2577 2578
3 2590 2589 2578
3 2579 2591 2593
3 2581 2579 2593
3 2592 2580 2581
3 2593 2592 2581
3 2582 2595 2596
3 2583 2582 2596
3 2595 2582 2585
3 2598 2595 2585
3 2584 2597 2599
3 2586 2584 2599
3 2596 2584 2583
3 2597 2584 2596
3 2585 2589 2598
3 2598 2589 2601
3 2587 2600 2603
3 2591 2587 2603
3 2587 2594 2600
3 2587 2592 2594
3 2600 2594 2599
3 2588 2586 2594
3 2599 2594 2586
3 2605 2588 2594
3 2605 2602 2588
3 2602 2590 2588
3 2601 2589 2590
3 2602 2601 2590
3 2591 2603 2604
3 2593 2591 2604
3 2594 2592 2593
3 2594 2593 2606
3 2606 2593 2604
3 2605 2594 2606
3 2595 2607 2608
3 2596 2595 2608
3 2607 2595 2598
3 2610 2607 2598
3 2597 2609 2611
3 2599 2597 2611
3 2608 2597 2596
3 2609 2597 2608
3 2598 2601 2610
3 2610 2601 2613
3 2600 2612 2615
3 2603 2600 2615
3 2611 2600 2599
3 2612 2600 2611
3 2602 2617 2614
3 2605 2617 2602
3 2613 2601 2602
3 2614 2613 2602
3 2603 2615 2616
3 2604 2603 2616
3 2606 2604 2618
3 2604 2616 2618
3 2617 2605 2606
3 2618 2617 2606
3 2607 2620 2621
3 2608 2607 2621
3 2620 2607 2610
3 2623 2620 2610
3 2609 2622 2624
3 2611 2609 2624
3 2621 2609 2608
3 2622 2609 2621
3 2610 2613 2623
3 2623 2613 2627
3 2612 2625 2629
3 2615 2612 2629
3 2624 2619 2611
3 2624 2626 2619
3 2611 2619 2612
3 2630 2625 2619
3 2612 2619 2625
3 2619 2614 2617
3 2619 2626 2614
3 2626 2628 2614
3 2627 2613 2614
3 2628 2627 2614
3 2615 2629 2631
3 2616 2615 2631
3 2630 2619 2618
3 2630 2618 2631
3 2631 2618 2616
3 2617 2618 2619
3 2620 2632 2633
3 2621 2620 2633
3 2632 2620 2623
3 2635 2632 2623
3 2622 2634 2636
3 2624 2622 2636
3 2633 2622 2621
3 2634 2622 2633
3 2623 2627 2635
3 2635 2627 2639
3 2625 2637 2641
3 2629 2625 2641
3 2625 2630 2642
3 2625 2642 2637
3 2626 2624 2638
3 2638 2624 2636
3 2628 2626 2640
3 2626 2638 2640
3 2639 2627 2628
3 2640 2639 2628
3 2629 2641 2643
3 2631 2629 2643
3 2642 2630 2631
3 2643 2642 2631
3 2632 2645 2646
3 2633 2632 2646
3 2645 2632 2635
3 2648 2645 2635
3 2634 2647 2650
3 2636 2634 2650
3 2646 2634 2633
3 2647 2634 2646
3 2635 2639 2648
3 2648 2639 2652
3 2637 2644 2641
3 2636 2650 2651
3 2636 2651 2638
3 2642 2644 2637
3 2640 2638 2653
3 2638 2651 2653
3 2652 2639 2640
3 2653 2652 2640
3 2641 2644 2643
3 2642 2643 2644
3 2645 2649 2646
3 2645 2648 2649
3 2647 2655 2656
3 2650 2647 2656
3 2646 2655 2647
3 2646 2654 2655
3 2646 2649 2654
3 2657 2655 2654
3 2648 2652 2654
3 2649 2648 2654
3 2650 2656 2658
3 2651 2650 2658
3 2657 2654 2653
3 2657 2653 2658
3 2658 2653 2651
3 2652 2653 2654
3 2655 2659 2656
3 2655 2657 2659
3 2656 2659 2658
3 2657 2658 2659
3 2660 2663 2664
3 2663 2660 2666
3 2661 2665 2668
3 2664 2665 2661
3 2664 2661 2660
3 2660 2661 2662
3 2670 2666 2660
3 2662 2670 2660
3 2661 2668 2669
3 2662 2661 2669
3 2671 2662 2669
3 2670 2662 2671
3 2663 2667 2664
3 2663 2666 2667
3 2665 2673 2675
3 2668 2665 2675
3 2667 2665 2664
3 2667 2674 2665
3 2674 2673 2665
3 2674 2667 2666
3 2674 2666 2676
3 2676 2666 2670
3 2672 2669 2668
3 2672 2668 2678
3 2678 2668 2675
3 2679 2669 2672
3 2679 2677 2669
3 2677 2671 2669
3 2676 2670 2671
3 2677 2676 2671
3 2672 2678 2680
3 2679 2672 2680
3 2673 2682 2684
3 2675 2673 2684
3 2674 2683 2673
3 2673 2683 2682
3 2683 2674 2676
3 2685 2683 2676
3 2675 2684 2678
3 2684 2686 2678
3 2677 2679 2681
3 2677 2681 2688
3 2677 2688 2676
3 2676 2688 2685
3 2678 2686 2687
3 2680 2678 2687
3 2681 2679 2680
3 2681 2680 2689
3 2689 2680 2687
3 2688 2681 2689
3 2682 2690 2692
3 2684 2682 2692
3 2683 2691 2682
3 2682 2691 2690
3 2691 2683 2685
3 2693 2691 2685
3 2684 2692 2686
3 2692 2694 2686
3 2685 2688 2693
3 2693 2688 2697
3 2686 2694 2696
3 2687 2686 2696
3 2689 2687 2698
3 2687 2696 2698
3 2697 2688 2689
3 2698 2697 2689
3 2690 2700 2702
3 2692 2690 2702
3 2691 2701 2690
3 2690 2701 2700
3 2701 2691 2693
3 2705 2701 2693
3 2695 2703 2706
3 2695 2702 2703
3 2695 2694 2702
3 2694 2692 2702
3 2693 2697 2705
3 2705 2697 2708
3 2695 2706 2707
3 2699 2707 2710
3 2696 2707 2699
3 2696 2695 2707
3 2696 2694 2695
3 2711 2696 2699
3 2711 2709 2696
3 2709 2698 2696
3 2708 2697 2698
3 2709 2708 2698
3 2699 2710 2712
3 2711 2699 2712
3 2700 2704 2702
3 2716 2704 2700
3 2716 2700 2714
3 2714 2700 2701
3 2714 2701 2705
3 2718 2714 2705
3 2703 2715 2719
3 2706 2703 2719
3 2704 2703 2702
3 2704 2717 2703
3 2717 2715 2703
3 2716 2717 2704
3 2705 2708 2718
3 2718 2708 2722
3 2706 2719 2720
3 2707 2706 2720
3 2720 2710 2707
3 2723 2710 2720
3 2709 2711 2713
3 2709 2713 2725
3 2709 2725 2708
3 2708 2725 2722
3 2710 2723 2724
3 2712 2710 2724
3 2713 2711 2712
3 2713 2712 2726
3 2726 2712 2724
3 2725 2713 2726
3 2714 2729 2730
3 2716 2714 2730
3 2729 2714 2718
3 2732 2729 2718
3 2715 2721 2719
3 2734 2721 2715
3 2734 2715 2731
3 2731 2715 2717
3 2730 2717 2716
3 2731 2717 2730
3 2718 2722 2732
3 2732 2722 2736
3 2719 2721 2720
3 2721 2723 2720
3 2721 2734 2723
3 2734 2738 2723
3 2722 2725 2736
3 2736 2725 2740
3 2727 2724 2723
3 2727 2723 2742
3 2742 2723 2738
3 2724 2728 2726
3 2727 2728 2724
3 2726 2728 2745
3 2726 2745 2725
3 2725 2745 2740
3 2727 2742 2743
3 2728 2727 2743
3 2746 2728 2743
3 2745 2728 2746
3 2729 2733 2730
3 2729 2732 2733
3 2731 2735 2734
3 2731 2730 2733
3 2731 2733 2735
3 2735 2733 2737
3 2732 2736 2737
3 2733 2732 2737
3 2735 2739 2738
3 2734 2735 2738
3 2737 2741 2735
3 2741 2739 2735
3 2736 2740 2741
3 2737 2736 2741
3 2739 2744 2742
3 2738 2739 2742
3 2741 2747 2739
3 2747 2744 2739
3 2740 2745 2747
3 2741 2740 2747
3 2742 2744 2743
3 2746 2743 2744
3 2747 2746 2744
3 2745 2746 2747
3 2748 2756 2758
3 2748 2749 2757
3 2756 2748 2757
3 2757 2749 2760
3 2750 2759 2761
3 2758 2759 2750
3 2758 2750 2748
3 2748 2750 2751
3 2749 2748 2752
3 2752 2748 2751
3 2763 2760 2749
3 2752 2763 2749
3 2753 2750 2761
3 2764 2753 2761
3 2751 2750 2754
3 2754 2750 2753
3 2752 2751 2755
3 2755 2751 2754
3 2768 2763 2752
3 2755 2768 2752
3 2753 2764 2765
3 2754 2753 2765
3 2767 2754 2765
3 2755 2754 2767
3 2769 2755 2767
3 2768 2755 2769
3 2756 2770 2773
3 2758 2756 2773
3 2757 2771 2756
3 2756 2771 2770
3 2771 2757 2760
3 2776 2771 2760
3 2762 2772 2777
3 2762 2761 2759
3 2762 2759 2772
3 2772 2759 2774
3 2773 2759 2758
3 2774 2759 2773
3 2760 2763 2776
3 2776 2763 2781
3 2762 2777 2778
3 2762 2764 2761
3 2762 2780 2764
3 2762 2778 2780
3 2766 2764 2780
3 2780 2782 2766
3 2763 2768 2781
3 2781 2768 2785
3 2764 2766 2765
3 2766 2782 2783
3 2766 2783 2765
3 2765 2783 2767
3 2769 2767 2786
3 2767 2783 2786
3 2785 2768 2769
3 2786 2785 2769
3 2775 2788 2792
3 2775 2773 2770
3 2775 2770 2788
3 2788 2770 2789
3 2771 2790 2770
3 2770 2790 2789
3 2790 2771 2776
3 2793 2790 2776
3 2772 2779 2777
3 2775 2792 2794
3 2775 2794 2772
3 2775 2772 2774
3 2779 2772 2794
3 2773 2775 2774
3 2776 2781 2793
3 2793 2781 2799
3 2777 2779 2778
3 2779 2794 2795
3 2779 2795 2778
3 2778 2795 2780
3 2782 2797 2784
3 2782 2780 2797
3 2780 2795 2797
3 2784 2800 2787
3 2797 2800 2784
3 2787 2800 2799
3 2787 2799 2785
3 2785 2799 2781
3 2782 2784 2783
3 2786 2783 2784
3 2787 2786 2784
3 2785 2786 2787
3 2791 2801 2803
3 2801 2791 2806
3 2788 2802 2807
3 2792 2788 2807
3 2789 2804 2788
3 2788 2804 2802
3 2803 2790 2791
3 2803 2804 2790
3 2804 2789 2790
3 2791 2790 2793
3 2791 2793 2806
3 2806 2793 2811
3 2808 2796 2794
3 2808 2794 2807
3 2807 2794 2792
3 2796 2810 2798
3 2808 2810 2796
3 2810 2812 2798
3 2793 2799 2811
3 2811 2799 2813
3 2794 2796 2795
3 2797 2795 2796
3 2798 2797 2796
3 2798 2812 2814
3 2798 2814 2797
3 2797 2814 2800
3 2813 2799 2800
3 2814 2813 2800
3 2805 2816 2819
3 2805 2803 2801
3 2805 2801 2816
3 2816 2801 2818
3 2818 2801 2806
3 2820 2818 2806
3 2802 2809 2807
3 2805 2819 2821
3 2805 2821 2802
3 2805 2802 2804
3 2809 2802 2821
3 2803 2805 2804
3 2806 2811 2820
3 2820 2811 2824
3 2807 2809 2808
3 2809 2821 2822
3 2809 2822 2808
3 2808 2822 2810
3 2812 2825 2815
3 2812 2810 2825
3 2810 2822 2825
3 2815 2825 2824
3 2815 2824 2813
3 2813 2824 2811
3 2812 2815 2814
3 2813 2814 2815
3 2817 2827 2828
3 2827 2817 2829
3 2816 2817 2828
3 2816 2828 2819
3 2819 2828 2832
3 2817 2831 2829
3 2817 2816 2831
3 2816 2818 2831
3 2831 2818 2820
3 2835 2831 2820
3 2833 2823 2821
3 2833 2821 2832
3 2832 2821 2819
3 2823 2836 2826
3 2833 2836 2823
3 2826 2836 2835
3 2826 2835 2824
3 2824 2835 2820
3 2821 2823 2822
3 2825 2822 2823
3 2826 2825 2823
3 2824 2825 2826
3 2827 2830 2828
3 2827 2829 2830
3 2830 2834 2832
3 2828 2830 2832
3 2829 2831 2837
3 2829 2837 2830
3 2830 2837 2834
3 2831 2835 2837
3 2832 2834 2833
3 2836 2833 2834
3 2837 2836 2834
3 2835 2836 2837
3 2838 2842 2844
3 2838 2839 2843
3 2842 2838 2843
3 2843 2839 2845
3 2840 2838 2844
3 2846 2840 2844
3 2839 2838 2841
3 2841 2838 2840
3 2849 2845 2839
3 2841 2849 2839
3 2840 2846 2847
3 2841 2840 2847
3 2850 2841 2847
3 2849 2841 2850
3 2842 2852 2854
3 2844 2842 2854
3 2843 2853 2842
3 2842 2853 2852
3 2853 2843 2845
3 2857 2853 2845
3 2855 2848 2846
3 2855 2846 2854
3 2854 2846 2844
3 2855 2859 2848
3 2845 2849 2857
3 2857 2849 2860
3 2846 2848 2847
3 2848 2850 2847
3 2848 2862 2850
3 2848 2859 2862
3 2862 2851 2850
3 2850 2851 2863
3 2850 2863 2849
3 2849 2863 2860
3 2851 2862 2864
3 2863 2851 2864
3 2852 2856 2854
3 2852 2853 2858
3 2856 2852 2858
3 2853 2857 2858
3 2854 2856 2855
3 2859 2855 2856
3 2859 2856 2861
3 2861 2856 2858
3 2857 2860 2861
3 2858 2857 2861
3 2861 2865 2862
3 2859 2861 2862
3 2860 2863 2865
3 2861 2860 2865
3 2862 2865 2864
3 2863 2864 2865
3 2866 2871 2875
3 2871 2866 2876
3 2867 2866 2875
3 2880 2867 2875
3 2877 2876 2866
3 2877 2866 2868
3 2868 2866 2867
3 2877 2868 2882
3 2869 2867 2880
3 2885 2869 2880
3 2886 2883 2868
3 2886 2868 2869
3 2869 2868 2867
3 2882 2868 2883
3 2869 2885 2887
3 2886 2869 2887
3 2870 2888 2889
3 2888 2870 2891
3 2872 2890 2893
3 2889 2890 2872
3 2889 2872 2870
3 2870 2872 2873
3 2892 2891 2870
3 2892 2870 2874
3 2874 2870 2873
3 2892 2874 2894
3 2871 2872 2893
3 2871 2893 2875
3 2875 2893 2895
3 2876 2872 2871
3 2876 2878 2872
3 2878 2873 2872
3 2874 2873 2879
3 2879 2873 2878
3 2897 2894 2874
3 2879 2897 2874
3 2881 2896 2898
3 2881 2895 2896
3 2881 2880 2895
3 2880 2875 2895
3 2876 2877 2878
3 2882 2878 2877
3 2882 2884 2878
3 2884 2879 2878
3 2903 2897 2879
3 2884 2903 2879
3 2881 2898 2899
3 2899 2880 2881
3 2899 2906 2880
3 2906 2885 2880
3 2883 2907 2901
3 2886 2907 2883
3 2884 2882 2883
3 2884 2883 2904
3 2904 2883 2901
3 2903 2884 2904
3 2885 2906 2908
3 2887 2885 2908
3 2907 2886 2887
3 2908 2907 2887
3 2888 2910 2912
3 2889 2888 2912
3 2910 2888 2891
3 2915 2910 2891
3 2890 2913 2917
3 2893 2890 2917
3 2912 2890 2889
3 2913 2890 2912
3 2891 2916 2915
3 2892 2916 2891
3 2916 2892 2894
3 2918 2916 2894
3 2893 2917 2895
3 2917 2919 2895
3 2894 2897 2918
3 2918 2897 2921
3 2896 2900 2898
3 2896 2924 2900
3 2896 2895 2924
3 2895 2919 2924
3 2902 2925 2920
3 2902 2922 2905
3 2920 2922 2902
3 2905 2922 2921
3 2905 2921 2903
3 2903 2921 2897
3 2898 2900 2899
3 2906 2926 2909
3 2899 2926 2906
3 2899 2924 2926
3 2899 2900 2924
3 2925 2909 2926
3 2902 2909 2925
3 2902 2907 2909
3 2902 2901 2907
3 2904 2901 2902
3 2905 2904 2902
3 2903 2904 2905
3 2906 2909 2908
3 2907 2908 2909
3 2911 2927 2928
3 2927 2911 2930
3 2914 2929 2932
3 2928 2929 2914
3 2911 2928 2914
3 2911 2914 2912
3 2911 2912 2910
3 2911 2910 2915
3 2911 2915 2930
3 2930 2915 2933
3 2913 2914 2932
3 2913 2932 2917
3 2917 2932 2936
3 2912 2914 2913
3 2915 2934 2933
3 2916 2934 2915
3 2934 2916 2918
3 2937 2934 2918
3 2917 2936 2919
3 2936 2940 2919
3 2923 2942 2938
3 2923 2938 2937
3 2923 2937 2921
3 2921 2937 2918
3 2919 2940 2924
3 2940 2945 2924
3 2920 2946 2943
3 2925 2946 2920
3 2942 2923 2922
3 2942 2922 2943
3 2943 2922 2920
3 2921 2922 2923
3 2924 2945 2947
3 2926 2924 2947
3 2946 2925 2926
3 2947 2946 2926
3 2927 2949 2952
3 2928 2927 2952
3 2930 2931 2950
3 2930 2950 2927
3 2927 2950 2949
3 2950 2931 2954
3 2929 2953 2955
3 2932 2929 2955
3 2952 2929 2928
3 2953 2929 2952
3 2931 2933 2935
3 2930 2933 2931
3 2958 2954 2931
3 2935 2958 2931
3 2932 2955 2936
3 2955 2961 2936
3 2939 2933 2934
3 2939 2964 2933
3 2935 2933 2959
3 2959 2933 2964
3 2935 2959 2958
3 2934 2937 2939
3 2962 2941 2940
3 2962 2940 2961
3 2961 2940 2936
3 2941 2965 2944
3 2962 2965 2941
3 2964 2944 2965
3 2939 2944 2964
3 2939 2942 2944
3 2939 2938 2942
3 2937 2938 2939
3 2941 2948 2945
3 2940 2941 2945
3 2943 2946 2948
3 2943 2948 2944
3 2944 2948 2941
3 2942 2943 2944
3 2945 2948 2947
3 2946 2947 2948
3 2951 2967 2968
3 2967 2951 2970
3 2949 2969 2972
3 2952 2949 2972
3 2968 2950 2951
3 2968 2969 2950
3 2969 2949 2950
3 2951 2950 2954
3 2951 2954 2970
3 2970 2954 2975
3 2953 2956 2955
3 2973 2952 2972
3 2973 2956 2952
3 2973 2957 2956
3 2956 2953 2952
3 2957 2976 2960
3 2973 2976 2957
3 2960 2976 2975
3 2960 2975 2958
3 2958 2975 2954
3 2956 2963 2961
3 2955 2956 2961
3 2957 2966 2956
3 2966 2963 2956
3 2959 2964 2966
3 2959 2966 2960
3 2960 2966 2957
3 2958 2959 2960
3 2961 2963 2962
3 2965 2962 2963
3 2966 2965 2963
3 2964 2965 2966
3 2967 2971 2968
3 2967 2970 2971
3 2969 2974 2972
3 2969 2968 2971
3 2969 2971 2974
3 2974 2971 2977
3 2970 2975 2977
3 2971 2970 2977
3 2972 2974 2973
3 2976 2973 2974
3 2977 2976 2974
3 2975 2976 2977
3 2978 2980 2983
3 2980 2978 2984
3 2978 2983 2985
3 2984 2978 2985
3 2979 2989 2991
3 2989 2979 2992
3 2981 2979 2991
3 2995 2981 2991
3 2993 2992 2979
3 2993 2979 2982
3 2982 2979 2981
3 2993 2982 2998
3 2980 2986 2983
3 2981 2995 2996
3 2984 2986 2980
3 2987 2981 2999
3 2987 2982 2981
3 2981 2996 2999
3 3000 2998 2982
3 2987 3000 2982
3 2983 2986 2985
3 2999 3001 2988
3 2999 2988 2987
3 2984 2985 2986
3 3002 3000 2987
3 2988 3002 2987
3 2988 3001 3003
3 3002 2988 3003
3 2990 3005 3006
3 3005 2990 3007
3 2989 2990 3006
3 2989 3006 2991
3 2991 3006 3010
3 2992 2994 3008
3 2989 2992 3008
3 2989 3008 3007
3 2989 3007 2990
3 3008 2994 3013
3 3011 2997 2995
3 3011 2995 3010
3 3010 2995 2991
3 2992 2993 2994
3 2997 3011 3014
3 2994 2993 2998
3 2994 2998 3013
3 3013 2998 3015
3 2995 2997 2996
3 2997 2999 2996
3 2997 3014 2999
3 3014 3016 2999
3 2998 3000 3015
3 3015 3000 3017
3 3018 3004 3001
3 3018 3001 3016
3 3016 3001 2999
3 3004 3018 3017
3 3004 3017 3002
3 3002 3017 3000
3 3001 3004 3003
3 3002 3003 3004
3 3005 3020 3023
3 3006 3005 3023
3 3007 3009 3021
3 3007 3021 3005
3 3005 3021 3020
3 3021 3009 3026
3 3024 3012 3010
3 3024 3010 3023
3 3023 3010 3006
3 3007 3008 3009
3 3012 3024 3027
3 3009 3008 3013
3 3009 3013 3026
3 3026 3013 3028
3 3010 3012 3011
3 3012 3014 3011
3 3012 3027 3014
3 3027 3030 3014
3 3013 3015 3028
3 3028 3015 3031
3 3032 3019 3016
3 3032 3016 3030
3 3030 3016 3014
3 3019 3032 3031
3 3019 3031 3017
3 3017 3031 3015
3 3016 3019 3018
3 3017 3018 3019
3 3022 3034 3035
3 3034 3022 3036
3 3020 3025 3023
3 3022 3035 3038
3 3022 3038 3020
3 3022 3020 3021
3 3025 3020 3038
3 3022 3021 3026
3 3022 3026 3036
3 3036 3026 3039
3 3023 3025 3024
3 3027 3040 3029
3 3024 3040 3027
3 3024 3038 3040
3 3024 3025 3038
3 3029 3040 3039
3 3029 3039 3028
3 3028 3039 3026
3 3029 3033 3030
3 3027 3029 3030
3 3028 3031 3033
3 3029 3028 3033
3 3030 3033 3032
3 3031 3032 3033
3 3034 3037 3035
3 3034 3036 3037
3 3037 3041 3038
3 3035 3037 3038
3 3036 3039 3041
3 3037 3036 3041
3 3038 3041 3040
3 3039 3040 3041
3 3042 3046 3048
3 3046 3042 3049
3 3043 3042 3048
3 3050 3043 3048
3 3051 3049 3042
3 3043 3051 3042
3 3044 3043 3050
3 3053 3044 3050
3 3054 3051 3043
3 3044 3054 3043
3 3044 3053 3055
3 3054 3044 3055
3 3045 3058 3062
3 3045 3047 3060
3 3058 3045 3060
3 3060 3047 3064
3 3045 3062 3063
3 3046 3065 3048
3 3046 3045 3065
3 3046 3047 3045
3 3045 3063 3065
3 3047 3046 3049
3 3047 3049 3064
3 3064 3049 3066
3 3048 3065 3050
3 3065 3069 3050
3 3067 3051 3052
3 3067 3066 3051
3 3066 3049 3051
3 3067 3052 3072
3 3070 3056 3053
3 3070 3053 3069
3 3069 3053 3050
3 3054 3070 3051
3 3054 3056 3070
3 3051 3070 3052
3 3073 3057 3070
3 3052 3070 3057
3 3074 3072 3052
3 3057 3074 3052
3 3053 3056 3055
3 3057 3073 3075
3 3054 3055 3056
3 3074 3057 3075
3 3059 3077 3080
3 3059 3061 3078
3 3077 3059 3078
3 3078 3061 3082
3 3058 3059 3080
3 3058 3080 3062
3 3062 3080 3083
3 3060 3059 3058
3 3061 3059 3060
3 3061 3060 3064
3 3061 3064 3082
3 3082 3064 3086
3 3062 3083 3084
3 3063 3062 3084
3 3084 3065 3063
3 3089 3065 3084
3 3087 3066 3068
3 3087 3086 3066
3 3086 3064 3066
3 3087 3068 3092
3 3090 3071 3069
3 3090 3069 3089
3 3089 3069 3065
3 3066 3067 3068
3 3071 3090 3094
3 3068 3067 3072
3 3068 3072 3092
3 3092 3072 3095
3 3069 3071 3070
3 3073 3096 3076
3 3070 3096 3073
3 3070 3094 3096
3 3070 3071 3094
3 3076 3096 3095
3 3076 3095 3074
3 3074 3095 3072
3 3073 3076 3075
3 3074 3075 3076
3 3079 3098 3099
3 3098 3079 3100
3 3077 3081 3080
3 3079 3099 3101
3 3079 3101 3077
3 3079 3077 3078
3 3081 3077 3101
3 3079 3078 3082
3 3079 3082 3100
3 3100 3082 3102
3 3081 3085 3083
3 3080 3081 3083
3 3105 3081 3101
3 3085 3081 3105
3 3103 3086 3088
3 3103 3102 3086
3 3102 3082 3086
3 3103 3088 3108
3 3083 3085 3084
3 3089 3106 3091
3 3084 3106 3089
3 3084 3105 3106
3 3084 3085 3105
3 3109 3086 3106
3 3109 3088 3086
3 3106 3086 3091
3 3087 3093 3086
3 3091 3086 3093
3 3088 3109 3108
3 3087 3092 3093
3 3089 3091 3090
3 3094 3090 3091
3 3094 3091 3097
3 3097 3091 3093
3 3092 3095 3097
3 3093 3092 3097
3 3094 3097 3096
3 3095 3096 3097
3 3098 3111 3112
3 3099 3098 3112
3 3111 3098 3100
3 3113 3111 3100
3 3099 3112 3101
3 3112 3116 3101
3 3115 3102 3104
3 3115 3113 3102
3 3113 3100 3102
3 3115 3104 3119
3 3117 3107 3105
3 3117 3105 3116
3 3116 3105 3101
3 3120 3102 3117
3 3120 3104 3102
3 3117 3102 3107
3 3103 3110 3102
3 3107 3102 3110
3 3104 3120 3119
3 3103 3108 3110
3 3105 3107 3106
3 3109 3106 3107
3 3110 3109 3107
3 3108 3109 3110
3 3111 3114 3112
3 3111 3113 3114
3 3114 3118 3116
3 3112 3114 3116
3 3113 3115 3121
3 3113 3121 3114
3 3114 3121 3118
3 3115 3119 3121
3 3116 3118 3117
3 3120 3117 3118
3 3121 3120 3118
3 3119 3120 3121
3 3122 3124 3125
3 3124 3122 3128
3 3123 3126 3130
3 3125 3129 3122
3 3126 3123 3132
3 3128 3122 3129
3 3123 3130 3133
3 3132 3123 3133
3 3127 3134 3139
3 3127 3125 3124
3 3127 3124 3134
3 3134 3124 3135
3 3135 3124 3128
3 3141 3135 3128
3 3131 3140 3144
3 3139 3140 3131
3 3127 3139 3131
3 3127 3131 3130
3 3127 3130 3126
3 3129 3127 3142
3 3129 3125 3127
3 3142 3127 3147
3 3126 3132 3127
3 3147 3127 3132
3 3141 3128 3129
3 3142 3141 3129
3 3131 3144 3145
3 3130 3131 3145
3 3130 3145 3133
3 3133 3145 3148
3 3147 3132 3133
3 3148 3147 3133
3 3136 3151 3156
3 3136 3137 3152
3 3151 3136 3152
3 3137 3138 3153
3 3152 3137 3153
3 3153 3138 3158
3 3134 3157 3160
3 3139 3134 3160
3 3156 3135 3136
3 3156 3157 3135
3 3157 3134 3135
3 3141 3136 3135
3 3141 3143 3136
3 3143 3137 3136
3 3162 3159 3138
3 3162 3138 3143
3 3143 3138 3137
3 3158 3138 3159
3 3140 3146 3144
3 3140 3164 3146
3 3140 3139 3164
3 3139 3160 3164
3 3142 3165 3161
3 3147 3165 3142
3 3143 3141 3142
3 3143 3142 3163
3 3163 3142 3161
3 3162 3143 3163
3 3144 3146 3145
3 3146 3164 3166
3 3146 3166 3145
3 3145 3166 3148
3 3165 3147 3148
3 3166 3165 3148
3 3149 3168 3171
3 3149 3150 3169
3 3168 3149 3169
3 3169 3150 3173
3 3154 3172 3176
3 3171 3172 3154
3 3171 3154 3149
3 3149 3154 3155
3 3179 3174 3150
3 3179 3150 3155
3 3155 3150 3149
3 3173 3150 3174
3 3151 3175 3181
3 3156 3151 3181
3 3152 3177 3151
3 3151 3177 3175
3 3176 3153 3154
3 3176 3177 3153
3 3177 3152 3153
3 3180 3155 3154
3 3180 3154 3158
3 3180 3158 3183
3 3153 3158 3154
3 3179 3155 3180
3 3157 3182 3185
3 3160 3157 3185
3 3181 3157 3156
3 3182 3157 3181
3 3159 3190 3184
3 3162 3190 3159
3 3183 3158 3159
3 3184 3183 3159
3 3186 3167 3164
3 3186 3164 3185
3 3185 3164 3160
3 3167 3161 3165
3 3167 3186 3161
3 3186 3188 3161
3 3163 3161 3191
3 3161 3188 3191
3 3190 3162 3163
3 3191 3190 3163
3 3164 3167 3166
3 3165 3166 3167
3 3170 3192 3193
3 3192 3170 3196
3 3168 3194 3198
3 3171 3168 3198
3 3193 3169 3170
3 3193 3194 3169
3 3194 3168 3169
3 3170 3169 3173
3 3170 3173 3196
3 3196 3173 3201
3 3178 3197 3203
3 3178 3176 3172
3 3178 3172 3197
3 3197 3172 3199
3 3198 3172 3171
3 3199 3172 3198
3 3174 3206 3202
3 3179 3206 3174
3 3201 3173 3174
3 3202 3201 3174
3 3175 3204 3208
3 3181 3175 3208
3 3203 3177 3178
3 3203 3204 3177
3 3204 3175 3177
3 3176 3178 3177
3 3180 3212 3207
3 3183 3212 3180
3 3206 3179 3180
3 3207 3206 3180
3 3182 3187 3185
3 3209 3181 3208
3 3209 3187 3181
3 3209 3189 3187
3 3187 3182 3181
3 3209 3214 3189
3 3184 3215 3213
3 3190 3215 3184
3 3212 3183 3184
3 3213 3212 3184
3 3185 3187 3186
3 3188 3186 3187
3 3189 3188 3187
3 3189 3214 3216
3 3189 3216 3188
3 3188 3216 3191
3 3215 3190 3191
3 3216 3215 3191
3 3195 3218 3221
3 3195 3193 3192
3 3195 3192 3218
3 3218 3192 3219
3 3219 3192 3196
3 3223 3219 3196
3 3200 3222 3224
3 3221 3222 3200
3 3195 3221 3200
3 3195 3200 3198
3 3195 3198 3194
3 3193 3195 3194
3 3196 3201 3223
3 3223 3201 3226
3 3197 3205 3203
3 3200 3224 3228
3 3200 3228 3197
3 3200 3197 3199
3 3205 3197 3228
3 3198 3200 3199
3 3202 3230 3227
3 3206 3230 3202
3 3226 3201 3202
3 3227 3226 3202
3 3204 3210 3208
3 3204 3203 3205
3 3204 3205 3210
3 3210 3205 3211
3 3233 3205 3228
3 3211 3205 3233
3 3207 3234 3231
3 3212 3234 3207
3 3230 3206 3207
3 3231 3230 3207
3 3208 3210 3209
3 3214 3209 3210
3 3214 3210 3217
3 3217 3210 3211
3 3215 3235 3213
3 3215 3211 3235
3 3215 3217 3211
3 3233 3235 3211
3 3234 3212 3213
3 3235 3234 3213
3 3214 3217 3216
3 3215 3216 3217
3 3220 3237 3238
3 3237 3220 3240
3 3218 3239 3241
3 3221 3218 3241
3 3238 3219 3220
3 3238 3239 3219
3 3239 3218 3219
3 3220 3219 3223
3 3220 3223 3240
3 3240 3223 3243
3 3222 3225 3224
3 3222 3244 3225
3 3222 3221 3244
3 3221 3241 3244
3 3223 3226 3243
3 3243 3226 3247
3 3225 3229 3228
3 3224 3225 3228
3 3245 3225 3244
3 3245 3232 3225
3 3232 3229 3225
3 3232 3227 3230
3 3232 3245 3227
3 3245 3248 3227
3 3247 3226 3227
3 3248 3247 3227
3 3229 3236 3233
3 3228 3229 3233
3 3231 3234 3236
3 3231 3236 3232
3 3232 3236 3229
3 3230 3231 3232
3 3233 3236 3235
3 3234 3235 3236
3 3237 3250 3251
3 3238 3237 3251
3 3250 3237 3240
3 3252 3250 3240
3 3239 3242 3241
3 3239 3254 3242
3 3239 3238 3254
3 3238 3251 3254
3 3240 3243 3252
3 3252 3243 3255
3 3242 3246 3244
3 3241 3242 3244
3 3256 3242 3254
3 3256 3249 3242
3 3249 3246 3242
3 3249 3256 3255
3 3249 3255 3247
3 3247 3255 3243
3 3244 3246 3245
3 3248 3245 3246
3 3249 3248 3246
3 3247 3248 3249
3 3250 3253 3251
3 3250 3252 3253
3 3253 3257 3254
3 3251 3253 3254
3 3252 3255 3257
3 3253 3252 3257
3 3254 3257 3256
3 3255 3256 3257
3 3258 3263 3265
3 3263 3258 3267
3 3259 3264 3268
3 3259 3260 3266
3 3264 3259 3266
3 3265 3266 3260
3 3265 3260 3258
3 3258 3260 3261
3 3270 3267 3258
3 3261 3270 3258
3 3259 3268 3269
3 3269 3272 3262
3 3269 3262 3259
3 3259 3262 3260
3 3273 3271 3261
3 3273 3261 3262
3 3262 3261 3260
3 3270 3261 3271
3 3262 3272 3274
3 3273 3262 3274
3 3263 3275 3277
3 3265 3263 3277
3 3275 3263 3267
3 3279 3275 3267
3 3264 3276 3281
3 3268 3264 3281
3 3266 3278 3264
3 3264 3278 3276
3 3277 3266 3265
3 3278 3266 3277
3 3267 3270 3279
3 3279 3270 3283
3 3268 3281 3282
3 3269 3268 3282
3 3282 3272 3269
3 3285 3272 3282
3 3271 3286 3284
3 3273 3286 3271
3 3283 3270 3271
3 3284 3283 3271
3 3272 3285 3287
3 3274 3272 3287
3 3286 3273 3274
3 3287 3286 3274
3 3275 3280 3277
3 3275 3279 3280
3 3276 3288 3291
3 3281 3276 3291
3 3278 3289 3276
3 3276 3289 3288
3 3280 3278 3277
3 3280 3290 3278
3 3290 3289 3278
3 3290 3280 3279
3 3290 3279 3294
3 3294 3279 3283
3 3281 3291 3292
3 3282 3281 3292
3 3292 3285 3282
3 3296 3285 3292
3 3284 3297 3295
3 3286 3297 3284
3 3294 3283 3284
3 3295 3294 3284
3 3285 3296 3298
3 3287 3285 3298
3 3297 3286 3287
3 3298 3297 3287
3 3288 3293 3291
3 3303 3293 3288
3 3303 3288 3300
3 3300 3288 3289
3 3290 3301 3289
3 3289 3301 3300
3 3301 3290 3294
3 3304 3301 3294
3 3291 3293 3292
3 3293 3296 3292
3 3293 3303 3296
3 3303 3306 3296
3 3295 3297 3299
3 3295 3299 3309
3 3295 3309 3294
3 3294 3309 3304
3 3296 3306 3307
3 3298 3296 3307
3 3299 3297 3298
3 3299 3298 3310
3 3310 3298 3307
3 3309 3299 3310
3 3302 3311 3313
3 3311 3302 3315
3 3300 3312 3316
3 3303 3300 3316
3 3301 3314 3300
3 3300 3314 3312
3 3304 3305 3302
3 3304 3302 3314
3 3304 3314 3301
3 3314 3302 3313
3 3318 3315 3302
3 3305 3318 3302
3 3317 3308 3306
3 3317 3306 3316
3 3316 3306 3303
3 3317 3320 3308
3 3305 3321 3319
3 3305 3304 3321
3 3304 3309 3321
3 3318 3305 3319
3 3306 3308 3307
3 3308 3320 3322
3 3308 3322 3307
3 3307 3322 3310
3 3321 3309 3310
3 3322 3321 3310
3 3311 3323 3325
3 3313 3311 3325
3 3323 3311 3315
3 3327 3323 3315
3 3312 3324 3328
3 3316 3312 3328
3 3314 3326 3312
3 3312 3326 3324
3 3325 3314 3313
3 3326 3314 3325
3 3315 3318 3327
3 3327 3318 3331
3 3316 3328 3329
3 3317 3316 3329
3 3329 3320 3317
3 3333 3320 3329
3 3319 3334 3332
3 3321 3334 3319
3 3331 3318 3319
3 3332 3331 3319
3 3320 3333 3335
3 3322 3320 3335
3 3334 3321 3322
3 3335 3334 3322
3 3323 3337 3338
3 3325 3323 3338
3 3337 3323 3327
3 3340 3337 3327
3 3324 3330 3328
3 3342 3330 3324
3 3342 3324 3339
3 3339 3324 3326
3 3338 3326 3325
3 3339 3326 3338
3 3327 3331 3340
3 3340 3331 3344
3 3328 3330 3329
3 3333 3343 3336
3 3329 3343 3333
3 3329 3342 3343
3 3329 3330 3342
3 3336 3332 3334
3 3336 3343 3332
3 3343 3345 3332
3 3344 3331 3332
3 3345 3344 3332
3 3333 3336 3335
3 3334 3335 3336
3 3337 3341 3338
3 3337 3340 3341
3 3339 3346 3348
3 3342 3339 3348
3 3341 3339 3338
3 3341 3347 3339
3 3347 3346 3339
3 3347 3341 3340
3 3347 3340 3351
3 3351 3340 3344
3 3342 3348 3349
3 3343 3342 3349
3 3345 3343 3352
3 3343 3349 3352
3 3351 3344 3345
3 3352 3351 3345
3 3346 3350 3348
3 3346 3347 3353
3 3350 3346 3353
3 3347 3351 3353
3 3348 3350 3349
3 3352 3349 3350
3 3353 3352 3350
3 3351 3352 3353
3 3354 3355 3357
3 3355 3354 3359
3 3354 3357 3360
3 3359 3354 3360
3 3356 3362 3365
3 3362 3356 3367
3 3358 3364 3369
3 3358 3357 3355
3 3358 3355 3364
3 3364 3355 3366
3 3359 3361 3356
3 3359 3356 3366
3 3359 3366 3355
3 3366 3356 3365
3 3373 3367 3356
3 3361 3373 3356
3 3358 3369 3370
3 3357 3358 3370
3 3357 3370 3360
3 3360 3370 3372
3 3361 3359 3360
3 3361 3360 3374
3 3374 3360 3372
3 3373 3361 3374
3 3363 3375 3380
3 3375 3363 3382
3 3362 3378 3385
3 3365 3362 3385
3 3367 3368 3379
3 3367 3379 3362
3 3362 3379 3378
3 3379 3368 3387
3 3363 3380 3383
3 3382 3363 3383
3 3364 3371 3369
3 3390 3371 3364
3 3390 3364 3386
3 3386 3364 3366
3 3385 3366 3365
3 3386 3366 3385
3 3368 3393 3388
3 3368 3367 3393
3 3367 3373 3393
3 3387 3368 3388
3 3369 3371 3370
3 3371 3390 3391
3 3371 3391 3370
3 3370 3391 3372
3 3374 3372 3394
3 3372 3391 3394
3 3393 3373 3374
3 3394 3393 3374
3 3376 3396 3398
3 3376 3377 3397
3 3396 3376 3397
3 3397 3377 3400
3 3381 3399 3402
3 3398 3399 3381
3 3376 3398 3381
3 3376 3381 3380
3 3376 3380 3375
3 3382 3376 3375
3 3382 3384 3376
3 3384 3377 3376
3 3405 3400 3377
3 3384 3405 3377
3 3378 3401 3408
3 3385 3378 3408
3 3379 3403 3378
3 3378 3403 3401
3 3387 3389 3381
3 3387 3381 3403
3 3387 3403 3379
3 3403 3381 3402
3 3380 3381 3389
3 3380 3389 3404
3 3380 3404 3383
3 3404 3389 3412
3 3384 3382 3383
3 3384 3383 3406
3 3406 3383 3404
3 3405 3384 3406
3 3386 3392 3390
3 3409 3385 3408
3 3409 3392 3385
3 3409 3395 3392
3 3392 3386 3385
3 3395 3388 3393
3 3395 3409 3388
3 3409 3411 3388
3 3389 3387 3388
3 3389 3388 3413
3 3413 3388 3411
3 3412 3389 3413
3 3390 3392 3391
3 3394 3391 3392
3 3395 3394 3392
3 3393 3394 3395
3 3396 3414 3416
3 3398 3396 3416
3 3397 3415 3396
3 3396 3415 3414
3 3415 3397 3400
3 3418 3415 3400
3 3399 3417 3420
3 3402 3399 3420
3 3416 3399 3398
3 3417 3399 3416
3 3407 3423 3419
3 3407 3419 3418
3 3407 3418 3405
3 3405 3418 3400
3 3401 3410 3408
3 3425 3410 3401
3 3425 3401 3421
3 3421 3401 3403
3 3420 3403 3402
3 3421 3403 3420
3 3404 3428 3424
3 3412 3428 3404
3 3423 3407 3406
3 3423 3406 3424
3 3424 3406 3404
3 3405 3406 3407
3 3408 3410 3409
3 3410 3425 3426
3 3410 3426 3409
3 3409 3426 3411
3 3413 3411 3429
3 3411 3426 3429
3 3428 3412 3413
3 3429 3428 3413
3 3414 3431 3433
3 3416 3414 3433
3 3415 3432 3414
3 3414 3432 3431
3 3432 3415 3418
3 3435 3432 3418
3 3417 3422 3420
3 3417 3438 3422
3 3417 3416 3438
3 3416 3433 3438
3 3419 3439 3436
3 3423 3439 3419
3 3435 3418 3419
3 3436 3435 3419
3 3421 3427 3425
3 3421 3420 3422
3 3421 3422 3427
3 3427 3422 3430
3 3428 3440 3424
3 3428 3422 3440
3 3428 3430 3422
3 3438 3440 3422
3 3439 3423 3424
3 3440 3439 3424
3 3425 3427 3426
3 3429 3426 3427
3 3430 3429 3427
3 3428 3429 3430
3 3431 3434 3433
3 3431 3432 3437
3 3434 3431 3437
3 3432 3435 3437
3 3434 3441 3438
3 3433 3434 3438
3 3436 3439 3441
3 3436 3441 3437
3 3437 3441 3434
3 3435 3436 3437
3 3438 3441 3440
3 3439 3440 3441
3 3442 3444 3446
3 3444 3442 3448
3 3443 3447 3450
3 3446 3449 3442
3 3447 3443 3451
3 3448 3442 3449
3 3443 3450 3452
3 3451 3443 3452
3 3445 3454 3455
3 3454 3445 3457
3 3444 3456 3459
3 3446 3444 3459
3 3456 3444 3448
3 3456 3448 3460
3 3458 3445 3455
3 3457 3445 3458
3 3447 3453 3450
3 3446 3459 3461
3 3446 3461 3449
3 3451 3453 3447
3 3460 3448 3449
3 3461 3460 3449
3 3450 3453 3452
3 3451 3452 3453
3 3454 3462 3463
3 3455 3454 3463
3 3462 3454 3457
3 3465 3462 3457
3 3456 3464 3467
3 3459 3456 3467
3 3456 3460 3468
3 3456 3468 3464
3 3458 3455 3466
3 3466 3455 3463
3 3465 3457 3458
3 3466 3465 3458
3 3459 3467 3469
3 3461 3459 3469
3 3468 3460 3461
3 3469 3468 3461
3 3462 3470 3471
3 3463 3462 3471
3 3470 3462 3465
3 3473 3470 3465
3 3464 3472 3475
3 3467 3464 3475
3 3464 3468 3476
3 3464 3476 3472
3 3466 3463 3474
3 3474 3463 3471
3 3473 3465 3466
3 3474 3473 3466
3 3467 3475 3477
3 3469 3467 3477
3 3476 3468 3469
3 3477 3476 3469
3 3470 3479 3481
3 3471 3470 3481
3 3479 3470 3473
3 3483 3479 3473
3 3472 3478 3475
3 3471 3481 3484
3 3471 3484 3474
3 3476 3478 3472
3 3483 3473 3474
3 3484 3483 3474
3 3475 3478 3477
3 3476 3477 3478
3 3480 3485 3486
3 3485 3480 3488
3 3482 3487 3490
3 3486 3487 3482
3 3480 3486 3482
3 3480 3482 3481
3 3480 3481 3479
3 3480 3479 3483
3 3480 3483 3488
3 3488 3483 3492
3 3482 3490 3491
3 3481 3482 3491
3 3481 3491 3484
3 3484 3491 3493
3 3492 3483 3484
3 3493 3492 3484
3 3485 3489 3486
3 3485 3488 3489
3 3487 3495 3496
3 3490 3487 3496
3 3486 3495 3487
3 3486 3494 3495
3 3486 3489 3494
3 3497 3495 3494
3 3488 3492 3494
3 3489 3488 3494
3 3490 3496 3498
3 3491 3490 3498
3 3497 3494 3493
3 3497 3493 3498
3 3498 3493 3491
3 3492 3493 3494
3 3495 3499 3500
3 3496 3495 3500
3 3499 3495 3497
3 3501 3499 3497
3 3496 3500 3502
3 3498 3496 3502
3 3501 3497 3498
3 3502 3501 3498
3 3499 3503 3504
3 3500 3499 3504
3 3503 3499 3501
3 3505 3503 3501
3 3500 3504 3506
3 3502 3500 3506
3 3505 3501 3502
3 3506 3505 3502
3 3503 3507 3504
3 3505 3507 3503
3 3508 3510 3511
3 3510 3508 3512
3 3504 3507 3506
3 3511 3513 3509
3 3511 3509 3508
3 3505 3506 3507
3 3514 3512 3508
3 3509 3514 3508
3 3509 3513 3515
3 3514 3509 3515
3 3510 3516 3517
3 3511 3510 3517
3 3516 3510 3512
3 3518 3516 3512
3 3511 3517 3513
3 3517 3519 3513
3 3512 3514 3518
3 3518 3514 3520
3 3513 3519 3521
3 3515 3513 3521
3 3520 3514 3515
3 3521 3520 3515
3 3516 3522 3523
3 3517 3516 3523
3 3522 3516 3518
3 3524 3522 3518
3 3517 3523 3519
3 3523 3525 3519
3 3518 3520 3524
3 3524 3520 3526
3 3519 3525 3527
3 3521 3519 3527
3 3526 3520 3521
3 3527 3526 3521
3 3522 3529 3530
3 3523 3522 3530
3 3529 3522 3524
3 3531 3529 3524
3 3532 3528 3525
3 3532 3525 3530
3 3530 3525 3523
3 3528 3532 3531
3 3528 3531 3526
3 3526 3531 3524
3 3525 3528 3527
3 3526 3527 3528
3 3529 3533 3530
3 3529 3531 3533
3 3530 3533 3532
3 3531 3532 3533
3 3534 3539 3543
3 3539 3534 3546
3 3535 3542 3548
3 3535 3536 3544
3 3542 3535 3544
3 3543 3547 3534
3 3544 3536 3550
3 3546 3534 3547
3 3537 3549 3552
3 3548 3549 3537
3 3548 3537 3535
3 3535 3537 3538
3 3555 3551 3536
3 3555 3536 3538
3 3538 3536 3535
3 3550 3536 3551
3 3537 3552 3553
3 3538 3537 3553
3 3556 3538 3553
3 3555 3538 3556
3 3540 3558 3562
3 3540 3541 3559
3 3558 3540 3559
3 3559 3541 3565
3 3545 3561 3567
3 3545 3543 3539
3 3545 3539 3561
3 3561 3539 3563
3 3563 3539 3546
3 3563 3546 3569
3 3564 3540 3562
3 3541 3540 3564
3 3566 3541 3564
3 3565 3541 3566
3 3542 3568 3571
3 3548 3542 3571
3 3567 3544 3545
3 3567 3568 3544
3 3568 3542 3544
3 3547 3545 3570
3 3547 3543 3545
3 3570 3545 3574
3 3544 3550 3545
3 3574 3545 3550
3 3569 3546 3547
3 3570 3569 3547
3 3549 3554 3552
3 3572 3548 3571
3 3572 3554 3548
3 3572 3557 3554
3 3554 3549 3548
3 3557 3551 3555
3 3557 3572 3551
3 3572 3575 3551
3 3574 3550 3551
3 3575 3574 3551
3 3552 3554 3553
3 3556 3553 3554
3 3557 3556 3554
3 3555 3556 3557
3 3560 3577 3578
3 3577 3560 3580
3 3558 3579 3583
3 3562 3558 3583
3 3578 3559 3560
3 3578 3579 3559
3 3579 3558 3559
3 3560 3559 3565
3 3560 3565 3580
3 3580 3565 3586
3 3561 3582 3589
3 3567 3561 3589
3 3563 3584 3561
3 3561 3584 3582
3 3563 3569 3592
3 3563 3592 3584
3 3564 3562 3585
3 3585 3562 3583
3 3566 3564 3587
3 3564 3585 3587
3 3586 3565 3566
3 3587 3586 3566
3 3568 3573 3571
3 3590 3567 3589
3 3590 3573 3567
3 3590 3576 3573
3 3573 3568 3567
3 3576 3570 3574
3 3576 3590 3570
3 3590 3593 3570
3 3592 3569 3570
3 3593 3592 3570
3 3571 3573 3572
3 3575 3572 3573
3 3576 3575 3573
3 3574 3575 3576
3 3577 3595 3598
3 3578 3577 3598
3 3580 3581 3597
3 3580 3597 3577
3 3577 3597 3595
3 3597 3581 3601
3 3579 3599 3603
3 3583 3579 3603
3 3598 3588 3578
3 3598 3600 3588
3 3578 3588 3579
3 3604 3599 3588
3 3579 3588 3599
3 3581 3600 3602
3 3581 3586 3600
3 3581 3580 3586
3 3586 3588 3600
3 3601 3581 3602
3 3582 3591 3589
3 3582 3584 3594
3 3591 3582 3594
3 3583 3603 3605
3 3583 3605 3585
3 3592 3594 3584
3 3604 3588 3587
3 3604 3587 3605
3 3605 3587 3585
3 3586 3587 3588
3 3589 3591 3590
3 3593 3590 3591
3 3594 3593 3591
3 3592 3593 3594
3 3596 3606 3607
3 3606 3596 3608
3 3595 3596 3607
3 3595 3607 3598
3 3598 3607 3610
3 3596 3609 3608
3 3596 3595 3609
3 3595 3597 3609
3 3609 3597 3601
3 3613 3609 3601
3 3599 3611 3615
3 3603 3599 3615
3 3599 3604 3616
3 3599 3616 3611
3 3600 3598 3612
3 3612 3598 3610
3 3602 3600 3614
3 3600 3612 3614
3 3613 3601 3602
3 3614 3613 3602
3 3603 3615 3617
3 3605 3603 3617
3 3616 3604 3605
3 3617 3616 3605
3 3606 3618 3619
3 3607 3606 3619
3 3618 3606 3608
3 3621 3618 3608
3 3607 3619 3610
3 3619 3624 3610
3 3608 3622 3621
3 3609 3622 3608
3 3622 3609 3613
3 3628 3622 3613
3 3611 3625 3631
3 3615 3611 3631
3 3611 3616 3632
3 3611 3632 3625
3 3612 3610 3627
3 3627 3610 3624
3 3614 3612 3629
3 3612 3627 3629
3 3628 3613 3614
3 3629 3628 3614
3 3615 3631 3633
3 3617 3615 3633
3 3632 3616 3617
3 3633 3632 3617
3 3620 3635 3638
3 3620 3619 3618
3 3620 3618 3635
3 3635 3618 3636
3 3621 3623 3637
3 3621 3637 3618
3 3618 3637 3636
3 3637 3623 3639
3 3626 3620 3638
3 3641 3626 3638
3 3619 3626 3624
3 3620 3626 3619
3 3630 3621 3622
3 3630 3642 3621
3 3623 3621 3640
3 3640 3621 3642
3 3623 3640 3639
3 3622 3628 3630
3 3625 3626 3641
3 3625 3641 3631
3 3631 3641 3644
3 3632 3626 3625
3 3632 3634 3626
3 3624 3626 3627
3 3627 3626 3634
3 3630 3646 3642
3 3630 3627 3646
3 3630 3629 3627
3 3634 3646 3627
3 3628 3629 3630
3 3631 3644 3645
3 3633 3631 3645
3 3634 3632 3633
3 3634 3633 3647
3 3647 3633 3645
3 3646 3634 3647
3 3635 3648 3651
3 3638 3635 3651
3 3636 3649 3635
3 3635 3649 3648
3 3637 3650 3636
3 3636 3650 3649
3 3650 3637 3639
3 3652 3650 3639
3 3638 3651 3641
3 3651 3654 3641
3 3640 3642 3643
3 3640 3643 3655
3 3640 3655 3639
3 3639 3655 3652
3 3641 3654 3644
3 3654 3657 3644
3 3643 3659 3656
3 3643 3642 3659
3 3642 3646 3659
3 3655 3643 3656
3 3644 3657 3658
3 3645 3644 3658
3 3647 3645 3660
3 3645 3658 3660
3 3659 3646 3647
3 3660 3659 3647
3 3648 3661 3663
3 3651 3648 3663
3 3649 3662 3648
3 3648 3662 3661
3 3653 3665 3662
3 3653 3662 3650
3 3650 3662 3649
3 3650 3652 3653
3 3651 3663 3654
3 3663 3667 3654
3 3653 3666 3665
3 3666 3653 3652
3 3666 3652 3669
3 3669 3652 3655
3 3654 3667 3657
3 3667 3671 3657
3 3656 3674 3670
3 3659 3674 3656
3 3669 3655 3656
3 3670 3669 3656
3 3657 3671 3672
3 3658 3657 3672
3 3660 3658 3675
3 3658 3672 3675
3 3674 3659 3660
3 3675 3674 3660
3 3661 3664 3663
3 3677 3664 3661
3 3677 3661 3676
3 3676 3661 3662
3 3676 3662 3665
3 3678 3676 3665
3 3664 3668 3667
3 3663 3664 3667
3 3681 3664 3677
3 3668 3664 3681
3 3665 3680 3678
3 3666 3680 3665
3 3680 3666 3669
3 3682 3680 3669
3 3668 3673 3671
3 3667 3668 3671
3 3684 3668 3681
3 3673 3668 3684
3 3670 3685 3683
3 3674 3685 3670
3 3682 3669 3670
3 3683 3682 3670
3 3671 3673 3672
3 3673 3684 3686
3 3673 3686 3672
3 3672 3686 3675
3 3685 3674 3675
3 3686 3685 3675
3 3676 3679 3677
3 3676 3678 3679
3 3679 3687 3689
3 3679 3689 3677
3 3677 3689 3681
3 3678 3687 3679
3 3678 3680 3687
3 3680 3688 3687
3 3688 3680 3682
3 3690 3688 3682
3 3681 3689 3684
3 3689 3693 3684
3 3683 3694 3691
3 3685 3694 3683
3 3690 3682 3683
3 3691 3690 3683
3 3684 3693 3695
3 3686 3684 3695
3 3694 3685 3686
3 3695 3694 3686
3 3687 3696 3699
3 3689 3687 3699
3 3688 3697 3687
3 3687 3697 3696
3 3690 3692 3698
3 3690 3698 3688
3 3688 3698 3697
3 3698 3692 3702
3 3689 3699 3693
3 3699 3705 3693
3 3691 3706 3701
3 3694 3706 3691
3 3692 3690 3691
3 3692 3691 3703
3 3703 3691 3701
3 3702 3692 3703
3 3693 3705 3707
3 3695 3693 3707
3 3706 3694 3695
3 3707 3706 3695
3 3696 3700 3699
3 3711 3700 3696
3 3711 3696 3710
3 3710 3696 3697
3 3704 3712 3710
3 3704 3710 3698
3 3698 3710 3697
3 3698 3702 3704
3 3700 3708 3705
3 3699 3700 3705
3 3714 3701 3711
3 3714 3709 3701
3 3711 3701 3700
3 3706 3708 3701
3 3700 3701 3708
3 3704 3715 3712
3 3704 3701 3715
3 3704 3703 3701
3 3709 3715 3701
3 3702 3703 3704
3 3705 3708 3707
3 3709 3714 3716
3 3706 3707 3708
3 3715 3709 3716
3 3710 3713 3711
3 3710 3712 3713
3 3713 3717 3714
3 3711 3713 3714
3 3712 3715 3717
3 3713 3712 3717
3 3714 3717 3716
3 3715 3716 3717
3 3718 3724 3727
3 3718 3719 3725
3 3724 3718 3725
3 3725 3719 3729
3 3720 3726 3731
3 3720 3721 3728
3 3726 3720 3728
3 3727 3728 3721
3 3727 3721 3718
3 3718 3721 3722
3 3734 3730 3719
3 3734 3719 3722
3 3722 3719 3718
3 3729 3719 3730
3 3723 3720 3731
3 3737 3723 3731
3 3738 3733 3721
3 3738 3721 3723
3 3723 3721 3720
3 3722 3721 3733
3 3735 3722 3733
3 3734 3722 3735
3 3723 3737 3739
3 3738 3723 3739
3 3724 3741 3744
3 3727 3724 3744
3 3725 3742 3724
3 3724 3742 3741
3 3742 3725 3729
3 3746 3742 3729
3 3726 3732 3731
3 3748 3732 3726
3 3748 3726 3745
3 3745 3726 3728
3 3744 3728 3727
3 3745 3728 3744
3 3730 3734 3736
3 3730 3736 3751
3 3730 3751 3729
3 3729 3751 3746
3 3732 3749 3754
3 3732 3754 3731
3 3731 3754 3737
3 3733 3738 3740
3 3732 3748 3749
3 3757 3733 3740
3 3757 3750 3733
3 3750 3735 3733
3 3736 3734 3735
3 3736 3735 3752
3 3752 3735 3750
3 3751 3736 3752
3 3737 3754 3755
3 3739 3737 3755
3 3740 3738 3739
3 3740 3739 3758
3 3758 3739 3755
3 3757 3740 3758
3 3743 3761 3763
3 3761 3743 3766
3 3741 3762 3767
3 3744 3741 3767
3 3742 3764 3741
3 3741 3764 3762
3 3746 3747 3743
3 3746 3743 3764
3 3746 3764 3742
3 3764 3743 3763
3 3770 3766 3743
3 3747 3770 3743
3 3745 3768 3771
3 3748 3745 3771
3 3767 3745 3744
3 3768 3745 3767
3 3747 3751 3753
3 3746 3751 3747
3 3773 3770 3747
3 3753 3773 3747
3 3749 3756 3754
3 3749 3775 3756
3 3749 3748 3775
3 3748 3771 3775
3 3750 3757 3759
3 3750 3760 3752
3 3759 3760 3750
3 3752 3760 3780
3 3751 3752 3780
3 3751 3780 3774
3 3751 3774 3753
3 3773 3753 3774
3 3754 3756 3755
3 3756 3775 3776
3 3756 3776 3755
3 3755 3776 3758
3 3759 3757 3758
3 3759 3758 3778
3 3778 3758 3776
3 3760 3759 3778
3 3781 3760 3778
3 3780 3760 3781
3 3765 3784 3786
3 3765 3763 3761
3 3765 3761 3784
3 3784 3761 3785
3 3785 3761 3766
3 3788 3785 3766
3 3762 3769 3767
3 3765 3786 3789
3 3765 3789 3762
3 3765 3762 3764
3 3769 3762 3789
3 3763 3765 3764
3 3766 3770 3788
3 3788 3770 3791
3 3768 3772 3771
3 3768 3792 3772
3 3767 3792 3768
3 3767 3790 3792
3 3767 3769 3790
3 3789 3790 3769
3 3770 3773 3791
3 3791 3773 3795
3 3772 3777 3775
3 3771 3772 3775
3 3793 3772 3792
3 3793 3779 3772
3 3779 3777 3772
3 3793 3796 3779
3 3774 3780 3782
3 3774 3782 3798
3 3774 3798 3773
3 3773 3798 3795
3 3775 3777 3776
3 3778 3776 3777
3 3779 3778 3777
3 3779 3781 3778
3 3779 3801 3781
3 3779 3796 3801
3 3801 3783 3781
3 3781 3783 3802
3 3780 3781 3802
3 3780 3802 3799
3 3780 3799 3782
3 3798 3782 3799
3 3783 3801 3803
3 3802 3783 3803
3 3784 3787 3786
3 3806 3787 3784
3 3806 3784 3805
3 3805 3784 3785
3 3805 3785 3788
3 3808 3805 3788
3 3787 3807 3809
3 3787 3809 3786
3 3786 3809 3789
3 3806 3807 3787
3 3788 3791 3808
3 3808 3791 3810
3 3790 3794 3792
3 3790 3811 3794
3 3790 3789 3811
3 3789 3809 3811
3 3791 3795 3810
3 3810 3795 3813
3 3792 3794 3793
3 3796 3812 3797
3 3793 3812 3796
3 3793 3811 3812
3 3793 3794 3811
3 3797 3814 3800
3 3812 3814 3797
3 3800 3814 3813
3 3800 3813 3798
3 3798 3813 3795
3 3797 3804 3801
3 3796 3797 3801
3 3799 3802 3804
3 3799 3804 3800
3 3800 3804 3797
3 3798 3799 3800
3 3801 3804 3803
3 3802 3803 3804
3 3805 3815 3816
3 3806 3805 3816
3 3815 3805 3808
3 3818 3815 3808
3 3807 3817 3820
3 3809 3807 3820
3 3816 3807 3806
3 3817 3807 3816
3 3808 3810 3818
3 3818 3810 3821
3 3809 3820 3811
3 3820 3822 3811
3 3810 3813 3821
3 3821 3813 3824
3 3811 3822 3823
3 3812 3811 3823
3 3814 3812 3825
3 3812 3823 3825
3 3824 3813 3814
3 3825 3824 3814
3 3815 3819 3816
3 3815 3818 3819
3 3817 3826 3828
3 3820 3817 3828
3 3819 3817 3816
3 3819 3827 3817
3 3827 3826 3817
3 3827 3819 3818
3 3827 3818 3829
3 3829 3818 3821
3 3820 3828 3822
3 3828 3830 3822
3 3821 3824 3829
3 3829 3824 3832
3 3822 3830 3831
3 3823 3822 3831
3 3825 3823 3833
3 3823 3831 3833
3 3832 3824 3825
3 3833 3832 3825
3 3826 3835 3837
3 3828 3826 3837
3 3827 3836 3826
3 3826 3836 3835
3 3836 3827 3829
3 3838 3836 3829
3 3828 3837 3830
3 3837 3839 3830
3 3829 3832 3838
3 3838 3832 3841
3 3830 3839 3840
3 3831 3830 3840
3 3834 3840 3842
3 3834 3833 3840
3 3833 3831 3840
3 3833 3834 3844
3 3833 3844 3832
3 3832 3844 3841
3 3834 3842 3845
3 3844 3834 3845
3 3835 3846 3848
3 3837 3835 3848
3 3836 3847 3835
3 3835 3847 3846
3 3847 3836 3838
3 3850 3847 3838
3 3837 3848 3839
3 3848 3852 3839
3 3838 3841 3850
3 3850 3841 3853
3 3843 3840 3839
3 3843 3839 3854
3 3854 3839 3852
3 3840 3843 3842
3 3841 3844 3853
3 3853 3844 3856
3 3843 3854 3855
3 3842 3843 3855
3 3842 3855 3845
3 3845 3855 3857
3 3856 3844 3845
3 3857 3856 3845
3 3846 3849 3848
3 3846 3847 3851
3 3849 3846 3851
3 3847 3850 3851
3 3849 3858 3860
3 3849 3860 3848
3 3848 3860 3852
3 3851 3858 3849
3 3859 3858 3851
3 3859 3851 3850
3 3859 3850 3862
3 3862 3850 3853
3 3852 3860 3854
3 3860 3864 3854
3 3853 3856 3862
3 3862 3856 3867
3 3854 3864 3865
3 3855 3854 3865
3 3857 3855 3868
3 3855 3865 3868
3 3867 3856 3857
3 3868 3867 3857
3 3858 3861 3860
3 3858 3859 3863
3 3861 3858 3863
3 3859 3862 3863
3 3861 3866 3864
3 3860 3861 3864
3 3863 3869 3861
3 3869 3866 3861
3 3862 3867 3869
3 3863 3862 3869
3 3864 3866 3865
3 3868 3865 3866
3 3869 3868 3866
3 3867 3868 3869
3 3870 3872 3874
3 3872 3870 3875
3 3871 3870 3874
3 3878 3871 3874
3 3880 3875 3870
3 3871 3880 3870
3 3871 3878 3881
3 3880 3871 3881
3 3873 3886 3888
3 3886 3873 3890
3 3872 3889 3893
3 3874 3872 3893
3 3875 3876 3873
3 3875 3873 3889
3 3875 3889 3872
3 3889 3873 3888
3 3891 3890 3873
3 3891 3873 3877
3 3877 3873 3876
3 3891 3877 3897
3 3879 3894 3899
3 3879 3893 3894
3 3879 3878 3893
3 3878 3874 3893
3 3876 3880 3882
3 3875 3880 3876
3 3902 3898 3877
3 3902 3877 3882
3 3882 3877 3876
3 3897 3877 3898
3 3883 3879 3899
3 3904 3883 3899
3 3878 3884 3881
3 3878 3879 3884
3 3879 3883 3884
3 3881 3882 3880
3 3881 3884 3882
3 3884 3885 3882
3 3907 3902 3882
3 3885 3907 3882
3 3883 3904 3905
3 3884 3883 3905
3 3906 3884 3905
3 3885 3884 3906
3 3908 3885 3906
3 3907 3885 3908
3 3887 3912 3913
3 3912 3887 3914
3 3886 3887 3913
3 3886 3913 3888
3 3888 3913 3917
3 3890 3892 3916
3 3886 3890 3916
3 3886 3916 3914
3 3886 3914 3887
3 3916 3892 3920
3 3889 3895 3893
3 3918 3888 3917
3 3918 3895 3888
3 3918 3896 3895
3 3895 3889 3888
3 3890 3891 3892
3 3896 3918 3922
3 3892 3891 3897
3 3892 3897 3920
3 3920 3897 3923
3 3894 3900 3899
3 3894 3893 3895
3 3894 3895 3900
3 3900 3895 3901
3 3896 3903 3895
3 3903 3901 3895
3 3902 3924 3898
3 3902 3896 3924
3 3902 3903 3896
3 3922 3924 3896
3 3923 3897 3898
3 3924 3923 3898
3 3900 3926 3928
3 3900 3928 3899
3 3899 3928 3904
3 3901 3926 3900
3 3927 3926 3901
3 3927 3909 3930
3 3927 3901 3909
3 3901 3903 3909
3 3902 3907 3909
3 3903 3902 3909
3 3910 3905 3904
3 3910 3904 3932
3 3932 3904 3928
3 3905 3911 3906
3 3910 3911 3905
3 3909 3934 3930
3 3909 3906 3934
3 3909 3908 3906
3 3911 3934 3906
3 3907 3908 3909
3 3910 3932 3933
3 3911 3910 3933
3 3935 3911 3933
3 3934 3911 3935
3 3912 3915 3913
3 3912 3914 3915
3 3915 3919 3917
3 3913 3915 3917
3 3914 3916 3921
3 3914 3921 3915
3 3915 3921 3919
3 3916 3920 3921
3 3917 3919 3918
3 3922 3918 3919
3 3922 3919 3925
3 3925 3919 3921
3 3920 3923 3925
3 3921 3920 3925
3 3922 3925 3924
3 3923 3924 3925
3 3926 3929 3928
3 3926 3927 3931
3 3929 3926 3931
3 3927 3930 3931
3 3929 3936 3938
3 3929 3938 3928
3 3928 3938 3932
3 3931 3936 3929
3 3937 3936 3931
3 3937 3931 3930
3 3937 3930 3940
3 3940 3930 3934
3 3932 3938 3939
3 3933 3932 3939
3 3935 3933 3941
3 3933 3939 3941
3 3940 3934 3935
3 3941 3940 3935
3 3936 3942 3944
3 3938 3936 3944
3 3937 3943 3936
3 3936 3943 3942
3 3943 3937 3940
3 3946 3943 3940
3 3938 3944 3945
3 3939 3938 3945
3 3941 3939 3947
3 3939 3945 3947
3 3946 3940 3941
3 3947 3946 3941
3 3942 3950 3953
3 3944 3942 3953
3 3943 3951 3942
3 3942 3951 3950
3 3946 3948 3952
3 3946 3952 3943
3 3943 3952 3951
3 3952 3948 3955
3 3949 3945 3944
3 3949 3944 3957
3 3957 3944 3953
3 3958 3945 3949
3 3958 3954 3945
3 3954 3947 3945
3 3948 3946 3947
3 3948 3947 3956
3 3956 3947 3954
3 3955 3948 3956
3 3949 3957 3959
3 3958 3949 3959
3 3950 3962 3965
3 3953 3950 3965
3 3951 3963 3950
3 3950 3963 3962
3 3952 3964 3951
3 3951 3964 3963
3 3964 3952 3955
3 3966 3964 3955
3 3953 3965 3957
3 3965 3967 3957
3 3954 3958 3960
3 3954 3961 3956
3 3960 3961 3954
3 3956 3961 3970
3 3956 3970 3955
3 3955 3970 3966
3 3957 3967 3968
3 3959 3957 3968
3 3960 3958 3959
3 3960 3959 3969
3 3969 3959 3968
3 3961 3960 3969
3 3971 3961 3969
3 3970 3961 3971
3 3962 3972 3975
3 3965 3962 3975
3 3963 3973 3962
3 3962 3973 3972
3 3964 3974 3963
3 3963 3974 3973
3 3974 3964 3966
3 3978 3974 3966
3 3965 3975 3967
3 3975 3980 3967
3 3966 3970 3978
3 3978 3970 3985
3 3967 3980 3981
3 3968 3967 3981
3 3969 3968 3983
3 3968 3981 3983
3 3971 3969 3986
3 3969 3983 3986
3 3985 3970 3971
3 3986 3985 3971
3 3972 3976 3975
3 3972 3973 3977
3 3976 3972 3977
3 3973 3974 3979
3 3977 3973 3979
3 3974 3978 3979
3 3976 3982 3980
3 3975 3976 3980
3 3977 3984 3976
3 3984 3982 3976
3 3979 3987 3977
3 3987 3984 3977
3 3978 3985 3987
3 3979 3978 3987
3 3980 3982 3981
3 3983 3981 3982
3 3984 3983 3982
3 3986 3983 3984
3 3987 3986 3984
3 3985 3986 3987
3 3988 3989 3990
3 3989 3988 3991
3 3988 3990 3992
3 3991 3988 3992
3 3989 3993 3990
3 3989 3991 3993
3 3994 3996 3998
3 3997 3996 3994
3 3997 3994 3995
3 3992 3990 3993
3 3992 3993 3991
3 3995 4001 3997
3 3994 3998 3999
3 3995 3994 3999
3 4002 3995 3999
3 4001 3995 4002
3 3996 4000 3998
3 3996 3997 4003
3 4000 3996 4003
3 3997 4001 4003
3 4000 3999 3998
3 4005 4006 4004
3 4000 4003 4002
3 4000 4002 3999
3 4004 4007 4005
3 4001 4002 4003
3 4004 4006 4008
3 4007 4004 4008
3 4005 4010 4012
3 4006 4005 4012
3 4007 4009 4011
3 4007 4011 4005
3 4005 4011 4010
3 4011 4009 4014
3 4006 4012 4013
3 4008 4006 4013
3 4009 4007 4008
3 4009 4008 4015
3 4015 4008 4013
3 4014 4009 4015
3 4010 4016 4018
3 4012 4010 4018
3 4011 4017 4010
3 4010 4017 4016
3 4017 4011 4014
3 4021 4017 4014
3 4012 4018 4019
3 4013 4012 4019
3 4015 4013 4022
3 4013 4019 4022
3 4021 4014 4015
3 4022 4021 4015
3 4016 4020 4018
3 4016 4017 4023
3 4020 4016 4023
3 4021 4023 4017
3 4024 4026 4028
3 4026 4024 4029
3 4020 4019 4018
3 4027 4032 4025
3 4020 4023 4022
3 4020 4022 4019
3 4025 4033 4027
3 4024 4028 4030
3 4021 4022 4023
3 4029 4024 4030
3 4025 4032 4034
3 4033 4025 4034
3 4026 4031 4028
3 4026 4029 4031
3 4027 4037 4040
3 4032 4027 4040
3 4033 4035 4038
3 4033 4038 4027
3 4027 4038 4037
3 4039 4038 4035
3 4039 4035 4036
3 4030 4028 4031
3 4030 4031 4029
3 4036 4043 4039
3 4032 4040 4041
3 4034 4032 4041
3 4035 4033 4034
3 4035 4034 4042
3 4042 4034 4041
3 4036 4035 4042
3 4044 4036 4042
3 4043 4036 4044
3 4037 4046 4049
3 4040 4037 4049
3 4038 4047 4037
3 4037 4047 4046
3 4039 4048 4038
3 4038 4048 4047
3 4048 4039 4043
3 4053 4048 4043
3 4040 4049 4050
3 4041 4040 4050
3 4045 4050 4056
3 4045 4042 4050
3 4042 4041 4050
3 4057 4042 4045
3 4057 4054 4042
3 4054 4044 4042
3 4053 4043 4044
3 4054 4053 4044
3 4045 4056 4058
3 4057 4045 4058
3 4046 4051 4049
3 4046 4047 4052
3 4051 4046 4052
3 4047 4048 4055
3 4052 4047 4055
3 4048 4053 4055
3 4049 4051 4050
3 4056 4050 4051
3 4056 4051 4059
3 4059 4051 4052
3 4054 4057 4059
3 4054 4059 4055
3 4055 4059 4052
3 4053 4054 4055
3 4056 4059 4058
3 4057 4058 4059
3 4060 4062 4064
3 4060 4061 4063
3 4062 4060 4063
3 4063 4061 4067
3 4060 4064 4065
3 4061 4060 4065
3 4068 4061 4065
3 4067 4061 4068
3 4062 4066 4064
3 4062 4063 4069
3 4066 4062 4069
3 4063 4067 4069
3 4066 4065 4064
3 4072 4074 4070
3 4071 4073 4072
3 4071 4072 4070
3 4069 4068 4066
3 4066 4068 4065
3 4068 4069 4067
3 4071 4076 4073
3 4070 4074 4075
3 4071 4070 4075
3 4077 4071 4075
3 4076 4071 4077
3 4072 4078 4080
3 4074 4072 4080
3 4073 4079 4072
3 4072 4079 4078
3 4079 4073 4076
3 4082 4079 4076
3 4074 4080 4081
3 4075 4074 4081
3 4077 4075 4083
3 4075 4081 4083
3 4082 4076 4077
3 4083 4082 4077
3 4078 4084 4086
3 4080 4078 4086
3 4079 4085 4078
3 4078 4085 4084
3 4085 4079 4082
3 4089 4085 4082
3 4080 4086 4087
3 4081 4080 4087
3 4083 4081 4090
3 4081 4087 4090
3 4089 4082 4083
3 4090 4089 4083
3 4084 4088 4086
3 4096 4088 4084
3 4096 4084 4094
3 4094 4084 4085
3 4089 4091 4095
3 4089 4095 4085
3 4085 4095 4094
3 4095 4091 4099
3 4088 4087 4086
3 4097 4102 4092
3 4087 4096 4090
3 4087 4088 4096
3 4090 4096 4093
3 4097 4092 4096
3 4093 4096 4092
3 4090 4093 4104
3 4089 4090 4104
3 4089 4104 4100
3 4089 4100 4091
3 4099 4091 4100
3 4092 4102 4103
3 4093 4092 4103
3 4105 4093 4103
3 4104 4093 4105
3 4094 4098 4096
3 4094 4095 4101
3 4098 4094 4101
3 4095 4099 4101
3 4097 4107 4110
3 4102 4097 4110
3 4098 4097 4096
3 4098 4108 4097
3 4108 4107 4097
3 4101 4104 4098
3 4101 4100 4104
3 4098 4104 4108
3 4106 4109 4104
3 4108 4104 4109
3 4100 4101 4099
3 4106 4113 4109
3 4102 4110 4111
3 4103 4102 4111
3 4105 4103 4112
3 4103 4111 4112
3 4106 4104 4105
3 4106 4105 4114
3 4114 4105 4112
3 4113 4106 4114
3 4107 4115 4118
3 4110 4107 4118
3 4108 4116 4107
3 4107 4116 4115
3 4109 4117 4108
3 4108 4117 4116
3 4117 4109 4113
3 4123 4117 4113
3 4110 4118 4119
3 4111 4110 4119
3 4112 4111 4121
3 4111 4119 4121
3 4114 4112 4124
3 4112 4121 4124
3 4123 4113 4114
3 4124 4123 4114
3 4115 4120 4118
3 4115 4116 4122
3 4120 4115 4122
3 4116 4117 4125
3 4122 4116 4125
3 4117 4123 4125
3 4118 4120 4119
3 4121 4119 4120
3 4122 4121 4120
3 4124 4121 4122
3 4125 4124 4122
3 4123 4124 4125
3 4126 4136 4138
3 4136 4126 4140
3 4127 4126 4138
3 4141 4127 4138
3 4144 4140 4126
3 4127 4144 4126
3 4128 4142 4145
3 4141 4142 4128
3 4141 4128 4127
3 4127 4128 4129
3 4146 4144 4127
3 4129 4146 4127
3 4130 4128 4145
3 4147 4130 4145
3 4129 4128 4131
3 4131 4128 4130
3 4148 4146 4129
3 4131 4148 4129
3 4132 4130 4147
3 4149 4132 4147
3 4131 4130 4133
3 4133 4130 4132
3 4152 4148 4131
3 4133 4152 4131
3 4132 4149 4151
3 4133 4132 4151
3 4153 4133 4151
3 4152 4133 4153
3 4134 4155 4158
3 4155 4134 4159
3 4135 4134 4158
3 4162 4135 4158
3 4160 4159 4134
3 4160 4134 4137
3 4137 4134 4135
3 4160 4137 4164
3 4139 4135 4162
3 4165 4139 4162
3 4136 4139 4138
3 4136 4137 4139
3 4137 4135 4139
3 4137 4136 4140
3 4137 4140 4164
3 4164 4140 4167
3 4143 4139 4165
3 4168 4143 4165
3 4138 4143 4141
3 4139 4143 4138
3 4140 4144 4167
3 4167 4144 4169
3 4142 4143 4168
3 4142 4168 4145
3 4145 4168 4170
3 4141 4143 4142
3 4144 4146 4169
3 4169 4146 4172
3 4145 4170 4147
3 4170 4174 4147
3 4146 4148 4172
3 4172 4148 4177
3 4150 4175 4179
3 4150 4174 4175
3 4150 4149 4174
3 4149 4147 4174
3 4148 4152 4177
3 4177 4152 4181
3 4150 4179 4180
3 4154 4180 4184
3 4151 4180 4154
3 4151 4150 4180
3 4151 4149 4150
3 4185 4151 4154
3 4185 4182 4151
3 4182 4153 4151
3 4181 4152 4153
3 4182 4181 4153
3 4154 4184 4186
3 4185 4154 4186
3 4156 4193 4197
3 4193 4156 4199
3 4157 4195 4201
3 4195 4157 4202
3 4155 4156 4197
3 4155 4197 4158
3 4158 4197 4205
3 4159 4161 4200
3 4155 4159 4200
3 4155 4200 4199
3 4155 4199 4156
3 4200 4161 4208
3 4157 4201 4203
3 4202 4157 4203
3 4163 4206 4212
3 4163 4205 4206
3 4163 4162 4205
3 4162 4158 4205
3 4159 4160 4161
3 4161 4160 4164
3 4161 4164 4208
3 4208 4164 4214
3 4166 4163 4212
3 4216 4166 4212
3 4162 4166 4165
3 4163 4166 4162
3 4164 4167 4214
3 4214 4167 4219
3 4166 4216 4218
3 4218 4165 4166
3 4218 4222 4165
3 4222 4168 4165
3 4167 4169 4219
3 4219 4169 4225
3 4171 4223 4228
3 4171 4222 4223
3 4171 4170 4222
3 4170 4168 4222
3 4169 4172 4225
3 4225 4172 4231
3 4173 4229 4234
3 4228 4229 4173
3 4228 4173 4171
3 4171 4173 4176
3 4170 4176 4174
3 4171 4176 4170
3 4178 4236 4232
3 4178 4232 4231
3 4178 4231 4177
3 4177 4231 4172
3 4173 4234 4235
3 4175 4237 4179
3 4175 4173 4237
3 4175 4176 4173
3 4173 4235 4237
3 4174 4176 4175
3 4183 4236 4178
3 4239 4236 4183
3 4177 4181 4183
3 4178 4177 4183
3 4179 4237 4238
3 4180 4179 4238
3 4184 4240 4187
3 4184 4180 4240
3 4180 4238 4240
3 4239 4187 4240
3 4183 4187 4239
3 4183 4185 4187
3 4183 4182 4185
3 4181 4182 4183
3 4184 4187 4186
3 4185 4186 4187
3 4188 4241 4245
3 4188 4189 4242
3 4241 4188 4242
3 4242 4189 4249
3 4190 4243 4252
3 4190 4191 4246
3 4243 4190 4246
3 4245 4248 4188
3 4246 4191 4253
3 4248 4255 4192
3 4248 4192 4188
3 4188 4192 4189
3 4250 4249 4189
3 4250 4189 4194
3 4194 4189 4192
3 4250 4194 4256
3 4196 4190 4252
3 4257 4196 4252
3 4258 4254 4191
3 4258 4191 4196
3 4196 4191 4190
3 4253 4191 4254
3 4198 4192 4255
3 4261 4198 4255
3 4193 4198 4197
3 4193 4194 4198
3 4194 4192 4198
3 4194 4193 4199
3 4194 4199 4256
3 4256 4199 4263
3 4195 4196 4257
3 4195 4257 4201
3 4201 4257 4264
3 4202 4204 4259
3 4195 4202 4259
3 4195 4259 4258
3 4195 4258 4196
3 4259 4204 4265
3 4207 4198 4261
3 4266 4207 4261
3 4197 4207 4205
3 4198 4207 4197
3 4209 4199 4200
3 4209 4269 4199
3 4269 4263 4199
3 4200 4208 4209
3 4210 4203 4201
3 4210 4201 4271
3 4271 4201 4264
3 4203 4204 4202
3 4203 4210 4204
3 4210 4211 4204
3 4267 4265 4204
3 4267 4204 4213
3 4213 4204 4211
3 4266 4267 4213
3 4207 4266 4213
3 4207 4213 4212
3 4207 4212 4206
3 4205 4207 4206
3 4209 4270 4269
3 4270 4209 4208
3 4270 4208 4273
3 4273 4208 4214
3 4210 4271 4272
3 4272 4275 4215
3 4272 4215 4210
3 4210 4215 4211
3 4213 4211 4217
3 4217 4211 4215
3 4212 4217 4216
3 4213 4217 4212
3 4214 4219 4273
3 4273 4219 4276
3 4220 4215 4275
3 4279 4220 4275
3 4217 4215 4221
3 4221 4215 4220
3 4216 4224 4218
3 4216 4217 4224
3 4217 4221 4224
3 4218 4224 4222
3 4226 4280 4277
3 4226 4277 4276
3 4226 4276 4225
3 4225 4276 4219
3 4227 4220 4279
3 4281 4227 4279
3 4221 4220 4230
3 4230 4220 4227
3 4223 4230 4228
3 4223 4224 4230
3 4224 4221 4230
3 4222 4224 4223
3 4233 4280 4226
3 4284 4280 4233
3 4225 4231 4233
3 4226 4225 4233
3 4227 4281 4282
3 4229 4285 4234
3 4229 4227 4285
3 4229 4230 4227
3 4227 4282 4285
3 4228 4230 4229
3 4232 4284 4233
3 4232 4236 4284
3 4236 4287 4284
3 4231 4232 4233
3 4234 4285 4286
3 4235 4234 4286
3 4286 4237 4235
3 4288 4237 4286
3 4236 4239 4287
3 4287 4239 4291
3 4237 4288 4289
3 4238 4237 4289
3 4240 4238 4292
3 4238 4289 4292
3 4291 4239 4240
3 4292 4291 4240
3 4244 4294 4303
3 4244 4247 4295
3 4294 4244 4295
3 4247 4245 4241
3 4247 4241 4295
3 4295 4241 4297
3 4242 4299 4241
3 4241 4299 4297
3 4249 4251 4301
3 4249 4301 4242
3 4242 4301 4299
3 4301 4251 4305
3 4243 4244 4303
3 4243 4303 4252
3 4252 4303 4306
3 4246 4244 4243
3 4247 4244 4246
3 4248 4247 4304
3 4248 4245 4247
3 4304 4247 4307
3 4246 4253 4247
3 4307 4247 4253
3 4304 4255 4248
3 4308 4255 4304
3 4249 4250 4251
3 4251 4250 4256
3 4251 4256 4305
3 4305 4256 4311
3 4252 4306 4257
3 4306 4313 4257
3 4254 4258 4260
3 4309 4307 4253
3 4309 4253 4260
3 4309 4260 4262
3 4260 4253 4254
3 4262 4308 4309
3 4262 4261 4308
3 4261 4255 4308
3 4256 4263 4311
3 4311 4263 4314
3 4257 4313 4264
3 4313 4316 4264
3 4258 4259 4260
3 4265 4260 4259
3 4265 4268 4260
3 4268 4262 4260
3 4261 4268 4266
3 4262 4268 4261
3 4263 4269 4314
3 4314 4269 4317
3 4264 4316 4271
3 4316 4318 4271
3 4265 4267 4268
3 4266 4268 4267
3 4274 4269 4270
3 4274 4321 4269
3 4321 4317 4269
3 4270 4273 4274
3 4271 4318 4319
3 4272 4271 4319
3 4319 4275 4272
3 4322 4275 4319
3 4278 4321 4274
3 4324 4321 4278
3 4273 4276 4278
3 4274 4273 4278
3 4275 4322 4279
3 4322 4325 4279
3 4277 4324 4278
3 4277 4280 4324
3 4280 4328 4324
3 4276 4277 4278
3 4326 4283 4281
3 4326 4281 4325
3 4325 4281 4279
3 4326 4329 4283
3 4280 4284 4328
3 4328 4284 4330
3 4281 4283 4282
3 4283 4285 4282
3 4283 4329 4285
3 4329 4331 4285
3 4284 4287 4330
3 4330 4287 4335
3 4285 4331 4332
3 4286 4285 4332
3 4288 4334 4290
3 4288 4286 4334
3 4286 4332 4334
3 4290 4336 4293
3 4334 4336 4290
3 4293 4336 4335
3 4293 4335 4291
3 4291 4335 4287
3 4288 4290 4289
3 4292 4289 4290
3 4293 4292 4290
3 4291 4292 4293
3 4296 4337 4341
3 4296 4298 4338
3 4337 4296 4338
3 4298 4300 4339
3 4338 4298 4339
3 4300 4302 4340
3 4339 4300 4340
3 4340 4302 4344
3 4294 4342 4345
3 4303 4294 4345
3 4341 4295 4296
3 4341 4342 4295
3 4342 4294 4295
3 4297 4296 4295
3 4298 4296 4297
3 4299 4298 4297
3 4300 4298 4299
3 4301 4300 4299
3 4302 4300 4301
3 4302 4301 4305
3 4302 4305 4344
3 4344 4305 4347
3 4303 4345 4306
3 4345 4349 4306
3 4304 4307 4310
3 4304 4310 4308
3 4348 4311 4312
3 4348 4347 4311
3 4347 4305 4311
3 4348 4312 4350
3 4306 4349 4313
3 4349 4351 4313
3 4307 4309 4310
3 4308 4310 4309
3 4312 4314 4315
3 4311 4314 4312
3 4352 4350 4312
3 4315 4352 4312
3 4313 4351 4316
3 4351 4354 4316
3 4315 4357 4353
3 4315 4314 4357
3 4314 4317 4357
3 4352 4315 4353
3 4355 4320 4318
3 4355 4318 4354
3 4354 4318 4316
3 4355 4358 4320
3 4317 4321 4357
3 4357 4321 4360
3 4318 4320 4319
3 4322 4359 4323
3 4319 4359 4322
3 4319 4358 4359
3 4319 4320 4358
3 4359 4361 4323
3 4321 4324 4360
3 4360 4324 4362
3 4323 4327 4325
3 4322 4323 4325
3 4363 4323 4361
3 4327 4323 4363
3 4324 4328 4362
3 4362 4328 4364
3 4325 4327 4326
3 4327 4329 4326
3 4327 4363 4329
3 4363 4365 4329
3 4328 4330 4364
3 4364 4330 4368
3 4366 4333 4331
3 4366 4331 4365
3 4365 4331 4329
3 4366 4369 4333
3 4330 4335 4368
3 4368 4335 4372
3 4331 4333 4332
3 4333 4369 4370
3 4333 4370 4332
3 4332 4370 4334
3 4336 4334 4373
3 4334 4370 4373
3 4372 4335 4336
3 4373 4372 4336
3 4337 4343 4341
3 4378 4343 4337
3 4378 4337 4375
3 4375 4337 4338
3 4339 4376 4338
3 4338 4376 4375
3 4340 4377 4339
3 4339 4377 4376
3 4377 4340 4344
3 4381 4377 4344
3 4342 4346 4345
3 4342 4383 4346
3 4341 4383 4342
3 4341 4379 4383
3 4341 4343 4379
3 4378 4379 4343
3 4344 4347 4381
3 4381 4347 4386
3 4346 4384 4388
3 4346 4388 4345
3 4345 4388 4349
3 4383 4384 4346
3 4347 4387 4386
3 4348 4387 4347
3 4387 4348 4350
3 4390 4387 4350
3 4349 4388 4351
3 4388 4391 4351
3 4350 4352 4390
3 4390 4352 4394
3 4392 4356 4354
3 4392 4354 4391
3 4391 4354 4351
3 4392 4396 4356
3 4353 4397 4395
3 4357 4397 4353
3 4394 4352 4353
3 4395 4394 4353
3 4354 4356 4355
3 4356 4358 4355
3 4356 4396 4358
3 4396 4399 4358
3 4357 4360 4397
3 4397 4360 4403
3 4358 4399 4400
3 4359 4358 4400
3 4400 4361 4359
3 4405 4361 4400
3 4360 4362 4403
3 4403 4362 4406
3 4361 4405 4363
3 4405 4407 4363
3 4362 4364 4406
3 4406 4364 4410
3 4408 4367 4365
3 4408 4365 4407
3 4407 4365 4363
3 4408 4412 4367
3 4364 4368 4410
3 4410 4368 4415
3 4365 4367 4366
3 4369 4413 4371
3 4366 4413 4369
3 4366 4412 4413
3 4366 4367 4412
3 4371 4416 4374
3 4413 4416 4371
3 4374 4416 4415
3 4374 4415 4372
3 4372 4415 4368
3 4369 4371 4370
3 4373 4370 4371
3 4374 4373 4371
3 4372 4373 4374
3 4375 4380 4378
3 4419 4380 4375
3 4419 4375 4418
3 4418 4375 4376
3 4382 4421 4418
3 4382 4418 4377
3 4377 4418 4376
3 4377 4381 4382
3 4379 4385 4383
3 4379 4424 4385
3 4378 4424 4379
3 4378 4420 4424
3 4378 4380 4420
3 4419 4420 4380
3 4382 4423 4421
3 4423 4382 4381
3 4423 4381 4428
3 4428 4381 4386
3 4384 4389 4388
3 4384 4431 4389
3 4383 4431 4384
3 4383 4425 4431
3 4383 4385 4425
3 4424 4425 4385
3 4386 4430 4428
3 4387 4430 4386
3 4430 4387 4390
3 4436 4430 4390
3 4389 4393 4391
3 4388 4389 4391
3 4438 4389 4431
3 4393 4389 4438
3 4390 4394 4436
3 4436 4394 4443
3 4391 4393 4392
3 4393 4396 4392
3 4393 4438 4396
3 4438 4445 4396
3 4395 4397 4398
3 4395 4398 4452
3 4395 4452 4394
3 4394 4452 4443
3 4446 4401 4399
3 4446 4399 4445
3 4445 4399 4396
3 4446 4454 4401
3 4402 4455 4449
3 4449 4457 4402
3 4398 4403 4404
3 4397 4403 4398
3 4460 4452 4398
3 4404 4460 4398
3 4399 4401 4400
3 4401 4405 4400
3 4401 4454 4405
3 4454 4463 4405
3 4402 4458 4455
3 4457 4458 4402
3 4404 4467 4461
3 4404 4403 4467
3 4403 4406 4467
3 4460 4404 4461
3 4464 4409 4407
3 4464 4407 4463
3 4463 4407 4405
3 4464 4470 4409
3 4411 4471 4468
3 4411 4468 4467
3 4411 4467 4410
3 4410 4467 4406
3 4407 4409 4408
3 4412 4472 4414
3 4408 4472 4412
3 4408 4470 4472
3 4408 4409 4470
3 4471 4414 4472
3 4471 4411 4414
3 4411 4417 4414
3 4410 4415 4417
3 4411 4410 4417
3 4412 4414 4413
3 4416 4413 4414
3 4417 4416 4414
3 4415 4416 4417
3 4418 4422 4419
3 4418 4421 4422
3 4420 4426 4424
3 4420 4419 4422
3 4420 4422 4426
3 4426 4422 4427
3 4421 4423 4429
3 4421 4429 4422
3 4422 4429 4427
3 4423 4428 4429
3 4425 4432 4431
3 4425 4424 4426
3 4425 4426 4432
3 4432 4426 4433
3 4427 4434 4426
3 4434 4433 4426
3 4429 4435 4427
3 4435 4434 4427
3 4428 4430 4437
3 4428 4437 4429
3 4429 4437 4435
3 4430 4436 4437
3 4432 4439 4438
3 4431 4432 4438
3 4433 4440 4432
3 4440 4439 4432
3 4434 4441 4433
3 4441 4440 4433
3 4435 4442 4434
3 4442 4441 4434
3 4437 4444 4435
3 4444 4442 4435
3 4436 4443 4444
3 4437 4436 4444
3 4439 4447 4445
3 4438 4439 4445
3 4440 4448 4439
3 4448 4447 4439
3 4441 4450 4440
3 4450 4448 4440
3 4442 4451 4441
3 4451 4450 4441
3 4444 4453 4442
3 4453 4451 4442
3 4443 4452 4453
3 4444 4443 4453
3 4445 4447 4446
3 4454 4446 4447
3 4454 4447 4456
3 4456 4447 4448
3 4449 4455 4456
3 4449 4456 4450
3 4450 4456 4448
3 4457 4449 4450
3 4457 4450 4459
3 4459 4450 4451
3 4453 4462 4451
3 4462 4459 4451
3 4452 4460 4462
3 4453 4452 4462
3 4456 4465 4463
3 4454 4456 4463
3 4455 4458 4466
3 4455 4466 4456
3 4456 4466 4465
3 4458 4457 4459
3 4458 4459 4466
3 4466 4459 4469
3 4461 4467 4469
3 4461 4469 4462
3 4462 4469 4459
3 4460 4461 4462
3 4463 4465 4464
3 4470 4464 4465
3 4470 4465 4473
3 4473 4465 4466
3 4468 4471 4473
3 4468 4473 4469
3 4469 4473 4466
3 4467 4468 4469
3 4470 4473 4472
3 4471 4472 4473
3 4474 4475 4476
3 4475 4474 4477
3 4474 4476 4478
3 4477 4474 4478
3 4475 4479 4476
3 4475 4477 4479
3 4476 4479 4478
3 4477 4478 4479
3 4480 4481 4482
3 4481 4480 4483
3 4480 4482 4484
3 4483 4480 4484
3 4481 4485 4482
3 4481 4483 4485
3 4482 4485 4484
3 4483 4484 4485
3 4486 4488 4490
3 4488 4486 4491
3 4486 4490 4492
3 4491 4486 4492
3 4487 4494 4495
3 4494 4487 4496
3 4489 4487 4495
3 4498 4489 4495
3 4499 4496 4487
3 4489 4499 4487
3 4488 4493 4490
3 4489 4498 4500
3 4489 4500 4499
3 4488 4491 4493
3 4490 4493 4492
3 4491 4492 4493
3 4494 4497 4495
3 4494 4496 4497
3 4497 4501 4498
3 4495 4497 4498
3 4496 4499 4501
3 4497 4496 4501
3 4498 4501 4500
3 4499 4500 4501
3 4502 4505 4506
3 4505 4502 4507
3 4503 4502 4506
3 4509 4503 4506
3 4508 4507 4502
3 4508 4502 4504
3 4504 4502 4503
3 4508 4504 4511
3 4503 4509 4510
3 4504 4503 4510
3 4512 4504 4510
3 4511 4504 4512
3 4505 4514 4515
3 4506 4505 4515
3 4514 4505 4507
3 4516 4514 4507
3 4506 4515 4509
3 4515 4518 4509
3 4513 4507 4508
3 4513 4519 4507
3 4519 4516 4507
3 4508 4511 4513
3 4509 4518 4520
3 4510 4509 4520
3 4519 4513 4512
3 4519 4512 4520
3 4520 4512 4510
3 4511 4512 4513
3 4514 4517 4515
3 4514 4516 4517
3 4517 4521 4518
3 4515 4517 4518
3 4516 4519 4521
3 4517 4516 4521
3 4518 4521 4520
3 4519 4520 4521
3 4522 4526 4530
3 4526 4522 4531
3 4522 4530 4532
3 4531 4522 4532
3 4523 4540 4541
3 4540 4523 4542
3 4524 4523 4541
3 4546 4524 4541
3 4543 4542 4523
3 4543 4523 4525
3 4525 4523 4524
3 4543 4525 4548
3 4527 4547 4550
3 4546 4547 4527
3 4546 4527 4524
3 4524 4527 4528
3 4525 4524 4529
3 4529 4524 4528
3 4551 4548 4525
3 4529 4551 4525
3 4526 4533 4530
3 4526 4531 4533
3 4534 4527 4550
3 4555 4534 4550
3 4528 4527 4535
3 4535 4527 4534
3 4556 4552 4529
3 4556 4529 4535
3 4535 4529 4528
3 4551 4529 4552
3 4530 4533 4532
3 4531 4532 4533
3 4536 4534 4555
3 4557 4536 4555
3 4535 4534 4537
3 4537 4534 4536
3 4560 4556 4535
3 4537 4560 4535
3 4536 4557 4558
3 4537 4536 4558
3 4561 4537 4558
3 4560 4537 4561
3 4538 4563 4566
3 4563 4538 4567
3 4539 4538 4566
3 4570 4539 4566
3 4572 4567 4538
3 4539 4572 4538
3 4539 4570 4573
3 4572 4539 4573
3 4540 4575 4580
3 4541 4540 4580
3 4542 4544 4576
3 4542 4576 4540
3 4540 4576 4575
3 4544 4545 4578
3 4576 4544 4578
3 4578 4545 4584
3 4541 4580 4546
3 4580 4587 4546
3 4542 4543 4544
3 4548 4544 4543
3 4548 4549 4544
3 4549 4545 4544
3 4592 4584 4545
3 4549 4592 4545
3 4547 4588 4594
3 4550 4547 4594
3 4587 4547 4546
3 4588 4547 4587
3 4553 4595 4590
3 4551 4590 4548
3 4551 4553 4590
3 4548 4590 4549
3 4596 4554 4590
3 4549 4590 4554
3 4597 4592 4549
3 4554 4597 4549
3 4550 4594 4555
3 4594 4600 4555
3 4552 4595 4553
3 4552 4556 4595
3 4556 4603 4595
3 4554 4596 4598
3 4551 4552 4553
3 4597 4554 4598
3 4601 4559 4557
3 4601 4557 4600
3 4600 4557 4555
3 4601 4606 4559
3 4604 4560 4562
3 4604 4603 4560
3 4603 4556 4560
3 4604 4562 4609
3 4557 4559 4558
3 4559 4606 4607
3 4559 4607 4558
3 4558 4607 4561
3 4562 4560 4561
3 4562 4561 4610
3 4610 4561 4607
3 4609 4562 4610
3 4564 4612 4614
3 4564 4565 4613
3 4612 4564 4613
3 4613 4565 4617
3 4563 4615 4618
3 4566 4563 4618
3 4567 4568 4564
3 4567 4564 4615
3 4567 4615 4563
3 4615 4564 4614
3 4565 4564 4569
3 4569 4564 4568
3 4620 4617 4565
3 4569 4620 4565
3 4571 4619 4623
3 4571 4618 4619
3 4571 4570 4618
3 4570 4566 4618
3 4568 4572 4574
3 4567 4572 4568
3 4626 4621 4569
3 4626 4569 4574
3 4574 4569 4568
3 4622 4627 4577
3 4620 4569 4621
3 4622 4577 4628
3 4571 4623 4624
3 4579 4624 4631
3 4573 4624 4579
3 4573 4571 4624
3 4573 4570 4571
3 4573 4574 4572
3 4573 4579 4574
3 4579 4581 4574
3 4633 4626 4574
3 4633 4574 4581
3 4580 4575 4582
3 4583 4582 4575
3 4583 4575 4576
3 4577 4627 4629
3 4576 4578 4585
3 4576 4585 4583
3 4629 4628 4577
3 4578 4584 4585
3 4586 4579 4631
3 4636 4586 4631
3 4581 4579 4589
3 4589 4579 4586
3 4580 4634 4587
3 4580 4582 4634
3 4587 4634 4589
3 4633 4581 4634
3 4589 4634 4581
3 4634 4591 4639
3 4634 4582 4591
3 4582 4583 4591
3 4585 4593 4583
3 4593 4591 4583
3 4584 4592 4593
3 4585 4584 4593
3 4586 4636 4637
3 4588 4640 4594
3 4588 4586 4640
3 4588 4589 4586
3 4586 4637 4640
3 4587 4589 4588
3 4590 4639 4591
3 4590 4595 4639
3 4595 4643 4639
3 4596 4590 4591
3 4596 4591 4599
3 4599 4591 4593
3 4592 4597 4599
3 4593 4592 4599
3 4641 4602 4600
3 4641 4600 4640
3 4640 4600 4594
3 4641 4646 4602
3 4645 4603 4605
3 4645 4643 4603
3 4643 4595 4603
3 4596 4599 4598
3 4605 4649 4645
3 4597 4598 4599
3 4600 4602 4601
3 4606 4647 4608
3 4601 4647 4606
3 4601 4646 4647
3 4601 4602 4646
3 4650 4603 4647
3 4650 4605 4603
3 4647 4603 4608
3 4604 4611 4603
3 4608 4603 4611
3 4605 4650 4649
3 4604 4609 4611
3 4606 4608 4607
3 4610 4607 4608
3 4611 4610 4608
3 4609 4610 4611
3 4616 4652 4655
3 4616 4614 4612
3 4616 4612 4652
3 4652 4612 4653
3 4613 4654 4612
3 4612 4654 4653
3 4654 4613 4617
3 4656 4654 4617
3 4615 4616 4655
3 4615 4655 4618
3 4618 4655 4658
3 4614 4616 4615
3 4617 4620 4656
3 4656 4620 4659
3 4619 4625 4623
3 4619 4662 4625
3 4619 4618 4662
3 4618 4658 4662
3 4621 4665 4660
3 4626 4665 4621
3 4621 4660 4659
3 4621 4659 4620
3 4622 4630 4627
3 4622 4628 4630
3 4623 4625 4624
3 4631 4663 4632
3 4624 4663 4631
3 4624 4662 4663
3 4624 4625 4662
3 4663 4667 4632
3 4666 4633 4635
3 4666 4665 4633
3 4665 4626 4633
3 4627 4630 4629
3 4635 4669 4666
3 4628 4629 4630
3 4632 4638 4636
3 4631 4632 4636
3 4671 4632 4667
3 4638 4632 4671
3 4633 4634 4635
3 4635 4634 4639
3 4635 4639 4669
3 4669 4639 4674
3 4636 4638 4637
3 4640 4672 4642
3 4637 4672 4640
3 4637 4671 4672
3 4637 4638 4671
3 4642 4675 4644
3 4672 4675 4642
3 4644 4675 4674
3 4644 4674 4643
3 4643 4674 4639
3 4640 4642 4641
3 4646 4641 4642
3 4646 4642 4648
3 4648 4642 4644
3 4643 4645 4651
3 4643 4651 4644
3 4644 4651 4648
3 4645 4649 4651
3 4646 4648 4647
3 4650 4647 4648
3 4651 4650 4648
3 4649 4650 4651
3 4652 4677 4679
3 4655 4652 4679
3 4653 4678 4652
3 4652 4678 4677
3 4657 4681 4678
3 4657 4678 4654
3 4654 4678 4653
3 4654 4656 4657
3 4655 4679 4658
3 4679 4683 4658
3 4661 4681 4657
3 4686 4681 4661
3 4656 4659 4661
3 4657 4656 4661
3 4684 4664 4662
3 4684 4662 4683
3 4683 4662 4658
3 4684 4688 4664
3 4660 4686 4661
3 4660 4665 4686
3 4665 4689 4686
3 4659 4660 4661
3 4662 4664 4663
3 4667 4690 4668
3 4663 4690 4667
3 4663 4688 4690
3 4663 4664 4688
3 4666 4670 4668
3 4666 4668 4689
3 4666 4689 4665
3 4690 4689 4668
3 4666 4669 4670
3 4668 4673 4671
3 4667 4668 4671
3 4670 4676 4668
3 4676 4673 4668
3 4669 4674 4676
3 4670 4669 4676
3 4671 4673 4672
3 4675 4672 4673
3 4676 4675 4673
3 4674 4675 4676
3 4677 4680 4679
3 4677 4678 4682
3 4680 4677 4682
3 4678 4681 4682
3 4680 4685 4683
3 4679 4680 4683
3 4682 4687 4680
3 4687 4685 4680
3 4681 4686 4687
3 4682 4681 4687
3 4683 4685 4684
3 4688 4684 4685
3 4688 4685 4691
3 4691 4685 4687
3 4686 4689 4691
3 4687 4686 4691
3 4688 4691 4690
3 4689 4690 4691
3 4692 4693 4694
3 4693 4692 4695
3 4692 4694 4696
3 4695 4692 4696
3 4693 4697 4694
3 4693 4695 4697
3 4694 4697 4696
3 4695 4696 4697
3 4698 4703 4706
3 4698 4699 4704
3 4703 4698 4704
3 4699 4700 4705
3 4704 4699 4705
3 4705 4700 4709
3 4698 4706 4707
3 4707 4710 4701
3 4707 4701 4698
3 4698 4701 4699
3 4700 4699 4702
3 4702 4699 4701
3 4713 4709 4700
3 4702 4713 4700
3 4701 4710 4712
3 4702 4701 4712
3 4714 4702 4712
3 4713 4702 4714
3 4703 4708 4706
3 4718 4708 4703
3 4718 4703 4716
3 4716 4703 4704
3 4705 4717 4704
3 4704 4717 4716
3 4717 4705 4709
3 4721 4717 4709
3 4708 4707 4706
3 4719 4723 4711
3 4711 4718 4719
3 4711 4710 4718
3 4708 4718 4707
3 4707 4718 4710
3 4709 4713 4721
3 4721 4713 4728
3 4711 4723 4724
3 4710 4711 4724
3 4710 4724 4712
3 4712 4724 4726
3 4715 4726 4729
3 4715 4714 4726
3 4714 4712 4726
3 4714 4715 4731
3 4714 4731 4713
3 4713 4731 4728
3 4715 4729 4732
3 4731 4715 4732
3 4716 4720 4718
3 4716 4717 4722
3 4720 4716 4722
3 4717 4721 4722
3 4719 4725 4723
3 4719 4718 4720
3 4719 4720 4725
3 4725 4720 4727
3 4734 4722 4733
3 4734 4727 4722
3 4727 4720 4722
3 4733 4722 4721
3 4733 4721 4736
3 4736 4721 4728
3 4723 4725 4724
3 4726 4724 4725
3 4726 4725 4727
3 4735 4738 4730
3 4730 4734 4735
3 4730 4729 4734
3 4727 4734 4726
3 4726 4734 4729
3 4728 4731 4736
3 4736 4731 4741
3 4730 4738 4739
3 4729 4730 4739
3 4729 4739 4732
3 4732 4739 4742
3 4741 4731 4732
3 4742 4741 4732
3 4733 4737 4734
3 4733 4736 4737
3 4735 4740 4738
3 4735 4734 4737
3 4735 4737 4740
3 4740 4737 4743
3 4736 4741 4743
3 4737 4736 4743
3 4738 4740 4739
3 4742 4739 4740
3 4743 4742 4740
3 4741 4742 4743
3 4744 4748 4749
3 4748 4744 4751
3 4745 4750 4753
3 4749 4750 4745
3 4749 4745 4744
3 4744 4745 4746
3 4756 4751 4744
3 4746 4756 4744
3 4745 4753 4754
3 4754 4759 4747
3 4754 4747 4745
3 4745 4747 4746
3 4761 4756 4746
3 4747 4761 4746
3 4747 4759 4762
3 4761 4747 4762
3 4748 4752 4749
3 4748 4751 4752
3 4750 4755 4753
3 4750 4749 4752
3 4750 4752 4755
3 4755 4752 4757
3 4751 4756 4757
3 4752 4751 4757
3 4758 4765 4768
3 4766 4765 4758
3 4766 4758 4760
3 4754 4753 4755
3 4766 4759 4767
3 4766 4760 4759
3 4767 4759 4757
3 4754 4755 4759
3 4757 4759 4755
3 4767 4757 4756
3 4767 4756 4773
3 4773 4756 4761
3 4758 4768 4769
3 4760 4758 4769
3 4771 4760 4769
3 4763 4771 4775
3 4762 4771 4763
3 4762 4760 4771
3 4762 4759 4760
3 4762 4763 4777
3 4762 4777 4761
3 4761 4777 4773
3 4764 4763 4775
3 4778 4764 4775
3 4779 4777 4763
3 4764 4779 4763
3 4764 4778 4780
3 4779 4764 4780
3 4765 4770 4768
3 4765 4766 4772
3 4770 4765 4772
3 4766 4767 4774
3 4772 4766 4774
3 4767 4773 4774
3 4768 4770 4769
3 4771 4769 4770
3 4771 4770 4772
3 4788 4792 4776
3 4788 4775 4790
3 4788 4776 4775
3 4790 4775 4774
3 4771 4772 4775
3 4774 4775 4772
3 4790 4774 4773
3 4790 4773 4795
3 4795 4773 4777
3 4776 4792 4793
3 4793 4775 4776
3 4793 4797 4775
3 4797 4778 4775
3 4777 4779 4795
3 4795 4779 4798
3 4781 4780 4778
3 4781 4778 4800
3 4800 4778 4797
3 4780 4781 4803
3 4780 4803 4779
3 4779 4803 4798
3 4782 4801 4805
3 4800 4801 4782
3 4800 4782 4781
3 4781 4782 4783
3 4806 4803 4781
3 4783 4806 4781
3 4784 4782 4805
3 4807 4784 4805
3 4783 4782 4785
3 4785 4782 4784
3 4809 4806 4783
3 4785 4809 4783
3 4786 4784 4807
3 4812 4786 4807
3 4813 4810 4785
3 4813 4785 4786
3 4786 4785 4784
3 4809 4785 4810
3 4786 4812 4814
3 4813 4786 4814
3 4787 4816 4819
3 4787 4789 4817
3 4816 4787 4817
3 4789 4791 4818
3 4817 4789 4818
3 4818 4791 4824
3 4787 4819 4820
3 4789 4787 4820
3 4789 4820 4822
3 4794 4792 4788
3 4791 4789 4825
3 4789 4822 4825
3 4796 4788 4790
3 4796 4794 4788
3 4791 4825 4824
3 4790 4795 4796
3 4792 4794 4793
3 4797 4793 4794
3 4797 4794 4799
3 4799 4794 4796
3 4795 4798 4799
3 4796 4795 4799
3 4802 4827 4828
3 4800 4797 4799
3 4800 4799 4804
3 4829 4827 4802
3 4798 4803 4804
3 4799 4798 4804
3 4801 4802 4828
3 4801 4828 4805
3 4805 4828 4832
3 4802 4831 4829
3 4802 4801 4831
3 4804 4831 4800
3 4800 4831 4801
3 4831 4804 4803
3 4831 4803 4835
3 4835 4803 4806
3 4833 4808 4807
3 4833 4807 4832
3 4832 4807 4805
3 4808 4836 4811
3 4833 4836 4808
3 4811 4836 4835
3 4811 4835 4809
3 4809 4835 4806
3 4808 4815 4812
3 4807 4808 4812
3 4810 4813 4815
3 4810 4815 4811
3 4811 4815 4808
3 4809 4810 4811
3 4812 4815 4814
3 4813 4814 4815
3 4816 4821 4819
3 4816 4817 4823
3 4821 4816 4823
3 4817 4818 4826
3 4823 4817 4826
3 4818 4824 4826
3 4819 4821 4820
3 4822 4820 4821
3 4823 4822 4821
3 4825 4822 4823
3 4826 4825 4823
3 4824 4825 4826
3 4827 4830 4828
3 4827 4829 4830
3 4830 4834 4832
3 4828 4830 4832
3 4829 4831 4837
3 4829 4837 4830
3 4830 4837 4834
3 4831 4835 4837
3 4832 4834 4833
3 4836 4833 4834
3 4837 4836 4834
3 4835 4836 4837
3 4838 4842 4844
3 4838 4839 4843
3 4842 4838 4843
3 4843 4839 4845
3 4840 4838 4844
3 4847 4840 4844
3 4839 4838 4841
3 4841 4838 4840
3 4849 4845 4839
3 4841 4849 4839
3 4840 4847 4848
3 4841 4840 4848
3 4850 4841 4848
3 4849 4841 4850
3 4842 4852 4853
3 4844 4842 4853
3 4846 4854 4852
3 4846 4852 4843
3 4843 4852 4842
3 4843 4845 4846
3 4844 4853 4847
3 4853 4856 4847
3 4851 4854 4846
3 4857 4854 4851
3 4845 4849 4851
3 4846 4845 4851
3 4847 4856 4858
3 4848 4847 4858
3 4857 4851 4850
3 4857 4850 4858
3 4858 4850 4848
3 4849 4850 4851
3 4852 4855 4853
3 4852 4854 4855
3 4855 4859 4856
3 4853 4855 4856
3 4854 4857 4859
3 4855 4854 4859
3 4856 4859 4858
3 4857 4858 4859
3 4860 4861 4862
3 4861 4860 4863
3 4860 4862 4864
3 4863 4860 4864
3 4861 4865 4862
3 4861 4863 4865
3 4862 4865 4864
3 4863 4864 4865
3 4866 4870 4872
3 4866 4867 4871
3 4870 4866 4871
3 4871 4867 4873
3 4868 4866 4872
3 4875 4868 4872
3 4867 4866 4869
3 4869 4866 4868
3 4877 4873 4867
3 4869 4877 4867
3 4868 4875 4876
3 4869 4868 4876
3 4878 4869 4876
3 4877 4869 4878
3 4870 4880 4883
3 4872 4870 4883
3 4871 4881 4870
3 4870 4881 4880
3 4873 4874 4882
3 4873 4882 4871
3 4871 4882 4881
3 4882 4874 4885
3 4872 4883 4875
3 4883 4887 4875
3 4874 4877 4879
3 4873 4877 4874
3 4891 4885 4874
3 4879 4891 4874
3 4875 4887 4888
3 4876 4875 4888
3 4878 4876 4890
3 4876 4888 4890
3 4879 4877 4878
3 4879 4878 4892
3 4892 4878 4890
3 4891 4879 4892
3 4880 4884 4883
3 4896 4884 4880
3 4896 4880 4893
3 4893 4880 4881
3 4882 4894 4881
3 4881 4894 4893
3 4885 4886 4895
3 4885 4895 4882
3 4882 4895 4894
3 4895 4886 4898
3 4884 4889 4887
3 4883 4884 4887
3 4900 4884 4896
3 4889 4884 4900
3 4886 4902 4899
3 4886 4885 4902
3 4885 4891 4902
3 4898 4886 4899
3 4887 4889 4888
3 4889 4900 4901
3 4889 4901 4888
3 4888 4901 4890
3 4892 4890 4903
3 4890 4901 4903
3 4902 4891 4892
3 4903 4902 4892
3 4893 4897 4896
3 4907 4897 4893
3 4907 4893 4905
3 4905 4893 4894
3 4895 4906 4894
3 4894 4906 4905
3 4906 4895 4898
3 4910 4906 4898
3 4897 4908 4912
3 4897 4912 4896
3 4896 4912 4900
3 4907 4908 4897
3 4899 4902 4904
3 4899 4904 4916
3 4899 4916 4898
3 4898 4916 4910
3 4900 4912 4913
3 4901 4900 4913
3 4903 4901 4915
3 4901 4913 4915
3 4904 4902 4903
3 4904 4903 4917
3 4917 4903 4915
3 4916 4904 4917
3 4905 4909 4907
3 4905 4906 4911
3 4909 4905 4911
3 4906 4910 4911
3 4908 4914 4912
3 4908 4920 4914
3 4907 4920 4908
3 4907 4918 4920
3 4907 4909 4918
3 4911 4918 4909
3 4919 4918 4911
3 4919 4911 4910
3 4919 4910 4922
3 4922 4910 4916
3 4912 4914 4913
3 4914 4920 4921
3 4914 4921 4913
3 4913 4921 4915
3 4917 4915 4923
3 4915 4921 4923
3 4922 4916 4917
3 4923 4922 4917
3 4918 4926 4927
3 4920 4918 4927
3 4924 4928 4926
3 4924 4926 4919
3 4919 4926 4918
3 4919 4922 4924
3 4925 4921 4920
3 4925 4920 4930
3 4930 4920 4927
3 4924 4931 4928
3 4924 4921 4931
3 4924 4923 4921
3 4925 4931 4921
3 4922 4923 4924
3 4925 4930 4932
3 4931 4925 4932
3 4926 4929 4927
3 4926 4928 4929
3 4929 4933 4930
3 4927 4929 4930
3 4928 4931 4933
3 4929 4928 4933
3 4930 4933 4932
3 4931 4932 4933
3 4934 4936 4937
3 4936 4934 4938
3 4935 4934 4937
3 4939 4935 4937
3 4941 4938 4934
3 4935 4941 4934
3 4935 4939 4942
3 4941 4935 4942
3 4936 4944 4945
3 4937 4936 4945
3 4944 4936 4938
3 4947 4944 4938
3 4940 4946 4951
3 4940 4945 4946
3 4940 4939 4945
3 4939 4937 4945
3 4949 4941 4943
3 4949 4947 4941
3 4947 4938 4941
3 4949 4943 4956
3 4940 4951 4952
3 4939 4940 4952
3 4939 4952 4942
3 4942 4952 4954
3 4943 4941 4942
3 4943 4942 4957
3 4957 4942 4954
3 4956 4943 4957
3 4944 4948 4945
3 4947 4948 4944
3 4950 4958 4959
3 4958 4950 4960
3 4946 4953 4951
3 4946 4945 4948
3 4946 4948 4953
3 4953 4948 4955
3 4948 4949 4955
3 4948 4947 4949
3 4955 4949 4961
3 4950 4959 4949
3 4961 4949 4959
3 4950 4949 4956
3 4950 4956 4960
3 4960 4956 4962
3 4951 4953 4952
3 4954 4952 4953
3 4955 4954 4953
3 4955 4961 4963
3 4955 4963 4954
3 4954 4963 4957
3 4962 4956 4957
3 4963 4962 4957
3 4958 4965 4966
3 4959 4958 4966
3 4965 4958 4960
3 4967 4965 4960
3 4968 4964 4961
3 4968 4961 4966
3 4966 4961 4959
3 4964 4968 4967
3 4964 4967 4962
3 4962 4967 4960
3 4961 4964 4963
3 4962 4963 4964
3 4965 4969 4966
3 4965 4967 4969
3 4969 4968 4966
3 4971 4972 4970
3 4968 4969 4967
3 4970 4973 4971
3 4970 4972 4974
3 4973 4970 4974
3 4971 4975 4972
3 4971 4973 4975
3 4972 4975 4974
3 4973 4974 4975
3 4976 4978 4980
3 4976 4977 4979
3 4978 4976 4979
3 4979 4977 4983
3 4976 4980 4981
3 4977 4976 4981
3 4984 4977 4981
3 4983 4977 4984
3 4978 4982 4980
3 4978 4979 4985
3 4982 4978 4985
3 4979 4983 4985
3 4986 4989 4992
3 4990 4989 4986
3 4990 4986 4987
3 4981 4980 4982
3 4988 4991 4990
3 4988 4990 4987
3 4985 4984 4982
3 4982 4984 4981
3 4984 4985 4983
3 4988 4997 4991
3 4986 4992 4993
3 4987 4986 4993
3 4995 4987 4993
3 4988 4987 4995
3 4998 4988 4995
3 4997 4988 4998
3 4989 4994 4992
3 4989 4990 4996
3 4994 4989 4996
3 4990 4991 4999
3 4996 4990 4999
3 4991 4997 4999
3 4992 4994 4993
3 4995 4993 4994
3 4996 4995 4994
3 4998 4995 4996
3 4999 4998 4996
3 4997 4998 4999
3 5000 5006 5010
3 5000 5001 5008
3 5006 5000 5008
3 5008 5001 5012
3 5000 5010 5011
3 5001 5000 5011
3 5013 5001 5011
3 5012 5001 5013
3 5002 5016 5017
3 5016 5002 5018
3 5003 5002 5017
3 5021 5003 5017
3 5019 5018 5002
3 5019 5002 5004
3 5004 5002 5003
3 5019 5004 5022
3 5005 5003 5021
3 5024 5005 5021
3 5004 5003 5007
3 5007 5003 5005
3 5023 5022 5004
3 5023 5004 5009
3 5009 5004 5007
3 5023 5009 5026
3 5005 5024 5025
3 5006 5027 5010
3 5006 5005 5027
3 5006 5007 5005
3 5005 5025 5027
3 5008 5007 5006
3 5009 5007 5008
3 5009 5008 5012
3 5009 5012 5026
3 5026 5012 5029
3 5010 5027 5028
3 5011 5010 5028
3 5014 5028 5032
3 5014 5013 5028
3 5013 5011 5028
3 5030 5029 5012
3 5030 5012 5014
3 5030 5014 5015
3 5014 5012 5013
3 5030 5015 5034
3 5014 5032 5033
3 5015 5014 5033
3 5035 5015 5033
3 5034 5015 5035
3 5016 5036 5038
3 5017 5016 5038
3 5018 5020 5037
3 5018 5037 5016
3 5016 5037 5036
3 5037 5020 5040
3 5017 5038 5021
3 5038 5041 5021
3 5018 5019 5020
3 5020 5019 5022
3 5020 5022 5040
3 5040 5022 5042
3 5021 5041 5024
3 5041 5044 5024
3 5022 5043 5042
3 5023 5043 5022
3 5043 5023 5026
3 5047 5043 5026
3 5024 5044 5045
3 5025 5024 5045
3 5045 5027 5025
3 5049 5027 5045
3 5048 5029 5031
3 5048 5047 5029
3 5047 5026 5029
3 5048 5031 5051
3 5027 5049 5050
3 5028 5027 5050
3 5050 5032 5028
3 5052 5032 5050
3 5029 5030 5031
3 5031 5030 5034
3 5031 5034 5051
3 5051 5034 5054
3 5032 5052 5053
3 5033 5032 5053
3 5035 5033 5055
3 5033 5053 5055
3 5054 5034 5035
3 5055 5054 5035
3 5036 5039 5038
3 5060 5039 5036
3 5060 5036 5059
3 5059 5036 5037
3 5059 5037 5040
3 5062 5059 5040
3 5039 5061 5063
3 5039 5063 5038
3 5038 5063 5041
3 5060 5061 5039
3 5040 5042 5062
3 5062 5042 5065
3 5064 5046 5044
3 5064 5044 5063
3 5063 5044 5041
3 5064 5067 5046
3 5042 5066 5065
3 5043 5066 5042
3 5066 5043 5047
3 5068 5066 5047
3 5044 5046 5045
3 5046 5049 5045
3 5046 5067 5049
3 5067 5070 5049
3 5047 5069 5068
3 5048 5069 5047
3 5069 5048 5051
3 5072 5069 5051
3 5049 5070 5071
3 5050 5049 5071
3 5071 5052 5050
3 5075 5052 5071
3 5073 5054 5056
3 5073 5072 5054
3 5072 5051 5054
3 5073 5056 5077
3 5052 5075 5076
3 5053 5052 5076
3 5057 5076 5078
3 5057 5055 5076
3 5055 5053 5076
3 5055 5056 5054
3 5055 5057 5056
3 5057 5058 5056
3 5080 5077 5056
3 5058 5080 5056
3 5057 5078 5079
3 5058 5057 5079
3 5081 5058 5079
3 5080 5058 5081
3 5059 5083 5084
3 5060 5059 5084
3 5083 5059 5062
3 5086 5083 5062
3 5061 5085 5087
3 5063 5061 5087
3 5084 5061 5060
3 5085 5061 5084
3 5062 5065 5086
3 5086 5065 5090
3 5063 5087 5088
3 5064 5063 5088
3 5088 5067 5064
3 5093 5067 5088
3 5065 5091 5090
3 5066 5091 5065
3 5091 5066 5068
3 5094 5091 5068
3 5067 5093 5070
3 5093 5098 5070
3 5068 5095 5094
3 5069 5095 5068
3 5072 5074 5097
3 5072 5097 5069
3 5069 5097 5095
3 5097 5074 5101
3 5070 5098 5099
3 5071 5070 5099
3 5099 5075 5071
3 5103 5075 5099
3 5072 5073 5074
3 5074 5073 5077
3 5074 5077 5101
3 5101 5077 5105
3 5075 5103 5104
3 5076 5075 5104
3 5104 5078 5076
3 5107 5078 5104
3 5106 5080 5082
3 5106 5105 5080
3 5105 5077 5080
3 5106 5082 5110
3 5078 5107 5108
3 5079 5078 5108
3 5081 5079 5109
3 5079 5108 5109
3 5082 5080 5081
3 5082 5081 5111
3 5111 5081 5109
3 5110 5082 5111
3 5083 5113 5114
3 5084 5083 5114
3 5113 5083 5086
3 5115 5113 5086
3 5085 5089 5087
3 5085 5117 5089
3 5085 5084 5117
3 5084 5114 5117
3 5116 5090 5092
3 5116 5115 5090
3 5115 5086 5090
3 5116 5092 5118
3 5087 5089 5088
3 5089 5093 5088
3 5089 5117 5093
3 5117 5120 5093
3 5090 5091 5092
3 5094 5096 5119
3 5091 5094 5119
3 5091 5119 5118
3 5091 5118 5092
3 5119 5096 5122
3 5121 5100 5098
3 5121 5098 5120
3 5120 5098 5093
3 5121 5123 5100
3 5094 5095 5096
3 5096 5095 5097
3 5096 5097 5124
3 5096 5124 5122
3 5124 5097 5102
3 5097 5101 5102
3 5098 5100 5099
3 5100 5103 5099
3 5100 5123 5103
3 5123 5127 5103
3 5102 5125 5124
3 5125 5102 5101
3 5125 5101 5130
3 5130 5101 5105
3 5103 5127 5128
3 5104 5103 5128
3 5128 5107 5104
3 5132 5107 5128
3 5112 5105 5106
3 5112 5135 5105
3 5135 5130 5105
3 5106 5110 5112
3 5107 5132 5133
3 5108 5107 5133
3 5109 5108 5136
3 5108 5133 5136
3 5135 5112 5111
3 5135 5111 5136
3 5136 5111 5109
3 5110 5111 5112
3 5113 5138 5139
3 5114 5113 5139
3 5138 5113 5115
3 5140 5138 5115
3 5114 5139 5117
3 5139 5144 5117
3 5115 5142 5140
3 5116 5142 5115
3 5142 5116 5118
3 5145 5142 5118
3 5117 5144 5120
3 5144 5148 5120
3 5118 5146 5145
3 5119 5146 5118
3 5146 5119 5122
3 5151 5146 5122
3 5120 5148 5149
3 5121 5120 5149
3 5149 5123 5121
3 5154 5123 5149
3 5152 5124 5126
3 5152 5151 5124
3 5151 5122 5124
3 5152 5126 5156
3 5155 5129 5127
3 5155 5127 5154
3 5154 5127 5123
3 5155 5159 5129
3 5124 5125 5126
3 5130 5131 5157
3 5125 5130 5157
3 5125 5157 5156
3 5125 5156 5126
3 5157 5131 5161
3 5127 5129 5128
3 5132 5160 5134
3 5128 5160 5132
3 5128 5159 5160
3 5128 5129 5159
3 5160 5163 5134
3 5131 5135 5137
3 5130 5135 5131
3 5165 5161 5131
3 5137 5165 5131
3 5132 5134 5133
3 5134 5163 5164
3 5134 5164 5133
3 5133 5164 5136
3 5137 5135 5136
3 5137 5136 5166
3 5166 5136 5164
3 5165 5137 5166
3 5138 5141 5139
3 5140 5141 5138
3 5143 5168 5169
3 5168 5143 5171
3 5141 5170 5173
3 5141 5173 5139
3 5139 5173 5144
3 5169 5142 5143
3 5169 5170 5142
3 5140 5142 5141
3 5141 5142 5170
3 5145 5147 5172
3 5142 5145 5172
3 5142 5172 5171
3 5142 5171 5143
3 5172 5147 5175
3 5174 5150 5148
3 5174 5148 5173
3 5173 5148 5144
3 5174 5177 5150
3 5145 5146 5147
3 5151 5153 5176
3 5146 5151 5176
3 5146 5176 5175
3 5146 5175 5147
3 5176 5153 5178
3 5148 5150 5149
3 5150 5154 5149
3 5150 5177 5154
3 5177 5180 5154
3 5151 5152 5153
3 5156 5158 5179
3 5152 5156 5179
3 5152 5179 5178
3 5152 5178 5153
3 5179 5158 5183
3 5154 5180 5181
3 5155 5154 5181
3 5181 5159 5155
3 5185 5159 5181
3 5156 5157 5158
3 5161 5162 5184
3 5157 5161 5184
3 5157 5184 5183
3 5157 5183 5158
3 5184 5162 5188
3 5159 5185 5186
3 5160 5159 5186
3 5186 5163 5160
3 5189 5163 5186
3 5162 5165 5167
3 5161 5165 5162
3 5194 5188 5162
3 5167 5194 5162
3 5163 5189 5190
3 5164 5163 5190
3 5166 5164 5192
3 5164 5190 5192
3 5167 5165 5166
3 5167 5166 5195
3 5195 5166 5192
3 5194 5167 5195
3 5168 5197 5198
3 5169 5168 5198
3 5197 5168 5171
3 5200 5197 5171
3 5170 5199 5202
3 5173 5170 5202
3 5198 5170 5169
3 5199 5170 5198
3 5171 5201 5200
3 5172 5201 5171
3 5201 5172 5175
3 5205 5201 5175
3 5173 5202 5203
3 5174 5173 5203
3 5203 5177 5174
3 5208 5177 5203
3 5175 5206 5205
3 5176 5206 5175
3 5206 5176 5178
3 5210 5206 5178
3 5209 5182 5180
3 5209 5180 5208
3 5208 5180 5177
3 5209 5213 5182
3 5178 5211 5210
3 5179 5211 5178
3 5211 5179 5183
3 5215 5211 5183
3 5180 5182 5181
3 5185 5214 5187
3 5181 5214 5185
3 5181 5213 5214
3 5181 5182 5213
3 5214 5218 5187
3 5183 5216 5215
3 5184 5216 5183
3 5216 5184 5188
3 5222 5216 5188
3 5185 5187 5186
3 5189 5219 5191
3 5186 5219 5189
3 5186 5218 5219
3 5186 5187 5218
3 5191 5221 5193
3 5219 5221 5191
3 5193 5223 5196
3 5221 5223 5193
3 5196 5223 5222
3 5196 5222 5194
3 5194 5222 5188
3 5189 5191 5190
3 5192 5190 5191
3 5193 5192 5191
3 5195 5192 5193
3 5196 5195 5193
3 5194 5195 5196
3 5197 5225 5226
3 5198 5197 5226
3 5225 5197 5200
3 5227 5225 5200
3 5199 5204 5202
3 5199 5231 5204
3 5199 5198 5231
3 5198 5226 5231
3 5200 5228 5227
3 5201 5228 5200
3 5205 5207 5230
3 5205 5230 5201
3 5201 5230 5228
3 5230 5207 5232
3 5202 5204 5203
3 5204 5208 5203
3 5204 5231 5208
3 5231 5234 5208
3 5205 5206 5207
3 5210 5212 5233
3 5206 5210 5233
3 5206 5233 5232
3 5206 5232 5207
3 5233 5212 5237
3 5208 5234 5235
3 5209 5208 5235
3 5235 5213 5209
3 5240 5213 5235
3 5210 5211 5212
3 5215 5217 5238
3 5211 5215 5238
3 5211 5238 5237
3 5211 5237 5212
3 5238 5217 5244
3 5213 5240 5241
3 5214 5213 5241
3 5218 5243 5220
3 5218 5214 5243
3 5214 5241 5243
3 5243 5247 5220
3 5224 5215 5216
3 5224 5248 5215
3 5217 5215 5245
3 5245 5215 5248
3 5217 5245 5244
3 5216 5222 5224
3 5218 5220 5219
3 5220 5247 5249
3 5220 5249 5219
3 5219 5249 5221
3 5248 5224 5223
3 5248 5223 5249
3 5249 5223 5221
3 5222 5223 5224
3 5225 5251 5253
3 5226 5225 5253
3 5227 5229 5252
3 5227 5252 5225
3 5225 5252 5251
3 5252 5229 5254
3 5226 5253 5231
3 5253 5256 5231
3 5227 5228 5229
3 5229 5255 5254
3 5229 5228 5255
3 5228 5230 5255
3 5255 5230 5232
3 5258 5255 5232
3 5257 5236 5234
3 5257 5234 5256
3 5256 5234 5231
3 5257 5263 5236
3 5232 5259 5258
3 5233 5259 5232
3 5237 5239 5261
3 5237 5261 5233
3 5233 5261 5259
3 5261 5239 5266
3 5234 5236 5235
3 5240 5264 5242
3 5235 5264 5240
3 5235 5263 5264
3 5235 5236 5263
3 5264 5268 5242
3 5246 5237 5238
3 5246 5271 5237
3 5239 5237 5267
3 5267 5237 5271
3 5239 5267 5266
3 5238 5244 5246
3 5240 5242 5241
3 5242 5268 5269
3 5242 5269 5241
3 5241 5269 5243
3 5247 5272 5250
3 5247 5243 5272
3 5243 5269 5272
3 5271 5250 5272
3 5246 5250 5271
3 5246 5248 5250
3 5246 5245 5248
3 5244 5245 5246
3 5247 5250 5249
3 5248 5249 5250
3 5251 5274 5276
3 5253 5251 5276
3 5252 5275 5251
3 5251 5275 5274
3 5275 5252 5254
3 5278 5275 5254
3 5253 5276 5256
3 5276 5284 5256
3 5254 5279 5278
3 5255 5279 5254
3 5258 5260 5281
3 5258 5281 5255
3 5255 5281 5279
3 5260 5262 5283
3 5281 5260 5283
3 5283 5262 5288
3 5256 5284 5285
3 5257 5256 5285
3 5263 5287 5265
3 5263 5257 5287
3 5257 5285 5287
3 5287 5289 5265
3 5258 5259 5260
3 5261 5260 5259
3 5262 5260 5261
3 5262 5261 5266
3 5262 5266 5288
3 5288 5266 5293
3 5263 5265 5264
3 5268 5290 5270
3 5264 5290 5268
3 5264 5289 5290
3 5264 5265 5289
3 5270 5292 5273
3 5290 5292 5270
3 5273 5267 5271
3 5273 5292 5267
3 5292 5294 5267
3 5293 5266 5267
3 5294 5293 5267
3 5268 5270 5269
3 5272 5269 5270
3 5273 5272 5270
3 5271 5272 5273
3 5274 5277 5276
3 5299 5277 5274
3 5299 5274 5295
3 5295 5274 5275
3 5278 5280 5296
3 5278 5296 5275
3 5275 5296 5295
3 5280 5282 5297
3 5296 5280 5297
3 5297 5282 5301
3 5277 5286 5284
3 5276 5277 5284
3 5305 5277 5299
3 5286 5277 5305
3 5278 5279 5280
3 5281 5280 5279
3 5282 5280 5281
3 5282 5302 5301
3 5282 5281 5302
3 5281 5283 5302
3 5302 5283 5288
3 5309 5302 5288
3 5284 5286 5285
3 5286 5305 5306
3 5286 5306 5285
3 5285 5306 5287
3 5289 5308 5291
3 5289 5287 5308
3 5287 5306 5308
3 5308 5312 5291
3 5288 5293 5309
3 5309 5293 5315
3 5289 5291 5290
3 5291 5312 5313
3 5291 5313 5290
3 5290 5313 5292
3 5294 5292 5316
3 5292 5313 5316
3 5315 5293 5294
3 5316 5315 5294
3 5298 5318 5319
3 5318 5298 5321
3 5295 5300 5299
3 5326 5300 5295
3 5326 5295 5320
3 5320 5295 5296
3 5319 5297 5298
3 5319 5320 5297
3 5320 5296 5297
3 5301 5303 5322
3 5297 5301 5322
3 5297 5322 5321
3 5297 5321 5298
3 5303 5304 5324
3 5322 5303 5324
3 5324 5304 5328
3 5300 5307 5305
3 5299 5300 5305
3 5331 5300 5326
3 5307 5300 5331
3 5301 5302 5303
3 5309 5303 5302
3 5309 5310 5303
3 5310 5304 5303
3 5329 5328 5304
3 5329 5304 5311
3 5311 5304 5310
3 5329 5311 5338
3 5305 5307 5306
3 5307 5331 5332
3 5307 5332 5306
3 5306 5332 5308
3 5312 5334 5314
3 5312 5308 5334
3 5308 5332 5334
3 5314 5336 5317
3 5334 5336 5314
3 5310 5336 5337
3 5310 5315 5336
3 5310 5309 5315
3 5315 5317 5336
3 5311 5310 5337
3 5339 5311 5337
3 5338 5311 5339
3 5312 5314 5313
3 5316 5313 5314
3 5317 5316 5314
3 5315 5316 5317
3 5318 5342 5348
3 5319 5318 5348
3 5321 5323 5343
3 5321 5343 5318
3 5318 5343 5342
3 5323 5325 5344
3 5343 5323 5344
3 5344 5325 5350
3 5320 5327 5326
3 5320 5354 5327
3 5320 5319 5354
3 5319 5348 5354
3 5321 5322 5323
3 5324 5323 5322
3 5325 5323 5324
3 5328 5330 5351
3 5324 5328 5351
3 5324 5351 5350
3 5324 5350 5325
3 5351 5330 5358
3 5327 5333 5331
3 5326 5327 5331
3 5355 5327 5354
3 5355 5335 5327
3 5335 5333 5327
3 5355 5361 5335
3 5328 5329 5330
3 5330 5329 5338
3 5330 5338 5358
3 5358 5338 5366
3 5331 5333 5332
3 5334 5332 5333
3 5335 5334 5333
3 5335 5361 5362
3 5335 5362 5334
3 5334 5362 5336
3 5337 5336 5364
3 5336 5362 5364
3 5339 5337 5367
3 5337 5364 5367
3 5366 5338 5339
3 5367 5366 5339
3 5340 5373 5376
3 5340 5341 5374
3 5373 5340 5374
3 5374 5341 5378
3 5345 5377 5380
3 5376 5377 5345
3 5376 5345 5340
3 5340 5345 5346
3 5341 5340 5347
3 5347 5340 5346
3 5382 5378 5341
3 5347 5382 5341
3 5342 5349 5348
3 5384 5349 5342
3 5384 5342 5381
3 5381 5342 5343
3 5380 5344 5345
3 5380 5381 5344
3 5381 5343 5344
3 5350 5345 5344
3 5350 5352 5345
3 5352 5346 5345
3 5347 5346 5353
3 5353 5346 5352
3 5389 5382 5347
3 5353 5389 5347
3 5349 5356 5354
3 5348 5349 5354
3 5385 5349 5384
3 5385 5357 5349
3 5357 5356 5349
3 5385 5392 5357
3 5350 5351 5352
3 5358 5352 5351
3 5358 5359 5352
3 5359 5353 5352
3 5390 5389 5353
3 5390 5353 5360
3 5360 5353 5359
3 5390 5360 5398
3 5354 5356 5355
3 5361 5355 5356
3 5361 5356 5363
3 5363 5356 5357
3 5393 5357 5392
3 5393 5365 5357
3 5365 5363 5357
3 5365 5395 5368
3 5393 5395 5365
3 5366 5395 5358
3 5366 5368 5395
3 5358 5395 5359
3 5400 5369 5395
3 5359 5395 5369
3 5360 5359 5370
3 5370 5359 5369
3 5403 5398 5360
3 5370 5403 5360
3 5361 5363 5362
3 5364 5362 5363
3 5365 5364 5363
3 5367 5364 5365
3 5368 5367 5365
3 5369 5400 5401
3 5366 5367 5368
3 5370 5369 5401
3 5404 5370 5401
3 5403 5370 5404
3 5371 5406 5408
3 5371 5372 5407
3 5406 5371 5407
3 5407 5372 5410
3 5375 5371 5408
3 5415 5375 5408
3 5417 5411 5372
3 5417 5372 5375
3 5375 5372 5371
3 5410 5372 5411
3 5373 5413 5420
3 5376 5373 5420
3 5374 5414 5373
3 5373 5414 5413
3 5378 5379 5416
3 5378 5416 5374
3 5374 5416 5414
3 5415 5418 5375
3 5416 5379 5424
3 5417 5375 5418
3 5377 5421 5426
3 5380 5377 5426
3 5420 5377 5376
3 5421 5377 5420
3 5379 5382 5383
3 5378 5382 5379
3 5432 5424 5379
3 5383 5432 5379
3 5381 5386 5384
3 5427 5380 5426
3 5427 5386 5380
3 5427 5387 5386
3 5386 5381 5380
3 5387 5429 5388
3 5427 5429 5387
3 5429 5434 5388
3 5383 5389 5391
3 5382 5389 5383
3 5437 5432 5383
3 5391 5437 5383
3 5384 5386 5385
3 5392 5385 5386
3 5392 5386 5394
3 5394 5386 5387
3 5388 5396 5387
3 5396 5394 5387
3 5435 5388 5434
3 5435 5397 5388
3 5397 5396 5388
3 5438 5389 5435
3 5438 5391 5389
3 5435 5389 5397
3 5390 5399 5389
3 5397 5389 5399
3 5391 5438 5437
3 5390 5398 5399
3 5392 5394 5393
3 5395 5393 5394
3 5396 5395 5394
3 5400 5395 5396
3 5400 5396 5402
3 5402 5396 5397
3 5399 5405 5397
3 5405 5402 5397
3 5398 5403 5405
3 5399 5398 5405
3 5400 5402 5401
3 5404 5401 5402
3 5405 5404 5402
3 5403 5404 5405
3 5406 5409 5408
3 5406 5407 5412
3 5409 5406 5412
3 5407 5410 5412
3 5409 5419 5415
3 5408 5409 5415
3 5411 5417 5419
3 5411 5419 5412
3 5412 5419 5409
3 5410 5411 5412
3 5413 5422 5420
3 5413 5414 5423
3 5422 5413 5423
3 5414 5416 5425
3 5423 5414 5425
3 5418 5415 5419
3 5424 5425 5416
3 5417 5418 5419
3 5421 5428 5426
3 5421 5420 5422
3 5421 5422 5428
3 5428 5422 5430
3 5423 5431 5422
3 5431 5430 5422
3 5425 5433 5423
3 5433 5431 5423
3 5424 5432 5433
3 5425 5424 5433
3 5426 5428 5427
3 5429 5427 5428
3 5430 5429 5428
3 5434 5429 5430
3 5434 5430 5436
3 5436 5430 5431
3 5433 5439 5431
3 5439 5436 5431
3 5432 5437 5439
3 5433 5432 5439
3 5434 5436 5435
3 5438 5435 5436
3 5439 5438 5436
3 5437 5438 5439
3 5440 5450 5453
3 5450 5440 5455
3 5441 5440 5453
3 5457 5441 5453
3 5459 5455 5440
3 5441 5459 5440
3 5442 5441 5457
3 5462 5442 5457
3 5464 5459 5441
3 5442 5464 5441
3 5442 5462 5465
3 5464 5442 5465
3 5443 5470 5474
3 5470 5443 5477
3 5444 5473 5479
3 5444 5445 5475
3 5473 5444 5475
3 5474 5475 5445
3 5474 5445 5443
3 5443 5445 5446
3 5480 5477 5443
3 5446 5480 5443
3 5447 5444 5479
3 5482 5447 5479
3 5445 5444 5448
3 5448 5444 5447
3 5484 5481 5446
3 5484 5446 5448
3 5448 5446 5445
3 5480 5446 5481
3 5449 5483 5486
3 5482 5483 5449
3 5482 5449 5447
3 5447 5449 5451
3 5488 5485 5448
3 5488 5448 5451
3 5451 5448 5447
3 5484 5448 5485
3 5452 5487 5489
3 5486 5487 5452
3 5486 5452 5449
3 5449 5452 5454
3 5450 5454 5453
3 5450 5451 5454
3 5451 5449 5454
3 5451 5450 5455
3 5451 5455 5488
3 5488 5455 5490
3 5456 5452 5489
3 5492 5456 5489
3 5454 5452 5458
3 5458 5452 5456
3 5458 5491 5454
3 5458 5493 5491
3 5454 5491 5453
3 5460 5457 5491
3 5453 5491 5457
3 5460 5491 5490
3 5460 5490 5459
3 5459 5490 5455
3 5461 5456 5492
3 5495 5461 5492
3 5458 5456 5463
3 5463 5456 5461
3 5457 5494 5462
3 5457 5460 5494
3 5462 5494 5463
3 5493 5458 5494
3 5463 5494 5458
3 5494 5460 5459
3 5494 5459 5498
3 5498 5459 5464
3 5461 5495 5496
3 5496 5499 5466
3 5496 5466 5461
3 5461 5466 5463
3 5462 5467 5465
3 5462 5463 5467
3 5463 5466 5467
3 5465 5467 5501
3 5465 5501 5464
3 5464 5501 5498
3 5466 5499 5500
3 5500 5503 5468
3 5500 5468 5466
3 5466 5468 5467
3 5502 5501 5467
3 5502 5467 5469
3 5469 5467 5468
3 5502 5469 5506
3 5468 5503 5505
3 5469 5468 5505
3 5507 5469 5505
3 5506 5469 5507
3 5471 5510 5516
3 5471 5472 5511
3 5510 5471 5511
3 5511 5472 5519
3 5476 5515 5523
3 5476 5474 5470
3 5476 5470 5515
3 5515 5470 5517
3 5477 5478 5471
3 5477 5471 5517
3 5477 5517 5470
3 5517 5471 5516
3 5525 5520 5472
3 5525 5472 5478
3 5478 5472 5471
3 5519 5472 5520
3 5473 5524 5527
3 5479 5473 5527
3 5523 5475 5476
3 5523 5524 5475
3 5524 5473 5475
3 5474 5476 5475
3 5478 5528 5526
3 5478 5477 5528
3 5477 5480 5528
3 5525 5478 5526
3 5479 5527 5482
3 5527 5530 5482
3 5481 5532 5529
3 5484 5532 5481
3 5528 5480 5481
3 5529 5528 5481
3 5483 5531 5534
3 5486 5483 5534
3 5530 5483 5482
3 5531 5483 5530
3 5485 5536 5533
3 5488 5536 5485
3 5532 5484 5485
3 5533 5532 5485
3 5487 5535 5537
3 5489 5487 5537
3 5534 5487 5486
3 5535 5487 5534
3 5488 5490 5536
3 5536 5490 5539
3 5489 5537 5492
3 5537 5542 5492
3 5491 5545 5540
3 5493 5545 5491
3 5539 5490 5491
3 5540 5539 5491
3 5543 5497 5495
3 5543 5495 5542
3 5542 5495 5492
3 5543 5547 5497
3 5493 5546 5545
3 5494 5546 5493
3 5546 5494 5498
3 5548 5546 5498
3 5495 5497 5496
3 5497 5499 5496
3 5497 5547 5499
3 5547 5550 5499
3 5498 5501 5548
3 5548 5501 5551
3 5504 5500 5499
3 5504 5499 5554
3 5554 5499 5550
3 5500 5504 5503
3 5501 5553 5551
3 5502 5553 5501
3 5553 5502 5506
3 5558 5553 5506
3 5504 5554 5555
3 5503 5504 5555
3 5503 5555 5505
3 5505 5555 5557
3 5508 5557 5561
3 5508 5507 5557
3 5507 5505 5557
3 5560 5558 5506
3 5560 5506 5508
3 5560 5508 5509
3 5508 5506 5507
3 5560 5509 5563
3 5508 5561 5562
3 5509 5508 5562
3 5564 5509 5562
3 5563 5509 5564
3 5512 5565 5569
3 5512 5513 5566
3 5565 5512 5566
3 5513 5514 5567
3 5566 5513 5567
3 5567 5514 5571
3 5518 5568 5573
3 5518 5516 5510
3 5518 5510 5568
3 5568 5510 5570
3 5569 5511 5512
3 5569 5570 5511
3 5570 5510 5511
3 5519 5512 5511
3 5519 5521 5512
3 5521 5513 5512
3 5514 5513 5522
3 5522 5513 5521
3 5578 5571 5514
3 5522 5578 5514
3 5515 5574 5581
3 5523 5515 5581
3 5573 5517 5518
3 5573 5574 5517
3 5574 5515 5517
3 5516 5518 5517
3 5520 5583 5576
3 5525 5583 5520
3 5521 5519 5520
3 5521 5520 5577
3 5577 5520 5576
3 5522 5521 5577
3 5579 5522 5577
3 5578 5522 5579
3 5524 5582 5585
3 5527 5524 5585
3 5581 5524 5523
3 5582 5524 5581
3 5526 5587 5584
3 5528 5587 5526
3 5583 5525 5526
3 5584 5583 5526
3 5527 5585 5530
3 5585 5590 5530
3 5529 5593 5588
3 5532 5593 5529
3 5587 5528 5529
3 5588 5587 5529
3 5531 5591 5596
3 5534 5531 5596
3 5590 5531 5530
3 5591 5531 5590
3 5533 5598 5594
3 5536 5598 5533
3 5593 5532 5533
3 5594 5593 5533
3 5535 5538 5537
3 5535 5601 5538
3 5535 5534 5601
3 5534 5596 5601
3 5541 5602 5599
3 5541 5599 5598
3 5541 5598 5539
3 5539 5598 5536
3 5538 5544 5542
3 5537 5538 5542
3 5604 5538 5601
3 5544 5538 5604
3 5540 5602 5541
3 5540 5545 5602
3 5545 5605 5602
3 5539 5540 5541
3 5542 5544 5543
3 5544 5547 5543
3 5544 5604 5547
3 5604 5607 5547
3 5549 5545 5546
3 5549 5608 5545
3 5608 5605 5545
3 5546 5548 5549
3 5547 5607 5550
3 5607 5610 5550
3 5552 5608 5549
3 5611 5608 5552
3 5548 5551 5552
3 5549 5548 5552
3 5612 5556 5554
3 5612 5554 5610
3 5610 5554 5550
3 5615 5552 5614
3 5615 5556 5552
3 5611 5552 5612
3 5612 5552 5556
3 5559 5616 5614
3 5553 5559 5614
3 5553 5614 5552
3 5553 5552 5551
3 5553 5558 5559
3 5554 5556 5555
3 5556 5615 5617
3 5556 5617 5555
3 5555 5617 5557
3 5617 5559 5557
3 5617 5616 5559
3 5557 5559 5561
3 5619 5621 5559
3 5561 5559 5621
3 5558 5619 5559
3 5558 5560 5619
3 5560 5620 5619
3 5620 5560 5563
3 5624 5620 5563
3 5561 5621 5622
3 5562 5561 5622
3 5564 5562 5625
3 5562 5622 5625
3 5624 5563 5564
3 5625 5624 5564
3 5565 5627 5631
3 5569 5565 5631
3 5566 5628 5565
3 5565 5628 5627
3 5567 5629 5566
3 5566 5629 5628
3 5571 5572 5630
3 5571 5630 5567
3 5567 5630 5629
3 5630 5572 5633
3 5568 5575 5573
3 5636 5575 5568
3 5636 5568 5632
3 5632 5568 5570
3 5631 5570 5569
3 5632 5570 5631
3 5572 5578 5580
3 5571 5578 5572
3 5642 5633 5572
3 5580 5642 5572
3 5574 5635 5647
3 5581 5574 5647
3 5575 5574 5573
3 5575 5637 5574
3 5637 5635 5574
3 5636 5637 5575
3 5576 5650 5638
3 5583 5650 5576
3 5577 5576 5639
3 5576 5638 5639
3 5579 5577 5640
3 5577 5639 5640
3 5580 5578 5579
3 5580 5579 5643
3 5643 5579 5640
3 5642 5580 5643
3 5582 5586 5585
3 5582 5653 5586
3 5582 5581 5653
3 5581 5647 5653
3 5589 5654 5649
3 5589 5584 5587
3 5589 5649 5584
3 5649 5651 5584
3 5650 5583 5584
3 5651 5650 5584
3 5586 5592 5590
3 5585 5586 5590
3 5655 5586 5653
3 5655 5595 5586
3 5595 5592 5586
3 5654 5595 5655
3 5589 5595 5654
3 5589 5593 5595
3 5589 5588 5593
3 5587 5588 5589
3 5591 5597 5596
3 5591 5590 5592
3 5591 5592 5597
3 5597 5592 5600
3 5594 5598 5600
3 5594 5600 5595
3 5595 5600 5592
3 5593 5594 5595
3 5597 5603 5601
3 5596 5597 5601
3 5599 5602 5603
3 5599 5603 5600
3 5600 5603 5597
3 5598 5599 5600
3 5603 5606 5604
3 5601 5603 5604
3 5602 5605 5606
3 5603 5602 5606
3 5606 5609 5607
3 5604 5606 5607
3 5605 5608 5609
3 5606 5605 5609
3 5609 5613 5610
3 5607 5609 5610
3 5608 5611 5613
3 5609 5608 5613
3 5610 5613 5612
3 5611 5612 5613
3 5614 5618 5615
3 5614 5616 5618
3 5615 5618 5617
3 5616 5617 5618
3 5619 5623 5621
3 5619 5620 5626
3 5623 5619 5626
3 5620 5624 5626
3 5621 5623 5622
3 5625 5622 5623
3 5626 5625 5623
3 5624 5625 5626
3 5627 5657 5662
3 5631 5627 5662
3 5628 5658 5627
3 5627 5658 5657
3 5629 5659 5628
3 5628 5659 5658
3 5630 5660 5629
3 5629 5660 5659
3 5633 5634 5661
3 5633 5661 5630
3 5630 5661 5660
3 5661 5634 5666
3 5632 5663 5670
3 5636 5632 5670
3 5662 5632 5631
3 5663 5632 5662
3 5641 5674 5665
3 5665 5676 5641
3 5634 5642 5644
3 5633 5642 5634
3 5667 5666 5634
3 5667 5634 5645
3 5645 5634 5644
3 5645 5646 5669
3 5667 5645 5669
3 5669 5646 5681
3 5635 5648 5647
3 5682 5648 5635
3 5682 5635 5671
3 5671 5635 5637
3 5670 5637 5636
3 5671 5637 5670
3 5638 5685 5673
3 5650 5685 5638
3 5639 5638 5675
3 5638 5673 5675
3 5674 5641 5640
3 5674 5640 5675
3 5675 5640 5639
3 5641 5676 5677
3 5641 5677 5640
3 5640 5677 5643
3 5644 5642 5643
3 5644 5643 5679
3 5679 5643 5677
3 5645 5644 5679
3 5680 5645 5679
3 5680 5688 5652
3 5680 5652 5645
3 5645 5652 5646
3 5689 5681 5646
3 5652 5689 5646
3 5648 5656 5653
3 5647 5648 5653
3 5654 5683 5649
3 5654 5648 5683
3 5654 5656 5648
3 5682 5683 5648
3 5651 5649 5686
3 5649 5683 5686
3 5685 5650 5651
3 5686 5685 5651
3 5652 5688 5690
3 5689 5652 5690
3 5653 5656 5655
3 5654 5655 5656
3 5657 5664 5662
3 5697 5664 5657
3 5697 5657 5692
3 5692 5657 5658
3 5659 5693 5658
3 5658 5693 5692
3 5660 5694 5659
3 5659 5694 5693
3 5661 5695 5660
3 5660 5695 5694
3 5666 5668 5696
3 5666 5696 5661
3 5661 5696 5695
3 5696 5668 5702
3 5663 5672 5670
3 5663 5705 5672
3 5662 5705 5663
3 5662 5698 5705
3 5662 5664 5698
3 5697 5698 5664
3 5665 5708 5700
3 5674 5708 5665
3 5676 5701 5678
3 5676 5665 5701
3 5665 5700 5701
3 5701 5711 5678
3 5666 5667 5668
3 5668 5704 5702
3 5668 5667 5704
3 5667 5669 5704
3 5704 5669 5681
3 5715 5704 5681
3 5671 5684 5682
3 5671 5670 5672
3 5671 5672 5684
3 5684 5672 5687
3 5685 5706 5673
3 5685 5672 5706
3 5685 5687 5672
3 5705 5706 5672
3 5675 5673 5709
3 5673 5706 5709
3 5708 5674 5675
3 5709 5708 5675
3 5676 5678 5677
3 5678 5711 5713
3 5678 5713 5677
3 5677 5713 5679
3 5680 5679 5714
3 5679 5713 5714
3 5688 5716 5691
3 5688 5680 5716
3 5680 5714 5716
3 5691 5716 5715
3 5691 5715 5689
3 5689 5715 5681
3 5682 5684 5683
3 5686 5683 5684
3 5687 5686 5684
3 5685 5686 5687
3 5688 5691 5690
3 5689 5690 5691
3 5692 5699 5697
3 5720 5699 5692
3 5720 5692 5717
3 5717 5692 5693
3 5694 5718 5693
3 5693 5718 5717
3 5695 5719 5694
3 5694 5719 5718
3 5703 5724 5719
3 5703 5719 5696
3 5696 5719 5695
3 5696 5702 5703
3 5698 5707 5705
3 5698 5697 5699
3 5698 5699 5707
3 5707 5699 5710
3 5708 5721 5700
3 5708 5699 5721
3 5708 5710 5699
3 5720 5721 5699
3 5712 5721 5728
3 5712 5701 5721
3 5701 5700 5721
3 5701 5712 5711
3 5703 5726 5724
3 5702 5726 5703
3 5702 5704 5726
3 5704 5727 5726
3 5727 5704 5715
3 5735 5727 5715
3 5705 5707 5706
3 5709 5706 5707
3 5710 5709 5707
3 5708 5709 5710
3 5712 5728 5729
3 5711 5712 5729
3 5711 5729 5713
3 5713 5729 5731
3 5714 5713 5733
3 5713 5731 5733
3 5716 5714 5736
3 5714 5733 5736
3 5735 5715 5716
3 5736 5735 5716
3 5717 5722 5720
3 5717 5718 5723
3 5722 5717 5723
3 5718 5719 5725
3 5723 5718 5725
3 5719 5724 5725
3 5720 5722 5721
3 5728 5721 5722
3 5728 5722 5730
3 5730 5722 5723
3 5725 5732 5723
3 5732 5730 5723
3 5724 5726 5734
3 5724 5734 5725
3 5725 5734 5732
3 5726 5727 5737
3 5734 5726 5737
3 5727 5735 5737
3 5728 5730 5729
3 5731 5729 5730
3 5732 5731 5730
3 5733 5731 5732
3 5734 5733 5732
3 5736 5733 5734
3 5737 5736 5734
3 5735 5736 5737
3 5738 5745 5746
3 5745 5738 5748
3 5738 5746 5749
3 5748 5738 5749
3 5739 5751 5752
3 5751 5739 5753
3 5740 5739 5752
3 5755 5740 5752
3 5756 5753 5739
3 5740 5756 5739
3 5740 5755 5757
3 5759 5760 5741
3 5756 5740 5757
3 5759 5741 5761
3 5741 5760 5762
3 5761 5741 5762
3 5742 5764 5766
3 5764 5742 5769
3 5743 5765 5772
3 5743 5744 5767
3 5765 5743 5767
3 5766 5770 5742
3 5767 5744 5775
3 5769 5742 5770
3 5743 5772 5773
3 5744 5743 5773
3 5776 5744 5773
3 5775 5744 5776
3 5747 5778 5779
3 5750 5746 5745
3 5780 5778 5747
3 5745 5748 5750
3 5747 5779 5781
3 5746 5750 5749
3 5747 5781 5780
3 5748 5749 5750
3 5751 5754 5752
3 5751 5753 5754
3 5754 5758 5755
3 5752 5754 5755
3 5753 5756 5758
3 5754 5753 5758
3 5755 5758 5757
3 5756 5757 5758
3 5759 5763 5760
3 5759 5761 5763
3 5760 5763 5762
3 5761 5762 5763
3 5768 5783 5784
3 5771 5766 5764
3 5785 5783 5768
3 5764 5769 5771
3 5765 5774 5772
3 5777 5774 5765
3 5777 5765 5767
3 5768 5784 5786
3 5771 5770 5766
3 5768 5786 5785
3 5775 5777 5767
3 5769 5770 5771
3 5772 5774 5773
3 5776 5773 5774
3 5777 5776 5774
3 5775 5776 5777
3 5778 5782 5779
3 5778 5780 5782
3 5779 5782 5781
3 5780 5781 5782
3 5783 5787 5784
3 5783 5785 5787
3 5784 5787 5786
3 5785 5786 5787
3 5788 5790 5792
3 5788 5789 5791
3 5790 5788 5791
3 5791 5789 5795
3 5788 5792 5793
3 5789 5788 5793
3 5796 5789 5793
3 5795 5789 5796
3 5790 5794 5792
3 5790 5791 5797
3 5794 5790 5797
3 5791 5795 5797
3 5798 5801 5804
3 5798 5799 5802
3 5801 5798 5802
3 5799 5800 5803
3 5802 5799 5803
3 5803 5800 5809
3 5792 5794 5793
3 5796 5793 5794
3 5797 5796 5794
3 5795 5796 5797
3 5798 5804 5805
3 5799 5798 5805
3 5807 5799 5805
3 5800 5799 5807
3 5810 5800 5807
3 5809 5800 5810
3 5801 5806 5804
3 5801 5802 5808
3 5806 5801 5808
3 5802 5803 5811
3 5808 5802 5811
3 5803 5809 5811
3 5804 5806 5805
3 5807 5805 5806
3 5808 5807 5806
3 5810 5807 5808
3 5811 5810 5808
3 5809 5810 5811
3 5812 5819 5821
3 5819 5812 5823
3 5813 5812 5821
3 5824 5813 5821
3 5826 5823 5812
3 5813 5826 5812
3 5814 5813 5824
3 5829 5814 5824
3 5827 5826 5813
3 5827 5813 5815
3 5815 5813 5814
3 5827 5815 5831
3 5814 5829 5830
3 5830 5832 5816
3 5830 5816 5814
3 5814 5816 5815
3 5833 5831 5815
3 5816 5833 5815
3 5816 5832 5834
3 5833 5816 5834
3 5817 5836 5839
3 5836 5817 5842
3 5818 5840 5843
3 5839 5840 5818
3 5839 5818 5817
3 5817 5818 5820
3 5844 5842 5817
3 5820 5844 5817
3 5822 5818 5843
3 5845 5822 5843
3 5819 5822 5821
3 5819 5820 5822
3 5820 5818 5822
3 5820 5819 5823
3 5820 5823 5844
3 5844 5823 5847
3 5825 5822 5845
3 5849 5825 5845
3 5821 5825 5824
3 5822 5825 5821
3 5848 5826 5828
3 5848 5847 5826
3 5847 5823 5826
3 5848 5828 5851
3 5825 5849 5850
3 5850 5824 5825
3 5850 5853 5824
3 5853 5829 5824
3 5826 5827 5828
3 5828 5827 5831
3 5828 5831 5851
3 5851 5831 5856
3 5829 5853 5855
3 5830 5829 5855
3 5855 5832 5830
3 5857 5832 5855
3 5831 5833 5856
3 5856 5833 5859
3 5832 5857 5860
3 5834 5832 5860
3 5859 5833 5834
3 5859 5834 5860
3 5862 5835 5861
3 5861 5835 5864
3 5835 5862 5865
3 5864 5835 5865
3 5837 5868 5872
3 5837 5838 5869
3 5868 5837 5869
3 5869 5838 5874
3 5841 5873 5876
3 5872 5873 5841
3 5837 5872 5841
3 5837 5841 5839
3 5837 5839 5836
3 5875 5838 5837
3 5875 5837 5842
3 5875 5842 5878
3 5836 5842 5837
3 5874 5838 5875
3 5840 5841 5876
3 5840 5876 5843
3 5843 5876 5879
3 5839 5841 5840
3 5842 5844 5878
3 5878 5844 5882
3 5846 5880 5884
3 5846 5879 5880
3 5846 5845 5879
3 5845 5843 5879
3 5844 5847 5882
3 5882 5847 5886
3 5846 5884 5885
3 5885 5845 5846
3 5885 5888 5845
3 5888 5849 5845
3 5852 5847 5848
3 5852 5890 5847
3 5890 5886 5847
3 5848 5851 5852
3 5854 5850 5849
3 5854 5849 5893
3 5893 5849 5888
3 5850 5854 5853
3 5852 5892 5890
3 5892 5852 5851
3 5892 5851 5895
3 5895 5851 5856
3 5854 5893 5894
3 5858 5894 5897
3 5855 5894 5858
3 5855 5854 5894
3 5855 5853 5854
3 5855 5858 5857
3 5856 5859 5895
3 5895 5859 5899
3 5858 5897 5898
3 5863 5898 5901
3 5860 5898 5863
3 5860 5858 5898
3 5860 5857 5858
3 5859 5863 5899
3 5859 5860 5863
3 5899 5863 5900
3 5862 5861 5863
3 5900 5863 5861
3 5900 5861 5864
3 5903 5900 5864
3 5863 5901 5902
3 5866 5902 5906
3 5865 5902 5866
3 5865 5863 5902
3 5865 5862 5863
3 5905 5903 5864
3 5905 5864 5866
3 5905 5866 5867
3 5866 5864 5865
3 5905 5867 5909
3 5866 5906 5907
3 5867 5866 5907
3 5910 5867 5907
3 5909 5867 5910
3 5870 5911 5913
3 5870 5871 5912
3 5911 5870 5912
3 5912 5871 5916
3 5868 5914 5919
3 5872 5868 5919
3 5913 5869 5870
3 5913 5914 5869
3 5914 5868 5869
3 5917 5871 5870
3 5917 5870 5874
3 5917 5874 5922
3 5869 5874 5870
3 5916 5871 5917
3 5877 5918 5925
3 5877 5876 5873
3 5877 5873 5918
3 5918 5873 5920
3 5919 5873 5872
3 5920 5873 5919
3 5875 5927 5923
3 5878 5927 5875
3 5922 5874 5875
3 5923 5922 5875
3 5881 5877 5925
3 5930 5881 5925
3 5876 5881 5879
3 5877 5881 5876
3 5883 5932 5928
3 5883 5928 5927
3 5883 5927 5882
3 5882 5927 5878
3 5880 5881 5930
3 5880 5930 5884
3 5884 5930 5934
3 5879 5881 5880
3 5887 5932 5883
3 5936 5932 5887
3 5882 5886 5887
3 5883 5882 5887
3 5889 5885 5884
3 5889 5884 5938
3 5938 5884 5934
3 5885 5889 5888
3 5891 5936 5887
3 5941 5936 5891
3 5886 5890 5891
3 5887 5886 5891
3 5889 5938 5939
3 5939 5888 5889
3 5939 5944 5888
3 5944 5893 5888
3 5891 5943 5941
3 5896 5947 5943
3 5892 5896 5943
3 5892 5943 5891
3 5892 5891 5890
3 5892 5895 5896
3 5893 5944 5945
3 5894 5893 5945
3 5945 5897 5894
3 5950 5897 5945
3 5896 5949 5947
3 5949 5896 5895
3 5949 5895 5953
3 5953 5895 5899
3 5897 5950 5951
3 5898 5897 5951
3 5951 5901 5898
3 5955 5901 5951
3 5904 5899 5900
3 5904 5956 5899
3 5956 5953 5899
3 5900 5903 5904
3 5901 5955 5957
3 5902 5901 5957
3 5906 5904 5908
3 5906 5957 5904
3 5906 5902 5957
3 5957 5956 5904
3 5903 5908 5904
3 5903 5959 5908
3 5903 5905 5959
3 5959 5960 5908
3 5959 5905 5909
3 5961 5959 5909
3 5906 5908 5907
3 5908 5960 5962
3 5908 5962 5907
3 5907 5962 5910
3 5961 5909 5910
3 5962 5961 5910
3 5915 5964 5970
3 5915 5913 5911
3 5915 5911 5964
3 5964 5911 5965
3 5912 5967 5911
3 5911 5967 5965
3 5967 5912 5916
3 5973 5967 5916
3 5921 5971 5976
3 5970 5971 5921
3 5915 5970 5921
3 5915 5921 5919
3 5915 5919 5914
3 5913 5915 5914
3 5972 5924 5978
3 5924 5917 5922
3 5924 5972 5917
3 5972 5974 5917
3 5973 5916 5917
3 5974 5973 5917
3 5918 5926 5925
3 5921 5976 5981
3 5921 5981 5918
3 5921 5918 5920
3 5926 5918 5981
3 5919 5921 5920
3 5979 5929 5982
3 5978 5929 5979
3 5924 5929 5978
3 5924 5927 5929
3 5924 5923 5927
3 5922 5923 5924
3 5926 5931 5930
3 5925 5926 5930
3 5983 5926 5981
3 5983 5933 5926
3 5933 5931 5926
3 5982 5933 5983
3 5929 5933 5982
3 5929 5932 5933
3 5929 5928 5932
3 5927 5928 5929
3 5931 5935 5934
3 5930 5931 5934
3 5933 5937 5931
3 5937 5935 5931
3 5932 5936 5937
3 5933 5932 5937
3 5935 5940 5938
3 5934 5935 5938
3 5937 5942 5935
3 5942 5940 5935
3 5936 5941 5942
3 5937 5936 5942
3 5938 5940 5939
3 5944 5939 5940
3 5944 5940 5946
3 5946 5940 5942
3 5941 5943 5948
3 5941 5948 5942
3 5942 5948 5946
3 5943 5947 5948
3 5944 5946 5945
3 5950 5945 5946
3 5950 5946 5952
3 5952 5946 5948
3 5947 5949 5954
3 5947 5954 5948
3 5948 5954 5952
3 5949 5953 5954
3 5950 5952 5951
3 5955 5951 5952
3 5955 5952 5958
3 5958 5952 5954
3 5953 5956 5958
3 5954 5953 5958
3 5955 5958 5957
3 5956 5957 5958
3 5959 5963 5960
3 5959 5961 5963
3 5960 5963 5962
3 5961 5962 5963
3 5966 5985 5988
3 5966 5968 5986
3 5985 5966 5986
3 5968 5969 5987
3 5986 5968 5987
3 5987 5969 5992
3 5964 5989 5996
3 5970 5964 5996
3 5988 5965 5966
3 5988 5989 5965
3 5989 5964 5965
3 5967 5999 5965
3 5967 5975 5999
3 5965 5999 5966
3 5991 5968 5999
3 5966 5999 5968
3 5991 5993 5969
3 5991 5969 5968
3 5967 5973 5975
3 5992 5969 5993
3 5971 5977 5976
3 5997 5970 5996
3 5997 5977 5970
3 5997 5980 5977
3 5977 5971 5970
3 5980 5972 5978
3 5980 5997 5972
3 5997 6000 5972
3 5999 5975 5974
3 5999 5974 6000
3 6000 5974 5972
3 5973 5974 5975
3 5977 5984 5981
3 5976 5977 5981
3 5979 5982 5984
3 5979 5984 5980
3 5980 5984 5977
3 5978 5979 5980
3 5981 5984 5983
3 5982 5983 5984
3 5985 5990 5988
3 6007 5990 5985
3 6007 5985 6002
3 6002 5985 5986
3 5987 6003 5986
3 5986 6003 6002
3 5992 5994 6004
3 5992 6004 5987
3 5987 6004 6003
3 5994 5995 6006
3 6004 5994 6006
3 6006 5995 6013
3 5989 5998 5996
3 5989 5988 5990
3 5989 5990 5998
3 5998 5990 6001
3 5999 6008 5991
3 5999 5990 6008
3 5999 6001 5990
3 6007 6008 5990
3 5993 5991 6010
3 5991 6008 6010
3 5994 5992 5993
3 5994 5993 6012
3 6012 5993 6010
3 5995 5994 6012
3 6014 5995 6012
3 6013 5995 6014
3 5996 5998 5997
3 6000 5997 5998
3 6001 6000 5998
3 5999 6000 6001
3 6005 6016 6017
3 6016 6005 6018
3 6002 6009 6007
3 6002 6003 6011
3 6009 6002 6011
3 6005 6017 6024
3 6005 6024 6003
3 6005 6003 6004
3 6011 6003 6024
3 6005 6020 6018
3 6005 6004 6020
3 6004 6006 6020
3 6013 6015 6021
3 6013 6021 6006
3 6006 6021 6020
3 6021 6015 6029
3 6007 6009 6008
3 6010 6008 6009
3 6011 6010 6009
3 6011 6024 6025
3 6011 6025 6010
3 6010 6025 6012
3 6014 6012 6027
3 6012 6025 6027
3 6015 6013 6014
3 6015 6014 6030
3 6030 6014 6027
3 6029 6015 6030
3 6016 6019 6017
3 6016 6018 6019
3 6022 6033 6035
3 6022 6023 6034
3 6033 6022 6034
3 6034 6023 6037
3 6019 6026 6024
3 6017 6019 6024
3 6018 6020 6028
3 6018 6028 6019
3 6019 6028 6026
3 6022 6035 6040
3 6022 6040 6020
3 6022 6020 6021
3 6028 6020 6040
3 6029 6022 6021
3 6029 6031 6022
3 6031 6023 6022
3 6039 6037 6023
3 6039 6023 6032
3 6032 6023 6031
3 6039 6032 6045
3 6024 6026 6025
3 6027 6025 6026
3 6028 6027 6026
3 6028 6040 6041
3 6028 6041 6027
3 6027 6041 6030
3 6031 6029 6030
3 6031 6030 6043
3 6043 6030 6041
3 6032 6031 6043
3 6046 6032 6043
3 6045 6032 6046
3 6033 6036 6035
3 6033 6034 6038
3 6036 6033 6038
3 6034 6037 6038
3 6036 6042 6040
3 6035 6036 6040
3 6038 6044 6036
3 6044 6042 6036
3 6037 6039 6047
3 6037 6047 6038
3 6038 6047 6044
3 6039 6045 6047
3 6040 6042 6041
3 6043 6041 6042
3 6044 6043 6042
3 6046 6043 6044
3 6047 6046 6044
3 6045 6046 6047
3 6048 6056 6059
3 6056 6048 6062
3 6049 6058 6065
3 6049 6050 6060
3 6058 6049 6060
3 6059 6060 6050
3 6059 6050 6048
3 6048 6050 6051
3 6068 6062 6048
3 6051 6068 6048
3 6052 6049 6065
3 6070 6052 6065
3 6071 6066 6050
3 6071 6050 6052
3 6052 6050 6049
3 6051 6050 6066
3 6069 6051 6066
3 6068 6051 6069
3 6052 6070 6072
3 6071 6052 6072
3 6053 6075 6077
3 6075 6053 6078
3 6054 6076 6080
3 6076 6054 6082
3 6053 6077 6079
3 6081 6085 6055
3 6078 6053 6079
3 6080 6083 6054
3 6081 6055 6086
3 6082 6054 6083
3 6055 6085 6087
3 6086 6055 6087
3 6057 6089 6091
3 6089 6057 6093
3 6061 6092 6097
3 6057 6091 6094
3 6063 6059 6056
3 6092 6061 6099
3 6056 6062 6063
3 6094 6093 6057
3 6064 6095 6101
3 6095 6064 6103
3 6058 6098 6105
3 6065 6058 6105
3 6061 6097 6100
3 6067 6106 6060
3 6060 6106 6098
3 6060 6098 6058
3 6059 6063 6102
3 6059 6102 6108
3 6059 6108 6060
3 6067 6060 6108
3 6061 6100 6099
3 6064 6101 6104
3 6062 6109 6063
3 6062 6068 6109
3 6109 6102 6063
3 6103 6064 6104
3 6107 6073 6070
3 6107 6070 6105
3 6105 6070 6065
3 6106 6073 6107
3 6067 6073 6106
3 6067 6071 6073
3 6067 6066 6071
3 6067 6108 6110
3 6067 6110 6066
3 6066 6110 6069
3 6109 6068 6069
3 6110 6109 6069
3 6074 6111 6112
3 6070 6073 6072
3 6074 6113 6111
3 6071 6072 6073
3 6074 6112 6114
3 6113 6074 6114
3 6075 6116 6117
3 6077 6075 6117
3 6116 6075 6078
3 6118 6116 6078
3 6076 6084 6080
3 6076 6082 6084
3 6077 6117 6119
3 6079 6077 6119
3 6081 6121 6085
3 6121 6122 6085
3 6079 6118 6078
3 6079 6119 6118
3 6086 6123 6121
3 6086 6121 6081
3 6080 6084 6083
3 6082 6083 6084
3 6085 6122 6124
3 6087 6085 6124
3 6123 6086 6087
3 6123 6087 6124
3 6127 6088 6126
3 6126 6088 6128
3 6088 6127 6129
3 6128 6088 6129
3 6090 6131 6133
3 6131 6090 6135
3 6089 6132 6138
3 6091 6089 6138
3 6132 6089 6093
3 6140 6132 6093
3 6096 6090 6133
3 6142 6096 6133
3 6144 6135 6090
3 6096 6144 6090
3 6092 6139 6146
3 6097 6092 6146
3 6092 6099 6148
3 6092 6148 6139
3 6094 6091 6141
3 6141 6091 6138
3 6095 6143 6101
3 6143 6151 6101
3 6094 6140 6093
3 6094 6141 6140
3 6143 6095 6103
3 6143 6103 6153
3 6145 6096 6142
3 6144 6096 6145
3 6098 6147 6156
3 6105 6098 6156
3 6098 6106 6157
3 6098 6157 6147
3 6100 6097 6149
3 6149 6097 6146
3 6102 6152 6108
3 6152 6160 6108
3 6100 6148 6099
3 6100 6149 6148
3 6102 6109 6161
3 6102 6161 6152
3 6104 6101 6154
3 6154 6101 6151
3 6153 6103 6104
3 6154 6153 6104
3 6105 6156 6158
3 6107 6105 6158
3 6157 6106 6107
3 6158 6157 6107
3 6108 6160 6162
3 6110 6108 6162
3 6161 6109 6110
3 6162 6161 6110
3 6111 6115 6112
3 6111 6113 6115
3 6112 6115 6114
3 6113 6114 6115
3 6116 6120 6117
3 6116 6118 6120
3 6117 6120 6119
3 6118 6119 6120
3 6121 6125 6122
3 6121 6123 6125
3 6122 6125 6124
3 6123 6124 6125
3 6126 6130 6127
3 6126 6128 6130
3 6127 6130 6129
3 6128 6129 6130
3 6134 6164 6166
3 6136 6133 6131
3 6168 6164 6134
3 6135 6136 6131
3 6137 6165 6170
3 6165 6137 6172
3 6132 6167 6176
3 6138 6132 6176
3 6167 6132 6140
3 6167 6140 6177
3 6169 6134 6166
3 6134 6169 6168
3 6136 6171 6133
3 6133 6171 6180
3 6133 6180 6142
3 6137 6170 6173
3 6135 6181 6136
3 6135 6144 6181
3 6181 6171 6136
3 6172 6137 6173
3 6139 6150 6146
3 6138 6176 6178
3 6138 6178 6141
3 6148 6150 6139
3 6141 6178 6177
3 6141 6177 6140
3 6143 6155 6151
3 6142 6180 6182
3 6142 6182 6145
3 6153 6155 6143
3 6181 6144 6145
3 6182 6181 6145
3 6147 6159 6156
3 6149 6146 6150
3 6157 6159 6147
3 6148 6149 6150
3 6152 6163 6160
3 6154 6151 6155
3 6161 6163 6152
3 6153 6154 6155
3 6156 6159 6158
3 6157 6158 6159
3 6160 6163 6162
3 6161 6162 6163
3 6164 6184 6187
3 6166 6164 6187
3 6184 6164 6168
3 6188 6184 6168
3 6165 6174 6170
3 6172 6174 6165
3 6175 6186 6190
3 6186 6175 6191
3 6167 6179 6176
3 6166 6187 6189
3 6166 6189 6169
3 6177 6179 6167
3 6169 6189 6188
3 6169 6188 6168
3 6171 6183 6180
3 6173 6170 6174
3 6181 6183 6171
3 6175 6190 6192
3 6172 6173 6174
3 6191 6175 6192
3 6176 6179 6178
3 6177 6178 6179
3 6180 6183 6182
3 6181 6182 6183
3 6185 6195 6197
3 6195 6185 6198
3 6184 6196 6202
3 6187 6184 6202
3 6196 6184 6188
3 6203 6196 6188
3 6185 6197 6199
3 6186 6193 6190
3 6185 6199 6198
3 6186 6191 6193
3 6194 6201 6206
3 6201 6194 6207
3 6187 6202 6204
3 6189 6187 6204
3 6203 6188 6189
3 6204 6203 6189
3 6190 6193 6192
3 6191 6192 6193
3 6194 6206 6208
3 6207 6194 6208
3 6195 6211 6213
3 6197 6195 6213
3 6198 6200 6212
3 6198 6212 6195
3 6195 6212 6211
3 6212 6200 6216
3 6196 6205 6202
3 6196 6203 6205
3 6197 6213 6214
3 6199 6197 6214
3 6200 6198 6199
3 6200 6199 6217
3 6217 6199 6214
3 6216 6200 6217
3 6201 6219 6220
3 6206 6201 6220
3 6219 6201 6207
3 6222 6219 6207
3 6202 6205 6204
3 6203 6204 6205
3 6209 6221 6223
3 6208 6209 6210
3 6208 6220 6209
3 6208 6206 6220
3 6221 6209 6220
3 6208 6210 6225
3 6208 6225 6207
3 6207 6225 6222
3 6209 6223 6224
3 6210 6209 6224
3 6226 6210 6224
3 6225 6210 6226
3 6211 6215 6213
3 6211 6212 6218
3 6215 6211 6218
3 6212 6216 6218
3 6213 6215 6214
3 6217 6214 6215
3 6218 6217 6215
3 6216 6217 6218
3 6219 6228 6229
3 6220 6219 6229
3 6228 6219 6222
3 6231 6228 6222
3 6221 6230 6234
3 6223 6221 6234
3 6229 6221 6220
3 6230 6221 6229
3 6233 6225 6227
3 6233 6231 6225
3 6231 6222 6225
3 6233 6227 6238
3 6223 6234 6235
3 6224 6223 6235
3 6226 6224 6237
3 6224 6235 6237
3 6227 6225 6226
3 6227 6226 6239
3 6239 6226 6237
3 6238 6227 6239
3 6228 6232 6229
3 6228 6231 6232
3 6230 6236 6234
3 6230 6242 6236
3 6229 6242 6230
3 6229 6240 6242
3 6229 6232 6240
3 6231 6240 6232
3 6231 6233 6240
3 6233 6241 6240
3 6241 6233 6238
3 6245 6241 6238
3 6234 6236 6235
3 6236 6242 6243
3 6236 6243 6235
3 6235 6243 6237
3 6239 6237 6246
3 6237 6243 6246
3 6245 6238 6239
3 6246 6245 6239
3 6240 6244 6242
3 6240 6241 6247
3 6244 6240 6247
3 6241 6245 6247
3 6242 6244 6243
3 6246 6243 6244
3 6247 6246 6244
3 6245 6246 6247
3 6248 6250 6252
3 6250 6248 6253
3 6248 6252 6254
3 6253 6248 6254
3 6249 6256 6257
3 6256 6249 6258
3 6249 6257 6259
3 6258 6249 6259
3 6251 6261 6262
3 6261 6251 6263
3 6250 6255 6252
3 6251 6262 6264
3 6253 6255 6250
3 6263 6251 6264
3 6252 6255 6254
3 6253 6254 6255
3 6256 6260 6257
3 6256 6258 6260
3 6257 6260 6259
3 6258 6259 6260
3 6261 6265 6262
3 6261 6263 6265
3 6262 6265 6264
3 6263 6264 6265
3 6266 6267 6268
3 6267 6266 6269
3 6266 6268 6270
3 6269 6266 6270
3 6267 6271 6268
3 6269 6271 6267
3 6272 6273 6274
3 6273 6272 6275
3 6268 6271 6270
3 6272 6274 6276
3 6269 6270 6271
3 6275 6272 6276
3 6273 6277 6274
3 6273 6275 6277
3 6274 6277 6276
3 6275 6276 6277
3 6278 6279 6281
3 6279 6278 6282
3 6278 6281 6283
3 6282 6278 6283
3 6280 6285 6287
3 6285 6280 6288
3 6279 6284 6281
3 6280 6287 6289
3 6282 6284 6279
3 6288 6280 6289
3 6281 6284 6283
3 6282 6283 6284
3 6286 6290 6291
3 6290 6286 6293
3 6285 6292 6297
3 6287 6285 6297
3 6292 6285 6288
3 6292 6288 6298
3 6294 6286 6291
3 6293 6286 6294
3 6287 6297 6299
3 6289 6287 6299
3 6298 6288 6289
3 6299 6298 6289
3 6290 6295 6291
3 6293 6295 6290
3 6296 6301 6302
3 6301 6296 6303
3 6292 6300 6297
3 6294 6291 6295
3 6298 6300 6292
3 6296 6302 6304
3 6293 6294 6295
3 6303 6296 6304
3 6297 6300 6299
3 6298 6299 6300
3 6301 6305 6302
3 6303 6305 6301
3 6306 6308 6310
3 6306 6307 6309
3 6308 6306 6309
3 6309 6307 6313
3 6302 6305 6304
3 6306 6310 6311
3 6303 6304 6305
3 6307 6306 6311
3 6314 6307 6311
3 6313 6307 6314
3 6308 6312 6310
3 6308 6309 6315
3 6312 6308 6315
3 6309 6313 6315
3 6310 6312 6311
3 6314 6311 6312
3 6315 6314 6312
3 6313 6314 6315
3 6316 6317 6318
3 6317 6316 6319
3 6316 6318 6320
3 6319 6316 6320
3 6317 6321 6322
3 6318 6317 6322
3 6321 6317 6319
3 6323 6321 6319
3 6318 6322 6324
3 6320 6318 6324
3 6323 6319 6320
3 6324 6323 6320
3 6321 6325 6322
3 6321 6323 6325
3 6322 6325 6324
3 6323 6324 6325
3 6326 6341 6346
3 6326 6327 6342
3 6341 6326 6342
3 6342 6327 6348
3 6328 6347 6350
3 6346 6347 6328
3 6346 6328 6326
3 6326 6328 6329
3 6327 6326 6330
3 6330 6326 6329
3 6351 6348 6327
3 6330 6351 6327
3 6331 6328 6350
3 6354 6331 6350
3 6329 6328 6332
3 6332 6328 6331
3 6355 6352 6330
3 6355 6330 6332
3 6332 6330 6329
3 6351 6330 6352
3 6333 6331 6354
3 6357 6333 6354
3 6332 6331 6334
3 6334 6331 6333
3 6359 6355 6332
3 6334 6359 6332
3 6335 6333 6357
3 6361 6335 6357
3 6334 6333 6336
3 6336 6333 6335
3 6362 6359 6334
3 6336 6362 6334
3 6337 6335 6361
3 6364 6337 6361
3 6336 6335 6338
3 6338 6335 6337
3 6366 6362 6336
3 6338 6366 6336
3 6337 6364 6365
3 6365 6367 6339
3 6365 6339 6337
3 6337 6339 6338
3 6369 6366 6338
3 6339 6369 6338
3 6339 6367 6370
3 6369 6339 6370
3 6340 6376 6381
3 6376 6340 6383
3 6343 6380 6386
3 6343 6344 6382
3 6380 6343 6382
3 6381 6382 6344
3 6381 6344 6340
3 6340 6344 6345
3 6390 6383 6340
3 6345 6390 6340
3 6341 6387 6393
3 6346 6341 6393
3 6386 6342 6343
3 6386 6387 6342
3 6387 6341 6342
3 6348 6343 6342
3 6348 6349 6343
3 6349 6344 6343
3 6398 6391 6345
3 6398 6345 6349
3 6349 6345 6344
3 6390 6345 6391
3 6347 6394 6401
3 6350 6347 6401
3 6393 6347 6346
3 6394 6347 6393
3 6353 6403 6396
3 6349 6396 6399
3 6349 6351 6396
3 6349 6348 6351
3 6351 6353 6396
3 6398 6349 6399
3 6350 6401 6354
3 6401 6406 6354
3 6356 6408 6404
3 6403 6356 6404
3 6353 6356 6403
3 6353 6355 6356
3 6353 6352 6355
3 6351 6352 6353
3 6358 6407 6410
3 6358 6406 6407
3 6358 6357 6406
3 6357 6354 6406
3 6360 6408 6356
3 6413 6408 6360
3 6355 6359 6360
3 6356 6355 6360
3 6358 6410 6411
3 6411 6357 6358
3 6411 6415 6357
3 6415 6361 6357
3 6363 6413 6360
3 6416 6413 6363
3 6359 6362 6363
3 6360 6359 6363
3 6361 6415 6364
3 6415 6419 6364
3 6363 6418 6416
3 6418 6363 6362
3 6418 6362 6421
3 6421 6362 6366
3 6368 6365 6364
3 6368 6364 6424
3 6424 6364 6419
3 6365 6368 6367
3 6423 6369 6371
3 6423 6421 6369
3 6421 6366 6369
3 6423 6371 6427
3 6368 6424 6425
3 6372 6425 6430
3 6370 6425 6372
3 6370 6368 6425
3 6370 6367 6368
3 6370 6371 6369
3 6370 6372 6371
3 6372 6373 6371
3 6429 6427 6371
3 6429 6371 6374
3 6374 6371 6373
3 6429 6374 6433
3 6372 6430 6431
3 6373 6372 6431
3 6432 6373 6431
3 6432 6434 6375
3 6432 6375 6373
3 6373 6375 6374
3 6435 6433 6374
3 6375 6435 6374
3 6375 6434 6436
3 6435 6375 6436
3 6377 6438 6441
3 6377 6378 6439
3 6438 6377 6439
3 6378 6379 6440
3 6439 6378 6440
3 6440 6379 6444
3 6376 6377 6441
3 6376 6441 6381
3 6381 6441 6447
3 6383 6377 6376
3 6383 6384 6377
3 6384 6378 6377
3 6379 6378 6385
3 6385 6378 6384
3 6452 6444 6379
3 6385 6452 6379
3 6380 6388 6386
3 6380 6382 6389
3 6388 6380 6389
3 6448 6381 6447
3 6448 6389 6381
3 6448 6392 6389
3 6389 6382 6381
3 6384 6448 6450
3 6384 6390 6448
3 6384 6383 6390
3 6390 6392 6448
3 6385 6384 6450
3 6453 6385 6450
3 6452 6385 6453
3 6387 6395 6393
3 6387 6386 6388
3 6387 6388 6395
3 6395 6388 6397
3 6389 6400 6388
3 6400 6397 6388
3 6391 6398 6400
3 6391 6400 6392
3 6392 6400 6389
3 6390 6391 6392
3 6394 6402 6401
3 6394 6393 6395
3 6394 6395 6402
3 6402 6395 6405
3 6396 6403 6405
3 6396 6405 6397
3 6397 6405 6395
3 6399 6396 6397
3 6400 6399 6397
3 6398 6399 6400
3 6402 6409 6406
3 6401 6402 6406
3 6404 6408 6409
3 6404 6409 6405
3 6405 6409 6402
3 6403 6404 6405
3 6407 6412 6410
3 6407 6406 6409
3 6407 6409 6412
3 6412 6409 6414
3 6408 6413 6414
3 6409 6408 6414
3 6410 6412 6411
3 6415 6411 6412
3 6415 6412 6417
3 6417 6412 6414
3 6413 6416 6417
3 6414 6413 6417
3 6417 6420 6419
3 6415 6417 6419
3 6416 6418 6422
3 6416 6422 6417
3 6417 6422 6420
3 6418 6421 6422
3 6420 6455 6456
3 6420 6456 6419
3 6419 6456 6424
3 6455 6426 6457
3 6455 6420 6426
3 6420 6422 6426
3 6421 6423 6428
3 6421 6428 6422
3 6422 6428 6426
3 6423 6427 6428
3 6424 6456 6458
3 6425 6424 6458
3 6458 6426 6425
3 6458 6457 6426
3 6425 6426 6430
3 6460 6463 6426
3 6430 6426 6463
3 6428 6460 6426
3 6461 6460 6428
3 6427 6461 6428
3 6427 6429 6461
3 6429 6462 6461
3 6462 6429 6433
3 6468 6462 6433
3 6430 6463 6464
3 6431 6430 6464
3 6432 6431 6466
3 6431 6464 6466
3 6466 6434 6432
3 6471 6434 6466
3 6470 6435 6437
3 6470 6468 6435
3 6468 6433 6435
3 6470 6437 6473
3 6434 6471 6472
3 6436 6434 6472
3 6437 6435 6436
3 6437 6436 6474
3 6474 6436 6472
3 6473 6437 6474
3 6438 6442 6441
3 6438 6439 6443
3 6442 6438 6443
3 6479 6443 6439
3 6479 6439 6476
3 6476 6439 6440
3 6444 6445 6477
3 6444 6477 6440
3 6440 6477 6476
3 6445 6446 6478
3 6477 6445 6478
3 6478 6446 6484
3 6442 6449 6447
3 6441 6442 6447
3 6443 6451 6442
3 6451 6449 6442
3 6480 6443 6479
3 6480 6454 6443
3 6454 6451 6443
3 6445 6480 6482
3 6445 6452 6480
3 6445 6444 6452
3 6452 6454 6480
3 6446 6445 6482
3 6485 6446 6482
3 6484 6446 6485
3 6447 6449 6448
3 6450 6448 6449
3 6451 6450 6449
3 6453 6450 6451
3 6454 6453 6451
3 6452 6453 6454
3 6455 6459 6456
3 6455 6457 6459
3 6456 6459 6458
3 6457 6458 6459
3 6460 6465 6463
3 6460 6461 6467
3 6465 6460 6467
3 6461 6462 6469
3 6467 6461 6469
3 6462 6468 6469
3 6463 6465 6464
3 6466 6464 6465
3 6467 6466 6465
3 6488 6467 6469
3 6488 6471 6467
3 6488 6491 6471
3 6466 6467 6471
3 6468 6488 6469
3 6468 6470 6488
3 6470 6489 6488
3 6473 6475 6490
3 6473 6490 6470
3 6470 6490 6489
3 6490 6475 6496
3 6471 6491 6492
3 6472 6471 6492
3 6474 6472 6494
3 6472 6492 6494
3 6475 6473 6474
3 6475 6474 6497
3 6497 6474 6494
3 6496 6475 6497
3 6476 6481 6479
3 6476 6477 6483
3 6481 6476 6483
3 6502 6483 6477
3 6502 6477 6499
3 6499 6477 6478
3 6484 6486 6500
3 6484 6500 6478
3 6478 6500 6499
3 6486 6487 6501
3 6500 6486 6501
3 6501 6487 6506
3 6479 6481 6480
3 6482 6480 6481
3 6483 6482 6481
3 6483 6502 6503
3 6483 6503 6482
3 6482 6503 6485
3 6486 6484 6485
3 6486 6485 6505
3 6505 6485 6503
3 6487 6486 6505
3 6507 6487 6505
3 6506 6487 6507
3 6488 6493 6491
3 6488 6489 6495
3 6493 6488 6495
3 6489 6490 6498
3 6495 6489 6498
3 6490 6496 6498
3 6491 6493 6492
3 6494 6492 6493
3 6495 6494 6493
3 6497 6494 6495
3 6498 6497 6495
3 6496 6497 6498
3 6499 6504 6502
3 6512 6504 6499
3 6512 6499 6509
3 6509 6499 6500
3 6501 6510 6500
3 6500 6510 6509
3 6506 6508 6511
3 6506 6511 6501
3 6501 6511 6510
3 6511 6508 6517
3 6502 6504 6503
3 6504 6512 6513
3 6504 6513 6503
3 6503 6513 6505
3 6507 6505 6515
3 6505 6513 6515
3 6508 6506 6507
3 6508 6507 6518
3 6518 6507 6515
3 6517 6508 6518
3 6509 6514 6512
3 6509 6510 6516
3 6514 6509 6516
3 6510 6511 6519
3 6516 6510 6519
3 6511 6517 6519
3 6512 6514 6513
3 6515 6513 6514
3 6516 6515 6514
3 6518 6515 6516
3 6519 6518 6516
3 6517 6518 6519
3 6520 6523 6524
3 6523 6520 6525
3 6521 6520 6524
3 6527 6521 6524
3 6528 6525 6520
3 6521 6528 6520
3 6522 6521 6527
3 6530 6522 6527
3 6532 6528 6521
3 6522 6532 6521
3 6522 6530 6533
3 6532 6522 6533
3 6523 6526 6524
3 6523 6525 6526
3 6526 6529 6527
3 6524 6526 6527
3 6525 6528 6529
3 6526 6525 6529
3 6531 6538 6540
3 6529 6539 6538
3 6529 6538 6530
3 6529 6530 6527
3 6530 6538 6531
3 6539 6529 6528
3 6539 6528 6542
3 6542 6528 6532
3 6534 6531 6540
3 6544 6534 6540
3 6530 6535 6533
3 6530 6531 6535
3 6531 6534 6535
3 6533 6535 6546
3 6533 6546 6532
3 6532 6546 6542
3 6536 6534 6544
3 6548 6536 6544
3 6535 6534 6537
3 6537 6534 6536
3 6551 6546 6535
3 6537 6551 6535
3 6536 6548 6549
3 6537 6536 6549
3 6552 6537 6549
3 6551 6537 6552
3 6538 6541 6540
3 6538 6539 6543
3 6541 6538 6543
3 6539 6542 6543
3 6541 6545 6544
3 6540 6541 6544
3 6543 6547 6541
3 6547 6545 6541
3 6542 6546 6547
3 6543 6542 6547
3 6545 6550 6548
3 6544 6545 6548
3 6547 6553 6545
3 6553 6550 6545
3 6546 6551 6553
3 6547 6546 6553
3 6548 6550 6549
3 6552 6549 6550
3 6553 6552 6550
3 6551 6552 6553
3 6554 6557 6559
3 6554 6555 6558
3 6557 6554 6558
3 6558 6555 6562
3 6556 6560 6564
3 6559 6561 6554
3 6560 6556 6566
3 6555 6554 6561
3 6563 6555 6561
3 6562 6555 6563
3 6556 6564 6567
3 6566 6556 6567
3 6557 6582 6585
3 6559 6557 6585
3 6558 6583 6557
3 6557 6583 6582
3 6583 6558 6562
3 6588 6583 6562
3 6565 6584 6590
3 6565 6564 6560
3 6565 6560 6584
3 6584 6560 6586
3 6560 6568 6586
3 6560 6566 6568
3 6586 6568 6585
3 6561 6559 6568
3 6585 6568 6559
3 6594 6561 6568
3 6594 6589 6561
3 6589 6563 6561
3 6588 6562 6563
3 6589 6588 6563
3 6569 6591 6595
3 6590 6591 6569
3 6590 6569 6565
3 6565 6569 6570
3 6564 6571 6567
3 6564 6565 6571
3 6565 6570 6571
3 6567 6568 6566
3 6567 6571 6568
3 6571 6572 6568
3 6597 6594 6568
3 6572 6597 6568
3 6573 6569 6595
3 6599 6573 6595
3 6570 6569 6574
3 6574 6569 6573
3 6571 6570 6575
3 6575 6570 6574
3 6600 6598 6572
3 6600 6572 6575
3 6575 6572 6571
3 6597 6572 6598
3 6576 6573 6599
3 6602 6576 6599
3 6574 6573 6577
3 6577 6573 6576
3 6604 6601 6575
3 6604 6575 6577
3 6577 6575 6574
3 6600 6575 6601
3 6578 6576 6602
3 6607 6578 6602
3 6577 6576 6579
3 6579 6576 6578
3 6609 6604 6577
3 6579 6609 6577
3 6580 6578 6607
3 6612 6580 6607
3 6579 6578 6581
3 6581 6578 6580
3 6614 6609 6579
3 6581 6614 6579
3 6580 6612 6613
3 6581 6580 6613
3 6615 6581 6613
3 6614 6581 6615
3 6582 6587 6585
3 6625 6587 6582
3 6625 6582 6624
3 6624 6582 6583
3 6624 6583 6588
3 6627 6624 6588
3 6584 6592 6590
3 6584 6586 6593
3 6592 6584 6593
3 6586 6631 6593
3 6585 6631 6586
3 6585 6626 6631
3 6585 6587 6626
3 6633 6587 6594
3 6633 6626 6587
3 6594 6587 6589
3 6625 6628 6587
3 6589 6587 6628
3 6627 6588 6589
3 6628 6627 6589
3 6591 6596 6595
3 6591 6635 6596
3 6590 6635 6591
3 6590 6630 6635
3 6590 6592 6630
3 6593 6630 6592
3 6632 6630 6593
3 6631 6632 6593
3 6594 6597 6633
3 6633 6597 6639
3 6596 6636 6642
3 6596 6642 6595
3 6595 6642 6599
3 6635 6636 6596
3 6598 6645 6640
3 6600 6645 6598
3 6639 6597 6598
3 6640 6639 6598
3 6603 6643 6648
3 6603 6642 6643
3 6603 6602 6642
3 6602 6599 6642
3 6601 6604 6605
3 6647 6645 6600
3 6647 6600 6605
3 6647 6605 6606
3 6605 6600 6601
3 6647 6606 6650
3 6608 6603 6648
3 6652 6608 6648
3 6602 6608 6607
3 6603 6608 6602
3 6605 6609 6610
3 6604 6609 6605
3 6606 6605 6611
3 6611 6605 6610
3 6655 6650 6606
3 6611 6655 6606
3 6608 6652 6653
3 6653 6607 6608
3 6653 6658 6607
3 6658 6612 6607
3 6610 6614 6616
3 6609 6614 6610
3 6660 6656 6611
3 6660 6611 6616
3 6616 6611 6610
3 6655 6611 6656
3 6617 6613 6612
3 6617 6612 6663
3 6663 6612 6658
3 6613 6618 6615
3 6617 6618 6613
3 6615 6616 6614
3 6615 6618 6616
3 6618 6619 6616
3 6662 6660 6616
3 6662 6616 6620
3 6620 6616 6619
3 6662 6620 6665
3 6617 6663 6664
3 6664 6667 6621
3 6664 6621 6617
3 6617 6621 6618
3 6619 6618 6622
3 6622 6618 6621
3 6620 6619 6623
3 6623 6619 6622
3 6671 6665 6620
3 6623 6671 6620
3 6621 6667 6669
3 6622 6621 6669
3 6670 6622 6669
3 6623 6622 6670
3 6672 6623 6670
3 6671 6623 6672
3 6624 6629 6625
3 6624 6627 6629
3 6626 6634 6631
3 6628 6625 6629
3 6633 6634 6626
3 6627 6628 6629
3 6630 6637 6635
3 6630 6632 6638
3 6637 6630 6638
3 6632 6631 6634
3 6632 6634 6638
3 6638 6634 6641
3 6633 6639 6641
3 6634 6633 6641
3 6636 6644 6642
3 6636 6678 6644
3 6635 6678 6636
3 6635 6676 6678
3 6635 6637 6676
3 6676 6646 6680
3 6676 6637 6646
3 6637 6638 6646
3 6640 6645 6646
3 6640 6646 6641
3 6641 6646 6638
3 6639 6640 6641
3 6643 6677 6682
3 6648 6643 6682
3 6644 6643 6642
3 6644 6679 6643
3 6679 6677 6643
3 6678 6679 6644
3 6649 6680 6646
3 6685 6680 6649
3 6645 6647 6651
3 6645 6651 6646
3 6646 6651 6649
3 6647 6650 6651
3 6648 6682 6652
3 6682 6687 6652
3 6654 6685 6649
3 6688 6685 6654
3 6651 6657 6649
3 6657 6654 6649
3 6650 6655 6657
3 6651 6650 6657
3 6659 6653 6652
3 6659 6652 6689
3 6689 6652 6687
3 6653 6659 6658
3 6661 6688 6654
3 6691 6688 6661
3 6656 6660 6661
3 6656 6661 6657
3 6657 6661 6654
3 6655 6656 6657
3 6659 6689 6690
3 6690 6658 6659
3 6690 6693 6658
3 6693 6663 6658
3 6661 6692 6691
3 6666 6694 6692
3 6662 6666 6692
3 6662 6692 6661
3 6662 6661 6660
3 6662 6665 6666
3 6668 6664 6663
3 6668 6663 6697
3 6697 6663 6693
3 6664 6668 6667
3 6666 6696 6694
3 6696 6666 6665
3 6696 6665 6700
3 6700 6665 6671
3 6668 6697 6698
3 6667 6668 6698
3 6667 6698 6669
3 6669 6698 6699
3 6673 6699 6703
3 6673 6670 6699
3 6670 6669 6699
3 6670 6674 6672
3 6673 6674 6670
3 6702 6700 6671
3 6702 6671 6674
3 6702 6674 6675
3 6674 6671 6672
3 6702 6675 6708
3 6673 6703 6705
3 6674 6673 6705
3 6706 6674 6705
3 6675 6674 6706
3 6709 6675 6706
3 6708 6675 6709
3 6676 6681 6678
3 6676 6680 6681
3 6677 6683 6682
3 6677 6679 6684
3 6683 6677 6684
3 6679 6678 6681
3 6679 6681 6684
3 6684 6681 6686
3 6680 6685 6686
3 6681 6680 6686
3 6683 6711 6714
3 6683 6714 6682
3 6682 6714 6687
3 6684 6711 6683
3 6712 6711 6684
3 6686 6712 6684
3 6713 6712 6686
3 6713 6686 6685
3 6713 6685 6716
3 6716 6685 6688
3 6687 6714 6689
3 6714 6718 6689
3 6688 6691 6716
3 6716 6691 6720
3 6689 6718 6719
3 6690 6689 6719
3 6719 6693 6690
3 6721 6693 6719
3 6695 6691 6692
3 6695 6723 6691
3 6723 6720 6691
3 6692 6694 6695
3 6693 6721 6697
3 6721 6725 6697
3 6695 6724 6723
3 6701 6727 6724
3 6696 6701 6724
3 6696 6724 6695
3 6696 6695 6694
3 6696 6700 6701
3 6697 6725 6726
3 6698 6697 6726
3 6704 6726 6728
3 6704 6699 6726
3 6699 6698 6726
3 6699 6704 6703
3 6707 6727 6701
3 6731 6727 6707
3 6700 6702 6710
3 6700 6710 6701
3 6701 6710 6707
3 6702 6708 6710
3 6704 6728 6729
3 6703 6704 6729
3 6703 6729 6705
3 6705 6729 6732
3 6731 6707 6706
3 6731 6706 6732
3 6732 6706 6705
3 6709 6706 6707
3 6710 6709 6707
3 6708 6709 6710
3 6711 6715 6714
3 6735 6715 6711
3 6735 6711 6734
3 6734 6711 6712
3 6717 6737 6734
3 6717 6734 6713
3 6713 6734 6712
3 6713 6716 6717
3 6715 6736 6740
3 6715 6740 6714
3 6714 6740 6718
3 6735 6736 6715
3 6717 6739 6737
3 6739 6717 6716
3 6739 6716 6741
3 6741 6716 6720
3 6722 6719 6718
3 6722 6718 6742
3 6742 6718 6740
3 6719 6722 6721
3 6720 6723 6741
3 6741 6723 6744
3 6722 6742 6743
3 6743 6721 6722
3 6743 6746 6721
3 6746 6725 6721
3 6723 6745 6744
3 6724 6745 6723
3 6745 6724 6727
3 6749 6745 6727
3 6725 6746 6747
3 6726 6725 6747
3 6728 6748 6730
3 6728 6726 6748
3 6726 6747 6748
3 6730 6750 6733
3 6748 6750 6730
3 6733 6750 6749
3 6733 6749 6731
3 6731 6749 6727
3 6728 6730 6729
3 6732 6729 6730
3 6733 6732 6730
3 6731 6732 6733
3 6734 6738 6735
3 6734 6737 6738
3 6736 6753 6756
3 6740 6736 6756
3 6738 6736 6735
3 6738 6754 6736
3 6754 6753 6736
3 6737 6754 6738
3 6737 6739 6754
3 6739 6755 6754
3 6755 6739 6741
3 6757 6755 6741
3 6740 6756 6742
3 6756 6758 6742
3 6741 6744 6757
3 6757 6744 6760
3 6742 6758 6759
3 6743 6742 6759
3 6759 6746 6743
3 6763 6746 6759
3 6744 6761 6760
3 6745 6761 6744
3 6761 6745 6749
3 6764 6761 6749
3 6751 6747 6746
3 6751 6746 6766
3 6766 6746 6763
3 6747 6752 6748
3 6751 6752 6747
3 6768 6748 6752
3 6768 6765 6748
3 6765 6750 6748
3 6764 6749 6750
3 6765 6764 6750
3 6751 6766 6767
3 6752 6751 6767
3 6769 6752 6767
3 6768 6752 6769
3 6753 6770 6773
3 6756 6753 6773
3 6754 6771 6753
3 6753 6771 6770
3 6755 6772 6754
3 6754 6772 6771
3 6772 6755 6757
3 6775 6772 6757
3 6756 6773 6758
3 6773 6778 6758
3 6777 6760 6762
3 6777 6775 6760
3 6775 6757 6760
3 6777 6762 6782
3 6758 6778 6779
3 6759 6758 6779
3 6779 6763 6759
3 6784 6763 6779
3 6760 6761 6762
3 6762 6761 6764
3 6762 6764 6782
3 6782 6764 6787
3 6763 6784 6766
3 6784 6790 6766
3 6765 6793 6788
3 6768 6793 6765
3 6787 6764 6765
3 6788 6787 6765
3 6766 6790 6791
3 6767 6766 6791
3 6769 6767 6794
3 6767 6791 6794
3 6793 6768 6769
3 6794 6793 6769
3 6770 6774 6773
3 6797 6774 6770
3 6797 6770 6796
3 6796 6770 6771
3 6776 6799 6796
3 6776 6796 6772
3 6772 6796 6771
3 6772 6775 6776
3 6774 6798 6802
3 6774 6802 6773
3 6773 6802 6778
3 6798 6780 6803
3 6798 6774 6780
3 6800 6780 6797
3 6797 6780 6774
3 6799 6780 6800
3 6799 6776 6780
3 6776 6781 6780
3 6775 6777 6783
3 6775 6783 6776
3 6776 6783 6781
3 6777 6782 6783
3 6778 6802 6804
3 6779 6778 6804
3 6784 6780 6785
3 6784 6804 6780
3 6784 6779 6804
3 6804 6803 6780
3 6781 6786 6780
3 6786 6785 6780
3 6783 6789 6781
3 6789 6786 6781
3 6782 6787 6789
3 6783 6782 6789
3 6785 6792 6790
3 6784 6785 6790
3 6786 6795 6785
3 6795 6792 6785
3 6788 6793 6795
3 6788 6795 6789
3 6789 6795 6786
3 6787 6788 6789
3 6790 6792 6791
3 6794 6791 6792
3 6795 6794 6792
3 6793 6794 6795
3 6796 6801 6797
3 6796 6799 6801
3 6798 6805 6802
3 6800 6797 6801
3 6803 6805 6798
3 6799 6800 6801
3 6802 6805 6804
3 6803 6804 6805
3 6806 6811 6813
3 6811 6806 6815
3 6807 6814 6819
3 6813 6814 6807
3 6813 6807 6806
3 6806 6807 6808
3 6821 6815 6806
3 6808 6821 6806
3 6809 6807 6819
3 6826 6809 6819
3 6827 6822 6808
3 6827 6808 6809
3 6809 6808 6807
3 6821 6808 6822
3 6810 6809 6826
3 6831 6810 6826
3 6832 6827 6809
3 6810 6832 6809
3 6810 6831 6833
3 6832 6810 6833
3 6812 6842 6843
3 6842 6812 6845
3 6811 6816 6813
3 6815 6816 6811
3 6817 6844 6846
3 6843 6844 6817
3 6843 6817 6812
3 6812 6817 6818
3 6847 6845 6812
3 6818 6847 6812
3 6814 6820 6819
3 6814 6813 6816
3 6814 6816 6820
3 6820 6816 6823
3 6815 6821 6816
3 6821 6823 6816
3 6846 6824 6817
3 6846 6848 6824
3 6818 6817 6825
3 6825 6817 6824
3 6850 6847 6818
3 6825 6850 6818
3 6820 6828 6826
3 6819 6820 6826
3 6849 6853 6829
3 6822 6827 6823
3 6823 6827 6828
3 6823 6828 6820
3 6821 6822 6823
3 6848 6849 6824
3 6824 6849 6829
3 6824 6829 6830
3 6855 6851 6825
3 6855 6825 6830
3 6830 6825 6824
3 6850 6825 6851
3 6828 6854 6856
3 6828 6856 6826
3 6826 6856 6831
3 6829 6854 6834
3 6829 6853 6854
3 6834 6854 6832
3 6828 6827 6854
3 6832 6854 6827
3 6830 6829 6835
3 6835 6829 6834
3 6859 6855 6830
3 6835 6859 6830
3 6836 6833 6831
3 6836 6831 6861
3 6861 6831 6856
3 6833 6834 6832
3 6833 6836 6834
3 6836 6837 6834
3 6863 6860 6835
3 6863 6835 6837
3 6837 6835 6834
3 6859 6835 6860
3 6838 6836 6861
3 6866 6838 6861
3 6837 6836 6839
3 6839 6836 6838
3 6868 6863 6837
3 6839 6868 6837
3 6840 6838 6866
3 6870 6840 6866
3 6839 6838 6841
3 6841 6838 6840
3 6873 6868 6839
3 6841 6873 6839
3 6840 6870 6871
3 6841 6840 6871
3 6874 6841 6871
3 6873 6841 6874
3 6842 6878 6879
3 6843 6842 6879
3 6878 6842 6845
3 6881 6878 6845
3 6844 6880 6883
3 6846 6844 6883
3 6879 6844 6843
3 6880 6844 6879
3 6845 6847 6881
3 6881 6847 6885
3 6846 6883 6848
3 6883 6888 6848
3 6852 6890 6886
3 6852 6886 6885
3 6852 6885 6850
3 6850 6885 6847
3 6849 6889 6892
3 6853 6849 6892
3 6888 6849 6848
3 6889 6849 6888
3 6851 6890 6852
3 6851 6855 6890
3 6855 6895 6890
3 6850 6851 6852
3 6854 6857 6856
3 6893 6853 6892
3 6893 6857 6853
3 6893 6858 6857
3 6857 6854 6853
3 6893 6897 6858
3 6855 6859 6895
3 6895 6859 6898
3 6857 6862 6861
3 6856 6857 6861
3 6858 6864 6857
3 6864 6862 6857
3 6900 6860 6897
3 6900 6865 6860
3 6897 6860 6858
3 6863 6864 6860
3 6858 6860 6864
3 6860 6865 6902
3 6860 6902 6859
3 6859 6902 6898
3 6862 6867 6866
3 6861 6862 6866
3 6904 6864 6901
3 6904 6867 6864
3 6867 6862 6864
3 6865 6901 6869
3 6865 6900 6901
3 6869 6901 6868
3 6864 6863 6901
3 6868 6901 6863
3 6907 6902 6865
3 6869 6907 6865
3 6867 6872 6870
3 6866 6867 6870
3 6905 6867 6904
3 6905 6875 6867
3 6875 6872 6867
3 6873 6905 6868
3 6873 6875 6905
3 6868 6905 6869
3 6909 6876 6905
3 6869 6905 6876
3 6910 6907 6869
3 6876 6910 6869
3 6870 6872 6871
3 6874 6871 6872
3 6875 6874 6872
3 6909 6913 6877
3 6909 6877 6876
3 6873 6874 6875
3 6914 6910 6876
3 6877 6914 6876
3 6877 6913 6915
3 6914 6877 6915
3 6878 6882 6879
3 6878 6881 6882
3 6880 6884 6883
3 6880 6879 6882
3 6880 6882 6884
3 6884 6882 6887
3 6881 6885 6887
3 6882 6881 6887
3 6884 6891 6888
3 6883 6884 6888
3 6886 6890 6891
3 6886 6891 6887
3 6887 6891 6884
3 6885 6886 6887
3 6889 6894 6892
3 6889 6888 6891
3 6889 6891 6894
3 6894 6891 6896
3 6890 6895 6896
3 6891 6890 6896
3 6892 6894 6893
3 6897 6893 6894
3 6897 6894 6899
3 6899 6894 6896
3 6895 6898 6899
3 6896 6895 6899
3 6899 6903 6900
3 6897 6899 6900
3 6898 6902 6903
3 6899 6898 6903
3 6901 6906 6904
3 6901 6900 6903
3 6901 6903 6906
3 6906 6903 6908
3 6902 6907 6908
3 6903 6902 6908
3 6904 6906 6905
3 6909 6905 6906
3 6909 6906 6911
3 6911 6906 6908
3 6911 6908 6907
3 6911 6907 6910
3 6912 6917 6918
3 6917 6912 6920
3 6911 6919 6922
3 6911 6922 6909
3 6909 6922 6913
3 6912 6919 6916
3 6912 6918 6919
3 6916 6919 6914
3 6911 6910 6919
3 6914 6919 6910
3 6925 6920 6912
3 6916 6925 6912
3 6913 6922 6923
3 6915 6913 6923
3 6916 6914 6915
3 6916 6915 6926
3 6926 6915 6923
3 6925 6916 6926
3 6917 6921 6918
3 6917 6920 6921
3 6919 6924 6922
3 6919 6918 6921
3 6919 6921 6924
3 6924 6921 6927
3 6920 6925 6927
3 6921 6920 6927
3 6928 6933 6935
3 6934 6933 6928
3 6934 6928 6929
3 6923 6922 6924
3 6924 6927 6926
3 6924 6926 6923
3 6929 6937 6934
3 6925 6926 6927
3 6930 6928 6935
3 6940 6930 6935
3 6929 6928 6931
3 6931 6928 6930
3 6939 6937 6929
3 6939 6929 6932
3 6932 6929 6931
3 6939 6932 6945
3 6930 6940 6941
3 6931 6930 6941
3 6943 6931 6941
3 6932 6931 6943
3 6946 6932 6943
3 6945 6932 6946
3 6933 6936 6935
3 6933 6934 6938
3 6936 6933 6938
3 6934 6937 6938
3 6936 6942 6940
3 6935 6936 6940
3 6938 6944 6936
3 6944 6942 6936
3 6937 6939 6947
3 6937 6947 6938
3 6938 6947 6944
3 6939 6945 6947
3 6940 6942 6941
3 6943 6941 6942
3 6944 6943 6942
3 6946 6943 6944
3 6947 6946 6944
3 6945 6946 6947
3 6948 6952 6954
3 6948 6949 6953
3 6952 6948 6953
3 6953 6949 6956
3 6950 6948 6954
3 6958 6950 6954
3 6949 6948 6951
3 6951 6948 6950
3 6961 6956 6949
3 6951 6961 6949
3 6950 6958 6959
3 6951 6950 6959
3 6962 6951 6959
3 6961 6951 6962
3 6952 6955 6954
3 6952 6953 6957
3 6955 6952 6957
3 6953 6956 6957
3 6955 6960 6958
3 6954 6955 6958
3 6957 6963 6955
3 6963 6960 6955
3 6956 6961 6963
3 6957 6956 6963
3 6958 6960 6959
3 6962 6959 6960
3 6963 6962 6960
3 6961 6962 6963
3 6964 6966 6969
3 6966 6964 6971
3 6965 6970 6973
3 6969 6972 6964
3 6970 6965 6974
3 6971 6964 6972
3 6965 6973 6975
3 6974 6965 6975
3 6967 6977 6979
3 6967 6968 6978
3 6977 6967 6978
3 6978 6968 6980
3 6966 6967 6979
3 6966 6979 6969
3 6969 6979 6983
3 6981 6968 6967
3 6981 6967 6971
3 6981 6971 6984
3 6966 6971 6967
3 6980 6968 6981
3 6970 6976 6973
3 6969 6983 6985
3 6969 6985 6972
3 6974 6976 6970
3 6984 6971 6972
3 6985 6984 6972
3 6973 6976 6975
3 6974 6975 6976
3 6977 6988 6992
3 6979 6977 6992
3 6978 6989 6977
3 6977 6989 6988
3 6980 6982 6990
3 6980 6990 6978
3 6978 6990 6989
3 6990 6982 6994
3 6979 6992 6983
3 6992 6996 6983
3 6981 6984 6986
3 6981 6986 6998
3 6980 6981 6998
3 6980 6998 6995
3 6980 6995 6982
3 6994 6982 6995
3 6987 6985 6983
3 6987 6983 7001
3 7001 6983 6996
3 6985 6987 7002
3 6984 6985 7002
3 6984 7002 6999
3 6984 6999 6986
3 6998 6986 6999
3 6987 7001 7003
3 7002 6987 7003
3 6991 7005 7006
3 7005 6991 7008
3 6988 6993 6992
3 7010 6993 6988
3 7010 6988 7007
3 7007 6988 6989
3 7006 6990 6991
3 7006 7007 6990
3 7007 6989 6990
3 6991 6990 6994
3 6991 6994 7008
3 7008 6994 7013
3 6993 6997 6996
3 6992 6993 6996
3 7011 6993 7010
3 7011 7000 6993
3 7000 6997 6993
3 7000 6995 6998
3 7000 7011 6995
3 7011 7014 6995
3 7013 6994 6995
3 7014 7013 6995
3 6997 7004 7001
3 6996 6997 7001
3 6999 7002 7004
3 6999 7004 7000
3 7000 7004 6997
3 6998 6999 7000
3 7001 7004 7003
3 7002 7003 7004
3 7005 7009 7006
3 7005 7008 7009
3 7007 7012 7010
3 7007 7016 7012
3 7006 7016 7007
3 7006 7015 7016
3 7006 7009 7015
3 7015 7009 7008
3 7015 7008 7017
3 7017 7008 7013
3 7010 7012 7011
3 7012 7016 7018
3 7012 7018 7011
3 7011 7018 7014
3 7017 7013 7014
3 7018 7017 7014
3 7015 7019 7016
3 7015 7017 7019
3 7016 7019 7018
3 7017 7018 7019
3 7020 7024 7025
3 7024 7020 7026
3 7021 7020 7025
3 7029 7021 7025
3 7028 7026 7020
3 7028 7020 7022
3 7022 7020 7021
3 7028 7022 7030
3 7023 7021 7029
3 7033 7023 7029
3 7035 7031 7022
3 7035 7022 7023
3 7023 7022 7021
3 7030 7022 7031
3 7023 7033 7036
3 7035 7023 7036
3 7024 7027 7025
3 7024 7026 7027
3 7027 7041 7043
3 7027 7043 7025
3 7025 7043 7029
3 7032 7045 7041
3 7028 7032 7041
3 7028 7041 7027
3 7028 7027 7026
3 7028 7030 7032
3 7034 7044 7048
3 7034 7043 7044
3 7034 7033 7043
3 7033 7029 7043
3 7031 7045 7032
3 7031 7035 7045
3 7035 7050 7045
3 7030 7031 7032
3 7037 7034 7048
3 7052 7037 7048
3 7033 7038 7036
3 7033 7034 7038
3 7034 7037 7038
3 7036 7038 7054
3 7036 7054 7035
3 7035 7054 7050
3 7039 7037 7052
3 7056 7039 7052
3 7038 7037 7040
3 7040 7037 7039
3 7059 7054 7038
3 7040 7059 7038
3 7039 7056 7057
3 7040 7039 7057
3 7060 7040 7057
3 7059 7040 7060
3 7042 7062 7063
3 7062 7042 7065
3 7041 7046 7043
3 7045 7046 7041
3 7047 7064 7068
3 7063 7066 7042
3 7064 7047 7069
3 7065 7042 7066
3 7044 7049 7048
3 7044 7043 7046
3 7044 7046 7049
3 7049 7046 7051
3 7045 7050 7051
3 7045 7051 7046
3 7068 7070 7047
3 7069 7047 7070
3 7049 7053 7052
3 7048 7049 7052
3 7051 7055 7049
3 7055 7053 7049
3 7050 7054 7055
3 7051 7050 7055
3 7053 7058 7056
3 7052 7053 7056
3 7055 7061 7053
3 7061 7058 7053
3 7054 7059 7061
3 7055 7054 7061
3 7056 7058 7057
3 7060 7057 7058
3 7061 7060 7058
3 7059 7060 7061
3 7062 7067 7063
3 7062 7065 7067
3 7064 7071 7068
3 7066 7063 7067
3 7069 7071 7064
3 7065 7066 7067
3 7068 7071 7070
3 7069 7070 7071
3 7072 7073 7074
3 7073 7072 7075
3 7072 7074 7076
3 7075 7072 7076
3 7073 7077 7078
3 7074 7073 7078
3 7077 7073 7075
3 7079 7077 7075
3 7074 7078 7080
3 7076 7074 7080
3 7079 7075 7076
3 7080 7079 7076
3 7077 7081 7082
3 7078 7077 7082
3 7081 7077 7079
3 7083 7081 7079
3 7078 7082 7084
3 7080 7078 7084
3 7083 7079 7080
3 7084 7083 7080
3 7081 7085 7082
3 7081 7083 7085
3 7082 7085 7084
3 7083 7084 7085
3 7086 7087 7089
3 7087 7086 7090
3 7086 7089 7091
3 7090 7086 7091
3 7088 7093 7094
3 7093 7088 7095
3 7087 7092 7089
3 7088 7094 7096
3 7088 7096 7095
3 7087 7090 7092
3 7089 7092 7091
3 7090 7091 7092
3 7093 7097 7094
3 7095 7097 7093
3 7098 7099 7100
3 7099 7098 7101
3 7094 7097 7096
3 7098 7100 7102
3 7095 7096 7097
3 7101 7098 7102
3 7099 7103 7100
3 7101 7103 7099
3 7104 7105 7106
3 7105 7104 7107
3 7100 7103 7102
3 7104 7106 7108
3 7101 7102 7103
3 7107 7104 7108
3 7105 7109 7106
3 7105 7107 7109
3 7106 7109 7108
3 7107 7108 7109
3 7110 7113 7114
3 7113 7110 7115
3 7110 7114 7116
3 7118 7119 7111
3 7115 7110 7116
3 7118 7111 7120
3 7112 7111 7119
3 7121 7112 7119
3 7122 7120 7111
3 7112 7122 7111
3 7112 7121 7123
3 7122 7112 7123
3 7113 7117 7114
3 7113 7115 7117
3 7114 7117 7116
3 7118 7124 7125
3 7118 7125 7119
3 7116 7117 7115
3 7124 7118 7120
3 7126 7124 7120
3 7119 7125 7121
3 7125 7127 7121
3 7120 7122 7126
3 7126 7122 7128
3 7121 7127 7129
3 7123 7121 7129
3 7128 7122 7123
3 7129 7128 7123
3 7124 7130 7131
3 7125 7124 7131
3 7130 7124 7126
3 7132 7130 7126
3 7125 7131 7127
3 7131 7133 7127
3 7126 7128 7132
3 7132 7128 7134
3 7127 7133 7135
3 7129 7127 7135
3 7134 7128 7129
3 7135 7134 7129
3 7130 7136 7137
3 7131 7130 7137
3 7136 7130 7132
3 7138 7136 7132
3 7131 7137 7133
3 7137 7139 7133
3 7132 7134 7138
3 7138 7134 7140
3 7133 7139 7141
3 7135 7133 7141
3 7140 7134 7135
3 7141 7140 7135
3 7136 7144 7145
3 7137 7136 7145
3 7144 7136 7138
3 7146 7144 7138
3 7147 7142 7139
3 7147 7139 7145
3 7145 7139 7137
3 7142 7147 7146
3 7142 7146 7140
3 7140 7146 7138
3 7139 7142 7141
3 7140 7141 7142
3 7143 7149 7151
3 7149 7143 7152
3 7143 7151 7153
3 7152 7143 7153
3 7144 7155 7156
3 7145 7144 7156
3 7155 7144 7146
3 7157 7155 7146
3 7145 7156 7158
3 7147 7145 7158
3 7157 7146 7147
3 7157 7147 7158
3 7162 7148 7160
3 7160 7148 7163
3 7148 7162 7164
3 7166 7167 7150
3 7163 7148 7164
3 7166 7150 7168
3 7149 7154 7151
3 7150 7167 7169
3 7150 7169 7168
3 7149 7152 7154
3 7151 7154 7153
3 7152 7153 7154
3 7155 7159 7156
3 7157 7159 7155
3 7161 7172 7173
3 7172 7161 7174
3 7156 7159 7158
3 7158 7159 7157
3 7160 7165 7162
3 7173 7175 7161
3 7161 7175 7174
3 7160 7163 7165
3 7162 7165 7164
3 7163 7164 7165
3 7166 7170 7167
3 7168 7170 7166
3 7171 7176 7177
3 7176 7171 7178
3 7167 7170 7169
3 7171 7177 7179
3 7168 7169 7170
3 7178 7171 7179
3 7172 7180 7181
3 7173 7172 7181
3 7180 7172 7174
3 7182 7180 7174
3 7173 7181 7183
3 7175 7173 7183
3 7182 7174 7175
3 7183 7182 7175
3 7176 7184 7185
3 7177 7176 7185
3 7184 7176 7178
3 7186 7184 7178
3 7177 7185 7187
3 7179 7177 7187
3 7186 7178 7179
3 7187 7186 7179
3 7180 7189 7190
3 7181 7180 7190
3 7189 7180 7182
3 7191 7189 7182
3 7181 7190 7192
3 7183 7181 7192
3 7191 7182 7183
3 7192 7191 7183
3 7184 7188 7185
3 7184 7186 7188
3 7185 7188 7187
3 7186 7187 7188
3 7189 7193 7190
3 7191 7193 7189
3 7194 7195 7197
3 7195 7194 7198
3 7190 7193 7192
3 7194 7197 7199
3 7191 7192 7193
3 7198 7194 7199
3 7196 7201 7202
3 7201 7196 7203
3 7195 7196 7202
3 7195 7202 7197
3 7197 7202 7207
3 7198 7200 7205
3 7195 7198 7205
3 7195 7205 7203
3 7195 7203 7196
3 7205 7200 7210
3 7197 7207 7208
3 7199 7197 7208
3 7200 7198 7199
3 7200 7199 7211
3 7211 7199 7208
3 7210 7200 7211
3 7201 7204 7202
3 7203 7204 7201
3 7206 7214 7215
3 7214 7206 7216
3 7204 7209 7207
3 7202 7204 7207
3 7215 7217 7206
3 7203 7205 7204
3 7204 7205 7212
3 7204 7212 7209
3 7205 7210 7212
3 7217 7216 7206
3 7213 7219 7222
3 7219 7213 7223
3 7207 7209 7208
3 7211 7208 7209
3 7212 7211 7209
3 7213 7222 7224
3 7210 7211 7212
3 7223 7213 7224
3 7214 7218 7215
3 7216 7218 7214
3 7220 7229 7233
3 7220 7221 7230
3 7229 7220 7230
3 7230 7221 7236
3 7215 7218 7217
3 7217 7218 7216
3 7219 7225 7222
3 7233 7234 7220
3 7234 7237 7221
3 7234 7221 7220
3 7219 7223 7225
3 7236 7221 7237
3 7222 7225 7224
3 7223 7224 7225
3 7226 7241 7243
3 7226 7227 7242
3 7241 7226 7242
3 7242 7227 7247
3 7228 7244 7249
3 7243 7245 7226
3 7244 7228 7251
3 7227 7226 7245
3 7248 7227 7245
3 7247 7227 7248
3 7231 7250 7255
3 7249 7250 7231
3 7249 7231 7228
3 7228 7231 7232
3 7257 7251 7228
3 7232 7257 7228
3 7229 7235 7233
3 7229 7230 7238
3 7235 7229 7238
3 7239 7231 7255
3 7239 7255 7260
3 7238 7230 7236
3 7232 7231 7240
3 7240 7231 7239
3 7263 7257 7232
3 7240 7263 7232
3 7233 7235 7234
3 7237 7234 7235
3 7238 7237 7235
3 7239 7260 7261
3 7236 7237 7238
3 7240 7239 7261
3 7264 7240 7261
3 7263 7240 7264
3 7241 7246 7243
3 7268 7246 7241
3 7268 7241 7267
3 7267 7241 7242
3 7267 7242 7247
3 7270 7267 7247
3 7244 7252 7249
3 7243 7246 7245
3 7251 7252 7244
3 7269 7272 7253
3 7245 7268 7248
3 7245 7246 7268
3 7248 7268 7254
3 7269 7253 7268
3 7254 7268 7253
3 7248 7254 7274
3 7248 7274 7247
3 7247 7274 7270
3 7250 7256 7255
3 7250 7249 7252
3 7250 7252 7256
3 7256 7252 7258
3 7251 7257 7252
3 7257 7258 7252
3 7272 7259 7253
3 7272 7277 7259
3 7278 7275 7254
3 7278 7254 7259
3 7259 7254 7253
3 7274 7254 7275
3 7256 7262 7260
3 7255 7256 7260
3 7258 7265 7256
3 7265 7262 7256
3 7257 7263 7258
3 7263 7265 7258
3 7277 7266 7259
3 7277 7280 7266
3 7281 7278 7259
3 7266 7281 7259
3 7260 7262 7261
3 7264 7261 7262
3 7265 7264 7262
3 7266 7280 7282
3 7263 7264 7265
3 7281 7266 7282
3 7267 7271 7268
3 7267 7270 7271
3 7269 7273 7272
3 7269 7268 7271
3 7269 7271 7273
3 7273 7271 7276
3 7270 7274 7276
3 7271 7270 7276
3 7273 7279 7277
3 7272 7273 7277
3 7275 7278 7279
3 7275 7279 7276
3 7276 7279 7273
3 7274 7275 7276
3 7279 7283 7280
3 7277 7279 7280
3 7278 7281 7283
3 7279 7278 7283
3 7280 7283 7282
3 7281 7282 7283
3 7284 7288 7289
3 7288 7284 7290
3 7285 7284 7289
3 7293 7285 7289
3 7292 7290 7284
3 7292 7284 7286
3 7286 7284 7285
3 7292 7286 7295
3 7285 7293 7294
3 7294 7297 7287
3 7294 7287 7285
3 7285 7287 7286
3 7298 7295 7286
3 7287 7298 7286
3 7287 7297 7299
3 7298 7287 7299
3 7288 7291 7289
3 7288 7290 7291
3 7291 7300 7301
3 7291 7301 7289
3 7289 7301 7293
3 7296 7302 7300
3 7292 7296 7300
3 7292 7300 7291
3 7292 7291 7290
3 7292 7295 7296
3 7293 7301 7303
3 7294 7293 7303
3 7303 7296 7294
3 7303 7302 7296
3 7294 7296 7297
3 7305 7306 7296
3 7297 7296 7306
3 7305 7296 7295
3 7305 7295 7307
3 7307 7295 7298
3 7297 7306 7308
3 7299 7297 7308
3 7307 7298 7299
3 7308 7307 7299
3 7300 7304 7301
3 7300 7302 7304
3 7301 7304 7303
3 7305 7309 7310
3 7305 7310 7306
3 7303 7304 7302
3 7309 7305 7307
3 7311 7309 7307
3 7306 7310 7312
3 7308 7306 7312
3 7311 7307 7308
3 7312 7311 7308
3 7309 7313 7310
3 7309 7311 7313
3 7310 7313 7312
3 7311 7312 7313
3 7314 7315 7316
3 7315 7314 7317
3 7314 7316 7318
3 7317 7314 7318
3 7315 7319 7320
3 7316 7315 7320
3 7319 7315 7317
3 7322 7319 7317
3 7316 7320 7323
3 7318 7316 7323
3 7322 7317 7318
3 7323 7322 7318
3 7321 7325 7327
3 7321 7320 7319
3 7321 7319 7325
3 7325 7319 7326
3 7326 7319 7322
3 7329 7326 7322
3 7321 7327 7328
3 7324 7328 7330
3 7323 7328 7324
3 7323 7321 7328
3 7323 7320 7321
3 7323 7324 7331
3 7323 7331 7322
3 7322 7331 7329
3 7324 7330 7332
3 7331 7324 7332
3 7325 7333 7335
3 7327 7325 7335
3 7326 7334 7325
3 7325 7334 7333
3 7334 7326 7329
3 7338 7334 7329
3 7327 7335 7336
3 7328 7327 7336
3 7336 7330 7328
3 7339 7330 7336
3 7329 7331 7338
3 7338 7331 7340
3 7330 7339 7341
3 7332 7330 7341
3 7340 7331 7332
3 7341 7340 7332
3 7333 7337 7335
3 7344 7337 7333
3 7344 7333 7343
3 7343 7333 7334
3 7343 7334 7338
3 7345 7343 7338
3 7335 7337 7336
3 7339 7346 7342
3 7336 7346 7339
3 7336 7344 7346
3 7336 7337 7344
3 7342 7346 7345
3 7342 7345 7340
3 7340 7345 7338
3 7339 7342 7341
3 7340 7341 7342
3 7343 7347 7344
3 7343 7345 7347
3 7344 7347 7346
3 7345 7346 7347
3 7348 7349 7352
3 7349 7348 7353
3 7348 7352 7354
3 7353 7348 7354
3 7350 7355 7357
3 7350 7351 7356
3 7355 7350 7356
3 7356 7351 7358
3 7349 7350 7357
3 7349 7357 7352
3 7352 7357 7361
3 7359 7351 7350
3 7359 7350 7353
3 7359 7353 7362
3 7349 7353 7350
3 7358 7351 7359
3 7352 7361 7363
3 7354 7352 7363
3 7362 7353 7354
3 7363 7362 7354
3 7355 7364 7365
3 7357 7355 7365
3 7360 7366 7364
3 7360 7364 7356
3 7356 7364 7355
3 7356 7358 7360
3 7357 7365 7361
3 7365 7367 7361
3 7359 7366 7360
3 7359 7362 7366
3 7362 7368 7366
3 7358 7359 7360
3 7361 7367 7369
3 7363 7361 7369
3 7368 7362 7363
3 7369 7368 7363
3 7364 7370 7371
3 7365 7364 7371
3 7370 7364 7366
3 7372 7370 7366
3 7365 7371 7367
3 7371 7374 7367
3 7366 7368 7372
3 7372 7368 7375
3 7367 7374 7376
3 7369 7367 7376
3 7375 7368 7369
3 7376 7375 7369
3 7370 7373 7371
3 7370 7372 7373
3 7373 7377 7374
3 7371 7373 7374
3 7372 7375 7377
3 7373 7372 7377
3 7374 7377 7376
3 7375 7376 7377
3 7378 7379 7380
3 7379 7378 7381
3 7378 7380 7382
3 7381 7378 7382
3 7379 7384 7386
3 7380 7379 7386
3 7381 7383 7385
3 7381 7385 7379
3 7379 7385 7384
3 7385 7383 7389
3 7380 7386 7387
3 7382 7380 7387
3 7383 7381 7382
3 7383 7382 7390
3 7390 7382 7387
3 7389 7383 7390
3 7384 7388 7386
3 7393 7388 7384
3 7393 7384 7392
3 7392 7384 7385
3 7392 7385 7389
3 7394 7392 7389
3 7386 7388 7387
3 7388 7390 7387
3 7388 7395 7390
3 7388 7393 7395
3 7395 7391 7390
3 7390 7391 7396
3 7390 7396 7389
3 7389 7396 7394
3 7391 7395 7397
3 7396 7391 7397
3 7392 7398 7399
3 7393 7392 7399
3 7398 7392 7394
3 7400 7398 7394
3 7393 7399 7395
3 7399 7401 7395
3 7394 7396 7400
3 7400 7396 7402
3 7395 7401 7403
3 7397 7395 7403
3 7402 7396 7397
3 7403 7402 7397
3 7398 7405 7406
3 7399 7398 7406
3 7405 7398 7400
3 7407 7405 7400
3 7399 7406 7401
3 7406 7410 7401
3 7409 7402 7404
3 7409 7407 7402
3 7407 7400 7402
3 7409 7404 7412
3 7401 7410 7411
3 7403 7401 7411
3 7404 7402 7403
3 7404 7403 7413
3 7413 7403 7411
3 7412 7404 7413
3 7405 7408 7406
3 7405 7407 7408
3 7408 7415 7417
3 7408 7417 7406
3 7406 7417 7410
3 7407 7415 7408
3 7407 7409 7415
3 7409 7416 7415
3 7416 7409 7412
3 7419 7416 7412
3 7414 7411 7410
3 7414 7410 7421
3 7421 7410 7417
3 7422 7411 7414
3 7422 7420 7411
3 7420 7413 7411
3 7419 7412 7413
3 7420 7419 7413
3 7414 7421 7423
3 7422 7414 7423
3 7415 7418 7417
3 7426 7418 7415
3 7426 7415 7425
3 7425 7415 7416
3 7425 7416 7419
3 7427 7425 7419
3 7418 7424 7421
3 7417 7418 7421
3 7422 7428 7420
3 7422 7418 7428
3 7422 7424 7418
3 7426 7428 7418
3 7427 7419 7420
3 7428 7427 7420
3 7421 7424 7423
3 7422 7423 7424
3 7425 7429 7430
3 7426 7425 7430
3 7429 7425 7427
3 7431 7429 7427
3 7426 7430 7432
3 7428 7426 7432
3 7431 7427 7428
3 7432 7431 7428
3 7429 7433 7430
3 7429 7431 7433
3 7430 7433 7432
3 7431 7432 7433
3 7434 7435 7436
3 7435 7434 7437
3 7434 7436 7438
3 7437 7434 7438
3 7435 7439 7440
3 7436 7435 7440
3 7439 7435 7437
3 7441 7439 7437
3 7436 7440 7442
3 7438 7436 7442
3 7441 7437 7438
3 7442 7441 7438
3 7439 7443 7440
3 7439 7441 7443
3 7440 7443 7442
3 7441 7442 7443
3 7444 7445 7446
3 7445 7444 7447
3 7444 7446 7448
3 7447 7444 7448
3 7445 7450 7452
3 7446 7445 7452
3 7447 7449 7451
3 7447 7451 7445
3 7445 7451 7450
3 7451 7449 7455
3 7446 7452 7453
3 7448 7446 7453
3 7449 7447 7448
3 7449 7448 7456
3 7456 7448 7453
3 7455 7449 7456
3 7450 7454 7452
3 7450 7451 7457
3 7454 7450 7457
3 7451 7455 7457
3 7452 7454 7453
3 7456 7453 7454
3 7457 7456 7454
3 7455 7456 7457
3 7458 7462 7465
3 7458 7459 7463
3 7462 7458 7463
3 7463 7459 7467
3 7458 7465 7466
3 7466 7468 7460
3 7466 7460 7458
3 7458 7460 7459
3 7469 7467 7459
3 7460 7469 7459
3 7460 7468 7470
3 7469 7460 7470
3 7461 7474 7477
3 7474 7461 7478
3 7464 7461 7477
3 7480 7464 7477
3 7482 7478 7461
3 7464 7482 7461
3 7462 7481 7484
3 7465 7462 7484
3 7480 7463 7464
3 7480 7481 7463
3 7481 7462 7463
3 7464 7463 7467
3 7464 7467 7482
3 7482 7467 7487
3 7465 7484 7485
3 7466 7465 7485
3 7485 7468 7466
3 7490 7468 7485
3 7488 7469 7471
3 7488 7487 7469
3 7487 7467 7469
3 7488 7471 7491
3 7472 7470 7468
3 7472 7468 7493
3 7493 7468 7490
3 7470 7472 7494
3 7469 7470 7494
3 7469 7494 7492
3 7469 7492 7471
3 7491 7471 7492
3 7472 7493 7495
3 7494 7472 7495
3 7473 7496 7497
3 7496 7473 7499
3 7475 7498 7501
3 7497 7498 7475
3 7497 7475 7473
3 7473 7475 7476
3 7503 7499 7473
3 7476 7503 7473
3 7474 7502 7505
3 7477 7474 7505
3 7478 7479 7475
3 7478 7475 7502
3 7478 7502 7474
3 7502 7475 7501
3 7506 7504 7476
3 7506 7476 7479
3 7479 7476 7475
3 7503 7476 7504
3 7477 7505 7480
3 7505 7507 7480
3 7479 7482 7483
3 7478 7482 7479
3 7508 7506 7479
3 7483 7508 7479
3 7481 7486 7484
3 7481 7510 7486
3 7481 7480 7510
3 7480 7507 7510
3 7483 7487 7489
3 7482 7487 7483
3 7511 7508 7483
3 7489 7511 7483
3 7484 7486 7485
3 7486 7490 7485
3 7486 7510 7490
3 7510 7512 7490
3 7487 7488 7489
3 7489 7488 7491
3 7489 7491 7511
3 7511 7491 7513
3 7490 7512 7493
3 7512 7515 7493
3 7492 7516 7514
3 7494 7516 7492
3 7513 7491 7492
3 7514 7513 7492
3 7493 7515 7517
3 7495 7493 7517
3 7516 7494 7495
3 7517 7516 7495
3 7496 7519 7523
3 7497 7496 7523
3 7499 7500 7520
3 7499 7520 7496
3 7496 7520 7519
3 7520 7500 7525
3 7498 7524 7528
3 7501 7498 7528
3 7523 7498 7497
3 7524 7498 7523
3 7500 7530 7526
3 7500 7499 7530
3 7499 7503 7530
3 7525 7500 7526
3 7502 7529 7534
3 7505 7502 7534
3 7528 7502 7501
3 7529 7502 7528
3 7504 7535 7531
3 7506 7535 7504
3 7530 7503 7504
3 7531 7530 7504
3 7505 7534 7507
3 7534 7539 7507
3 7536 7508 7509
3 7536 7535 7508
3 7535 7506 7508
3 7536 7509 7540
3 7507 7539 7510
3 7539 7542 7510
3 7509 7543 7541
3 7509 7508 7543
3 7508 7511 7543
3 7540 7509 7541
3 7510 7542 7512
3 7542 7545 7512
3 7511 7513 7543
3 7543 7513 7546
3 7512 7545 7515
3 7545 7548 7515
3 7514 7516 7518
3 7514 7518 7550
3 7514 7550 7513
3 7513 7550 7546
3 7515 7548 7549
3 7517 7515 7549
3 7518 7516 7517
3 7518 7517 7551
3 7551 7517 7549
3 7550 7518 7551
3 7521 7554 7556
3 7521 7522 7555
3 7554 7521 7555
3 7555 7522 7559
3 7519 7557 7561
3 7523 7519 7561
3 7556 7520 7521
3 7556 7557 7520
3 7557 7519 7520
3 7525 7521 7520
3 7525 7527 7521
3 7527 7522 7521
3 7563 7559 7522
3 7527 7563 7522
3 7524 7562 7566
3 7528 7524 7566
3 7561 7524 7523
3 7562 7524 7561
3 7526 7530 7532
3 7526 7527 7525
3 7526 7532 7527
3 7532 7533 7527
3 7568 7563 7527
3 7533 7568 7527
3 7529 7567 7571
3 7534 7529 7571
3 7566 7529 7528
3 7567 7529 7566
3 7531 7535 7537
3 7531 7532 7530
3 7531 7537 7532
3 7537 7538 7532
3 7573 7569 7533
3 7573 7533 7538
3 7538 7533 7532
3 7568 7533 7569
3 7534 7571 7539
3 7571 7576 7539
3 7535 7536 7537
3 7574 7538 7537
3 7574 7537 7540
3 7574 7540 7577
3 7536 7540 7537
3 7573 7538 7574
3 7539 7576 7542
3 7576 7579 7542
3 7541 7543 7544
3 7541 7544 7580
3 7541 7580 7540
3 7540 7580 7577
3 7542 7579 7545
3 7579 7582 7545
3 7544 7546 7547
3 7543 7546 7544
3 7583 7580 7544
3 7547 7583 7544
3 7545 7582 7548
3 7582 7585 7548
3 7547 7550 7552
3 7546 7550 7547
3 7587 7583 7547
3 7552 7587 7547
3 7548 7585 7586
3 7549 7548 7586
3 7553 7586 7589
3 7553 7551 7586
3 7551 7549 7586
3 7551 7553 7590
3 7550 7551 7590
3 7550 7590 7588
3 7550 7588 7552
3 7587 7552 7588
3 7553 7589 7591
3 7590 7553 7591
3 7554 7558 7556
3 7599 7558 7554
3 7599 7554 7596
3 7596 7554 7555
3 7559 7560 7597
3 7559 7597 7555
3 7555 7597 7596
3 7597 7560 7601
3 7557 7598 7604
3 7561 7557 7604
3 7558 7557 7556
3 7558 7600 7557
3 7600 7598 7557
3 7599 7600 7558
3 7560 7563 7564
3 7559 7563 7560
3 7602 7601 7560
3 7602 7560 7565
3 7565 7560 7564
3 7602 7565 7606
3 7562 7605 7609
3 7566 7562 7609
3 7604 7562 7561
3 7605 7562 7604
3 7564 7568 7570
3 7563 7568 7564
3 7610 7607 7565
3 7610 7565 7570
3 7570 7565 7564
3 7606 7565 7607
3 7567 7572 7571
3 7567 7614 7572
3 7567 7566 7614
3 7566 7609 7614
3 7569 7573 7575
3 7569 7575 7616
3 7568 7569 7616
3 7568 7616 7611
3 7568 7611 7570
3 7610 7570 7611
3 7572 7615 7621
3 7572 7621 7571
3 7571 7621 7576
3 7614 7615 7572
3 7574 7577 7578
3 7574 7578 7622
3 7573 7574 7622
3 7573 7622 7617
3 7573 7617 7575
3 7616 7575 7617
3 7576 7621 7579
3 7621 7625 7579
3 7578 7580 7581
3 7577 7580 7578
3 7626 7622 7578
3 7581 7626 7578
3 7579 7625 7582
3 7625 7628 7582
3 7581 7583 7584
3 7580 7583 7581
3 7629 7626 7581
3 7584 7629 7581
3 7582 7628 7585
3 7628 7632 7585
3 7584 7634 7630
3 7584 7583 7634
3 7583 7587 7634
3 7629 7584 7630
3 7585 7632 7633
3 7586 7585 7633
3 7633 7589 7586
3 7638 7589 7633
3 7588 7590 7592
3 7635 7634 7587
3 7635 7587 7592
3 7635 7592 7593
3 7592 7587 7588
3 7635 7593 7639
3 7594 7591 7589
3 7594 7589 7641
3 7641 7589 7638
3 7591 7592 7590
3 7591 7594 7592
3 7594 7595 7592
3 7644 7640 7593
3 7644 7593 7595
3 7595 7593 7592
3 7639 7593 7640
3 7594 7641 7642
3 7595 7594 7642
3 7645 7595 7642
3 7644 7595 7645
3 7596 7646 7650
3 7599 7596 7650
3 7597 7647 7596
3 7596 7647 7646
3 7601 7603 7648
3 7601 7648 7597
3 7597 7648 7647
3 7648 7603 7652
3 7598 7649 7655
3 7604 7598 7655
3 7600 7651 7598
3 7598 7651 7649
3 7650 7600 7599
3 7651 7600 7650
3 7601 7602 7603
3 7606 7608 7653
3 7602 7606 7653
3 7602 7653 7652
3 7602 7652 7603
3 7653 7608 7658
3 7605 7656 7659
3 7609 7605 7659
3 7655 7605 7604
3 7656 7605 7655
3 7607 7610 7612
3 7607 7608 7606
3 7607 7612 7608
3 7612 7613 7608
3 7661 7658 7608
3 7613 7661 7608
3 7609 7659 7614
3 7659 7663 7614
3 7611 7616 7618
3 7611 7612 7610
3 7611 7618 7612
3 7618 7619 7612
3 7613 7612 7620
3 7620 7612 7619
3 7666 7661 7613
3 7620 7666 7613
3 7615 7664 7669
3 7621 7615 7669
3 7663 7615 7614
3 7664 7615 7663
3 7617 7622 7623
3 7617 7618 7616
3 7617 7623 7618
3 7623 7624 7618
3 7671 7665 7619
3 7671 7619 7624
3 7624 7619 7618
3 7620 7619 7665
3 7667 7620 7665
3 7666 7620 7667
3 7621 7669 7625
3 7669 7676 7625
3 7623 7626 7627
3 7622 7626 7623
3 7677 7672 7624
3 7677 7624 7627
3 7627 7624 7623
3 7671 7624 7672
3 7625 7676 7628
3 7676 7681 7628
3 7627 7629 7631
3 7626 7629 7627
3 7682 7677 7627
3 7631 7682 7627
3 7628 7681 7632
3 7681 7686 7632
3 7630 7634 7636
3 7630 7631 7629
3 7630 7636 7631
3 7636 7637 7631
3 7689 7682 7631
3 7637 7689 7631
3 7632 7686 7687
3 7633 7632 7687
3 7687 7638 7633
3 7693 7638 7687
3 7634 7635 7636
3 7690 7637 7636
3 7690 7636 7639
3 7690 7639 7695
3 7635 7639 7636
3 7689 7637 7690
3 7694 7643 7641
3 7694 7641 7693
3 7693 7641 7638
3 7694 7698 7643
3 7640 7699 7696
3 7644 7699 7640
3 7695 7639 7640
3 7696 7695 7640
3 7641 7643 7642
3 7643 7698 7700
3 7643 7700 7642
3 7642 7700 7645
3 7699 7644 7645
3 7700 7699 7645
3 7646 7702 7706
3 7650 7646 7706
3 7647 7703 7646
3 7646 7703 7702
3 7648 7704 7647
3 7647 7704 7703
3 7652 7654 7705
3 7652 7705 7648
3 7648 7705 7704
3 7705 7654 7708
3 7649 7657 7655
3 7709 7657 7649
3 7709 7649 7707
3 7707 7649 7651
3 7706 7651 7650
3 7707 7651 7706
3 7652 7653 7654
3 7654 7653 7658
3 7654 7658 7708
3 7708 7658 7711
3 7656 7660 7659
3 7656 7714 7660
3 7655 7714 7656
3 7655 7710 7714
3 7655 7657 7710
3 7709 7710 7657
3 7712 7661 7662
3 7712 7711 7661
3 7711 7658 7661
3 7712 7662 7716
3 7660 7715 7717
3 7660 7717 7659
3 7659 7717 7663
3 7714 7715 7660
3 7662 7666 7668
3 7661 7666 7662
3 7718 7716 7662
3 7668 7718 7662
3 7664 7670 7669
3 7664 7719 7670
3 7664 7663 7719
3 7663 7717 7719
3 7665 7671 7673
3 7665 7674 7667
3 7673 7674 7665
3 7667 7668 7666
3 7667 7674 7668
3 7674 7675 7668
3 7721 7718 7668
3 7675 7721 7668
3 7670 7720 7723
3 7670 7723 7669
3 7669 7723 7676
3 7719 7720 7670
3 7672 7677 7678
3 7672 7673 7671
3 7672 7678 7673
3 7678 7679 7673
3 7674 7673 7680
3 7680 7673 7679
3 7725 7722 7675
3 7725 7675 7680
3 7680 7675 7674
3 7721 7675 7722
3 7676 7723 7681
3 7723 7727 7681
3 7678 7682 7683
3 7677 7682 7678
3 7679 7678 7684
3 7684 7678 7683
3 7680 7679 7685
3 7685 7679 7684
3 7730 7725 7680
3 7685 7730 7680
3 7728 7688 7686
3 7728 7686 7727
3 7727 7686 7681
3 7728 7732 7688
3 7683 7689 7691
3 7682 7689 7683
3 7684 7683 7692
3 7692 7683 7691
3 7734 7731 7685
3 7734 7685 7692
3 7692 7685 7684
3 7730 7685 7731
3 7686 7688 7687
3 7688 7693 7687
3 7688 7732 7693
3 7732 7737 7693
3 7690 7695 7697
3 7690 7697 7740
3 7689 7690 7740
3 7689 7740 7733
3 7689 7733 7691
3 7692 7691 7733
3 7735 7692 7733
3 7734 7692 7735
3 7693 7737 7738
3 7694 7693 7738
3 7738 7698 7694
3 7744 7698 7738
3 7696 7699 7701
3 7696 7701 7747
3 7695 7696 7747
3 7695 7747 7741
3 7695 7741 7697
3 7740 7697 7741
3 7698 7744 7745
3 7700 7698 7745
3 7701 7699 7700
3 7701 7700 7748
3 7748 7700 7745
3 7747 7701 7748
3 7702 7749 7753
3 7706 7702 7753
3 7703 7750 7702
3 7702 7750 7749
3 7704 7751 7703
3 7703 7751 7750
3 7705 7752 7704
3 7704 7752 7751
3 7752 7705 7708
3 7757 7752 7708
3 7707 7754 7759
3 7709 7707 7759
3 7753 7707 7706
3 7754 7707 7753
3 7758 7711 7713
3 7758 7757 7711
3 7757 7708 7711
3 7758 7713 7762
3 7710 7760 7763
3 7714 7710 7763
3 7759 7710 7709
3 7760 7710 7759
3 7711 7712 7713
3 7713 7712 7716
3 7713 7716 7762
3 7762 7716 7766
3 7715 7764 7768
3 7717 7715 7768
3 7763 7715 7714
3 7764 7715 7763
3 7716 7718 7766
3 7766 7718 7770
3 7717 7768 7719
3 7768 7772 7719
3 7718 7721 7770
3 7770 7721 7774
3 7720 7724 7723
3 7720 7775 7724
3 7720 7719 7775
3 7719 7772 7775
3 7722 7725 7726
3 7722 7726 7777
3 7722 7777 7721
3 7721 7777 7774
3 7724 7729 7727
3 7723 7724 7727
3 7779 7724 7775
3 7729 7724 7779
3 7726 7781 7778
3 7726 7725 7781
3 7725 7730 7781
3 7777 7726 7778
3 7727 7729 7728
3 7729 7732 7728
3 7729 7779 7732
3 7779 7783 7732
3 7731 7734 7736
3 7731 7736 7786
3 7731 7786 7730
3 7730 7786 7781
3 7784 7739 7737
3 7784 7737 7783
3 7783 7737 7732
3 7784 7788 7739
3 7733 7740 7742
3 7733 7743 7735
3 7742 7743 7733
3 7735 7743 7793
3 7734 7735 7793
3 7734 7793 7787
3 7734 7787 7736
3 7786 7736 7787
3 7737 7739 7738
3 7744 7789 7746
3 7738 7789 7744
3 7738 7788 7789
3 7738 7739 7788
3 7789 7795 7746
3 7741 7796 7791
3 7747 7796 7741
3 7742 7740 7741
3 7742 7741 7792
3 7792 7741 7791
3 7743 7742 7792
3 7794 7743 7792
3 7793 7743 7794
3 7744 7746 7745
3 7746 7795 7797
3 7746 7797 7745
3 7745 7797 7748
3 7796 7747 7748
3 7797 7796 7748
3 7749 7755 7753
3 7749 7750 7756
3 7755 7749 7756
3 7802 7756 7750
3 7802 7750 7799
3 7799 7750 7751
3 7752 7800 7751
3 7751 7800 7799
3 7800 7752 7757
3 7805 7800 7757
3 7754 7761 7759
3 7754 7808 7761
3 7753 7808 7754
3 7753 7801 7808
3 7753 7755 7801
3 7756 7801 7755
3 7803 7801 7756
3 7802 7803 7756
3 7757 7807 7805
3 7758 7807 7757
3 7807 7758 7762
3 7810 7807 7762
3 7760 7765 7763
3 7760 7812 7765
3 7759 7812 7760
3 7759 7809 7812
3 7759 7761 7809
3 7808 7809 7761
3 7811 7766 7767
3 7811 7810 7766
3 7810 7762 7766
3 7811 7767 7815
3 7764 7769 7768
3 7764 7816 7769
3 7763 7816 7764
3 7763 7813 7816
3 7763 7765 7813
3 7812 7813 7765
3 7767 7770 7771
3 7766 7770 7767
3 7818 7815 7767
3 7771 7818 7767
3 7769 7773 7772
3 7768 7769 7772
3 7820 7769 7816
3 7773 7769 7820
3 7771 7822 7819
3 7771 7770 7822
3 7770 7774 7822
3 7818 7771 7819
3 7773 7776 7775
3 7772 7773 7775
3 7824 7773 7820
3 7776 7773 7824
3 7774 7777 7822
3 7822 7777 7826
3 7776 7780 7779
3 7775 7776 7779
3 7827 7776 7824
3 7780 7776 7827
3 7778 7781 7782
3 7778 7782 7829
3 7778 7829 7777
3 7777 7829 7826
3 7780 7785 7783
3 7779 7780 7783
3 7832 7780 7827
3 7785 7780 7832
3 7782 7835 7830
3 7782 7781 7835
3 7781 7786 7835
3 7829 7782 7830
3 7783 7785 7784
3 7788 7833 7790
3 7784 7833 7788
3 7784 7832 7833
3 7784 7785 7832
3 7833 7838 7790
3 7787 7843 7836
3 7793 7843 7787
3 7835 7786 7787
3 7836 7835 7787
3 7788 7790 7789
3 7795 7839 7798
3 7789 7839 7795
3 7789 7838 7839
3 7789 7790 7838
3 7798 7791 7796
3 7798 7839 7791
3 7839 7841 7791
3 7792 7791 7842
3 7791 7841 7842
3 7794 7792 7844
3 7792 7842 7844
3 7843 7793 7794
3 7844 7843 7794
3 7795 7798 7797
3 7796 7797 7798
3 7799 7804 7802
3 7799 7800 7806
3 7804 7799 7806
3 7800 7805 7806
3 7801 7846 7851
3 7808 7801 7851
3 7803 7847 7801
3 7801 7847 7846
3 7804 7803 7802
3 7804 7848 7803
3 7848 7847 7803
3 7806 7848 7804
3 7849 7848 7806
3 7805 7849 7806
3 7805 7807 7849
3 7807 7850 7849
3 7850 7807 7810
3 7854 7850 7810
3 7809 7814 7812
3 7809 7857 7814
3 7809 7808 7857
3 7808 7851 7857
3 7810 7856 7854
3 7811 7856 7810
3 7856 7811 7815
3 7860 7856 7815
3 7813 7817 7816
3 7813 7862 7817
3 7812 7862 7813
3 7812 7858 7862
3 7812 7814 7858
3 7857 7858 7814
3 7815 7818 7860
3 7860 7818 7864
3 7817 7821 7820
3 7816 7817 7820
3 7865 7817 7862
3 7821 7817 7865
3 7819 7822 7823
3 7819 7823 7867
3 7819 7867 7818
3 7818 7867 7864
3 7821 7825 7824
3 7820 7821 7824
3 7869 7821 7865
3 7825 7821 7869
3 7823 7872 7868
3 7823 7822 7872
3 7822 7826 7872
3 7867 7823 7868
3 7825 7828 7827
3 7824 7825 7827
3 7874 7825 7869
3 7828 7825 7874
3 7831 7877 7873
3 7831 7873 7872
3 7831 7872 7829
3 7829 7872 7826
3 7828 7834 7832
3 7827 7828 7832
3 7880 7828 7874
3 7834 7828 7880
3 7837 7884 7878
3 7877 7837 7878
3 7831 7837 7877
3 7831 7835 7837
3 7831 7830 7835
3 7829 7830 7831
3 7832 7834 7833
3 7838 7881 7840
3 7833 7881 7838
3 7833 7880 7881
3 7833 7834 7880
3 7881 7886 7840
3 7845 7889 7885
3 7884 7845 7885
3 7837 7845 7884
3 7837 7843 7845
3 7837 7836 7843
3 7835 7836 7837
3 7838 7840 7839
3 7840 7886 7887
3 7840 7887 7839
3 7839 7887 7841
3 7842 7841 7890
3 7841 7887 7890
3 7889 7845 7844
3 7889 7844 7890
3 7890 7844 7842
3 7843 7844 7845
3 7846 7852 7851
3 7846 7847 7853
3 7852 7846 7853
3 7894 7853 7847
3 7894 7847 7892
3 7892 7847 7848
3 7849 7893 7848
3 7848 7893 7892
3 7855 7897 7893
3 7855 7893 7850
3 7850 7893 7849
3 7850 7854 7855
3 7852 7859 7857
3 7851 7852 7857
3 7900 7853 7895
3 7900 7859 7853
3 7859 7852 7853
3 7894 7895 7853
3 7855 7899 7897
3 7861 7905 7899
3 7856 7861 7899
3 7856 7899 7855
3 7856 7855 7854
3 7856 7860 7861
3 7858 7863 7862
3 7858 7908 7863
3 7857 7908 7858
3 7857 7901 7908
3 7857 7859 7901
3 7900 7901 7859
3 7861 7907 7905
3 7907 7861 7860
3 7907 7860 7914
3 7914 7860 7864
3 7863 7866 7865
3 7862 7863 7865
3 7916 7863 7908
3 7866 7863 7916
3 7864 7867 7914
3 7914 7867 7923
3 7866 7870 7869
3 7865 7866 7869
3 7917 7866 7916
3 7917 7871 7866
3 7871 7870 7866
3 7917 7926 7871
3 7868 7931 7924
3 7872 7931 7868
3 7923 7867 7868
3 7924 7923 7868
3 7870 7875 7874
3 7869 7870 7874
3 7871 7876 7870
3 7876 7875 7870
3 7934 7871 7926
3 7876 7871 7934
3 7879 7936 7929
3 7879 7873 7877
3 7879 7929 7873
3 7929 7932 7873
3 7931 7872 7873
3 7932 7931 7873
3 7875 7882 7880
3 7874 7875 7880
3 7876 7883 7875
3 7883 7882 7875
3 7938 7876 7934
3 7883 7876 7938
3 7878 7936 7879
3 7878 7884 7936
3 7884 7941 7936
3 7877 7878 7879
3 7880 7882 7881
3 7886 7881 7882
3 7886 7882 7888
3 7888 7882 7883
3 7939 7883 7938
3 7939 7891 7883
3 7891 7888 7883
3 7891 7885 7889
3 7891 7939 7885
3 7939 7942 7885
3 7941 7884 7885
3 7942 7941 7885
3 7886 7888 7887
3 7890 7887 7888
3 7891 7890 7888
3 7889 7890 7891
3 7892 7896 7894
3 7892 7893 7898
3 7896 7892 7898
3 7893 7897 7898
3 7895 7902 7900
3 7895 7894 7896
3 7895 7896 7902
3 7902 7896 7903
3 7898 7904 7896
3 7904 7903 7896
3 7897 7899 7906
3 7897 7906 7898
3 7898 7906 7904
3 7899 7905 7906
3 7901 7909 7908
3 7901 7900 7902
3 7901 7902 7909
3 7909 7902 7910
3 7903 7911 7902
3 7911 7910 7902
3 7904 7912 7903
3 7912 7911 7903
3 7906 7913 7904
3 7913 7912 7904
3 7905 7907 7915
3 7905 7915 7906
3 7906 7915 7913
3 7907 7914 7915
3 7909 7918 7916
3 7908 7909 7916
3 7910 7919 7909
3 7919 7918 7909
3 7911 7920 7910
3 7920 7919 7910
3 7912 7921 7911
3 7921 7920 7911
3 7913 7922 7912
3 7922 7921 7912
3 7915 7925 7913
3 7925 7922 7913
3 7914 7923 7925
3 7915 7914 7925
3 7916 7918 7917
3 7926 7917 7918
3 7926 7918 7927
3 7927 7918 7919
3 7920 7928 7919
3 7928 7927 7919
3 7921 7930 7920
3 7930 7928 7920
3 7922 7933 7921
3 7933 7930 7921
3 7924 7931 7933
3 7924 7933 7925
3 7925 7933 7922
3 7923 7924 7925
3 7927 7935 7934
3 7926 7927 7934
3 7928 7937 7927
3 7937 7935 7927
3 7929 7936 7937
3 7929 7937 7930
3 7930 7937 7928
3 7932 7929 7930
3 7933 7932 7930
3 7931 7932 7933
3 7935 7940 7938
3 7934 7935 7938
3 7937 7943 7935
3 7943 7940 7935
3 7936 7941 7943
3 7937 7936 7943
3 7938 7940 7939
3 7942 7939 7940
3 7943 7942 7940
3 7941 7942 7943
3 7944 7958 7962
3 7958 7944 7964
3 7945 7960 7968
3 7945 7946 7963
3 7960 7945 7963
3 7962 7963 7946
3 7962 7946 7944
3 7944 7946 7947
3 7971 7964 7944
3 7947 7971 7944
3 7948 7966 7974
3 7948 7949 7967
3 7966 7948 7967
3 7949 7950 7969
3 7967 7949 7969
3 7968 7969 7950
3 7968 7950 7945
3 7945 7950 7951
3 7946 7945 7952
3 7952 7945 7951
3 7975 7972 7947
3 7975 7947 7952
3 7952 7947 7946
3 7971 7947 7972
3 7953 7948 7974
3 7979 7953 7974
3 7949 7948 7954
3 7954 7948 7953
3 7950 7949 7955
3 7955 7949 7954
3 7951 7950 7956
3 7956 7950 7955
3 7984 7976 7952
3 7984 7952 7956
3 7956 7952 7951
3 7975 7952 7976
3 7953 7979 7980
3 7954 7953 7980
3 7982 7954 7980
3 7955 7954 7982
3 7983 7955 7982
3 7956 7955 7983
3 7985 7956 7983
3 7984 7956 7985
3 7957 7988 7991
3 7957 7959 7989
3 7988 7957 7989
3 7989 7959 7995
3 7961 7992 7998
3 7991 7994 7957
3 7992 7961 8000
3 7958 8002 7962
3 7958 7957 8002
3 7958 7959 7957
3 7957 7994 8002
3 7964 7965 7996
3 7958 7964 7996
3 7958 7996 7995
3 7958 7995 7959
3 7996 7965 8005
3 7970 7999 8007
3 7998 7999 7970
3 7961 7998 7970
3 7961 7970 7968
3 7961 7968 7960
3 7961 8003 8000
3 7961 7960 8003
3 7960 7963 8003
3 8002 7963 7962
3 8003 7963 8002
3 7965 7971 7973
3 7964 7971 7965
3 8009 8005 7965
3 7973 8009 7965
3 7966 8006 8010
3 7974 7966 8010
3 7967 8008 7966
3 7966 8008 8006
3 8007 7969 7970
3 8007 8008 7969
3 8008 7967 7969
3 7968 7970 7969
3 7972 7975 7977
3 7972 7973 7971
3 7972 7977 7973
3 7977 7978 7973
3 8014 8009 7973
3 7978 8014 7973
3 8011 7981 7979
3 8011 7979 8010
3 8010 7979 7974
3 8011 8016 7981
3 7976 7984 7986
3 7976 7977 7975
3 7976 7986 7977
3 7986 7987 7977
3 8022 8015 7978
3 8022 7978 7987
3 7987 7978 7977
3 8014 7978 8015
3 7979 7981 7980
3 7981 8016 8017
3 7981 8017 7980
3 7980 8017 7982
3 7983 7982 8019
3 7982 8017 8019
3 7985 7983 8020
3 7983 8019 8020
3 7986 7984 7985
3 7986 7985 8021
3 8021 7985 8020
3 7987 7986 8021
3 8023 7987 8021
3 8022 7987 8023
3 7990 8024 8026
3 8024 7990 8029
3 7993 8025 8031
3 7993 7991 7988
3 7993 7988 8025
3 8025 7988 8027
3 8026 7989 7990
3 8026 8027 7989
3 8027 7988 7989
3 7995 7997 8030
3 7989 7995 8030
3 7989 8030 8029
3 7989 8029 7990
3 8030 7997 8033
3 7992 8001 7998
3 7993 8031 8032
3 7994 7991 7993
3 7994 7993 8032
3 7994 8032 8004
3 8036 8004 8032
3 8000 8001 7992
3 7994 8004 8002
3 7995 7996 7997
3 7997 7996 8005
3 7997 8005 8033
3 8033 8005 8038
3 7999 8035 8040
3 8007 7999 8040
3 8001 7999 7998
3 8001 8037 7999
3 8037 8035 7999
3 8036 8003 8004
3 8036 8037 8003
3 8000 8003 8001
3 8001 8003 8037
3 8002 8004 8003
3 8005 8009 8038
3 8038 8009 8042
3 8006 8012 8010
3 8006 8008 8013
3 8012 8006 8013
3 8008 8043 8013
3 8008 8007 8043
3 8007 8040 8043
3 8009 8014 8042
3 8042 8014 8045
3 8010 8012 8011
3 8016 8011 8012
3 8016 8012 8018
3 8018 8012 8013
3 8047 8013 8043
3 8018 8013 8047
3 8015 8054 8046
3 8022 8054 8015
3 8045 8014 8015
3 8046 8045 8015
3 8016 8018 8017
3 8018 8047 8048
3 8018 8048 8017
3 8017 8048 8019
3 8020 8019 8050
3 8019 8048 8050
3 8021 8020 8052
3 8020 8050 8052
3 8023 8021 8055
3 8021 8052 8055
3 8054 8022 8023
3 8055 8054 8023
3 8028 8057 8059
3 8028 8026 8024
3 8028 8024 8057
3 8057 8024 8058
3 8058 8024 8029
3 8062 8058 8029
3 8025 8060 8064
3 8031 8025 8064
3 8059 8027 8028
3 8059 8060 8027
3 8060 8025 8027
3 8026 8028 8027
3 8034 8029 8030
3 8034 8068 8029
3 8068 8062 8029
3 8030 8033 8034
3 8031 8064 8065
3 8032 8031 8065
3 8065 8036 8032
3 8070 8036 8065
3 8039 8068 8034
3 8073 8068 8039
3 8033 8038 8039
3 8034 8033 8039
3 8035 8041 8040
3 8076 8041 8035
3 8076 8035 8071
3 8071 8035 8037
3 8070 8037 8036
3 8071 8037 8070
3 8039 8075 8073
3 8075 8039 8038
3 8075 8038 8080
3 8080 8038 8042
3 8041 8044 8043
3 8040 8041 8043
3 8082 8041 8076
3 8044 8041 8082
3 8042 8045 8080
3 8080 8045 8089
3 8044 8049 8047
3 8043 8044 8047
3 8083 8044 8082
3 8083 8051 8044
3 8051 8049 8044
3 8051 8085 8053
3 8083 8085 8051
3 8053 8087 8056
3 8085 8087 8053
3 8056 8046 8054
3 8056 8087 8046
3 8087 8090 8046
3 8089 8045 8046
3 8090 8089 8046
3 8047 8049 8048
3 8050 8048 8049
3 8051 8050 8049
3 8052 8050 8051
3 8053 8052 8051
3 8055 8052 8053
3 8056 8055 8053
3 8054 8055 8056
3 8057 8061 8059
3 8057 8058 8063
3 8061 8057 8063
3 8058 8062 8063
3 8060 8066 8064
3 8060 8059 8061
3 8060 8061 8066
3 8066 8061 8067
3 8063 8069 8061
3 8069 8067 8061
3 8062 8068 8069
3 8063 8062 8069
3 8064 8066 8065
3 8070 8065 8066
3 8070 8066 8072
3 8072 8066 8067
3 8069 8074 8067
3 8074 8072 8067
3 8068 8073 8074
3 8069 8068 8074
3 8071 8077 8076
3 8071 8070 8072
3 8071 8072 8077
3 8077 8072 8078
3 8074 8079 8072
3 8079 8078 8072
3 8073 8075 8081
3 8073 8081 8074
3 8074 8081 8079
3 8075 8080 8081
3 8077 8084 8082
3 8076 8077 8082
3 8078 8086 8077
3 8086 8084 8077
3 8079 8088 8078
3 8088 8086 8078
3 8081 8091 8079
3 8091 8088 8079
3 8080 8089 8091
3 8081 8080 8091
3 8082 8084 8083
3 8085 8083 8084
3 8086 8085 8084
3 8087 8085 8086
3 8088 8087 8086
3 8090 8087 8088
3 8091 8090 8088
3 8089 8090 8091
3 8092 8095 8099
3 8095 8092 8101
3 8092 8099 8102
3 8101 8092 8102
3 8093 8104 8110
3 8093 8094 8106
3 8104 8093 8106
3 8094 8096 8107
3 8106 8094 8107
3 8096 8097 8108
3 8107 8096 8108
3 8097 8098 8109
3 8108 8097 8109
3 8109 8098 8112
3 8093 8110 8111
3 8111 8115 8100
3 8111 8100 8093
3 8093 8100 8094
3 8095 8100 8099
3 8095 8096 8100
3 8096 8094 8100
3 8101 8096 8095
3 8101 8103 8096
3 8103 8097 8096
3 8118 8113 8098
3 8118 8098 8103
3 8103 8098 8097
3 8112 8098 8113
3 8100 8115 8116
3 8099 8100 8116
3 8099 8116 8102
3 8102 8116 8117
3 8103 8101 8102
3 8103 8102 8119
3 8119 8102 8117
3 8118 8103 8119
3 8105 8121 8122
3 8121 8105 8123
3 8104 8105 8122
3 8104 8122 8110
3 8110 8122 8129
3 8105 8124 8123
3 8105 8104 8124
3 8104 8106 8124
3 8107 8125 8106
3 8106 8125 8124
3 8108 8126 8107
3 8107 8126 8125
3 8109 8127 8108
3 8108 8127 8126
3 8112 8114 8128
3 8112 8128 8109
3 8109 8128 8127
3 8128 8114 8131
3 8110 8129 8130
3 8111 8110 8130
3 8130 8115 8111
3 8134 8115 8130
3 8113 8118 8120
3 8113 8120 8138
3 8112 8113 8138
3 8112 8138 8132
3 8112 8132 8114
3 8131 8114 8132
3 8115 8134 8135
3 8116 8115 8135
3 8117 8116 8136
3 8116 8135 8136
3 8119 8117 8137
3 8117 8136 8137
3 8120 8118 8119
3 8120 8119 8139
3 8139 8119 8137
3 8138 8120 8139
3 8121 8140 8141
3 8122 8121 8141
3 8140 8121 8123
3 8142 8140 8123
3 8122 8141 8129
3 8141 8152 8129
3 8123 8143 8142
3 8124 8143 8123
3 8125 8145 8124
3 8124 8145 8143
3 8126 8146 8125
3 8125 8146 8145
3 8127 8147 8126
3 8126 8147 8146
3 8128 8148 8127
3 8127 8148 8147
3 8131 8133 8149
3 8131 8149 8128
3 8128 8149 8148
3 8149 8133 8156
3 8129 8152 8153
3 8130 8129 8153
3 8153 8134 8130
3 8158 8134 8153
3 8132 8164 8155
3 8138 8164 8132
3 8133 8131 8132
3 8133 8132 8157
3 8157 8132 8155
3 8156 8133 8157
3 8134 8158 8159
3 8135 8134 8159
3 8136 8135 8161
3 8135 8159 8161
3 8137 8136 8163
3 8136 8161 8163
3 8139 8137 8165
3 8137 8163 8165
3 8164 8138 8139
3 8165 8164 8139
3 8140 8167 8174
3 8141 8140 8174
3 8142 8144 8168
3 8142 8168 8140
3 8140 8168 8167
3 8168 8144 8177
3 8150 8170 8184
3 8150 8151 8171
3 8170 8150 8171
3 8171 8151 8187
3 8175 8154 8152
3 8175 8152 8174
3 8174 8152 8141
3 8142 8143 8144
3 8154 8175 8189
3 8144 8178 8177
3 8144 8143 8178
3 8143 8145 8178
3 8146 8180 8145
3 8145 8180 8178
3 8147 8182 8146
3 8146 8182 8180
3 8148 8185 8147
3 8147 8185 8182
3 8184 8149 8150
3 8184 8185 8149
3 8185 8148 8149
3 8188 8151 8150
3 8188 8150 8156
3 8188 8156 8195
3 8149 8156 8150
3 8187 8151 8188
3 8152 8154 8153
3 8158 8190 8160
3 8153 8190 8158
3 8153 8189 8190
3 8153 8154 8189
3 8160 8192 8162
3 8190 8192 8160
3 8192 8197 8162
3 8166 8198 8193
3 8166 8155 8164
3 8166 8193 8155
3 8193 8194 8155
3 8157 8155 8196
3 8155 8194 8196
3 8195 8156 8157
3 8196 8195 8157
3 8158 8160 8159
3 8161 8159 8160
3 8162 8161 8160
3 8162 8197 8199
3 8162 8199 8161
3 8161 8199 8163
3 8198 8166 8165
3 8198 8165 8199
3 8199 8165 8163
3 8164 8165 8166
3 8169 8201 8204
3 8201 8169 8205
3 8172 8202 8214
3 8172 8173 8203
3 8202 8172 8203
3 8203 8173 8216
3 8167 8176 8174
3 8169 8204 8219
3 8169 8219 8167
3 8169 8167 8168
3 8176 8167 8219
3 8177 8179 8207
3 8168 8177 8207
3 8168 8207 8205
3 8168 8205 8169
3 8179 8181 8209
3 8207 8179 8209
3 8181 8183 8211
3 8209 8181 8211
3 8183 8186 8213
3 8211 8183 8213
3 8186 8184 8170
3 8186 8170 8213
3 8213 8170 8215
3 8214 8171 8172
3 8214 8215 8171
3 8215 8170 8171
3 8217 8173 8172
3 8217 8172 8187
3 8217 8187 8223
3 8171 8187 8172
3 8216 8173 8217
3 8174 8176 8175
3 8189 8220 8191
3 8175 8220 8189
3 8175 8219 8220
3 8175 8176 8219
3 8177 8178 8179
3 8191 8220 8226
3 8180 8179 8178
3 8181 8179 8180
3 8182 8181 8180
3 8183 8181 8182
3 8185 8183 8182
3 8186 8183 8185
3 8184 8186 8185
3 8188 8235 8224
3 8195 8235 8188
3 8223 8187 8188
3 8224 8223 8188
3 8189 8191 8190
3 8191 8226 8227
3 8191 8227 8190
3 8190 8227 8192
3 8197 8229 8200
3 8197 8192 8229
3 8192 8227 8229
3 8200 8193 8198
3 8200 8229 8193
3 8229 8231 8193
3 8194 8193 8233
3 8193 8231 8233
3 8196 8194 8236
3 8194 8233 8236
3 8235 8195 8196
3 8236 8235 8196
3 8197 8200 8199
3 8198 8199 8200
3 8201 8206 8204
3 8205 8206 8201
3 8208 8238 8242
3 8208 8210 8239
3 8238 8208 8239
3 8210 8212 8240
3 8239 8210 8240
3 8240 8212 8246
3 8202 8241 8250
3 8214 8202 8250
3 8218 8253 8241
3 8218 8241 8203
3 8203 8241 8202
3 8203 8216 8218
3 8206 8221 8219
3 8204 8206 8219
3 8242 8243 8208
3 8205 8207 8206
3 8206 8207 8222
3 8206 8222 8221
3 8208 8256 8210
3 8208 8243 8256
3 8210 8256 8209
3 8222 8207 8256
3 8209 8256 8207
3 8211 8210 8209
3 8212 8210 8211
3 8212 8248 8246
3 8212 8211 8248
3 8211 8213 8248
3 8215 8251 8213
3 8213 8251 8248
3 8250 8225 8214
3 8250 8254 8225
3 8214 8225 8215
3 8263 8251 8225
3 8215 8225 8251
3 8253 8225 8254
3 8218 8225 8253
3 8218 8223 8225
3 8218 8217 8223
3 8216 8217 8218
3 8219 8221 8220
3 8226 8220 8221
3 8226 8221 8228
3 8228 8221 8222
3 8257 8222 8256
3 8257 8230 8222
3 8230 8228 8222
3 8230 8259 8232
3 8257 8259 8230
3 8232 8261 8234
3 8259 8261 8232
3 8234 8264 8237
3 8261 8264 8234
3 8263 8237 8264
3 8225 8237 8263
3 8225 8235 8237
3 8225 8224 8235
3 8223 8224 8225
3 8226 8228 8227
3 8229 8227 8228
3 8230 8229 8228
3 8231 8229 8230
3 8232 8231 8230
3 8233 8231 8232
3 8234 8233 8232
3 8236 8233 8234
3 8237 8236 8234
3 8235 8236 8237
3 8238 8244 8242
3 8238 8239 8245
3 8244 8238 8245
3 8239 8240 8247
3 8245 8239 8247
3 8246 8247 8240
3 8249 8266 8268
3 8249 8252 8267
3 8266 8249 8267
3 8255 8250 8241
3 8271 8267 8252
3 8241 8253 8255
3 8242 8244 8243
3 8256 8243 8244
3 8256 8244 8258
3 8258 8244 8245
3 8247 8260 8245
3 8260 8258 8245
3 8268 8269 8249
3 8246 8248 8247
3 8247 8248 8262
3 8247 8262 8260
3 8252 8249 8272
3 8249 8269 8272
3 8265 8248 8251
3 8265 8262 8248
3 8255 8254 8250
3 8252 8272 8271
3 8263 8265 8251
3 8253 8254 8255
3 8256 8258 8257
3 8259 8257 8258
3 8260 8259 8258
3 8261 8259 8260
3 8262 8261 8260
3 8264 8261 8262
3 8265 8264 8262
3 8263 8264 8265
3 8266 8270 8268
3 8266 8267 8273
3 8270 8266 8273
3 8267 8271 8273
3 8268 8270 8269
3 8272 8269 8270
3 8273 8272 8270
3 8271 8272 8273
3 8274 8278 8280
3 8274 8275 8279
3 8278 8274 8279
3 8279 8275 8283
3 8276 8281 8286
3 8280 8281 8276
3 8280 8276 8274
3 8274 8276 8277
3 8288 8284 8275
3 8288 8275 8277
3 8277 8275 8274
3 8283 8275 8284
3 8276 8286 8287
3 8277 8276 8287
3 8289 8277 8287
3 8288 8277 8289
3 8278 8282 8280
3 8278 8279 8285
3 8282 8278 8285
3 8279 8283 8285
3 8281 8291 8293
3 8286 8281 8293
3 8282 8281 8280
3 8282 8292 8281
3 8292 8291 8281
3 8284 8288 8295
3 8284 8295 8282
3 8284 8282 8285
3 8282 8295 8292
3 8283 8284 8285
3 8290 8287 8286
3 8290 8286 8297
3 8297 8286 8293
3 8298 8287 8290
3 8298 8296 8287
3 8296 8289 8287
3 8295 8288 8289
3 8296 8295 8289
3 8290 8297 8299
3 8298 8290 8299
3 8291 8294 8293
3 8301 8294 8291
3 8301 8291 8300
3 8300 8291 8292
3 8300 8292 8295
3 8303 8300 8295
3 8294 8302 8306
3 8294 8306 8293
3 8293 8306 8297
3 8307 8294 8298
3 8307 8302 8294
3 8298 8294 8296
3 8301 8304 8294
3 8296 8294 8304
3 8303 8295 8296
3 8304 8303 8296
3 8297 8306 8308
3 8299 8297 8308
3 8307 8298 8299
3 8308 8307 8299
3 8300 8305 8301
3 8300 8303 8305
3 8302 8309 8306
3 8304 8301 8305
3 8307 8309 8302
3 8303 8304 8305
3 8306 8309 8308
3 8307 8308 8309
3 8310 8311 8312
3 8311 8310 8313
3 8310 8312 8314
3 8313 8310 8314
3 8311 8315 8312
3 8311 8313 8315
3 8312 8315 8314
3 8313 8314 8315
3 8316 8323 8324
3 8323 8316 8326
3 8316 8324 8327
3 8328 8330 8317
3 8326 8316 8327
3 8317 8318 8329
3 8328 8317 8329
3 8329 8318 8333
3 8317 8330 8332
3 8332 8334 8319
3 8332 8319 8317
3 8317 8319 8318
3 8336 8333 8318
3 8319 8336 8318
3 8319 8334 8337
3 8336 8319 8337
3 8320 8338 8339
3 8338 8320 8340
3 8321 8320 8339
3 8343 8321 8339
3 8341 8340 8320
3 8341 8320 8322
3 8322 8320 8321
3 8341 8322 8345
3 8321 8343 8344
3 8344 8348 8325
3 8344 8325 8321
3 8321 8325 8322
3 8324 8323 8346
3 8324 8346 8322
3 8324 8322 8325
3 8345 8322 8346
3 8346 8323 8326
3 8350 8346 8326
3 8325 8348 8349
3 8331 8349 8353
3 8327 8349 8331
3 8327 8325 8349
3 8327 8324 8325
3 8326 8331 8350
3 8326 8327 8331
3 8350 8331 8351
3 8330 8328 8331
3 8351 8331 8328
3 8329 8352 8328
3 8328 8352 8351
3 8352 8329 8333
3 8355 8352 8333
3 8331 8353 8354
3 8335 8354 8357
3 8332 8354 8335
3 8332 8331 8354
3 8332 8330 8331
3 8332 8335 8334
3 8333 8336 8355
3 8355 8336 8359
3 8335 8357 8358
3 8334 8335 8358
3 8334 8358 8337
3 8337 8358 8360
3 8359 8336 8337
3 8360 8359 8337
3 8338 8363 8365
3 8339 8338 8365
3 8340 8342 8364
3 8340 8364 8338
3 8338 8364 8363
3 8364 8342 8367
3 8339 8365 8343
3 8365 8370 8343
3 8340 8341 8342
3 8345 8347 8369
3 8341 8345 8369
3 8341 8369 8367
3 8341 8367 8342
3 8369 8347 8372
3 8343 8370 8371
3 8344 8343 8371
3 8371 8348 8344
3 8373 8348 8371
3 8345 8346 8347
3 8347 8346 8350
3 8347 8350 8372
3 8372 8350 8375
3 8348 8373 8374
3 8349 8348 8374
3 8374 8353 8349
3 8378 8353 8374
3 8350 8376 8375
3 8351 8376 8350
3 8356 8381 8376
3 8356 8376 8352
3 8352 8376 8351
3 8352 8355 8356
3 8353 8378 8380
3 8354 8353 8380
3 8380 8357 8354
3 8384 8357 8380
3 8356 8382 8381
3 8382 8356 8355
3 8382 8355 8386
3 8386 8355 8359
3 8361 8358 8357
3 8361 8357 8387
3 8387 8357 8384
3 8358 8362 8360
3 8361 8362 8358
3 8360 8362 8390
3 8360 8390 8359
3 8359 8390 8386
3 8361 8387 8388
3 8362 8361 8388
3 8391 8362 8388
3 8390 8362 8391
3 8363 8366 8365
3 8363 8364 8368
3 8366 8363 8368
3 8364 8367 8368
3 8366 8393 8396
3 8366 8396 8365
3 8365 8396 8370
3 8368 8393 8366
3 8394 8393 8368
3 8367 8394 8368
3 8367 8369 8394
3 8369 8395 8394
3 8395 8369 8372
3 8399 8395 8372
3 8370 8396 8397
3 8371 8370 8397
3 8397 8373 8371
3 8402 8373 8397
3 8401 8375 8377
3 8401 8399 8375
3 8399 8372 8375
3 8401 8377 8403
3 8379 8374 8373
3 8379 8373 8406
3 8406 8373 8402
3 8374 8379 8378
3 8375 8376 8377
3 8381 8383 8404
3 8376 8381 8404
3 8376 8404 8403
3 8376 8403 8377
3 8404 8383 8410
3 8379 8406 8407
3 8378 8379 8407
3 8378 8407 8380
3 8380 8407 8408
3 8384 8409 8385
3 8384 8380 8409
3 8380 8408 8409
3 8381 8382 8383
3 8385 8409 8411
3 8383 8382 8386
3 8383 8386 8410
3 8410 8386 8412
3 8385 8389 8387
3 8384 8385 8387
3 8413 8385 8411
3 8413 8392 8385
3 8392 8389 8385
3 8392 8413 8412
3 8392 8412 8390
3 8390 8412 8386
3 8387 8389 8388
3 8391 8388 8389
3 8392 8391 8389
3 8390 8391 8392
3 8393 8398 8396
3 8415 8398 8393
3 8415 8393 8414
3 8414 8393 8394
3 8400 8416 8414
3 8400 8414 8395
3 8395 8414 8394
3 8395 8399 8400
3 8396 8398 8397
3 8398 8402 8397
3 8398 8415 8402
3 8415 8421 8402
3 8400 8418 8416
3 8399 8418 8400
3 8399 8401 8418
3 8401 8419 8418
3 8403 8405 8420
3 8403 8420 8401
3 8401 8420 8419
3 8420 8405 8423
3 8402 8421 8406
3 8421 8425 8406
3 8403 8404 8405
3 8405 8404 8410
3 8405 8410 8423
3 8423 8410 8430
3 8406 8425 8426
3 8407 8406 8426
3 8408 8407 8428
3 8407 8426 8428
3 8409 8408 8429
3 8408 8428 8429
3 8429 8411 8409
3 8432 8411 8429
3 8410 8412 8430
3 8430 8412 8433
3 8411 8432 8434
3 8413 8411 8434
3 8433 8412 8413
3 8434 8433 8413
3 8414 8417 8415
3 8414 8416 8417
3 8417 8422 8421
3 8415 8417 8421
3 8416 8422 8417
3 8416 8436 8422
3 8416 8418 8436
3 8436 8438 8422
3 8419 8437 8418
3 8418 8437 8436
3 8424 8440 8437
3 8424 8437 8420
3 8420 8437 8419
3 8420 8423 8424
3 8422 8427 8425
3 8421 8422 8425
3 8442 8422 8438
3 8427 8422 8442
3 8431 8440 8424
3 8444 8440 8431
3 8423 8430 8431
3 8424 8423 8431
3 8425 8427 8426
3 8427 8442 8443
3 8427 8443 8426
3 8426 8443 8428
3 8429 8428 8445
3 8428 8443 8445
3 8445 8431 8429
3 8445 8444 8431
3 8429 8431 8432
3 8446 8447 8431
3 8432 8431 8447
3 8446 8431 8430
3 8446 8430 8449
3 8449 8430 8433
3 8432 8447 8450
3 8434 8432 8450
3 8449 8433 8434
3 8449 8434 8450
3 8453 8435 8452
3 8452 8435 8455
3 8435 8453 8456
3 8455 8435 8456
3 8436 8439 8438
3 8436 8437 8441
3 8439 8436 8441
3 8437 8440 8441
3 8439 8458 8460
3 8439 8460 8438
3 8438 8460 8442
3 8441 8458 8439
3 8459 8458 8441
3 8459 8441 8440
3 8459 8440 8463
3 8463 8440 8444
3 8442 8460 8461
3 8443 8442 8461
3 8448 8461 8465
3 8448 8445 8461
3 8445 8443 8461
3 8446 8451 8447
3 8445 8448 8444
3 8444 8448 8466
3 8444 8466 8463
3 8446 8449 8451
3 8448 8465 8467
3 8450 8447 8451
3 8469 8470 8454
3 8448 8467 8466
3 8452 8457 8453
3 8450 8451 8449
3 8471 8469 8454
3 8452 8455 8457
3 8454 8470 8472
3 8453 8457 8456
3 8454 8472 8471
3 8455 8456 8457
3 8458 8462 8460
3 8458 8459 8464
3 8462 8458 8464
3 8459 8463 8464
3 8460 8462 8461
3 8465 8461 8462
3 8465 8462 8468
3 8468 8462 8464
3 8463 8466 8468
3 8464 8463 8468
3 8465 8468 8467
3 8466 8467 8468
3 8469 8473 8470
3 8469 8471 8473
3 8470 8473 8472
3 8471 8472 8473
3 8474 8477 8479
3 8477 8474 8481
3 8475 8480 8483
3 8479 8480 8475
3 8479 8475 8474
3 8474 8475 8476
3 8485 8481 8474
3 8476 8485 8474
3 8475 8483 8484
3 8476 8475 8484
3 8486 8476 8484
3 8485 8476 8486
3 8478 8492 8493
3 8492 8478 8495
3 8477 8494 8497
3 8479 8477 8497
3 8481 8482 8478
3 8481 8478 8494
3 8481 8494 8477
3 8494 8478 8493
3 8499 8495 8478
3 8482 8499 8478
3 8480 8498 8500
3 8483 8480 8500
3 8497 8480 8479
3 8498 8480 8497
3 8482 8485 8487
3 8481 8485 8482
3 8502 8499 8482
3 8487 8502 8482
3 8488 8484 8483
3 8488 8483 8504
3 8504 8483 8500
3 8484 8489 8486
3 8488 8489 8484
3 8486 8489 8505
3 8485 8486 8505
3 8485 8505 8503
3 8485 8503 8487
3 8502 8487 8503
3 8490 8488 8504
3 8507 8490 8504
3 8489 8488 8491
3 8491 8488 8490
3 8509 8505 8489
3 8491 8509 8489
3 8490 8507 8508
3 8491 8490 8508
3 8510 8491 8508
3 8509 8491 8510
3 8492 8496 8493
3 8492 8495 8496
3 8494 8511 8513
3 8497 8494 8513
3 8496 8494 8493
3 8496 8512 8494
3 8512 8511 8494
3 8512 8496 8495
3 8512 8495 8515
3 8515 8495 8499
3 8498 8501 8500
3 8498 8517 8501
3 8498 8497 8517
3 8497 8513 8517
3 8499 8502 8515
3 8515 8502 8519
3 8501 8518 8521
3 8501 8521 8500
3 8500 8521 8504
3 8517 8518 8501
3 8503 8505 8506
3 8503 8506 8523
3 8503 8523 8502
3 8502 8523 8519
3 8504 8521 8507
3 8521 8525 8507
3 8506 8528 8524
3 8506 8505 8528
3 8505 8509 8528
3 8523 8506 8524
3 8507 8525 8526
3 8508 8507 8526
3 8510 8508 8529
3 8508 8526 8529
3 8528 8509 8510
3 8529 8528 8510
3 8511 8514 8513
3 8511 8512 8516
3 8514 8511 8516
3 8512 8515 8516
3 8514 8532 8533
3 8514 8533 8513
3 8513 8533 8517
3 8532 8520 8534
3 8532 8514 8520
3 8514 8516 8520
3 8515 8519 8520
3 8516 8515 8520
3 8518 8522 8521
3 8518 8537 8522
3 8518 8517 8537
3 8517 8533 8537
3 8520 8536 8534
3 8536 8520 8519
3 8536 8519 8538
3 8538 8519 8523
3 8522 8527 8525
3 8521 8522 8525
3 8540 8522 8537
3 8527 8522 8540
3 8524 8528 8530
3 8524 8530 8541
3 8524 8541 8523
3 8523 8541 8538
3 8525 8527 8526
3 8527 8529 8526
3 8527 8543 8529
3 8527 8540 8543
3 8543 8531 8529
3 8529 8531 8544
3 8528 8529 8544
3 8528 8544 8542
3 8528 8542 8530
3 8541 8530 8542
3 8531 8543 8545
3 8544 8531 8545
3 8532 8535 8533
3 8532 8534 8535
3 8535 8550 8551
3 8535 8551 8533
3 8533 8551 8537
3 8539 8552 8550
3 8536 8539 8550
3 8536 8550 8535
3 8536 8535 8534
3 8536 8538 8539
3 8537 8551 8540
3 8551 8555 8540
3 8539 8554 8552
3 8554 8539 8538
3 8554 8538 8558
3 8558 8538 8541
3 8556 8546 8543
3 8556 8543 8555
3 8555 8543 8540
3 8546 8542 8544
3 8546 8556 8542
3 8547 8542 8560
3 8560 8542 8556
3 8542 8547 8561
3 8542 8561 8541
3 8541 8561 8558
3 8543 8546 8545
3 8560 8563 8548
3 8560 8548 8547
3 8544 8545 8546
3 8564 8561 8547
3 8548 8564 8547
3 8549 8548 8563
3 8565 8549 8563
3 8566 8564 8548
3 8549 8566 8548
3 8549 8565 8567
3 8566 8549 8567
3 8550 8553 8551
3 8550 8552 8553
3 8553 8557 8555
3 8551 8553 8555
3 8552 8554 8559
3 8552 8559 8553
3 8553 8559 8557
3 8554 8558 8559
3 8555 8557 8556
3 8560 8556 8557
3 8560 8557 8562
3 8562 8557 8559
3 8558 8561 8562
3 8559 8558 8562
3 8562 8568 8569
3 8562 8569 8560
3 8560 8569 8563
3 8568 8562 8561
3 8568 8561 8570
3 8570 8561 8564
3 8563 8569 8565
3 8569 8572 8565
3 8564 8566 8570
3 8570 8566 8573
3 8565 8572 8574
3 8567 8565 8574
3 8573 8566 8567
3 8574 8573 8567
3 8568 8571 8569
3 8568 8570 8571
3 8571 8575 8572
3 8569 8571 8572
3 8570 8573 8575
3 8571 8570 8575
3 8572 8575 8574
3 8573 8574 8575
3 8576 8577 8578
3 8577 8576 8579
3 8576 8578 8580
3 8579 8576 8580
3 8577 8581 8578
3 8577 8579 8581
3 8578 8581 8580
3 8579 8580 8581
3 8582 8583 8584
3 8583 8582 8585
3 8582 8584 8586
3 8585 8582 8586
3 8583 8587 8584
3 8583 8585 8587
3 8584 8587 8586
3 8585 8586 8587
3 8588 8590 8591
3 8590 8588 8593
3 8589 8592 8598
3 8591 8594 8588
3 8592 8589 8599
3 8593 8588 8594
3 8589 8598 8600
3 8599 8589 8600
3 8590 8595 8591
3 8593 8595 8590
3 8596 8604 8606
3 8596 8597 8605
3 8604 8596 8605
3 8605 8597 8609
3 8592 8601 8598
3 8591 8595 8594
3 8599 8601 8592
3 8607 8612 8602
3 8593 8594 8595
3 8606 8607 8596
3 8596 8607 8602
3 8596 8602 8603
3 8615 8610 8597
3 8615 8597 8603
3 8603 8597 8596
3 8609 8597 8610
3 8598 8601 8600
3 8602 8612 8613
3 8599 8600 8601
3 8603 8602 8613
3 8616 8603 8613
3 8615 8603 8616
3 8604 8608 8606
3 8604 8605 8611
3 8608 8604 8611
3 8605 8609 8611
3 8607 8614 8612
3 8607 8606 8608
3 8607 8608 8614
3 8614 8608 8617
3 8610 8615 8617
3 8610 8617 8611
3 8611 8617 8608
3 8609 8610 8611
3 8612 8614 8613
3 8616 8613 8614
3 8617 8616 8614
3 8615 8616 8617
3 8618 8619 8621
3 8619 8618 8622
3 8618 8621 8623
3 8622 8618 8623
3 8620 8626 8628
3 8626 8620 8629
3 8619 8620 8628
3 8619 8628 8621
3 8621 8628 8633
3 8622 8624 8631
3 8619 8622 8631
3 8619 8631 8629
3 8619 8629 8620
3 8631 8624 8636
3 8621 8633 8634
3 8623 8621 8634
3 8622 8623 8634
3 8622 8634 8625
3 8622 8625 8624
3 8638 8625 8634
3 8639 8636 8624
3 8625 8639 8624
3 8625 8638 8640
3 8639 8625 8640
3 8627 8642 8643
3 8642 8627 8644
3 8626 8630 8628
3 8632 8627 8643
3 8632 8643 8647
3 8630 8626 8629
3 8648 8644 8627
3 8632 8648 8627
3 8630 8635 8633
3 8628 8630 8633
3 8630 8631 8635
3 8630 8629 8631
3 8635 8631 8653
3 8632 8647 8631
3 8653 8631 8647
3 8636 8637 8650
3 8631 8636 8650
3 8631 8650 8648
3 8631 8648 8632
3 8650 8637 8655
3 8633 8635 8634
3 8635 8638 8634
3 8635 8653 8638
3 8653 8657 8638
3 8637 8639 8641
3 8636 8639 8637
3 8659 8655 8637
3 8641 8659 8637
3 8638 8657 8658
3 8640 8638 8658
3 8641 8639 8640
3 8641 8640 8660
3 8660 8640 8658
3 8659 8641 8660
3 8642 8645 8643
3 8644 8645 8642
3 8646 8662 8663
3 8662 8646 8664
3 8645 8649 8647
3 8643 8645 8647
3 8644 8648 8645
3 8648 8649 8645
3 8663 8651 8646
3 8663 8667 8651
3 8666 8664 8646
3 8666 8646 8652
3 8652 8646 8651
3 8666 8652 8669
3 8649 8654 8653
3 8647 8649 8653
3 8649 8650 8654
3 8649 8648 8650
3 8654 8650 8671
3 8651 8667 8650
3 8671 8650 8667
3 8655 8651 8650
3 8655 8656 8651
3 8656 8652 8651
3 8674 8669 8652
3 8656 8674 8652
3 8654 8672 8676
3 8654 8676 8653
3 8653 8676 8657
3 8671 8672 8654
3 8656 8659 8661
3 8655 8659 8656
3 8681 8674 8656
3 8661 8681 8656
3 8657 8676 8677
3 8658 8657 8677
3 8660 8658 8679
3 8658 8677 8679
3 8661 8659 8660
3 8661 8660 8682
3 8682 8660 8679
3 8681 8661 8682
3 8662 8665 8663
3 8662 8664 8665
3 8665 8668 8667
3 8663 8665 8667
3 8664 8668 8665
3 8664 8684 8668
3 8664 8666 8684
3 8684 8686 8668
3 8669 8670 8685
3 8669 8685 8666
3 8666 8685 8684
3 8685 8670 8688
3 8668 8673 8671
3 8667 8668 8671
3 8690 8668 8686
3 8673 8668 8690
3 8670 8674 8675
3 8669 8674 8670
3 8692 8688 8670
3 8675 8692 8670
3 8672 8678 8676
3 8672 8671 8673
3 8672 8673 8678
3 8678 8673 8680
3 8694 8673 8690
3 8680 8673 8694
3 8675 8681 8683
3 8674 8681 8675
3 8697 8692 8675
3 8683 8697 8675
3 8676 8678 8677
3 8679 8677 8678
3 8680 8679 8678
3 8680 8694 8695
3 8680 8695 8679
3 8679 8695 8682
3 8683 8681 8682
3 8683 8682 8698
3 8698 8682 8695
3 8697 8683 8698
3 8684 8687 8686
3 8684 8685 8689
3 8687 8684 8689
3 8685 8688 8689
3 8687 8691 8690
3 8686 8687 8690
3 8689 8693 8687
3 8693 8691 8687
3 8688 8692 8693
3 8689 8688 8693
3 8691 8696 8694
3 8690 8691 8694
3 8693 8699 8691
3 8699 8696 8691
3 8692 8697 8699
3 8693 8692 8699
3 8694 8696 8695
3 8698 8695 8696
3 8699 8698 8696
3 8697 8698 8699
3 8700 8702 8703
3 8702 8700 8704
3 8700 8703 8705
3 8704 8700 8705
3 8701 8706 8707
3 8706 8701 8708
3 8701 8707 8709
3 8713 8703 8702
3 8713 8702 8711
3 8708 8701 8709
3 8711 8702 8704
3 8714 8711 8704
3 8703 8713 8715
3 8705 8703 8715
3 8714 8704 8705
3 8715 8714 8705
3 8706 8710 8707
3 8708 8710 8706
3 8712 8717 8718
3 8717 8712 8719
3 8707 8710 8709
3 8709 8710 8708
3 8711 8716 8713
3 8718 8720 8712
3 8712 8720 8719
3 8711 8714 8716
3 8713 8716 8715
3 8714 8715 8716
3 8717 8721 8718
3 8717 8719 8721
3 8718 8721 8720
3 8719 8720 8721
3 8722 8732 8734
3 8722 8723 8733
3 8732 8722 8733
3 8733 8723 8735
3 8724 8722 8734
3 8736 8724 8734
3 8723 8722 8725
3 8725 8722 8724
3 8738 8735 8723
3 8725 8738 8723
3 8726 8737 8739
3 8736 8737 8726
3 8736 8726 8724
3 8724 8726 8727
3 8725 8724 8728
3 8728 8724 8727
3 8742 8738 8725
3 8728 8742 8725
3 8726 8739 8740
3 8740 8744 8729
3 8740 8729 8726
3 8726 8729 8727
3 8728 8727 8730
3 8730 8727 8729
3 8746 8742 8728
3 8730 8746 8728
3 8729 8744 8745
3 8745 8747 8731
3 8745 8731 8729
3 8729 8731 8730
3 8748 8746 8730
3 8731 8748 8730
3 8731 8747 8749
3 8748 8731 8749
3 8732 8751 8753
3 8734 8732 8753
3 8733 8752 8732
3 8732 8752 8751
3 8752 8733 8735
3 8755 8752 8735
3 8734 8753 8736
3 8753 8757 8736
3 8735 8738 8755
3 8755 8738 8758
3 8737 8741 8739
3 8737 8760 8741
3 8737 8736 8760
3 8736 8757 8760
3 8743 8761 8759
3 8743 8759 8758
3 8743 8758 8742
3 8742 8758 8738
3 8739 8741 8740
3 8741 8744 8740
3 8741 8760 8744
3 8760 8763 8744
3 8743 8762 8761
3 8762 8743 8742
3 8762 8742 8765
3 8765 8742 8746
3 8744 8763 8764
3 8745 8744 8764
3 8747 8766 8750
3 8747 8745 8766
3 8745 8764 8766
3 8750 8766 8765
3 8750 8765 8748
3 8748 8765 8746
3 8747 8750 8749
3 8748 8749 8750
3 8751 8754 8753
3 8751 8752 8756
3 8754 8751 8756
3 8752 8755 8756
3 8754 8767 8769
3 8754 8769 8753
3 8753 8769 8757
3 8756 8767 8754
3 8768 8767 8756
3 8768 8756 8755
3 8768 8755 8771
3 8771 8755 8758
3 8757 8769 8760
3 8769 8774 8760
3 8759 8775 8772
3 8761 8775 8759
3 8771 8758 8759
3 8772 8771 8759
3 8760 8774 8763
3 8774 8778 8763
3 8761 8777 8775
3 8762 8777 8761
3 8777 8762 8765
3 8781 8777 8765
3 8763 8778 8779
3 8764 8763 8779
3 8766 8764 8782
3 8764 8779 8782
3 8781 8765 8766
3 8782 8781 8766
3 8767 8770 8769
3 8767 8768 8773
3 8770 8767 8773
3 8768 8771 8773
3 8770 8776 8774
3 8769 8770 8774
3 8772 8775 8776
3 8772 8776 8773
3 8773 8776 8770
3 8771 8772 8773
3 8776 8780 8778
3 8774 8776 8778
3 8775 8777 8783
3 8775 8783 8776
3 8776 8783 8780
3 8777 8781 8783
3 8778 8780 8779
3 8782 8779 8780
3 8783 8782 8780
3 8781 8782 8783
3 8784 8786 8787
3 8786 8784 8788
3 8785 8784 8787
3 8790 8785 8787
3 8791 8788 8784
3 8785 8791 8784
3 8785 8790 8792
3 8791 8785 8792
3 8786 8789 8787
3 8786 8788 8789
3 8789 8794 8796
3 8789 8796 8787
3 8787 8796 8790
3 8789 8788 8791
3 8789 8791 8795
3 8789 8795 8794
3 8793 8795 8791
3 8795 8793 8799
3 8790 8796 8797
3 8792 8790 8797
3 8793 8791 8792
3 8793 8792 8800
3 8800 8792 8797
3 8799 8793 8800
3 8794 8798 8796
3 8794 8795 8801
3 8798 8794 8801
3 8795 8799 8801
3 8796 8798 8797
3 8800 8797 8798
3 8801 8800 8798
3 8799 8800 8801
3 8802 8804 8806
3 8804 8802 8807
3 8802 8806 8808
3 8807 8802 8808
3 8803 8810 8814
3 8803 8805 8811
3 8810 8803 8811
3 8811 8805 8816
3 8803 8814 8815
3 8805 8803 8815
3 8805 8815 8817
3 8809 8806 8804
3 8805 8817 8816
3 8804 8807 8809
3 8806 8809 8808
3 8807 8808 8809
3 8812 8820 8823
3 8812 8813 8821
3 8820 8812 8821
3 8821 8813 8826
3 8810 8822 8829
3 8814 8810 8829
3 8811 8824 8810
3 8810 8824 8822
3 8816 8818 8812
3 8816 8812 8824
3 8816 8824 8811
3 8824 8812 8823
3 8832 8827 8813
3 8832 8813 8818
3 8818 8813 8812
3 8826 8813 8827
3 8814 8829 8830
3 8815 8814 8830
3 8819 8830 8835
3 8819 8817 8830
3 8817 8815 8830
3 8817 8819 8837
3 8816 8817 8837
3 8816 8837 8833
3 8816 8833 8818
3 8832 8818 8833
3 8819 8835 8838
3 8837 8819 8838
3 8820 8825 8823
3 8820 8821 8828
3 8825 8820 8828
3 8821 8826 8828
3 8822 8831 8829
3 8844 8831 8822
3 8844 8822 8841
3 8841 8822 8824
3 8825 8824 8823
3 8825 8842 8824
3 8842 8841 8824
3 8828 8832 8825
3 8828 8827 8832
3 8825 8832 8842
3 8834 8843 8832
3 8842 8832 8843
3 8827 8828 8826
3 8834 8847 8843
3 8831 8830 8829
3 8845 8848 8836
3 8836 8844 8845
3 8836 8835 8844
3 8831 8844 8830
3 8830 8844 8835
3 8833 8837 8839
3 8833 8834 8832
3 8833 8839 8834
3 8839 8840 8834
3 8853 8847 8834
3 8840 8853 8834
3 8836 8848 8849
3 8835 8836 8849
3 8835 8849 8838
3 8838 8849 8851
3 8839 8837 8838
3 8839 8838 8852
3 8852 8838 8851
3 8840 8839 8852
3 8854 8840 8852
3 8853 8840 8854
3 8841 8846 8844
3 8861 8846 8841
3 8861 8841 8859
3 8859 8841 8842
3 8843 8860 8842
3 8842 8860 8859
3 8860 8843 8847
3 8864 8860 8847
3 8845 8850 8848
3 8845 8866 8850
3 8844 8866 8845
3 8844 8862 8866
3 8844 8846 8862
3 8861 8862 8846
3 8847 8853 8864
3 8864 8853 8869
3 8848 8850 8849
3 8850 8851 8849
3 8850 8872 8851
3 8850 8866 8872
3 8872 8855 8851
3 8851 8856 8852
3 8855 8856 8851
3 8852 8857 8854
3 8856 8857 8852
3 8854 8857 8877
3 8854 8877 8853
3 8853 8877 8869
3 8858 8873 8881
3 8872 8874 8855
3 8873 8858 8882
3 8856 8855 8874
3 8876 8856 8874
3 8857 8856 8876
3 8878 8857 8876
3 8877 8857 8878
3 8858 8881 8883
3 8882 8858 8883
3 8859 8863 8861
3 8859 8860 8865
3 8863 8859 8865
3 8860 8864 8865
3 8862 8867 8866
3 8862 8861 8863
3 8862 8863 8867
3 8867 8863 8868
3 8889 8865 8886
3 8889 8868 8865
3 8868 8863 8865
3 8865 8864 8869
3 8865 8869 8887
3 8865 8887 8886
3 8870 8887 8869
3 8870 8871 8888
3 8887 8870 8888
3 8888 8871 8893
3 8867 8875 8872
3 8866 8867 8872
3 8895 8868 8890
3 8895 8875 8868
3 8875 8867 8868
3 8889 8890 8868
3 8870 8877 8879
3 8869 8877 8870
3 8871 8870 8880
3 8880 8870 8879
3 8901 8893 8871
3 8880 8901 8871
3 8873 8894 8903
3 8881 8873 8903
3 8875 8874 8872
3 8896 8873 8884
3 8896 8894 8873
3 8873 8882 8884
3 8874 8895 8876
3 8874 8875 8895
3 8876 8895 8885
3 8896 8884 8895
3 8885 8895 8884
3 8906 8876 8885
3 8906 8898 8876
3 8898 8878 8876
3 8879 8877 8878
3 8879 8878 8900
3 8900 8878 8898
3 8880 8879 8900
3 8902 8880 8900
3 8901 8880 8902
3 8881 8903 8904
3 8883 8881 8904
3 8884 8882 8883
3 8884 8883 8905
3 8905 8883 8904
3 8885 8884 8905
3 8907 8885 8905
3 8906 8885 8907
3 8886 8891 8889
3 8886 8887 8892
3 8891 8886 8892
3 8910 8892 8887
3 8910 8887 8909
3 8909 8887 8888
3 8909 8888 8893
3 8912 8909 8893
3 8890 8897 8895
3 8890 8889 8891
3 8890 8891 8897
3 8897 8891 8899
3 8917 8892 8911
3 8917 8899 8892
3 8899 8891 8892
3 8910 8911 8892
3 8893 8901 8912
3 8912 8901 8921
3 8894 8914 8924
3 8903 8894 8924
3 8896 8915 8894
3 8894 8915 8914
3 8897 8896 8895
3 8897 8916 8896
3 8916 8915 8896
3 8899 8906 8897
3 8899 8898 8906
3 8897 8906 8916
3 8908 8918 8906
3 8916 8906 8918
3 8908 8930 8918
3 8899 8917 8898
3 8898 8917 8919
3 8898 8919 8900
3 8902 8900 8922
3 8900 8919 8922
3 8921 8901 8902
3 8922 8921 8902
3 8903 8924 8925
3 8904 8903 8925
3 8905 8904 8927
3 8904 8925 8927
3 8907 8905 8929
3 8905 8927 8929
3 8908 8906 8907
3 8908 8907 8931
3 8931 8907 8929
3 8930 8908 8931
3 8909 8913 8910
3 8909 8912 8913
3 8911 8920 8917
3 8911 8910 8913
3 8911 8913 8920
3 8920 8913 8923
3 8912 8921 8923
3 8913 8912 8923
3 8914 8926 8924
3 8914 8915 8928
3 8926 8914 8928
3 8937 8928 8915
3 8937 8915 8934
3 8934 8915 8916
3 8918 8935 8916
3 8916 8935 8934
3 8920 8919 8917
3 8936 8918 8932
3 8936 8935 8918
3 8918 8930 8932
3 8920 8923 8922
3 8920 8922 8919
3 8932 8942 8936
3 8921 8922 8923
3 8924 8926 8925
3 8927 8925 8926
3 8928 8927 8926
3 8928 8937 8938
3 8928 8938 8927
3 8927 8938 8929
3 8931 8929 8940
3 8929 8938 8940
3 8932 8930 8931
3 8932 8931 8943
3 8943 8931 8940
3 8942 8932 8943
3 8933 8945 8946
3 8945 8933 8947
3 8933 8946 8948
3 8934 8939 8937
3 8933 8948 8947
3 8934 8935 8941
3 8939 8934 8941
3 8935 8936 8944
3 8941 8935 8944
3 8936 8942 8944
3 8937 8939 8938
3 8940 8938 8939
3 8941 8940 8939
3 8943 8940 8941
3 8944 8943 8941
3 8942 8943 8944
3 8945 8949 8946
3 8945 8947 8949
3 8950 8952 8954
3 8950 8951 8953
3 8952 8950 8953
3 8953 8951 8957
3 8946 8949 8948
3 8947 8948 8949
3 8950 8954 8955
3 8951 8950 8955
3 8958 8951 8955
3 8957 8951 8958
3 8952 8956 8954
3 8952 8953 8959
3 8956 8952 8959
3 8953 8957 8959
3 8954 8956 8955
3 8958 8955 8956
3 8959 8958 8956
3 8957 8958 8959
3 8960 8961 8962
3 8961 8960 8963
3 8960 8962 8964
3 8963 8960 8964
3 8961 8967 8968
3 8962 8961 8968
3 8967 8961 8963
3 8969 8967 8963
3 8965 8964 8962
3 8965 8962 8971
3 8971 8962 8968
3 8964 8965 8972
3 8964 8972 8963
3 8963 8972 8969
3 8966 8965 8971
3 8973 8966 8971
3 8974 8972 8965
3 8966 8974 8965
3 8966 8973 8975
3 8974 8966 8975
3 8967 8970 8968
3 8967 8969 8970
3 8970 8977 8978
3 8970 8978 8968
3 8968 8978 8971
3 8977 8970 8969
3 8977 8969 8979
3 8979 8969 8972
3 8971 8978 8973
3 8978 8981 8973
3 8972 8974 8979
3 8979 8974 8982
3 8976 8975 8973
3 8976 8973 8984
3 8984 8973 8981
3 8975 8976 8985
3 8975 8985 8974
3 8974 8985 8982
3 8976 8984 8986
3 8985 8976 8986
3 8977 8980 8978
3 8977 8979 8980
3 8980 8983 8981
3 8978 8980 8981
3 8979 8982 8983
3 8980 8979 8983
3 8983 8987 8984
3 8981 8983 8984
3 8982 8985 8987
3 8983 8982 8987
3 8984 8987 8986
3 8985 8986 8987
3 8988 8989 8990
3 8989 8988 8991
3 8988 8990 8992
3 8991 8988 8992
3 8989 8993 8990
3 8989 8991 8993
3 8990 8993 8992
3 8991 8992 8993
3 8994 8997 8998
3 8997 8994 8999
3 8995 8994 8998
3 9002 8995 8998
3 9001 8999 8994
3 9001 8994 8996
3 8996 8994 8995
3 9001 8996 9005
3 8995 9002 9003
3 8996 8995 9003
3 9006 8996 9003
3 9005 8996 9006
3 8997 9000 8998
3 8997 8999 9000
3 9000 9004 9002
3 8998 9000 9002
3 8999 9001 9007
3 8999 9007 9000
3 9000 9007 9004
3 9005 9007 9001
3 9008 9010 9015
3 9008 9009 9012
3 9010 9008 9012
3 9012 9009 9018
3 9002 9004 9003
3 9006 9003 9004
3 9007 9006 9004
3 9008 9015 9016
3 9005 9006 9007
3 9009 9008 9016
3 9019 9009 9016
3 9018 9009 9019
3 9011 9022 9027
3 9011 9013 9023
3 9022 9011 9023
3 9013 9014 9024
3 9023 9013 9024
3 9024 9014 9030
3 9010 9017 9015
3 9011 9027 9028
3 9011 9032 9013
3 9011 9028 9032
3 9013 9032 9012
3 9017 9010 9032
3 9012 9032 9010
3 9031 9014 9013
3 9031 9013 9018
3 9031 9018 9033
3 9012 9018 9013
3 9030 9014 9031
3 9015 9017 9016
3 9017 9032 9034
3 9017 9034 9016
3 9016 9034 9019
3 9033 9018 9019
3 9034 9033 9019
3 9020 9036 9038
3 9036 9020 9039
3 9021 9020 9038
3 9040 9021 9038
3 9042 9039 9020
3 9021 9042 9020
3 9025 9041 9043
3 9040 9041 9025
3 9040 9025 9021
3 9021 9025 9026
3 9045 9042 9021
3 9026 9045 9021
3 9022 9029 9027
3 9047 9029 9022
3 9047 9022 9044
3 9044 9022 9023
3 9043 9024 9025
3 9043 9044 9024
3 9044 9023 9024
3 9046 9026 9025
3 9046 9025 9030
3 9046 9030 9050
3 9024 9030 9025
3 9045 9026 9046
3 9027 9029 9028
3 9032 9048 9035
3 9028 9048 9032
3 9028 9047 9048
3 9028 9029 9047
3 9035 9031 9033
3 9035 9048 9031
3 9048 9051 9031
3 9050 9030 9031
3 9051 9050 9031
3 9032 9035 9034
3 9033 9034 9035
3 9037 9053 9054
3 9053 9037 9055
3 9036 9037 9054
3 9036 9054 9038
3 9038 9054 9057
3 9037 9036 9039
3 9037 9039 9055
3 9055 9039 9058
3 9038 9057 9040
3 9057 9060 9040
3 9039 9042 9058
3 9058 9042 9062
3 9041 9061 9064
3 9043 9041 9064
3 9060 9041 9040
3 9061 9041 9060
3 9042 9045 9062
3 9062 9045 9067
3 9044 9049 9047
3 9065 9043 9064
3 9065 9049 9043
3 9065 9052 9049
3 9049 9044 9043
3 9052 9046 9050
3 9052 9065 9046
3 9065 9068 9046
3 9067 9045 9046
3 9068 9067 9046
3 9047 9049 9048
3 9051 9048 9049
3 9052 9051 9049
3 9050 9051 9052
3 9053 9056 9054
3 9053 9055 9056
3 9056 9059 9057
3 9054 9056 9057
3 9055 9058 9059
3 9056 9055 9059
3 9059 9063 9060
3 9057 9059 9060
3 9058 9062 9063
3 9059 9058 9063
3 9061 9066 9064
3 9061 9060 9063
3 9061 9063 9066
3 9066 9063 9069
3 9062 9067 9069
3 9063 9062 9069
3 9064 9066 9065
3 9068 9065 9066
3 9069 9068 9066
3 9067 9068 9069
3 9070 9072 9074
3 9072 9070 9076
3 9070 9074 9077
3 9076 9070 9077
3 9071 9080 9082
3 9071 9073 9081
3 9080 9071 9081
3 9081 9073 9084
3 9075 9071 9082
3 9087 9075 9082
3 9072 9075 9074
3 9072 9073 9075
3 9073 9071 9075
3 9076 9078 9086
3 9072 9076 9086
3 9072 9086 9084
3 9072 9084 9073
3 9086 9078 9090
3 9079 9075 9087
3 9093 9079 9087
3 9074 9075 9079
3 9074 9079 9089
3 9074 9089 9077
3 9089 9079 9094
3 9078 9076 9077
3 9078 9077 9091
3 9091 9077 9089
3 9090 9078 9091
3 9079 9093 9095
3 9094 9079 9095
3 9083 9097 9099
3 9083 9082 9080
3 9083 9080 9097
3 9097 9080 9098
3 9085 9101 9098
3 9085 9098 9081
3 9081 9098 9080
3 9081 9084 9085
3 9088 9083 9099
3 9104 9088 9099
3 9082 9088 9087
3 9083 9088 9082
3 9085 9103 9101
3 9092 9109 9103
3 9086 9092 9103
3 9086 9103 9085
3 9086 9085 9084
3 9086 9090 9092
3 9088 9104 9105
3 9088 9093 9087
3 9088 9107 9093
3 9088 9105 9107
3 9096 9093 9107
3 9096 9089 9094
3 9096 9107 9089
3 9107 9110 9089
3 9109 9092 9091
3 9109 9091 9110
3 9110 9091 9089
3 9090 9091 9092
3 9093 9096 9095
3 9094 9095 9096
3 9097 9100 9099
3 9097 9098 9102
3 9100 9097 9102
3 9098 9101 9102
3 9100 9106 9104
3 9099 9100 9104
3 9102 9108 9100
3 9108 9106 9100
3 9101 9103 9111
3 9101 9111 9102
3 9102 9111 9108
3 9103 9109 9111
3 9104 9106 9105
3 9107 9105 9106
3 9108 9107 9106
3 9110 9107 9108
3 9111 9110 9108
3 9109 9110 9111
3 9112 9115 9118
3 9112 9113 9116
3 9115 9112 9116
3 9113 9114 9117
3 9116 9113 9117
3 9117 9114 9121
3 9112 9118 9119
3 9113 9112 9119
3 9120 9113 9119
3 9114 9113 9120
3 9122 9114 9120
3 9121 9114 9122
3 9115 9123 9127
3 9118 9115 9127
3 9116 9124 9115
3 9115 9124 9123
3 9117 9126 9116
3 9116 9126 9124
3 9126 9117 9121
3 9130 9126 9121
3 9118 9127 9128
3 9119 9118 9128
3 9120 9119 9129
3 9119 9128 9129
3 9122 9120 9131
3 9120 9129 9131
3 9130 9121 9122
3 9131 9130 9122
3 9125 9132 9133
3 9132 9125 9135
3 9123 9134 9138
3 9127 9123 9138
3 9133 9124 9125
3 9133 9134 9124
3 9134 9123 9124
3 9125 9136 9135
3 9125 9124 9136
3 9124 9126 9136
3 9136 9126 9130
3 9141 9136 9130
3 9127 9138 9139
3 9128 9127 9139
3 9129 9128 9140
3 9128 9139 9140
3 9131 9129 9142
3 9129 9140 9142
3 9141 9130 9131
3 9142 9141 9131
3 9132 9143 9145
3 9133 9132 9145
3 9135 9137 9144
3 9135 9144 9132
3 9132 9144 9143
3 9144 9137 9147
3 9134 9146 9149
3 9138 9134 9149
3 9145 9134 9133
3 9146 9134 9145
3 9135 9136 9137
3 9137 9136 9141
3 9137 9141 9147
3 9147 9141 9154
3 9138 9149 9150
3 9139 9138 9150
3 9140 9139 9152
3 9139 9150 9152
3 9142 9140 9155
3 9140 9152 9155
3 9154 9141 9142
3 9155 9154 9142
3 9143 9157 9158
3 9145 9143 9158
3 9148 9159 9157
3 9148 9157 9144
3 9144 9157 9143
3 9144 9147 9148
3 9146 9151 9149
3 9160 9145 9158
3 9160 9151 9145
3 9160 9153 9151
3 9151 9146 9145
3 9159 9153 9160
3 9159 9148 9153
3 9148 9156 9153
3 9147 9154 9156
3 9148 9147 9156
3 9149 9151 9150
3 9152 9150 9151
3 9153 9152 9151
3 9155 9152 9153
3 9156 9155 9153
3 9154 9155 9156
3 9157 9161 9158
3 9157 9159 9161
3 9158 9161 9160
3 9159 9160 9161
3 9162 9163 9164
3 9163 9162 9165
3 9162 9164 9166
3 9165 9162 9166
3 9163 9169 9170
3 9164 9163 9170
3 9169 9163 9165
3 9171 9169 9165
3 9167 9166 9164
3 9167 9164 9173
3 9173 9164 9170
3 9172 9171 9165
3 9172 9165 9167
3 9172 9167 9168
3 9167 9165 9166
3 9172 9168 9176
3 9167 9173 9174
3 9168 9167 9174
3 9177 9168 9174
3 9176 9168 9177
3 9169 9179 9181
3 9170 9169 9181
3 9179 9169 9171
3 9182 9179 9171
3 9183 9175 9173
3 9183 9173 9181
3 9181 9173 9170
3 9185 9175 9172
3 9185 9187 9175
3 9172 9175 9171
3 9183 9182 9175
3 9171 9175 9182
3 9185 9172 9176
3 9188 9185 9176
3 9173 9175 9174
3 9175 9187 9189
3 9175 9189 9174
3 9174 9189 9177
3 9188 9176 9177
3 9189 9188 9177
3 9178 9190 9191
3 9190 9178 9193
3 9180 9192 9196
3 9191 9194 9178
3 9192 9180 9197
3 9193 9178 9194
3 9179 9184 9181
3 9180 9196 9198
3 9179 9182 9184
3 9198 9197 9180
3 9186 9200 9201
3 9200 9186 9202
3 9181 9184 9183
3 9183 9184 9182
3 9185 9186 9187
3 9187 9186 9201
3 9187 9201 9204
3 9186 9185 9188
3 9186 9188 9202
3 9202 9188 9205
3 9187 9204 9206
3 9189 9187 9206
3 9205 9188 9189
3 9206 9205 9189
3 9190 9195 9191
3 9190 9193 9195
3 9192 9199 9196
3 9194 9191 9195
3 9197 9199 9192
3 9193 9194 9195
3 9196 9199 9198
3 9197 9198 9199
3 9200 9203 9201
3 9200 9202 9203
3 9203 9207 9204
3 9201 9203 9204
3 9202 9205 9207
3 9203 9202 9207
3 9204 9207 9206
3 9205 9206 9207
3 9208 9210 9211
3 9210 9208 9213
3 9209 9208 9211
3 9214 9209 9211
3 9215 9213 9208
3 9209 9215 9208
3 9209 9214 9216
3 9215 9209 9216
3 9212 9220 9223
3 9212 9211 9210
3 9212 9210 9220
3 9220 9210 9222
3 9222 9210 9213
3 9225 9222 9213
3 9212 9223 9224
3 9224 9211 9212
3 9224 9228 9211
3 9228 9214 9211
3 9226 9215 9217
3 9226 9225 9215
3 9225 9213 9215
3 9226 9217 9230
3 9214 9228 9229
3 9216 9214 9229
3 9215 9216 9229
3 9215 9229 9218
3 9215 9218 9217
3 9232 9218 9229
3 9231 9230 9217
3 9231 9217 9219
3 9219 9217 9218
3 9231 9219 9234
3 9218 9232 9233
3 9219 9218 9233
3 9235 9219 9233
3 9234 9219 9235
3 9221 9236 9237
3 9236 9221 9238
3 9220 9221 9237
3 9220 9237 9223
3 9223 9237 9243
3 9221 9240 9238
3 9221 9220 9240
3 9220 9222 9240
3 9225 9227 9242
3 9225 9242 9222
3 9222 9242 9240
3 9242 9227 9245
3 9223 9243 9244
3 9224 9223 9244
3 9244 9228 9224
3 9246 9228 9244
3 9225 9226 9227
3 9227 9226 9230
3 9227 9230 9245
3 9245 9230 9248
3 9228 9246 9247
3 9229 9228 9247
3 9247 9232 9229
3 9251 9232 9247
3 9230 9249 9248
3 9231 9249 9230
3 9249 9231 9234
3 9253 9249 9234
3 9232 9251 9252
3 9233 9232 9252
3 9235 9233 9254
3 9233 9252 9254
3 9253 9234 9235
3 9254 9253 9235
3 9236 9239 9237
3 9238 9239 9236
3 9241 9255 9256
3 9255 9241 9258
3 9239 9257 9261
3 9239 9261 9237
3 9237 9261 9243
3 9256 9240 9241
3 9256 9257 9240
3 9238 9240 9239
3 9239 9240 9257
3 9241 9260 9258
3 9241 9240 9260
3 9240 9242 9260
3 9260 9242 9245
3 9264 9260 9245
3 9243 9261 9262
3 9244 9243 9262
3 9262 9246 9244
3 9266 9246 9262
3 9265 9248 9250
3 9265 9264 9248
3 9264 9245 9248
3 9265 9250 9269
3 9246 9266 9267
3 9247 9246 9267
3 9267 9251 9247
3 9271 9251 9267
3 9248 9249 9250
3 9250 9249 9253
3 9250 9253 9269
3 9269 9253 9274
3 9251 9271 9272
3 9252 9251 9272
3 9254 9252 9275
3 9252 9272 9275
3 9274 9253 9254
3 9275 9274 9254
3 9255 9259 9256
3 9255 9258 9259
3 9257 9263 9261
3 9257 9279 9263
3 9256 9279 9257
3 9256 9277 9279
3 9256 9259 9277
3 9258 9277 9259
3 9258 9260 9277
3 9260 9278 9277
3 9278 9260 9264
3 9282 9278 9264
3 9261 9263 9262
3 9266 9280 9268
3 9262 9280 9266
3 9262 9279 9280
3 9262 9263 9279
3 9280 9284 9268
3 9270 9264 9265
3 9270 9285 9264
3 9285 9282 9264
3 9265 9269 9270
3 9266 9268 9267
3 9271 9286 9273
3 9267 9286 9271
3 9267 9284 9286
3 9267 9268 9284
3 9285 9273 9286
3 9285 9270 9273
3 9270 9276 9273
3 9269 9274 9276
3 9270 9269 9276
3 9271 9273 9272
3 9275 9272 9273
3 9276 9275 9273
3 9274 9275 9276
3 9277 9281 9279
3 9277 9278 9283
3 9281 9277 9283
3 9278 9282 9283
3 9279 9281 9280
3 9284 9280 9281
3 9284 9281 9287
3 9287 9281 9283
3 9282 9285 9287
3 9283 9282 9287
3 9284 9287 9286
3 9285 9286 9287
3 9288 9289 9290
3 9289 9288 9291
3 9288 9290 9292
3 9291 9288 9292
3 9289 9294 9295
3 9290 9289 9295
3 9294 9289 9291
3 9296 9294 9291
3 9293 9292 9290
3 9293 9290 9298
3 9298 9290 9295
3 9292 9293 9299
3 9292 9299 9291
3 9291 9299 9296
3 9293 9298 9300
3 9299 9293 9300
3 9294 9302 9304
3 9295 9294 9304
3 9296 9297 9303
3 9296 9303 9294
3 9294 9303 9302
3 9303 9297 9306
3 9295 9304 9298
3 9304 9308 9298
3 9297 9299 9301
3 9296 9299 9297
3 9311 9306 9297
3 9301 9311 9297
3 9298 9308 9309
3 9300 9298 9309
3 9301 9299 9300
3 9301 9300 9312
3 9312 9300 9309
3 9311 9301 9312
3 9302 9305 9304
3 9315 9305 9302
3 9315 9302 9313
3 9313 9302 9303
3 9306 9307 9314
3 9306 9314 9303
3 9303 9314 9313
3 9314 9307 9317
3 9305 9310 9308
3 9304 9305 9308
3 9320 9305 9315
3 9310 9305 9320
3 9307 9321 9318
3 9307 9306 9321
3 9306 9311 9321
3 9317 9307 9318
3 9308 9310 9309
3 9310 9320 9322
3 9310 9322 9309
3 9309 9322 9312
3 9321 9311 9312
3 9322 9321 9312
3 9313 9316 9315
3 9313 9314 9319
3 9316 9313 9319
3 9314 9317 9319
3 9316 9323 9320
3 9315 9316 9320
3 9318 9321 9323
3 9318 9323 9319
3 9319 9323 9316
3 9317 9318 9319
3 9320 9323 9322
3 9321 9322 9323
3 9324 9325 9327
3 9325 9324 9329
3 9324 9327 9330
3 9329 9324 9330
3 9326 9331 9332
3 9331 9326 9334
3 9328 9333 9335
3 9332 9333 9328
3 9326 9332 9328
3 9326 9328 9327
3 9326 9327 9325
3 9326 9325 9329
3 9326 9329 9334
3 9334 9329 9337
3 9328 9335 9336
3 9327 9328 9336
3 9327 9336 9330
3 9330 9336 9338
3 9337 9329 9330
3 9338 9337 9330
3 9331 9339 9341
3 9332 9331 9341
3 9339 9331 9334
3 9343 9339 9334
3 9333 9342 9344
3 9335 9333 9344
3 9341 9333 9332
3 9342 9333 9341
3 9334 9337 9343
3 9343 9337 9347
3 9335 9344 9345
3 9336 9335 9345
3 9338 9336 9348
3 9336 9345 9348
3 9347 9337 9338
3 9348 9347 9338
3 9340 9350 9351
3 9350 9340 9352
3 9339 9340 9351
3 9339 9351 9341
3 9341 9351 9354
3 9340 9339 9343
3 9340 9343 9352
3 9352 9343 9355
3 9342 9346 9344
3 9356 9341 9354
3 9356 9346 9341
3 9356 9349 9346
3 9346 9342 9341
3 9349 9356 9355
3 9349 9355 9347
3 9347 9355 9343
3 9344 9346 9345
3 9348 9345 9346
3 9349 9348 9346
3 9347 9348 9349
3 9350 9353 9351
3 9350 9352 9353
3 9353 9357 9354
3 9351 9353 9354
3 9352 9355 9357
3 9353 9352 9357
3 9354 9357 9356
3 9355 9356 9357
3 9358 9360 9363
3 9358 9359 9361
3 9360 9358 9361
3 9361 9359 9366
3 9358 9363 9364
3 9359 9358 9364
3 9367 9359 9364
3 9366 9359 9367
3 9362 9368 9369
3 9368 9362 9370
3 9360 9365 9363
3 9362 9369 9372
3 9362 9372 9360
3 9362 9360 9361
3 9365 9360 9372
3 9362 9361 9366
3 9362 9366 9370
3 9370 9366 9373
3 9363 9365 9364
3 9365 9372 9374
3 9365 9374 9364
3 9364 9374 9367
3 9373 9366 9367
3 9374 9373 9367
3 9368 9376 9380
3 9369 9368 9380
3 9370 9371 9377
3 9370 9377 9368
3 9368 9377 9376
3 9377 9371 9381
3 9369 9380 9372
3 9380 9385 9372
3 9371 9373 9375
3 9370 9373 9371
3 9388 9381 9371
3 9375 9388 9371
3 9372 9385 9386
3 9374 9372 9386
3 9375 9373 9374
3 9375 9374 9389
3 9389 9374 9386
3 9388 9375 9389
3 9378 9391 9393
3 9378 9379 9392
3 9391 9378 9392
3 9392 9379 9395
3 9376 9394 9398
3 9380 9376 9398
3 9393 9377 9378
3 9393 9394 9377
3 9394 9376 9377
3 9381 9378 9377
3 9381 9382 9378
3 9382 9379 9378
3 9396 9395 9379
3 9396 9379 9383
3 9383 9379 9382
3 9383 9384 9397
3 9396 9383 9397
3 9397 9384 9406
3 9399 9387 9385
3 9399 9385 9398
3 9398 9385 9380
3 9387 9401 9390
3 9399 9401 9387
3 9382 9401 9403
3 9382 9388 9401
3 9382 9381 9388
3 9388 9390 9401
3 9383 9382 9403
3 9405 9383 9403
3 9384 9383 9405
3 9407 9384 9405
3 9406 9384 9407
3 9385 9387 9386
3 9389 9386 9387
3 9390 9389 9387
3 9388 9389 9390
3 9391 9408 9410
3 9393 9391 9410
3 9392 9409 9391
3 9391 9409 9408
3 9409 9392 9395
3 9413 9409 9395
3 9394 9400 9398
3 9411 9393 9410
3 9411 9400 9393
3 9411 9402 9400
3 9400 9394 9393
3 9402 9414 9404
3 9411 9414 9402
3 9416 9404 9396
3 9416 9418 9404
3 9396 9404 9395
3 9414 9413 9404
3 9395 9404 9413
3 9397 9417 9396
3 9396 9417 9416
3 9417 9397 9406
3 9420 9417 9406
3 9398 9400 9399
3 9401 9399 9400
3 9402 9401 9400
3 9403 9401 9402
3 9404 9403 9402
3 9404 9418 9419
3 9404 9419 9403
3 9403 9419 9405
3 9407 9405 9421
3 9405 9419 9421
3 9420 9406 9407
3 9421 9420 9407
3 9408 9412 9410
3 9408 9409 9415
3 9412 9408 9415
3 9409 9413 9415
3 9410 9412 9411
3 9414 9411 9412
3 9415 9414 9412
3 9416 9423 9424
3 9416 9424 9418
3 9414 9415 9413
3 9422 9425 9423
3 9422 9423 9417
3 9417 9423 9416
3 9417 9420 9422
3 9418 9424 9426
3 9419 9418 9426
3 9425 9422 9421
3 9425 9421 9426
3 9426 9421 9419
3 9420 9421 9422
3 9423 9427 9424
3 9423 9425 9427
3 9424 9427 9426
3 9425 9426 9427
3 9428 9432 9437
3 9428 9429 9434
3 9432 9428 9434
3 9434 9429 9439
3 9428 9437 9438
3 9438 9440 9430
3 9438 9430 9428
3 9428 9430 9429
3 9441 9439 9429
3 9430 9441 9429
3 9430 9440 9442
3 9441 9430 9442
3 9431 9443 9448
3 9431 9433 9444
3 9443 9431 9444
3 9433 9435 9445
3 9444 9433 9445
3 9435 9436 9447
3 9445 9435 9447
3 9447 9436 9450
3 9431 9448 9449
3 9432 9452 9437
3 9432 9431 9452
3 9432 9433 9431
3 9431 9449 9452
3 9434 9433 9432
3 9435 9433 9434
3 9451 9436 9435
3 9451 9435 9439
3 9451 9439 9455
3 9434 9439 9435
3 9450 9436 9451
3 9437 9452 9453
3 9438 9437 9453
3 9453 9440 9438
3 9457 9440 9453
3 9439 9441 9455
3 9455 9441 9458
3 9440 9457 9459
3 9442 9440 9459
3 9458 9441 9442
3 9459 9458 9442
3 9446 9461 9463
3 9461 9446 9465
3 9443 9462 9468
3 9448 9443 9468
3 9444 9464 9443
3 9443 9464 9462
3 9463 9445 9446
3 9463 9464 9445
3 9464 9444 9445
3 9446 9467 9465
3 9446 9445 9467
3 9445 9447 9467
3 9467 9447 9450
3 9472 9467 9450
3 9448 9468 9469
3 9449 9448 9469
3 9452 9471 9454
3 9452 9449 9471
3 9449 9469 9471
3 9471 9474 9454
3 9451 9455 9456
3 9451 9456 9475
3 9451 9475 9450
3 9450 9475 9472
3 9452 9454 9453
3 9454 9457 9453
3 9454 9474 9457
3 9474 9477 9457
3 9456 9458 9460
3 9455 9458 9456
3 9480 9475 9456
3 9460 9480 9456
3 9457 9477 9478
3 9459 9457 9478
3 9460 9458 9459
3 9460 9459 9481
3 9481 9459 9478
3 9480 9460 9481
3 9461 9466 9463
3 9461 9465 9466
3 9462 9470 9468
3 9485 9470 9462
3 9485 9462 9483
3 9483 9462 9464
3 9466 9464 9463
3 9466 9484 9464
3 9484 9483 9464
3 9473 9488 9484
3 9467 9473 9484
3 9467 9484 9466
3 9467 9466 9465
3 9467 9472 9473
3 9468 9470 9469
3 9470 9485 9486
3 9470 9486 9469
3 9469 9486 9471
3 9486 9474 9471
3 9490 9474 9486
3 9476 9488 9473
3 9491 9488 9476
3 9472 9475 9476
3 9473 9472 9476
3 9492 9479 9477
3 9492 9477 9490
3 9490 9477 9474
3 9491 9479 9492
3 9491 9476 9479
3 9476 9482 9479
3 9475 9480 9482
3 9476 9475 9482
3 9477 9479 9478
3 9481 9478 9479
3 9482 9481 9479
3 9480 9481 9482
3 9483 9487 9485
3 9483 9484 9489
3 9487 9483 9489
3 9484 9488 9489
3 9485 9487 9486
3 9490 9486 9487
3 9490 9487 9493
3 9493 9487 9489
3 9488 9491 9493
3 9489 9488 9493
3 9490 9493 9492
3 9491 9492 9493
3 9494 9496 9497
3 9496 9494 9499
3 9495 9494 9497
3 9500 9495 9497
3 9501 9499 9494
3 9495 9501 9494
3 9495 9500 9502
3 9501 9495 9502
3 9498 9504 9506
3 9498 9497 9496
3 9498 9496 9504
3 9504 9496 9505
3 9505 9496 9499
3 9509 9505 9499
3 9498 9506 9507
3 9507 9497 9498
3 9507 9512 9497
3 9512 9500 9497
3 9511 9501 9503
3 9511 9509 9501
3 9509 9499 9501
3 9511 9503 9515
3 9500 9512 9513
3 9502 9500 9513
3 9503 9501 9502
3 9503 9502 9516
3 9516 9502 9513
3 9515 9503 9516
3 9504 9508 9506
3 9504 9505 9510
3 9508 9504 9510
3 9505 9509 9510
3 9506 9508 9507
3 9512 9507 9508
3 9512 9508 9514
3 9514 9508 9510
3 9509 9511 9517
3 9509 9517 9510
3 9510 9517 9514
3 9511 9515 9517
3 9512 9514 9513
3 9516 9513 9514
3 9517 9516 9514
3 9515 9516 9517
3 9518 9521 9523
3 9518 9519 9522
3 9521 9518 9522
3 9522 9519 9524
3 9520 9518 9523
3 9527 9520 9523
3 9528 9525 9519
3 9528 9519 9520
3 9520 9519 9518
3 9524 9519 9525
3 9520 9527 9529
3 9528 9520 9529
3 9521 9530 9531
3 9523 9521 9531
3 9526 9532 9530
3 9526 9530 9522
3 9522 9530 9521
3 9522 9524 9526
3 9523 9531 9527
3 9531 9534 9527
3 9525 9532 9526
3 9525 9528 9532
3 9528 9535 9532
3 9524 9525 9526
3 9527 9534 9536
3 9529 9527 9536
3 9535 9528 9529
3 9536 9535 9529
3 9530 9533 9531
3 9530 9532 9533
3 9533 9537 9534
3 9531 9533 9534
3 9532 9535 9537
3 9533 9532 9537
3 9534 9537 9536
3 9535 9536 9537
3 9538 9539 9540
3 9539 9538 9541
3 9538 9540 9542
3 9541 9538 9542
3 9539 9543 9540
3 9539 9541 9543
3 9540 9543 9542
3 9541 9542 9543
3 9544 9550 9553
3 9544 9545 9551
3 9550 9544 9551
3 9545 9546 9552
3 9551 9545 9552
3 9552 9546 9555
3 9547 9544 9553
3 9556 9547 9553
3 9545 9544 9548
3 9548 9544 9547
3 9546 9545 9549
3 9549 9545 9548
3 9559 9555 9546
3 9549 9559 9546
3 9547 9556 9557
3 9548 9547 9557
3 9558 9548 9557
3 9549 9548 9558
3 9560 9549 9558
3 9559 9549 9560
3 9550 9554 9553
3 9566 9554 9550
3 9566 9550 9564
3 9564 9550 9551
3 9552 9565 9551
3 9551 9565 9564
3 9565 9552 9555
3 9569 9565 9555
3 9554 9567 9572
3 9554 9572 9553
3 9553 9572 9556
3 9566 9567 9554
3 9571 9559 9561
3 9571 9569 9559
3 9569 9555 9559
3 9571 9561 9576
3 9556 9572 9573
3 9557 9556 9573
3 9558 9557 9575
3 9557 9573 9575
3 9562 9575 9577
3 9562 9560 9575
3 9560 9558 9575
3 9560 9561 9559
3 9560 9562 9561
3 9562 9563 9561
3 9580 9576 9561
3 9563 9580 9561
3 9562 9577 9578
3 9563 9562 9578
3 9581 9563 9578
3 9580 9563 9581
3 9564 9568 9566
3 9564 9565 9570
3 9568 9564 9570
3 9565 9569 9570
3 9567 9574 9572
3 9567 9586 9574
3 9566 9586 9567
3 9566 9583 9586
3 9566 9568 9583
3 9570 9583 9568
3 9584 9583 9570
3 9569 9584 9570
3 9569 9571 9584
3 9571 9585 9584
3 9585 9571 9576
3 9591 9585 9576
3 9572 9574 9573
3 9574 9586 9587
3 9574 9587 9573
3 9573 9587 9575
3 9577 9589 9579
3 9577 9575 9589
3 9575 9587 9589
3 9579 9592 9582
3 9589 9592 9579
3 9582 9592 9591
3 9582 9591 9580
3 9580 9591 9576
3 9577 9579 9578
3 9581 9578 9579
3 9582 9581 9579
3 9580 9581 9582
3 9583 9588 9586
3 9583 9584 9590
3 9588 9583 9590
3 9584 9585 9593
3 9590 9584 9593
3 9585 9591 9593
3 9586 9588 9587
3 9589 9587 9588
3 9590 9589 9588
3 9592 9589 9590
3 9593 9592 9590
3 9591 9592 9593
3 9594 9596 9597
3 9596 9594 9598
3 9595 9594 9597
3 9600 9595 9597
3 9601 9598 9594
3 9595 9601 9594
3 9595 9600 9602
3 9601 9595 9602
3 9596 9599 9597
3 9596 9598 9599
3 9599 9603 9600
3 9597 9599 9600
3 9598 9601 9603
3 9599 9598 9603
3 9600 9603 9602
3 9601 9602 9603
3 9604 9609 9610
3 9609 9604 9611
3 9605 9604 9610
3 9615 9605 9610
3 9612 9611 9604
3 9612 9604 9606
3 9606 9604 9605
3 9606 9607 9614
3 9612 9606 9614
3 9614 9607 9617
3 9605 9615 9616
3 9616 9619 9608
3 9616 9608 9605
3 9605 9608 9606
3 9620 9618 9607
3 9620 9607 9608
3 9608 9607 9606
3 9617 9607 9618
3 9608 9619 9621
3 9620 9608 9621
3 9609 9622 9624
3 9610 9609 9624
3 9611 9613 9623
3 9611 9623 9609
3 9609 9623 9622
3 9623 9613 9625
3 9610 9624 9615
3 9624 9627 9615
3 9611 9612 9613
3 9613 9626 9625
3 9613 9612 9626
3 9612 9614 9626
3 9626 9614 9617
3 9630 9626 9617
3 9615 9627 9628
3 9616 9615 9628
3 9628 9619 9616
3 9632 9619 9628
3 9618 9633 9631
3 9620 9633 9618
3 9630 9617 9618
3 9631 9630 9618
3 9619 9632 9634
3 9621 9619 9634
3 9633 9620 9621
3 9634 9633 9621
3 9622 9636 9638
3 9624 9622 9638
3 9623 9637 9622
3 9622 9637 9636
3 9637 9623 9625
3 9641 9637 9625
3 9639 9629 9627
3 9639 9627 9638
3 9638 9627 9624
3 9639 9643 9629
3 9625 9642 9641
3 9626 9642 9625
3 9642 9626 9630
3 9645 9642 9630
3 9627 9629 9628
3 9632 9644 9635
3 9628 9644 9632
3 9628 9643 9644
3 9628 9629 9643
3 9635 9631 9633
3 9635 9644 9631
3 9644 9646 9631
3 9645 9630 9631
3 9646 9645 9631
3 9632 9635 9634
3 9633 9634 9635
3 9636 9640 9638
3 9649 9640 9636
3 9649 9636 9648
3 9648 9636 9637
3 9648 9637 9641
3 9650 9648 9641
3 9638 9640 9639
3 9640 9643 9639
3 9640 9649 9643
3 9649 9652 9643
3 9647 9641 9642
3 9647 9653 9641
3 9653 9650 9641
3 9642 9645 9647
3 9643 9652 9654
3 9644 9643 9654
3 9653 9647 9646
3 9653 9646 9654
3 9654 9646 9644
3 9645 9646 9647
3 9648 9651 9649
3 9648 9650 9651
3 9651 9655 9652
3 9649 9651 9652
3 9650 9653 9655
3 9651 9650 9655
3 9652 9655 9654
3 9653 9654 9655
3 9656 9658 9659
3 9658 9656 9660
3 9657 9656 9659
3 9661 9657 9659
3 9662 9660 9656
3 9657 9662 9656
3 9657 9661 9663
3 9662 9657 9663
3 9658 9664 9665
3 9659 9658 9665
3 9664 9658 9660
3 9666 9664 9660
3 9659 9665 9661
3 9665 9668 9661
3 9660 9662 9666
3 9666 9662 9669
3 9661 9668 9670
3 9663 9661 9670
3 9669 9662 9663
3 9670 9669 9663
3 9664 9667 9665
3 9664 9666 9667
3 9667 9671 9668
3 9665 9667 9668
3 9666 9669 9671
3 9667 9666 9671
3 9668 9671 9670
3 9669 9670 9671
3 9672 9673 9674
3 9673 9672 9675
3 9672 9674 9676
3 9675 9672 9676
3 9673 9677 9678
3 9674 9673 9678
3 9677 9673 9675
3 9679 9677 9675
3 9674 9678 9680
3 9676 9674 9680
3 9679 9675 9676
3 9680 9679 9676
3 9677 9681 9682
3 9678 9677 9682
3 9681 9677 9679
3 9683 9681 9679
3 9678 9682 9684
3 9680 9678 9684
3 9683 9679 9680
3 9684 9683 9680
3 9681 9685 9686
3 9682 9681 9686
3 9685 9681 9683
3 9687 9685 9683
3 9682 9686 9688
3 9684 9682 9688
3 9687 9683 9684
3 9688 9687 9684
3 9685 9689 9690
3 9686 9685 9690
3 9689 9685 9687
3 9691 9689 9687
3 9686 9690 9692
3 9688 9686 9692
3 9691 9687 9688
3 9692 9691 9688
3 9689 9693 9690
3 9689 9691 9693
3 9693 9692 9690
3 9696 9697 9694
3 9692 9693 9691
3 9694 9698 9696
3 9695 9694 9697
3 9700 9695 9697
3 9701 9698 9694
3 9695 9701 9694
3 9695 9700 9702
3 9701 9695 9702
3 9696 9699 9697
3 9696 9698 9699
3 9699 9703 9700
3 9697 9699 9700
3 9698 9701 9703
3 9699 9698 9703
3 9700 9703 9702
3 9701 9702 9703
3 9704 9707 9708
3 9707 9704 9709
3 9705 9704 9708
3 9711 9705 9708
3 9712 9709 9704
3 9705 9712 9704
3 9706 9705 9711
3 9714 9706 9711
3 9715 9712 9705
3 9706 9715 9705
3 9706 9714 9716
3 9715 9706 9716
3 9707 9710 9708
3 9707 9709 9710
3 9710 9713 9711
3 9708 9710 9711
3 9709 9712 9713
3 9710 9709 9713
3 9713 9717 9714
3 9711 9713 9714
3 9712 9715 9717
3 9713 9712 9717
3 9714 9717 9716
3 9715 9716 9717
3 9718 9719 9721
3 9719 9718 9722
3 9718 9721 9723
3 9722 9718 9723
3 9720 9724 9725
3 9724 9720 9726
3 9719 9720 9725
3 9719 9725 9721
3 9721 9725 9727
3 9720 9719 9722
3 9720 9722 9726
3 9726 9722 9728
3 9721 9727 9729
3 9723 9721 9729
3 9728 9722 9723
3 9729 9728 9723
3 9724 9731 9732
3 9725 9724 9732
3 9731 9724 9726
3 9734 9731 9726
3 9725 9732 9727
3 9732 9735 9727
3 9726 9728 9734
3 9734 9728 9736
3 9727 9735 9737
3 9729 9727 9737
3 9736 9728 9729
3 9737 9736 9729
3 9730 9739 9740
3 9739 9730 9741
3 9733 9730 9740
3 9744 9733 9740
3 9732 9731 9743
3 9732 9743 9730
3 9732 9730 9733
3 9741 9730 9743
3 9743 9731 9734
3 9747 9743 9734
3 9733 9744 9745
3 9733 9735 9732
3 9733 9748 9735
3 9733 9745 9748
3 9738 9735 9748
3 9738 9748 9747
3 9738 9747 9736
3 9736 9747 9734
3 9735 9738 9737
3 9736 9737 9738
3 9739 9742 9740
3 9739 9741 9742
3 9742 9746 9744
3 9740 9742 9744
3 9741 9746 9742
3 9741 9749 9746
3 9741 9743 9749
3 9749 9750 9746
3 9749 9743 9747
3 9751 9749 9747
3 9744 9746 9745
3 9746 9750 9752
3 9746 9752 9745
3 9745 9752 9748
3 9751 9747 9748
3 9752 9751 9748
3 9749 9753 9750
3 9749 9751 9753
3 9750 9753 9752
3 9751 9752 9753
3 9754 9755 9756
3 9755 9754 9757
3 9754 9756 9758
3 9757 9754 9758
3 9755 9759 9761
3 9756 9755 9761
3 9759 9755 9757
3 9762 9759 9757
3 9756 9761 9763
3 9758 9756 9763
3 9762 9757 9758
3 9763 9762 9758
3 9760 9766 9767
3 9766 9760 9768
3 9759 9764 9761
3 9760 9767 9769
3 9759 9762 9764
3 9769 9768 9760
3 9765 9771 9772
3 9771 9765 9773
3 9761 9764 9763
3 9765 9772 9774
3 9762 9763 9764
3 9773 9765 9774
3 9766 9770 9767
3 9766 9768 9770
3 9767 9770 9769
3 9768 9769 9770
3 9771 9775 9772
3 9771 9773 9775
3 9772 9775 9774
3 9773 9774 9775
3 9776 9777 9778
3 9777 9776 9779
3 9776 9778 9780
3 9779 9776 9780
3 9777 9781 9778
3 9777 9779 9781
3 9778 9781 9780
3 9779 9780 9781
3 9782 9783 9784
3 9783 9782 9785
3 9782 9784 9786
3 9785 9782 9786
3 9783 9787 9784
3 9783 9785 9787
3 9784 9787 9786
3 9785 9786 9787
3 9788 9795 9797
3 9788 9789 9796
3 9795 9788 9796
3 9796 9789 9800
3 9790 9798 9803
3 9797 9798 9790
3 9797 9790 9788
3 9788 9790 9791
3 9805 9801 9789
3 9805 9789 9791
3 9791 9789 9788
3 9800 9789 9801
3 9792 9790 9803
3 9808 9792 9803
3 9791 9790 9793
3 9793 9790 9792
3 9807 9805 9791
3 9807 9791 9794
3 9794 9791 9793
3 9807 9794 9813
3 9792 9808 9809
3 9793 9792 9809
3 9811 9793 9809
3 9794 9793 9811
3 9814 9794 9811
3 9813 9794 9814
3 9795 9799 9797
3 9795 9796 9802
3 9799 9795 9802
3 9796 9800 9802
3 9798 9804 9803
3 9798 9797 9799
3 9798 9799 9804
3 9804 9799 9806
3 9801 9805 9806
3 9801 9806 9802
3 9802 9806 9799
3 9800 9801 9802
3 9804 9810 9808
3 9803 9804 9808
3 9806 9812 9804
3 9812 9810 9804
3 9805 9807 9815
3 9805 9815 9806
3 9806 9815 9812
3 9807 9813 9815
3 9808 9810 9809
3 9811 9809 9810
3 9812 9811 9810
3 9814 9811 9812
3 9815 9814 9812
3 9813 9814 9815
3 9816 9818 9820
3 9818 9816 9821
3 9817 9816 9820
3 9822 9817 9820
3 9823 9821 9816
3 9817 9823 9816
3 9817 9822 9824
3 9823 9817 9824
3 9819 9825 9826
3 9825 9819 9828
3 9818 9827 9830
3 9820 9818 9830
3 9827 9818 9821
3 9827 9821 9831
3 9829 9819 9826
3 9828 9819 9829
3 9820 9830 9822
3 9830 9833 9822
3 9821 9823 9831
3 9831 9823 9834
3 9822 9833 9835
3 9824 9822 9835
3 9834 9823 9824
3 9835 9834 9824
3 9825 9837 9838
3 9826 9825 9838
3 9837 9825 9828
3 9839 9837 9828
3 9827 9832 9830
3 9826 9838 9840
3 9826 9840 9829
3 9831 9832 9827
3 9839 9828 9829
3 9840 9839 9829
3 9832 9836 9833
3 9830 9832 9833
3 9831 9834 9836
3 9832 9831 9836
3 9833 9836 9835
3 9834 9835 9836
3 9837 9841 9838
3 9839 9841 9837
3 9842 9849 9851
3 9842 9843 9850
3 9849 9842 9850
3 9850 9843 9854
3 9841 9840 9838
3 9852 9857 9844
3 9839 9840 9841
3 9851 9852 9842
3 9842 9852 9844
3 9842 9844 9845
3 9860 9855 9843
3 9860 9843 9845
3 9845 9843 9842
3 9854 9843 9855
3 9844 9857 9858
3 9845 9844 9858
3 9861 9845 9858
3 9860 9845 9861
3 9846 9865 9867
3 9865 9846 9868
3 9846 9867 9869
3 9871 9875 9847
3 9868 9846 9869
3 9847 9848 9873
3 9871 9847 9873
3 9873 9848 9878
3 9847 9875 9876
3 9848 9847 9876
3 9879 9848 9876
3 9878 9848 9879
3 9849 9853 9851
3 9849 9850 9856
3 9853 9849 9856
3 9850 9854 9856
3 9852 9859 9857
3 9852 9851 9853
3 9852 9853 9859
3 9859 9853 9862
3 9881 9883 9863
3 9855 9860 9856
3 9856 9860 9862
3 9856 9862 9853
3 9863 9864 9882
3 9863 9882 9881
3 9856 9854 9855
3 9882 9864 9886
3 9857 9859 9858
3 9861 9858 9859
3 9862 9861 9859
3 9863 9883 9884
3 9860 9861 9862
3 9884 9888 9866
3 9884 9866 9863
3 9863 9866 9864
3 9889 9886 9864
3 9866 9889 9864
3 9865 9870 9867
3 9872 9866 9888
3 9872 9888 9892
3 9870 9865 9868
3 9891 9889 9866
3 9891 9866 9874
3 9874 9866 9872
3 9891 9874 9895
3 9867 9870 9869
3 9869 9870 9868
3 9871 9877 9875
3 9892 9893 9872
3 9874 9872 9896
3 9872 9893 9896
3 9880 9871 9873
3 9880 9877 9871
3 9874 9896 9895
3 9873 9878 9880
3 9875 9877 9876
3 9879 9876 9877
3 9880 9879 9877
3 9878 9879 9880
3 9881 9885 9883
3 9881 9882 9887
3 9885 9881 9887
3 9882 9886 9887
3 9883 9885 9884
3 9888 9884 9885
3 9888 9885 9890
3 9890 9885 9887
3 9886 9889 9890
3 9887 9886 9890
3 9890 9894 9892
3 9888 9890 9892
3 9889 9891 9897
3 9889 9897 9890
3 9890 9897 9894
3 9891 9895 9897
3 9892 9894 9893
3 9896 9893 9894
3 9897 9896 9894
3 9895 9896 9897
3 9898 9899 9900
3 9899 9898 9901
3 9898 9900 9902
3 9901 9898 9902
3 9899 9903 9900
3 9899 9901 9903
3 9900 9903 9902
3 9901 9902 9903
3 9904 9905 9906
3 9905 9904 9907
3 9904 9906 9908
3 9907 9904 9908
3 9905 9909 9911
3 9906 9905 9911
3 9909 9905 9907
3 9912 9909 9907
3 9906 9911 9913
3 9908 9906 9913
3 9912 9907 9908
3 9913 9912 9908
3 9910 9914 9915
3 9914 9910 9916
3 9909 9910 9915
3 9909 9915 9911
3 9911 9915 9918
3 9910 9909 9912
3 9910 9912 9916
3 9916 9912 9919
3 9911 9918 9920
3 9913 9911 9920
3 9919 9912 9913
3 9920 9919 9913
3 9914 9917 9915
3 9914 9916 9917
3 9917 9921 9918
3 9915 9917 9918
3 9916 9919 9921
3 9917 9916 9921
3 9918 9921 9920
3 9919 9920 9921
3 9922 9923 9924
3 9923 9922 9925
3 9922 9924 9926
3 9925 9922 9926
3 9923 9927 9928
3 9924 9923 9928
3 9927 9923 9925
3 9929 9927 9925
3 9924 9928 9930
3 9926 9924 9930
3 9929 9925 9926
3 9930 9929 9926
3 9927 9931 9928
3 9927 9929 9931
3 9928 9931 9930
3 9929 9930 9931
3 9932 9933 9934
3 9933 9932 9935
3 9932 9934 9936
3 9935 9932 9936
3 9933 9937 9938
3 9934 9933 9938
3 9937 9933 9935
3 9939 9937 9935
3 9934 9938 9940
3 9936 9934 9940
3 9939 9935 9936
3 9940 9939 9936
3 9937 9941 9942
3 9938 9937 9942
3 9941 9937 9939
3 9943 9941 9939
3 9938 9942 9944
3 9940 9938 9944
3 9943 9939 9940
3 9944 9943 9940
3 9941 9945 9946
3 9942 9941 9946
3 9945 9941 9943
3 9947 9945 9943
3 9942 9946 9948
3 9944 9942 9948
3 9947 9943 9944
3 9948 9947 9944
3 9945 9949 9946
3 9945 9947 9949
3 9946 9949 9948
3 9947 9948 9949
3 9950 9951 9952
3 9951 9950 9953
3 9950 9952 9954
3 9953 9950 9954
3 9951 9955 9952
3 9951 9953 9955
3 9955 9954 9952
3 9957 9958 9956
3 9954 9955 9953
3 9956 9959 9957
3 9956 9958 9960
3 9959 9956 9960
3 9957 9961 9958
3 9957 9959 9961
3 9958 9961 9960
3 9959 9960 9961
3 9962 9964 9966
3 9962 9963 9965
3 9964 9962 9965
3 9965 9963 9969
3 9962 9966 9967
3 9963 9962 9967
3 9970 9963 9967
3 9969 9963 9970
3 9964 9968 9966
3 9964 9965 9971
3 9968 9964 9971
3 9969 9971 9965
3 9972 9973 9974
3 9973 9972 9975
3 9966 9968 9967
3 9970 9967 9968
3 9971 9970 9968
3 9972 9974 9976
3 9969 9970 9971
3 9975 9972 9976
3 9973 9977 9974
3 9975 9977 9973
3 9978 9980 9982
3 9978 9979 9981
3 9980 9978 9981
3 9981 9979 9985
3 9974 9977 9976
3 9978 9982 9983
3 9975 9976 9977
3 9979 9978 9983
3 9986 9979 9983
3 9985 9979 9986
3 9980 9984 9982
3 9980 9981 9987
3 9984 9980 9987
3 9981 9985 9987
3 9982 9984 9983
3 9986 9983 9984
3 9987 9986 9984
3 9985 9986 9987
3 9988 9990 9991
3 9990 9988 9992
3 9989 9988 9991
3 9994 9989 9991
3 9995 9992 9988
3 9989 9995 9988
3 9989 9994 9996
3 9995 9989 9996
3 9990 9993 9991
3 9990 9992 9993
3 9993 9997 9994
3 9991 9993 9994
3 9992 9995 9997
3 9993 9992 9997
3 9994 9997 9996
3 9995 9996 9997
3 9998 10000 10002
3 9998 9999 10001
3 10000 9998 10001
3 10001 9999 10005
3 9998 10002 10003
3 9999 9998 10003
3 10006 9999 10003
3 10005 9999 10006
3 10000 10004 10002
3 10000 10001 10007
3 10004 10000 10007
3 10001 10005 10007
3 10002 10004 10003
3 10006 10003 10004
3 10007 10006 10004
3 10005 10006 10007
3 10008 10009 10010
3 10009 10008 10011
3 10008 10010 10012
3 10011 10008 10012
3 10009 10013 10010
3 10009 10011 10013
3 10013 10012 10010
3 10016 10018 10014
3 10014 10015 10017
3 10014 10017 10016
3 10013 10011 10012
3 10017 10015 10021
3 10014 10018 10019
3 10015 10014 10019
3 10022 10015 10019
3 10021 10015 10022
3 10016 10020 10018
3 10016 10017 10023
3 10020 10016 10023
3 10017 10021 10023
3 10018 10020 10019
3 10022 10019 10020
3 10023 10022 10020
3 10021 10022 10023
3 10024 10029 10030
3 10029 10024 10031
3 10024 10030 10032
3 10031 10024 10032
3 10025 10034 10035
3 10034 10025 10036
3 10026 10025 10035
3 10037 10026 10035
3 10039 10036 10025
3 10026 10039 10025
3 10027 10038 10040
3 10037 10038 10027
3 10037 10027 10026
3 10026 10027 10028
3 10042 10039 10026
3 10028 10042 10026
3 10027 10040 10041
3 10028 10027 10041
3 10043 10028 10041
3 10042 10028 10043
3 10029 10033 10030
3 10029 10031 10033
3 10030 10033 10032
3 10031 10032 10033
3 10034 10045 10047
3 10035 10034 10047
3 10045 10034 10036
3 10048 10045 10036
3 10035 10047 10037
3 10047 10049 10037
3 10036 10039 10048
3 10048 10039 10051
3 10038 10050 10052
3 10040 10038 10052
3 10049 10038 10037
3 10050 10038 10049
3 10039 10042 10051
3 10051 10042 10055
3 10040 10052 10053
3 10041 10040 10053
3 10043 10041 10056
3 10041 10053 10056
3 10055 10042 10043
3 10056 10055 10043
3 10044 10057 10058
3 10057 10044 10059
3 10046 10044 10058
3 10060 10046 10058
3 10061 10059 10044
3 10046 10061 10044
3 10045 10046 10060
3 10045 10060 10047
3 10047 10060 10062
3 10046 10045 10048
3 10046 10048 10061
3 10061 10048 10063
3 10047 10062 10049
3 10062 10064 10049
3 10048 10051 10063
3 10063 10051 10065
3 10050 10054 10052
3 10050 10066 10054
3 10050 10049 10066
3 10049 10064 10066
3 10051 10055 10065
3 10065 10055 10067
3 10052 10054 10053
3 10054 10066 10068
3 10054 10068 10053
3 10053 10068 10056
3 10067 10055 10056
3 10068 10067 10056
3 10057 10071 10073
3 10058 10057 10073
3 10071 10057 10059
3 10074 10071 10059
3 10058 10073 10060
3 10073 10075 10060
3 10059 10061 10074
3 10074 10061 10076
3 10060 10075 10062
3 10075 10078 10062
3 10061 10063 10076
3 10076 10063 10079
3 10062 10078 10064
3 10078 10081 10064
3 10063 10065 10079
3 10079 10065 10082
3 10083 10069 10066
3 10083 10066 10081
3 10081 10066 10064
3 10069 10083 10082
3 10069 10082 10067
3 10067 10082 10065
3 10066 10069 10068
3 10067 10068 10069
3 10070 10085 10087
3 10070 10072 10086
3 10085 10070 10086
3 10086 10072 10090
3 10070 10087 10088
3 10071 10091 10073
3 10071 10070 10091
3 10071 10072 10070
3 10070 10088 10091
3 10072 10071 10074
3 10072 10074 10090
3 10090 10074 10092
3 10093 10077 10075
3 10093 10075 10091
3 10091 10075 10073
3 10077 10093 10092
3 10077 10092 10076
3 10076 10092 10074
3 10077 10080 10078
3 10075 10077 10078
3 10076 10079 10080
3 10077 10076 10080
3 10080 10084 10081
3 10078 10080 10081
3 10079 10082 10084
3 10080 10079 10084
3 10081 10084 10083
3 10082 10083 10084
3 10085 10089 10087
3 10096 10089 10085
3 10096 10085 10095
3 10095 10085 10086
3 10095 10086 10090
3 10097 10095 10090
3 10087 10089 10088
3 10091 10098 10094
3 10088 10098 10091
3 10088 10096 10098
3 10088 10089 10096
3 10094 10098 10097
3 10094 10097 10092
3 10092 10097 10090
3 10091 10094 10093
3 10092 10093 10094
3 10095 10099 10096
3 10095 10097 10099
3 10096 10099 10098
3 10097 10098 10099
3 10100 10103 10106
3 10103 10100 10107
3 10101 10100 10106
3 10109 10101 10106
3 10110 10107 10100
3 10101 10110 10100
3 10102 10101 10109
3 10111 10102 10109
3 10113 10110 10101
3 10102 10113 10101
3 10102 10111 10114
3 10113 10102 10114
3 10104 10115 10118
3 10115 10104 10120
3 10105 10117 10121
3 10117 10105 10122
3 10103 10104 10118
3 10103 10118 10106
3 10106 10118 10123
3 10104 10103 10107
3 10104 10107 10120
3 10120 10107 10124
3 10108 10105 10121
3 10125 10108 10121
3 10126 10122 10105
3 10108 10126 10105
3 10106 10123 10109
3 10123 10128 10109
3 10107 10110 10124
3 10124 10110 10130
3 10108 10125 10127
3 10129 10131 10112
3 10126 10108 10127
3 10112 10128 10129
3 10112 10111 10128
3 10111 10109 10128
3 10110 10113 10130
3 10130 10113 10135
3 10112 10131 10133
3 10111 10112 10133
3 10111 10133 10114
3 10114 10133 10136
3 10135 10113 10114
3 10136 10135 10114
3 10116 10139 10140
3 10139 10116 10143
3 10119 10141 10144
3 10140 10141 10119
3 10116 10140 10119
3 10116 10119 10118
3 10116 10118 10115
3 10116 10115 10120
3 10116 10120 10143
3 10143 10120 10147
3 10117 10145 10148
3 10121 10117 10148
3 10145 10117 10122
3 10145 10122 10149
3 10146 10119 10144
3 10146 10118 10119
3 10146 10150 10118
3 10150 10123 10118
3 10120 10124 10147
3 10147 10124 10152
3 10121 10148 10125
3 10148 10153 10125
3 10122 10126 10149
3 10149 10126 10154
3 10123 10150 10128
3 10150 10155 10128
3 10124 10130 10152
3 10152 10130 10157
3 10132 10127 10125
3 10132 10125 10159
3 10159 10125 10153
3 10129 10134 10131
3 10127 10132 10126
3 10126 10132 10160
3 10126 10160 10154
3 10158 10128 10155
3 10158 10134 10128
3 10158 10137 10134
3 10134 10129 10128
3 10137 10158 10157
3 10137 10157 10135
3 10135 10157 10130
3 10132 10159 10161
3 10131 10134 10133
3 10132 10161 10160
3 10136 10133 10134
3 10137 10136 10134
3 10135 10136 10137
3 10138 10163 10164
3 10163 10138 10165
3 10138 10164 10166
3 10165 10138 10166
3 10142 10168 10170
3 10142 10140 10139
3 10142 10139 10168
3 10168 10139 10169
3 10169 10139 10143
3 10172 10169 10143
3 10141 10142 10170
3 10141 10170 10144
3 10144 10170 10174
3 10140 10142 10141
3 10143 10147 10172
3 10172 10147 10177
3 10145 10175 10178
3 10148 10145 10178
3 10145 10151 10175
3 10145 10149 10151
3 10175 10151 10174
3 10146 10144 10151
3 10174 10151 10144
3 10146 10151 10150
3 10147 10152 10177
3 10177 10152 10180
3 10148 10178 10153
3 10178 10181 10153
3 10151 10154 10156
3 10149 10154 10151
3 10150 10156 10155
3 10151 10156 10150
3 10152 10157 10180
3 10180 10157 10186
3 10182 10162 10159
3 10182 10159 10181
3 10181 10159 10153
3 10156 10182 10184
3 10156 10160 10182
3 10156 10154 10160
3 10160 10162 10182
3 10155 10156 10184
3 10155 10184 10158
3 10158 10184 10187
3 10186 10157 10158
3 10187 10186 10158
3 10159 10162 10161
3 10160 10161 10162
3 10163 10167 10164
3 10163 10165 10167
3 10164 10167 10166
3 10165 10166 10167
3 10168 10171 10170
3 10168 10169 10173
3 10171 10168 10173
3 10169 10172 10173
3 10171 10176 10174
3 10170 10171 10174
3 10189 10173 10188
3 10189 10176 10173
3 10176 10171 10173
3 10188 10173 10172
3 10188 10172 10191
3 10191 10172 10177
3 10175 10179 10178
3 10175 10193 10179
3 10174 10193 10175
3 10174 10190 10193
3 10174 10176 10190
3 10189 10190 10176
3 10177 10180 10191
3 10191 10180 10196
3 10179 10183 10181
3 10178 10179 10181
3 10194 10179 10193
3 10194 10185 10179
3 10185 10183 10179
3 10194 10198 10185
3 10180 10186 10196
3 10196 10186 10199
3 10181 10183 10182
3 10184 10182 10183
3 10185 10184 10183
3 10185 10198 10200
3 10185 10200 10184
3 10184 10200 10187
3 10199 10186 10187
3 10200 10199 10187
3 10188 10192 10189
3 10188 10191 10192
3 10190 10195 10193
3 10190 10189 10192
3 10190 10192 10195
3 10195 10192 10197
3 10191 10196 10197
3 10192 10191 10197
3 10193 10195 10194
3 10198 10194 10195
3 10198 10195 10201
3 10201 10195 10197
3 10196 10199 10201
3 10197 10196 10201
3 10198 10201 10200
3 10199 10200 10201
3 10202 10203 10204
3 10203 10202 10205
3 10202 10204 10206
3 10205 10202 10206
3 10203 10207 10204
3 10203 10205 10207
3 10204 10207 10206
3 10205 10206 10207
3 10208 10212 10214
3 10208 10209 10213
3 10212 10208 10213
3 10213 10209 10215
3 10210 10208 10214
3 10216 10210 10214
3 10209 10208 10211
3 10211 10208 10210
3 10219 10215 10209
3 10211 10219 10209
3 10210 10216 10218
3 10211 10210 10218
3 10220 10211 10218
3 10219 10211 10220
3 10212 10221 10223
3 10214 10212 10223
3 10213 10222 10212
3 10212 10222 10221
3 10222 10213 10215
3 10226 10222 10215
3 10217 10224 10228
3 10217 10223 10224
3 10217 10216 10223
3 10216 10214 10223
3 10215 10219 10226
3 10226 10219 10233
3 10217 10228 10229
3 10216 10217 10229
3 10216 10229 10218
3 10218 10229 10231
3 10220 10218 10234
3 10218 10231 10234
3 10233 10219 10220
3 10234 10233 10220
3 10221 10225 10223
3 10221 10222 10227
3 10225 10221 10227
3 10222 10226 10227
3 10224 10230 10228
3 10224 10223 10225
3 10224 10225 10230
3 10230 10225 10232
3 10227 10235 10225
3 10235 10232 10225
3 10226 10233 10235
3 10227 10226 10235
3 10228 10230 10229
3 10231 10229 10230
3 10232 10231 10230
3 10234 10231 10232
3 10235 10234 10232
3 10233 10234 10235
3 10236 10238 10239
3 10238 10236 10240
3 10236 10239 10241
3 10242 10244 10237
3 10240 10236 10241
3 10242 10237 10245
3 10237 10244 10246
3 10245 10237 10246
3 10238 10259 10261
3 10239 10238 10261
3 10240 10243 10260
3 10240 10260 10238
3 10238 10260 10259
3 10260 10243 10263
3 10239 10261 10262
3 10241 10239 10262
3 10244 10243 10267
3 10244 10242 10243
3 10267 10243 10262
3 10240 10241 10243
3 10262 10243 10241
3 10245 10247 10264
3 10242 10245 10264
3 10242 10264 10263
3 10242 10263 10243
3 10247 10248 10265
3 10264 10247 10265
3 10248 10249 10266
3 10265 10248 10266
3 10266 10249 10270
3 10244 10267 10268
3 10246 10244 10268
3 10245 10246 10268
3 10245 10268 10250
3 10245 10250 10247
3 10272 10250 10268
3 10248 10247 10251
3 10251 10247 10250
3 10249 10248 10252
3 10252 10248 10251
3 10276 10270 10249
3 10252 10276 10249
3 10250 10272 10274
3 10251 10250 10274
3 10275 10251 10274
3 10275 10280 10253
3 10275 10253 10251
3 10251 10253 10252
3 10277 10276 10252
3 10277 10252 10254
3 10254 10252 10253
3 10277 10254 10283
3 10255 10281 10285
3 10280 10281 10255
3 10280 10255 10253
3 10253 10255 10256
3 10286 10284 10254
3 10286 10254 10256
3 10256 10254 10253
3 10283 10254 10284
3 10257 10255 10285
3 10287 10257 10285
3 10256 10255 10258
3 10258 10255 10257
3 10290 10286 10256
3 10258 10290 10256
3 10257 10287 10289
3 10258 10257 10289
3 10291 10258 10289
3 10290 10258 10291
3 10259 10295 10297
3 10261 10259 10297
3 10260 10296 10259
3 10259 10296 10295
3 10296 10260 10263
3 10300 10296 10263
3 10261 10297 10298
3 10262 10261 10298
3 10298 10267 10262
3 10303 10267 10298
3 10263 10302 10300
3 10264 10302 10263
3 10269 10304 10302
3 10269 10302 10265
3 10265 10302 10264
3 10265 10266 10271
3 10269 10265 10271
3 10266 10270 10271
3 10273 10268 10267
3 10273 10267 10308
3 10308 10267 10303
3 10268 10273 10272
3 10269 10305 10304
3 10271 10305 10269
3 10306 10305 10271
3 10271 10270 10276
3 10271 10276 10307
3 10271 10307 10306
3 10278 10307 10276
3 10307 10278 10310
3 10273 10308 10309
3 10279 10309 10311
3 10274 10309 10279
3 10274 10273 10309
3 10274 10272 10273
3 10274 10282 10275
3 10279 10282 10274
3 10275 10282 10280
3 10276 10277 10278
3 10278 10277 10283
3 10278 10283 10310
3 10310 10283 10313
3 10279 10311 10312
3 10281 10315 10285
3 10281 10279 10315
3 10281 10282 10279
3 10279 10312 10315
3 10280 10282 10281
3 10284 10318 10314
3 10286 10318 10284
3 10313 10283 10284
3 10314 10313 10284
3 10288 10316 10321
3 10288 10315 10316
3 10288 10287 10315
3 10287 10285 10315
3 10319 10290 10292
3 10319 10318 10290
3 10318 10286 10290
3 10319 10292 10324
3 10288 10321 10322
3 10287 10288 10322
3 10287 10322 10289
3 10289 10322 10323
3 10293 10323 10326
3 10293 10291 10323
3 10291 10289 10323
3 10291 10292 10290
3 10291 10293 10292
3 10293 10294 10292
3 10329 10324 10292
3 10294 10329 10292
3 10293 10326 10328
3 10294 10293 10328
3 10330 10294 10328
3 10329 10294 10330
3 10295 10299 10297
3 10295 10296 10301
3 10299 10295 10301
3 10296 10300 10301
3 10297 10299 10298
3 10333 10299 10301
3 10333 10303 10299
3 10333 10335 10303
3 10298 10299 10303
3 10300 10333 10301
3 10300 10302 10333
3 10302 10334 10333
3 10334 10302 10304
3 10337 10334 10304
3 10303 10335 10308
3 10335 10342 10308
3 10304 10339 10337
3 10305 10339 10304
3 10306 10340 10305
3 10305 10340 10339
3 10307 10341 10306
3 10306 10341 10340
3 10341 10307 10310
3 10345 10341 10310
3 10308 10342 10343
3 10309 10308 10343
3 10343 10311 10309
3 10346 10311 10343
3 10310 10313 10345
3 10345 10313 10347
3 10317 10312 10311
3 10317 10311 10348
3 10348 10311 10346
3 10312 10317 10315
3 10314 10318 10320
3 10314 10320 10349
3 10314 10349 10313
3 10313 10349 10347
3 10316 10317 10348
3 10316 10348 10321
3 10321 10348 10352
3 10315 10317 10316
3 10325 10318 10319
3 10325 10354 10318
3 10320 10318 10350
3 10350 10318 10354
3 10320 10350 10349
3 10319 10324 10325
3 10321 10352 10353
3 10322 10321 10353
3 10327 10353 10355
3 10327 10323 10353
3 10323 10322 10353
3 10323 10327 10326
3 10331 10354 10325
3 10358 10354 10331
3 10324 10329 10331
3 10325 10324 10331
3 10327 10355 10356
3 10326 10327 10356
3 10326 10356 10328
3 10328 10356 10359
3 10332 10360 10362
3 10330 10359 10331
3 10330 10328 10359
3 10359 10358 10331
3 10330 10331 10329
3 10332 10363 10360
3 10332 10362 10364
3 10363 10332 10364
3 10333 10336 10335
3 10333 10334 10338
3 10336 10333 10338
3 10334 10337 10338
3 10336 10344 10342
3 10335 10336 10342
3 10369 10338 10365
3 10369 10344 10338
3 10344 10336 10338
3 10337 10365 10338
3 10337 10339 10365
3 10339 10366 10365
3 10340 10367 10339
3 10339 10367 10366
3 10341 10368 10340
3 10340 10368 10367
3 10368 10341 10345
3 10370 10368 10345
3 10342 10344 10343
3 10344 10346 10343
3 10344 10369 10346
3 10369 10371 10346
3 10345 10347 10370
3 10370 10347 10372
3 10346 10371 10348
3 10371 10374 10348
3 10351 10375 10373
3 10351 10373 10372
3 10351 10372 10349
3 10349 10372 10347
3 10348 10374 10352
3 10374 10376 10352
3 10350 10375 10351
3 10350 10354 10375
3 10354 10380 10375
3 10349 10350 10351
3 10352 10376 10377
3 10353 10352 10377
3 10355 10379 10357
3 10355 10353 10379
3 10353 10377 10379
3 10379 10382 10357
3 10381 10358 10361
3 10381 10380 10358
3 10380 10354 10358
3 10381 10361 10384
3 10355 10357 10356
3 10357 10382 10383
3 10357 10383 10356
3 10356 10383 10359
3 10362 10361 10386
3 10362 10360 10361
3 10386 10361 10383
3 10358 10359 10361
3 10383 10361 10359
3 10361 10360 10363
3 10361 10363 10384
3 10384 10363 10387
3 10362 10386 10388
3 10364 10362 10388
3 10387 10363 10364
3 10388 10387 10364
3 10365 10390 10394
3 10369 10365 10394
3 10366 10391 10365
3 10365 10391 10390
3 10367 10392 10366
3 10366 10392 10391
3 10368 10393 10367
3 10367 10393 10392
3 10393 10368 10370
3 10395 10393 10370
3 10369 10394 10371
3 10394 10396 10371
3 10370 10372 10395
3 10395 10372 10397
3 10371 10396 10374
3 10396 10400 10374
3 10373 10402 10398
3 10375 10402 10373
3 10397 10372 10373
3 10398 10397 10373
3 10401 10378 10376
3 10401 10376 10400
3 10400 10376 10374
3 10401 10403 10378
3 10375 10380 10402
3 10402 10380 10406
3 10376 10378 10377
3 10378 10403 10404
3 10378 10404 10377
3 10377 10404 10379
3 10404 10382 10379
3 10409 10382 10404
3 10380 10407 10406
3 10381 10407 10380
3 10384 10385 10408
3 10384 10408 10381
3 10381 10408 10407
3 10408 10385 10413
3 10382 10409 10410
3 10383 10382 10410
3 10386 10412 10389
3 10386 10383 10412
3 10383 10410 10412
3 10385 10412 10414
3 10385 10387 10412
3 10385 10384 10387
3 10387 10389 10412
3 10413 10385 10414
3 10386 10389 10388
3 10387 10388 10389
3 10390 10415 10420
3 10394 10390 10420
3 10391 10416 10390
3 10390 10416 10415
3 10392 10417 10391
3 10391 10417 10416
3 10393 10419 10392
3 10392 10419 10417
3 10419 10393 10395
3 10422 10419 10395
3 10394 10420 10396
3 10420 10425 10396
3 10399 10426 10423
3 10399 10423 10422
3 10399 10422 10397
3 10397 10422 10395
3 10396 10425 10400
3 10425 10427 10400
3 10398 10426 10399
3 10398 10402 10426
3 10402 10430 10426
3 10397 10398 10399
3 10400 10427 10428
3 10401 10400 10428
3 10403 10429 10405
3 10403 10401 10429
3 10401 10428 10429
3 10429 10431 10405
3 10402 10406 10430
3 10430 10406 10433
3 10403 10405 10404
3 10409 10434 10411
3 10404 10434 10409
3 10404 10431 10434
3 10404 10405 10431
3 10435 10411 10407
3 10435 10438 10411
3 10407 10411 10406
3 10434 10433 10411
3 10406 10411 10433
3 10408 10436 10407
3 10407 10436 10435
3 10436 10408 10413
3 10441 10436 10413
3 10409 10411 10410
3 10411 10438 10439
3 10411 10439 10410
3 10410 10439 10412
3 10414 10412 10442
3 10412 10439 10442
3 10441 10413 10414
3 10442 10441 10414
3 10418 10444 10445
3 10444 10418 10447
3 10415 10421 10420
3 10449 10421 10415
3 10449 10415 10446
3 10446 10415 10416
3 10445 10417 10418
3 10445 10446 10417
3 10446 10416 10417
3 10418 10417 10419
3 10418 10419 10452
3 10418 10452 10447
3 10452 10419 10424
3 10419 10422 10424
3 10421 10450 10454
3 10421 10454 10420
3 10420 10454 10425
3 10449 10450 10421
3 10423 10452 10424
3 10423 10426 10452
3 10426 10457 10452
3 10422 10423 10424
3 10425 10454 10427
3 10454 10458 10427
3 10426 10430 10457
3 10457 10430 10460
3 10427 10458 10459
3 10428 10427 10459
3 10432 10459 10461
3 10432 10429 10459
3 10429 10428 10459
3 10429 10432 10431
3 10430 10433 10460
3 10460 10433 10462
3 10437 10432 10461
3 10464 10437 10461
3 10431 10432 10437
3 10431 10437 10463
3 10431 10463 10434
3 10463 10437 10465
3 10434 10463 10462
3 10434 10462 10433
3 10435 10440 10438
3 10435 10436 10443
3 10440 10435 10443
3 10436 10441 10443
3 10437 10464 10466
3 10465 10437 10466
3 10438 10440 10439
3 10442 10439 10440
3 10443 10442 10440
3 10441 10442 10443
3 10444 10448 10445
3 10444 10447 10448
3 10446 10451 10449
3 10446 10445 10448
3 10446 10448 10451
3 10451 10448 10453
3 10447 10452 10453
3 10448 10447 10453
3 10450 10455 10454
3 10450 10449 10451
3 10450 10451 10455
3 10455 10451 10456
3 10471 10453 10469
3 10471 10456 10453
3 10456 10451 10453
3 10469 10453 10452
3 10469 10452 10473
3 10473 10452 10457
3 10455 10470 10476
3 10455 10476 10454
3 10454 10476 10458
3 10456 10470 10455
3 10472 10470 10456
3 10471 10472 10456
3 10457 10460 10473
3 10473 10460 10480
3 10458 10476 10477
3 10459 10458 10477
3 10477 10461 10459
3 10481 10461 10477
3 10460 10462 10480
3 10480 10462 10484
3 10482 10467 10464
3 10482 10464 10481
3 10481 10464 10461
3 10467 10463 10465
3 10467 10482 10463
3 10468 10463 10485
3 10485 10463 10482
3 10463 10468 10486
3 10463 10486 10462
3 10462 10486 10484
3 10464 10467 10466
3 10468 10485 10487
3 10465 10466 10467
3 10486 10468 10487
3 10469 10474 10471
3 10473 10474 10469
3 10475 10492 10495
3 10492 10475 10497
3 10470 10478 10476
3 10470 10472 10479
3 10478 10470 10479
3 10472 10501 10479
3 10471 10501 10472
3 10471 10496 10501
3 10471 10474 10496
3 10475 10495 10498
3 10473 10502 10474
3 10473 10480 10502
3 10502 10496 10474
3 10497 10475 10498
3 10476 10478 10477
3 10481 10477 10478
3 10481 10478 10483
3 10483 10478 10479
3 10504 10479 10501
3 10483 10479 10504
3 10480 10484 10502
3 10502 10484 10505
3 10481 10483 10482
3 10485 10506 10488
3 10482 10506 10485
3 10482 10504 10506
3 10482 10483 10504
3 10488 10506 10505
3 10488 10505 10486
3 10486 10505 10484
3 10485 10488 10487
3 10486 10487 10488
3 10489 10508 10509
3 10508 10489 10510
3 10490 10489 10509
3 10512 10490 10509
3 10511 10510 10489
3 10511 10489 10491
3 10491 10489 10490
3 10511 10491 10513
3 10493 10490 10512
3 10515 10493 10512
3 10491 10490 10494
3 10494 10490 10493
3 10516 10513 10491
3 10494 10516 10491
3 10492 10499 10495
3 10500 10493 10515
3 10500 10515 10519
3 10499 10492 10497
3 10520 10517 10494
3 10520 10494 10500
3 10500 10494 10493
3 10516 10494 10517
3 10496 10503 10501
3 10498 10495 10499
3 10502 10503 10496
3 10500 10519 10521
3 10497 10498 10499
3 10520 10500 10521
3 10503 10507 10504
3 10501 10503 10504
3 10502 10505 10507
3 10503 10502 10507
3 10504 10507 10506
3 10505 10506 10507
3 10508 10523 10524
3 10509 10508 10524
3 10523 10508 10510
3 10525 10523 10510
3 10509 10524 10512
3 10524 10527 10512
3 10514 10510 10511
3 10514 10528 10510
3 10528 10525 10510
3 10511 10513 10514
3 10512 10527 10515
3 10527 10530 10515
3 10518 10528 10514
3 10531 10528 10518
3 10513 10516 10518
3 10514 10513 10518
3 10532 10522 10519
3 10532 10519 10530
3 10530 10519 10515
3 10531 10522 10532
3 10518 10522 10531
3 10518 10520 10522
3 10518 10517 10520
3 10516 10517 10518
3 10519 10522 10521
3 10520 10521 10522
3 10523 10526 10524
3 10523 10525 10526
3 10526 10529 10527
3 10524 10526 10527
3 10525 10528 10529
3 10526 10525 10529
3 10529 10533 10530
3 10527 10529 10530
3 10528 10531 10533
3 10529 10528 10533
3 10530 10533 10532
3 10531 10532 10533
3 10534 10538 10542
3 10534 10535 10540
3 10538 10534 10540
3 10540 10535 10543
3 10536 10534 10542
3 10544 10536 10542
3 10535 10534 10537
3 10537 10534 10536
3 10546 10543 10535
3 10537 10546 10535
3 10536 10544 10545
3 10537 10536 10545
3 10547 10537 10545
3 10546 10537 10547
3 10539 10548 10550
3 10539 10541 10549
3 10548 10539 10549
3 10549 10541 10551
3 10538 10539 10550
3 10538 10550 10542
3 10542 10550 10552
3 10540 10539 10538
3 10541 10539 10540
3 10541 10540 10543
3 10541 10543 10551
3 10551 10543 10554
3 10542 10552 10544
3 10552 10556 10544
3 10543 10546 10554
3 10554 10546 10559
3 10544 10556 10557
3 10545 10544 10557
3 10547 10545 10560
3 10545 10557 10560
3 10559 10546 10547
3 10560 10559 10547
3 10548 10562 10564
3 10550 10548 10564
3 10549 10563 10548
3 10548 10563 10562
3 10563 10549 10551
3 10567 10563 10551
3 10565 10553 10552
3 10565 10552 10564
3 10564 10552 10550
3 10553 10568 10555
3 10565 10568 10553
3 10555 10568 10567
3 10555 10567 10554
3 10554 10567 10551
3 10553 10558 10556
3 10552 10553 10556
3 10555 10561 10553
3 10561 10558 10553
3 10554 10559 10561
3 10555 10554 10561
3 10556 10558 10557
3 10560 10557 10558
3 10561 10560 10558
3 10559 10560 10561
3 10562 10566 10564
3 10562 10563 10569
3 10566 10562 10569
3 10563 10567 10569
3 10564 10566 10565
3 10568 10565 10566
3 10569 10568 10566
3 10567 10568 10569
3 10570 10572 10573
3 10572 10570 10574
3 10571 10570 10573
3 10576 10571 10573
3 10577 10574 10570
3 10571 10577 10570
3 10571 10576 10578
3 10577 10571 10578
3 10572 10575 10573
3 10572 10574 10575
3 10575 10579 10576
3 10573 10575 10576
3 10574 10577 10579
3 10575 10574 10579
3 10576 10579 10578
3 10577 10578 10579
3 10580 10581 10582
3 10581 10580 10583
3 10580 10582 10584
3 10583 10580 10584
3 10581 10585 10582
3 10581 10583 10585
3 10582 10585 10584
3 10583 10584 10585
3 10586 10589 10590
3 10589 10586 10592
3 10587 10591 10593
3 10590 10591 10587
3 10590 10587 10586
3 10586 10587 10588
3 10596 10592 10586
3 10588 10596 10586
3 10587 10593 10594
3 10588 10587 10594
3 10597 10588 10594
3 10596 10588 10597
3 10589 10598 10599
3 10590 10589 10599
3 10598 10589 10592
3 10600 10598 10592
3 10591 10595 10593
3 10591 10602 10595
3 10591 10590 10602
3 10590 10599 10602
3 10592 10596 10600
3 10600 10596 10603
3 10593 10595 10594
3 10595 10602 10604
3 10595 10604 10594
3 10594 10604 10597
3 10603 10596 10597
3 10604 10603 10597
3 10598 10601 10599
3 10598 10600 10601
3 10601 10605 10602
3 10599 10601 10602
3 10600 10603 10605
3 10601 10600 10605
3 10602 10605 10604
3 10603 10604 10605
3 10606 10609 10611
3 10609 10606 10613
3 10607 10612 10615
3 10611 10614 10606
3 10612 10607 10616
3 10613 10606 10614
3 10607 10615 10617
3 10616 10607 10617
3 10608 10620 10622
3 10608 10610 10621
3 10620 10608 10621
3 10621 10610 10625
3 10608 10622 10623
3 10609 10627 10611
3 10609 10608 10627
3 10609 10610 10608
3 10608 10623 10627
3 10610 10609 10613
3 10610 10613 10625
3 10625 10613 10630
3 10612 10628 10631
3 10615 10612 10631
3 10612 10618 10628
3 10612 10616 10618
3 10628 10618 10627
3 10614 10611 10618
3 10627 10618 10611
3 10614 10618 10633
3 10614 10633 10613
3 10613 10633 10630
3 10615 10631 10632
3 10617 10615 10632
3 10616 10617 10632
3 10616 10632 10619
3 10616 10619 10618
3 10636 10619 10632
3 10638 10633 10618
3 10619 10638 10618
3 10619 10636 10639
3 10638 10619 10639
3 10620 10624 10622
3 10620 10621 10626
3 10624 10620 10626
3 10621 10625 10626
3 10624 10623 10622
3 10641 10643 10629
3 10641 10627 10642
3 10641 10629 10627
3 10642 10627 10626
3 10623 10624 10627
3 10626 10627 10624
3 10642 10626 10625
3 10642 10625 10645
3 10645 10625 10630
3 10628 10629 10643
3 10628 10643 10631
3 10631 10643 10648
3 10627 10629 10628
3 10646 10634 10650
3 10634 10646 10645
3 10634 10645 10633
3 10633 10645 10630
3 10635 10649 10652
3 10632 10635 10637
3 10632 10648 10635
3 10632 10631 10648
3 10649 10635 10648
3 10640 10632 10634
3 10640 10636 10632
3 10634 10632 10650
3 10637 10655 10632
3 10650 10632 10655
3 10633 10638 10640
3 10634 10633 10640
3 10635 10652 10653
3 10637 10635 10653
3 10656 10637 10653
3 10636 10640 10639
3 10637 10656 10655
3 10638 10639 10640
3 10641 10644 10643
3 10641 10642 10647
3 10644 10641 10647
3 10642 10645 10647
3 10644 10651 10648
3 10643 10644 10648
3 10646 10650 10651
3 10646 10651 10647
3 10647 10651 10644
3 10645 10646 10647
3 10649 10654 10652
3 10649 10648 10651
3 10649 10651 10654
3 10654 10651 10657
3 10650 10655 10657
3 10651 10650 10657
3 10652 10654 10653
3 10656 10653 10654
3 10657 10656 10654
3 10655 10656 10657
3 10658 10659 10660
3 10659 10658 10661
3 10658 10660 10662
3 10661 10658 10662
3 10659 10663 10660
3 10659 10661 10663
3 10660 10663 10662
3 10661 10662 10663
3 10664 10666 10668
3 10664 10665 10667
3 10666 10664 10667
3 10667 10665 10670
3 10664 10668 10669
3 10665 10664 10669
3 10671 10665 10669
3 10670 10665 10671
3 10666 10673 10676
3 10668 10666 10676
3 10667 10675 10666
3 10666 10675 10673
3 10675 10667 10670
3 10679 10675 10670
3 10668 10676 10677
3 10669 10668 10677
3 10672 10677 10681
3 10672 10671 10677
3 10671 10669 10677
3 10671 10672 10682
3 10671 10682 10670
3 10670 10682 10679
3 10672 10681 10683
3 10682 10672 10683
3 10674 10687 10690
3 10687 10674 10691
3 10673 10678 10676
3 10674 10690 10692
3 10673 10675 10680
3 10673 10680 10678
3 10692 10691 10674
3 10675 10679 10680
3 10676 10678 10677
3 10681 10677 10678
3 10681 10678 10684
3 10684 10678 10680
3 10679 10682 10684
3 10680 10679 10684
3 10681 10684 10683
3 10682 10683 10684
3 10685 10694 10696
3 10685 10686 10695
3 10694 10685 10695
3 10695 10686 10697
3 10688 10685 10696
3 10699 10688 10696
3 10686 10685 10689
3 10689 10685 10688
3 10702 10697 10686
3 10689 10702 10686
3 10687 10693 10690
3 10688 10699 10701
3 10701 10703 10689
3 10701 10689 10688
3 10687 10691 10693
3 10702 10689 10703
3 10690 10693 10692
3 10691 10692 10693
3 10694 10705 10706
3 10696 10694 10706
3 10698 10708 10705
3 10698 10705 10695
3 10695 10705 10694
3 10695 10697 10698
3 10700 10707 10710
3 10700 10706 10707
3 10700 10699 10706
3 10699 10696 10706
3 10704 10708 10698
3 10713 10708 10704
3 10697 10702 10704
3 10698 10697 10704
3 10700 10710 10711
3 10699 10700 10711
3 10699 10711 10701
3 10701 10711 10714
3 10713 10704 10703
3 10713 10703 10714
3 10714 10703 10701
3 10702 10703 10704
3 10705 10709 10706
3 10705 10708 10709
3 10707 10712 10710
3 10707 10706 10709
3 10707 10709 10712
3 10712 10709 10715
3 10708 10713 10715
3 10709 10708 10715
3 10710 10712 10711
3 10714 10711 10712
3 10715 10714 10712
3 10713 10714 10715
3 10716 10717 10718
3 10717 10716 10719
3 10716 10718 10720
3 10719 10716 10720
3 10717 10721 10718
3 10717 10719 10721
3 10718 10721 10720
3 10719 10720 10721
3 10722 10723 10724
3 10723 10722 10725
3 10722 10724 10726
3 10725 10722 10726
3 10723 10727 10724
3 10723 10725 10727
3 10724 10727 10726
3 10725 10726 10727
3 10728 10730 10732
3 10728 10729 10731
3 10730 10728 10731
3 10731 10729 10735
3 10728 10732 10734
3 10729 10728 10734
3 10736 10729 10734
3 10735 10729 10736
3 10733 10737 10740
3 10733 10732 10730
3 10733 10730 10737
3 10737 10730 10738
3 10731 10739 10730
3 10730 10739 10738
3 10739 10731 10735
3 10744 10739 10735
3 10733 10740 10742
3 10732 10733 10742
3 10732 10742 10734
3 10734 10742 10743
3 10736 10734 10745
3 10734 10743 10745
3 10744 10735 10736
3 10745 10744 10736
3 10741 10747 10751
3 10741 10740 10737
3 10741 10737 10747
3 10747 10737 10748
3 10738 10749 10737
3 10737 10749 10748
3 10739 10750 10738
3 10738 10750 10749
3 10750 10739 10744
3 10756 10750 10744
3 10746 10752 10758
3 10751 10753 10741
3 10752 10746 10759
3 10740 10741 10753
3 10740 10753 10742
3 10742 10753 10754
3 10743 10742 10755
3 10742 10754 10755
3 10745 10743 10757
3 10743 10755 10757
3 10756 10744 10745
3 10757 10756 10745
3 10746 10758 10760
3 10759 10746 10760
3 10747 10761 10765
3 10751 10747 10765
3 10748 10762 10747
3 10747 10762 10761
3 10749 10763 10748
3 10748 10763 10762
3 10750 10764 10749
3 10749 10764 10763
3 10764 10750 10756
3 10772 10764 10756
3 10752 10766 10774
3 10758 10752 10774
3 10752 10759 10775
3 10752 10775 10766
3 10753 10751 10767
3 10767 10751 10765
3 10754 10753 10769
3 10753 10767 10769
3 10755 10754 10771
3 10754 10769 10771
3 10757 10755 10773
3 10755 10771 10773
3 10772 10756 10757
3 10773 10772 10757
3 10758 10774 10776
3 10760 10758 10776
3 10775 10759 10760
3 10776 10775 10760
3 10761 10768 10765
3 10761 10762 10770
3 10768 10761 10770
3 10784 10770 10762
3 10784 10762 10781
3 10781 10762 10763
3 10764 10782 10763
3 10763 10782 10781
3 10782 10764 10772
3 10788 10782 10772
3 10766 10777 10774
3 10765 10768 10767
3 10775 10777 10766
3 10783 10790 10778
3 10779 10785 10783
3 10779 10783 10778
3 10770 10769 10768
3 10768 10769 10767
3 10779 10793 10785
3 10770 10784 10769
3 10769 10784 10786
3 10769 10786 10771
3 10780 10786 10795
3 10780 10773 10786
3 10773 10771 10786
3 10773 10780 10797
3 10773 10797 10772
3 10772 10797 10788
3 10774 10777 10776
3 10778 10790 10791
3 10775 10776 10777
3 10779 10778 10791
3 10794 10779 10791
3 10793 10779 10794
3 10780 10795 10798
3 10797 10780 10798
3 10781 10787 10784
3 10781 10782 10789
3 10787 10781 10789
3 10782 10788 10789
3 10783 10792 10790
3 10804 10792 10783
3 10804 10783 10800
3 10800 10783 10785
3 10787 10786 10784
3 10801 10785 10796
3 10801 10800 10785
3 10785 10793 10796
3 10801 10795 10802
3 10801 10796 10795
3 10802 10795 10789
3 10786 10787 10795
3 10789 10795 10787
3 10802 10789 10788
3 10802 10788 10809
3 10809 10788 10797
3 10799 10803 10812
3 10790 10792 10791
3 10799 10813 10803
3 10792 10804 10805
3 10792 10805 10791
3 10791 10805 10794
3 10796 10793 10794
3 10796 10794 10807
3 10807 10794 10805
3 10795 10796 10807
3 10795 10807 10798
3 10798 10807 10810
3 10809 10797 10798
3 10810 10809 10798
3 10799 10812 10814
3 10813 10799 10814
3 10800 10806 10804
3 10800 10801 10808
3 10806 10800 10808
3 10801 10802 10811
3 10808 10801 10811
3 10802 10809 10811
3 10803 10815 10812
3 10803 10813 10815
3 10804 10806 10805
3 10807 10805 10806
3 10808 10807 10806
3 10810 10807 10808
3 10811 10810 10808
3 10809 10810 10811
3 10812 10815 10814
3 10813 10814 10815
3 10816 10834 10837
3 10816 10817 10835
3 10834 10816 10835
3 10817 10818 10836
3 10835 10817 10836
3 10836 10818 10839
3 10819 10838 10841
3 10837 10838 10819
3 10837 10819 10816
3 10816 10819 10820
3 10817 10816 10821
3 10821 10816 10820
3 10818 10817 10822
3 10822 10817 10821
3 10840 10839 10818
3 10840 10818 10823
3 10823 10818 10822
3 10840 10823 10843
3 10824 10819 10841
3 10844 10824 10841
3 10820 10819 10825
3 10825 10819 10824
3 10821 10820 10826
3 10826 10820 10825
3 10822 10821 10827
3 10827 10821 10826
3 10823 10822 10828
3 10828 10822 10827
3 10846 10843 10823
3 10828 10846 10823
3 10829 10824 10844
3 10850 10829 10844
3 10825 10824 10830
3 10830 10824 10829
3 10826 10825 10831
3 10831 10825 10830
3 10827 10826 10832
3 10832 10826 10831
3 10854 10847 10828
3 10854 10828 10832
3 10832 10828 10827
3 10846 10828 10847
3 10829 10850 10852
3 10852 10858 10833
3 10852 10833 10829
3 10829 10833 10830
3 10860 10853 10831
3 10860 10831 10833
3 10833 10831 10830
3 10832 10831 10853
3 10855 10832 10853
3 10854 10832 10855
3 10833 10858 10861
3 10860 10833 10861
3 10834 10866 10870
3 10837 10834 10870
3 10835 10867 10834
3 10834 10867 10866
3 10836 10868 10835
3 10835 10868 10867
3 10868 10836 10839
3 10874 10868 10839
3 10842 10869 10877
3 10842 10841 10838
3 10842 10838 10869
3 10869 10838 10871
3 10870 10838 10837
3 10871 10838 10870
3 10839 10876 10874
3 10840 10876 10839
3 10876 10840 10843
3 10879 10876 10843
3 10845 10842 10877
3 10882 10845 10877
3 10841 10845 10844
3 10842 10845 10841
3 10848 10884 10880
3 10848 10880 10879
3 10848 10879 10846
3 10846 10879 10843
3 10849 10883 10885
3 10882 10883 10849
3 10882 10849 10845
3 10845 10849 10851
3 10844 10851 10850
3 10845 10851 10844
3 10847 10884 10848
3 10847 10854 10884
3 10854 10886 10884
3 10846 10847 10848
3 10856 10849 10885
3 10889 10856 10885
3 10851 10849 10857
3 10857 10849 10856
3 10850 10859 10852
3 10850 10851 10859
3 10851 10857 10859
3 10852 10859 10858
3 10853 10860 10862
3 10891 10853 10862
3 10891 10887 10853
3 10887 10855 10853
3 10886 10854 10855
3 10887 10886 10855
3 10856 10889 10890
3 10890 10893 10863
3 10890 10863 10856
3 10856 10863 10857
3 10859 10857 10864
3 10864 10857 10863
3 10858 10865 10861
3 10858 10859 10865
3 10859 10864 10865
3 10861 10865 10897
3 10860 10861 10897
3 10860 10897 10892
3 10860 10892 10862
3 10891 10862 10892
3 10863 10893 10895
3 10864 10863 10895
3 10896 10864 10895
3 10865 10864 10896
3 10898 10865 10896
3 10897 10865 10898
3 10866 10872 10870
3 10866 10867 10873
3 10872 10866 10873
3 10867 10868 10875
3 10873 10867 10875
3 10868 10874 10875
3 10869 10878 10877
3 10905 10878 10869
3 10905 10869 10901
3 10901 10869 10871
3 10872 10871 10870
3 10872 10902 10871
3 10902 10901 10871
3 10873 10902 10872
3 10903 10902 10873
3 10875 10903 10873
3 10904 10903 10875
3 10881 10910 10904
3 10876 10881 10904
3 10876 10904 10875
3 10876 10875 10874
3 10876 10879 10881
3 10878 10906 10912
3 10878 10912 10877
3 10877 10912 10882
3 10905 10906 10878
3 10880 10910 10881
3 10880 10884 10910
3 10884 10916 10910
3 10879 10880 10881
3 10883 10913 10919
3 10885 10883 10919
3 10912 10883 10882
3 10913 10883 10912
3 10888 10921 10917
3 10888 10917 10916
3 10888 10916 10886
3 10886 10916 10884
3 10885 10919 10889
3 10919 10923 10889
3 10887 10921 10888
3 10887 10891 10921
3 10891 10925 10921
3 10886 10887 10888
3 10894 10890 10889
3 10894 10889 10928
3 10928 10889 10923
3 10890 10894 10893
3 10892 10930 10926
3 10897 10930 10892
3 10925 10891 10892
3 10926 10925 10892
3 10899 10894 10928
3 10932 10899 10928
3 10893 10900 10895
3 10893 10894 10900
3 10894 10899 10900
3 10934 10895 10900
3 10934 10929 10895
3 10929 10896 10895
3 10898 10896 10931
3 10896 10929 10931
3 10930 10897 10898
3 10931 10930 10898
3 10899 10932 10933
3 10900 10899 10933
3 10935 10900 10933
3 10934 10900 10935
3 10901 10907 10905
3 10901 10902 10908
3 10907 10901 10908
3 10902 10903 10909
3 10908 10902 10909
3 10903 10904 10911
3 10909 10903 10911
3 10904 10910 10911
3 10906 10937 10939
3 10912 10906 10939
3 10907 10906 10905
3 10907 10938 10906
3 10938 10937 10906
3 10938 10914 10942
3 10938 10907 10914
3 10907 10908 10914
3 10909 10915 10908
3 10915 10914 10908
3 10911 10918 10909
3 10918 10915 10909
3 10910 10916 10918
3 10911 10910 10918
3 10913 10940 10944
3 10919 10913 10944
3 10939 10913 10912
3 10940 10913 10939
3 10920 10942 10914
3 10947 10942 10920
3 10915 10922 10914
3 10922 10920 10914
3 10917 10921 10922
3 10917 10922 10918
3 10918 10922 10915
3 10916 10917 10918
3 10919 10944 10923
3 10944 10949 10923
3 10924 10947 10920
3 10950 10947 10924
3 10922 10927 10920
3 10927 10924 10920
3 10921 10925 10927
3 10922 10921 10927
3 10923 10949 10928
3 10949 10953 10928
3 10924 10952 10950
3 10926 10930 10954
3 10926 10954 10924
3 10926 10924 10927
3 10924 10954 10952
3 10925 10926 10927
3 10928 10953 10932
3 10953 10957 10932
3 10929 10934 10936
3 10960 10929 10936
3 10960 10955 10929
3 10955 10931 10929
3 10954 10930 10931
3 10955 10954 10931
3 10932 10957 10958
3 10933 10932 10958
3 10935 10933 10959
3 10933 10958 10959
3 10936 10934 10935
3 10936 10935 10961
3 10961 10935 10959
3 10960 10936 10961
3 10937 10941 10939
3 10937 10938 10943
3 10941 10937 10943
3 10938 10942 10943
3 10940 10945 10944
3 10940 10939 10941
3 10940 10941 10945
3 10945 10941 10946
3 10943 10948 10941
3 10948 10946 10941
3 10942 10947 10948
3 10943 10942 10948
3 10945 10966 10968
3 10945 10968 10944
3 10944 10968 10949
3 10946 10966 10945
3 10967 10966 10946
3 10967 10951 10970
3 10967 10946 10951
3 10946 10948 10951
3 10947 10950 10951
3 10948 10947 10951
3 10949 10968 10953
3 10968 10973 10953
3 10951 10972 10970
3 10956 10974 10972
3 10952 10956 10972
3 10952 10972 10951
3 10952 10951 10950
3 10952 10954 10956
3 10953 10973 10957
3 10973 10977 10957
3 10962 10979 10975
3 10974 10962 10975
3 10956 10962 10974
3 10956 10960 10962
3 10956 10955 10960
3 10954 10955 10956
3 10963 10978 10981
3 10958 10963 10964
3 10958 10977 10963
3 10958 10957 10977
3 10978 10963 10977
3 10983 10958 10964
3 10983 10980 10958
3 10980 10959 10958
3 10979 10962 10961
3 10979 10961 10980
3 10980 10961 10959
3 10960 10961 10962
3 10963 10981 10982
3 10982 10985 10965
3 10982 10965 10963
3 10963 10965 10964
3 10987 10983 10964
3 10965 10987 10964
3 10965 10985 10988
3 10987 10965 10988
3 10966 10969 10968
3 10966 10967 10971
3 10969 10966 10971
3 10967 10970 10971
3 10969 10989 10991
3 10969 10991 10968
3 10968 10991 10973
3 10971 10989 10969
3 10990 10989 10971
3 10976 10993 10990
3 10972 10976 10990
3 10972 10990 10971
3 10972 10971 10970
3 10972 10974 10976
3 10973 10991 10977
3 10991 10995 10977
3 10975 10993 10976
3 10975 10979 10993
3 10979 10998 10993
3 10974 10975 10976
3 10978 10996 11001
3 10981 10978 11001
3 10995 10984 10977
3 10995 10997 10984
3 10977 10984 10978
3 11002 10996 10984
3 10978 10984 10996
3 10984 10980 10983
3 10984 10997 10980
3 10997 10999 10980
3 10998 10979 10980
3 10999 10998 10980
3 10986 10982 10981
3 10986 10981 11004
3 11004 10981 11001
3 10984 11003 11002
3 10985 10982 10986
3 11003 10984 10983
3 11003 10983 11006
3 11006 10983 10987
3 10986 11004 11005
3 10985 10986 11005
3 10985 11005 10988
3 10988 11005 11007
3 11006 10987 10988
3 11007 11006 10988
3 10989 10992 10991
3 10989 10990 10994
3 10992 10989 10994
3 10990 10993 10994
3 10992 11009 11010
3 10992 11010 10991
3 10991 11010 10995
3 11009 11000 11012
3 11009 10992 11000
3 10992 10994 11000
3 10993 10998 11000
3 10994 10993 11000
3 10996 11011 11015
3 11001 10996 11015
3 10996 11002 11016
3 10996 11016 11011
3 10997 10995 11013
3 11013 10995 11010
3 11012 11000 10999
3 11012 10999 11013
3 11013 10999 10997
3 10998 10999 11000
3 11001 11015 11004
3 11015 11018 11004
3 11008 11002 11003
3 11008 11019 11002
3 11019 11016 11002
3 11003 11006 11008
3 11004 11018 11020
3 11005 11004 11020
3 11019 11008 11007
3 11019 11007 11020
3 11020 11007 11005
3 11006 11007 11008
3 11009 11014 11010
3 11009 11012 11014
3 11011 11017 11015
3 11013 11010 11014
3 11016 11017 11011
3 11012 11013 11014
3 11017 11021 11022
3 11017 11022 11015
3 11015 11022 11018
3 11021 11017 11016
3 11021 11016 11023
3 11023 11016 11019
3 11018 11022 11024
3 11020 11018 11024
3 11023 11019 11020
3 11024 11023 11020
3 11021 11025 11022
3 11021 11023 11025
3 11022 11025 11024
3 11023 11024 11025
3 11026 11030 11031
3 11030 11026 11032
3 11027 11026 11031
3 11034 11027 11031
3 11037 11032 11026
3 11027 11037 11026
3 11028 11035 11039
3 11034 11038 11027
3 11035 11028 11040
3 11037 11027 11038
3 11028 11039 11041
3 11040 11028 11041
3 11029 11042 11045
3 11042 11029 11047
3 11029 11045 11048
3 11047 11029 11048
3 11030 11033 11031
3 11030 11032 11033
3 11036 11055 11057
3 11033 11056 11055
3 11033 11055 11034
3 11033 11034 11031
3 11034 11055 11036
3 11056 11033 11032
3 11056 11032 11058
3 11058 11032 11037
3 11035 11036 11057
3 11035 11057 11039
3 11039 11057 11060
3 11038 11036 11059
3 11038 11034 11036
3 11059 11036 11063
3 11035 11040 11036
3 11063 11036 11040
3 11058 11037 11038
3 11059 11058 11038
3 11043 11061 11066
3 11041 11043 11044
3 11041 11060 11043
3 11041 11039 11060
3 11061 11043 11060
3 11041 11044 11068
3 11041 11068 11040
3 11040 11068 11063
3 11046 11065 11069
3 11046 11045 11042
3 11046 11042 11065
3 11065 11042 11067
3 11047 11049 11043
3 11047 11043 11067
3 11047 11067 11042
3 11067 11043 11066
3 11044 11043 11050
3 11050 11043 11049
3 11073 11068 11044
3 11050 11073 11044
3 11046 11069 11070
3 11045 11046 11070
3 11045 11070 11048
3 11048 11070 11072
3 11047 11048 11072
3 11047 11072 11051
3 11047 11051 11049
3 11077 11051 11072
3 11050 11049 11052
3 11052 11049 11051
3 11074 11073 11050
3 11074 11050 11053
3 11053 11050 11052
3 11074 11053 11081
3 11051 11077 11079
3 11052 11051 11079
3 11080 11052 11079
3 11053 11052 11080
3 11082 11053 11080
3 11081 11053 11082
3 11054 11085 11088
3 11085 11054 11089
3 11054 11088 11090
3 11089 11054 11090
3 11055 11092 11094
3 11057 11055 11094
3 11056 11093 11055
3 11055 11093 11092
3 11093 11056 11058
3 11096 11093 11058
3 11062 11095 11097
3 11062 11094 11095
3 11062 11060 11094
3 11060 11057 11094
3 11059 11063 11064
3 11059 11064 11098
3 11059 11098 11058
3 11058 11098 11096
3 11061 11062 11097
3 11061 11097 11066
3 11066 11097 11100
3 11060 11062 11061
3 11064 11102 11099
3 11064 11063 11102
3 11063 11068 11102
3 11098 11064 11099
3 11065 11071 11069
3 11105 11071 11065
3 11105 11065 11101
3 11101 11065 11067
3 11100 11067 11066
3 11101 11067 11100
3 11103 11073 11075
3 11103 11102 11073
3 11102 11068 11073
3 11103 11075 11108
3 11071 11070 11069
3 11106 11109 11076
3 11070 11105 11072
3 11070 11071 11105
3 11072 11105 11078
3 11106 11076 11105
3 11078 11105 11076
3 11072 11078 11077
3 11073 11074 11075
3 11075 11074 11081
3 11075 11081 11108
3 11108 11081 11111
3 11076 11109 11110
3 11110 11113 11083
3 11110 11083 11076
3 11076 11083 11078
3 11077 11084 11079
3 11077 11078 11084
3 11078 11083 11084
3 11079 11086 11080
3 11084 11086 11079
3 11080 11087 11082
3 11086 11087 11080
3 11082 11087 11117
3 11082 11117 11081
3 11081 11117 11111
3 11083 11113 11115
3 11084 11083 11115
3 11116 11084 11115
3 11085 11120 11088
3 11085 11084 11120
3 11085 11086 11084
3 11084 11116 11120
3 11089 11086 11085
3 11089 11091 11086
3 11091 11087 11086
3 11122 11117 11087
3 11091 11122 11087
3 11088 11120 11121
3 11090 11088 11121
3 11091 11089 11090
3 11091 11090 11123
3 11123 11090 11121
3 11122 11091 11123
3 11092 11124 11126
3 11094 11092 11126
3 11093 11125 11092
3 11092 11125 11124
3 11125 11093 11096
3 11129 11125 11096
3 11095 11127 11130
3 11097 11095 11130
3 11126 11095 11094
3 11127 11095 11126
3 11096 11098 11129
3 11129 11098 11132
3 11097 11130 11100
3 11130 11134 11100
3 11099 11102 11104
3 11099 11104 11136
3 11099 11136 11098
3 11098 11136 11132
3 11107 11133 11137
3 11107 11105 11101
3 11107 11101 11133
3 11133 11101 11135
3 11134 11101 11100
3 11135 11101 11134
3 11102 11103 11104
3 11104 11103 11108
3 11104 11108 11136
3 11136 11108 11138
3 11106 11107 11137
3 11106 11137 11109
3 11109 11137 11140
3 11105 11107 11106
3 11108 11111 11138
3 11138 11111 11143
3 11112 11141 11145
3 11110 11112 11114
3 11110 11140 11112
3 11110 11109 11140
3 11141 11112 11140
3 11110 11114 11113
3 11118 11149 11144
3 11118 11144 11143
3 11118 11143 11117
3 11117 11143 11111
3 11119 11112 11145
3 11152 11119 11145
3 11153 11146 11114
3 11153 11114 11119
3 11119 11114 11112
3 11113 11114 11146
3 11113 11146 11115
3 11115 11146 11147
3 11116 11115 11148
3 11115 11147 11148
3 11148 11120 11116
3 11157 11120 11148
3 11118 11151 11149
3 11151 11118 11117
3 11151 11117 11160
3 11160 11117 11122
3 11119 11152 11154
3 11153 11119 11154
3 11120 11157 11159
3 11121 11120 11159
3 11123 11121 11161
3 11121 11159 11161
3 11160 11122 11123
3 11161 11160 11123
3 11124 11128 11126
3 11165 11128 11124
3 11165 11124 11164
3 11164 11124 11125
3 11164 11125 11129
3 11167 11164 11129
3 11127 11131 11130
3 11127 11169 11131
3 11126 11169 11127
3 11126 11166 11169
3 11126 11128 11166
3 11165 11166 11128
3 11129 11132 11167
3 11167 11132 11171
3 11131 11170 11173
3 11131 11173 11130
3 11130 11173 11134
3 11169 11170 11131
3 11132 11136 11171
3 11171 11136 11175
3 11133 11172 11177
3 11137 11133 11177
3 11135 11174 11133
3 11133 11174 11172
3 11173 11135 11134
3 11174 11135 11173
3 11136 11138 11175
3 11175 11138 11180
3 11139 11176 11181
3 11139 11142 11178
3 11176 11139 11178
3 11142 11177 11178
3 11142 11140 11177
3 11140 11137 11177
3 11138 11143 11180
3 11180 11143 11184
3 11139 11181 11182
3 11141 11186 11145
3 11141 11139 11186
3 11141 11142 11139
3 11139 11182 11186
3 11140 11142 11141
3 11150 11188 11183
3 11150 11144 11149
3 11150 11183 11144
3 11183 11185 11144
3 11184 11143 11144
3 11185 11184 11144
3 11145 11186 11152
3 11186 11193 11152
3 11146 11153 11155
3 11146 11156 11147
3 11155 11156 11146
3 11147 11158 11148
3 11156 11158 11147
3 11150 11189 11188
3 11157 11148 11158
3 11162 11198 11189
3 11151 11162 11189
3 11151 11189 11150
3 11151 11150 11149
3 11151 11160 11162
3 11163 11154 11152
3 11163 11152 11200
3 11200 11152 11193
3 11154 11163 11202
3 11153 11154 11202
3 11153 11202 11195
3 11153 11195 11155
3 11156 11155 11195
3 11196 11156 11195
3 11158 11156 11196
3 11197 11158 11196
3 11157 11158 11197
3 11157 11197 11159
3 11159 11197 11199
3 11198 11162 11161
3 11198 11161 11199
3 11199 11161 11159
3 11160 11161 11162
3 11163 11200 11203
3 11202 11163 11203
3 11164 11168 11165
3 11164 11167 11168
3 11166 11210 11212
3 11169 11166 11212
3 11168 11166 11165
3 11168 11211 11166
3 11211 11210 11166
3 11211 11168 11167
3 11211 11167 11215
3 11215 11167 11171
3 11170 11213 11218
3 11173 11170 11218
3 11212 11170 11169
3 11213 11170 11212
3 11171 11175 11215
3 11215 11175 11221
3 11179 11216 11222
3 11179 11177 11172
3 11179 11172 11216
3 11216 11172 11217
3 11174 11219 11172
3 11172 11219 11217
3 11218 11174 11173
3 11219 11174 11218
3 11175 11180 11221
3 11221 11180 11227
3 11176 11223 11228
3 11181 11176 11228
3 11222 11178 11179
3 11222 11223 11178
3 11223 11176 11178
3 11177 11179 11178
3 11180 11184 11227
3 11227 11184 11229
3 11187 11182 11181
3 11187 11181 11230
3 11230 11181 11228
3 11182 11187 11186
3 11183 11188 11190
3 11183 11191 11185
3 11190 11191 11183
3 11185 11191 11232
3 11185 11232 11184
3 11184 11232 11229
3 11192 11231 11234
3 11230 11231 11192
3 11230 11192 11187
3 11187 11192 11194
3 11186 11194 11193
3 11187 11194 11186
3 11188 11189 11190
3 11233 11191 11190
3 11233 11190 11198
3 11233 11198 11237
3 11189 11198 11190
3 11232 11191 11233
3 11192 11234 11235
3 11235 11238 11201
3 11235 11201 11192
3 11192 11201 11194
3 11193 11201 11200
3 11194 11201 11193
3 11195 11202 11204
3 11195 11205 11196
3 11204 11205 11195
3 11196 11206 11197
3 11205 11206 11196
3 11197 11207 11199
3 11206 11207 11197
3 11199 11207 11243
3 11199 11243 11198
3 11198 11243 11237
3 11201 11238 11240
3 11208 11240 11245
3 11203 11240 11208
3 11203 11201 11240
3 11203 11200 11201
3 11203 11204 11202
3 11203 11208 11204
3 11208 11209 11204
3 11248 11241 11205
3 11248 11205 11209
3 11209 11205 11204
3 11206 11205 11241
3 11242 11206 11241
3 11207 11206 11242
3 11244 11207 11242
3 11243 11207 11244
3 11208 11245 11247
3 11209 11208 11247
3 11249 11209 11247
3 11248 11209 11249
3 11210 11214 11212
3 11256 11214 11210
3 11256 11210 11255
3 11255 11210 11211
3 11255 11211 11215
3 11258 11255 11215
3 11213 11220 11218
3 11213 11260 11220
3 11212 11260 11213
3 11212 11257 11260
3 11212 11214 11257
3 11256 11257 11214
3 11215 11221 11258
3 11258 11221 11263
3 11216 11224 11222
3 11216 11217 11225
3 11224 11216 11225
3 11217 11219 11226
3 11225 11217 11226
3 11219 11267 11226
3 11218 11267 11219
3 11218 11261 11267
3 11218 11220 11261
3 11260 11261 11220
3 11221 11227 11263
3 11263 11227 11270
3 11223 11264 11271
3 11228 11223 11271
3 11224 11223 11222
3 11224 11265 11223
3 11265 11264 11223
3 11225 11265 11224
3 11266 11265 11225
3 11226 11266 11225
3 11268 11266 11226
3 11267 11268 11226
3 11227 11229 11270
3 11270 11229 11275
3 11228 11271 11230
3 11271 11276 11230
3 11229 11232 11275
3 11275 11232 11278
3 11231 11236 11234
3 11231 11280 11236
3 11231 11230 11280
3 11230 11276 11280
3 11233 11283 11279
3 11237 11283 11233
3 11278 11232 11233
3 11279 11278 11233
3 11236 11235 11234
3 11281 11285 11239
3 11239 11280 11281
3 11239 11238 11280
3 11236 11280 11235
3 11235 11280 11238
3 11237 11243 11283
3 11283 11243 11288
3 11239 11285 11286
3 11246 11286 11290
3 11240 11286 11246
3 11240 11239 11286
3 11240 11238 11239
3 11240 11246 11245
3 11241 11293 11287
3 11248 11293 11241
3 11250 11287 11294
3 11250 11242 11287
3 11242 11241 11287
3 11242 11251 11244
3 11250 11251 11242
3 11244 11251 11298
3 11244 11298 11243
3 11243 11298 11288
3 11246 11290 11292
3 11252 11292 11300
3 11247 11292 11252
3 11247 11246 11292
3 11247 11245 11246
3 11247 11253 11249
3 11252 11253 11247
3 11295 11293 11248
3 11295 11248 11253
3 11295 11253 11254
3 11253 11248 11249
3 11294 11297 11250
3 11295 11254 11304
3 11251 11250 11297
3 11299 11251 11297
3 11298 11251 11299
3 11252 11300 11302
3 11253 11252 11302
3 11303 11253 11302
3 11254 11253 11303
3 11305 11254 11303
3 11304 11254 11305
3 11255 11259 11256
3 11255 11258 11259
3 11257 11262 11260
3 11257 11310 11262
3 11256 11310 11257
3 11256 11309 11310
3 11256 11259 11309
3 11309 11259 11258
3 11309 11258 11312
3 11312 11258 11263
3 11261 11269 11267
3 11261 11315 11269
3 11260 11315 11261
3 11260 11311 11315
3 11260 11262 11311
3 11310 11311 11262
3 11263 11270 11312
3 11312 11270 11318
3 11264 11272 11271
3 11264 11265 11273
3 11272 11264 11273
3 11265 11266 11274
3 11273 11265 11274
3 11320 11274 11266
3 11320 11266 11314
3 11314 11266 11268
3 11269 11268 11267
3 11269 11316 11268
3 11316 11314 11268
3 11315 11316 11269
3 11270 11275 11318
3 11318 11275 11323
3 11272 11277 11276
3 11271 11272 11276
3 11324 11273 11319
3 11324 11277 11273
3 11277 11272 11273
3 11274 11319 11273
3 11321 11319 11274
3 11320 11321 11274
3 11275 11278 11323
3 11323 11278 11326
3 11277 11282 11280
3 11276 11277 11280
3 11328 11277 11324
3 11282 11277 11328
3 11279 11283 11284
3 11279 11284 11331
3 11279 11331 11278
3 11278 11331 11326
3 11281 11327 11332
3 11285 11281 11332
3 11282 11281 11280
3 11282 11329 11281
3 11329 11327 11281
3 11328 11329 11282
3 11284 11288 11289
3 11283 11288 11284
3 11334 11331 11284
3 11289 11334 11284
3 11291 11286 11285
3 11291 11285 11336
3 11336 11285 11332
3 11286 11291 11290
3 11287 11293 11296
3 11287 11296 11294
3 11289 11339 11335
3 11289 11288 11339
3 11288 11298 11339
3 11334 11289 11335
3 11291 11336 11337
3 11301 11337 11340
3 11292 11337 11301
3 11292 11291 11337
3 11292 11290 11291
3 11292 11301 11300
3 11293 11295 11296
3 11304 11296 11295
3 11304 11306 11296
3 11294 11296 11297
3 11297 11296 11306
3 11297 11307 11299
3 11306 11307 11297
3 11299 11307 11345
3 11299 11345 11298
3 11298 11345 11339
3 11301 11340 11341
3 11300 11301 11341
3 11300 11341 11302
3 11302 11341 11342
3 11303 11302 11343
3 11302 11342 11343
3 11305 11303 11344
3 11303 11343 11344
3 11304 11305 11344
3 11304 11344 11308
3 11304 11308 11306
3 11348 11308 11344
3 11349 11346 11307
3 11349 11307 11308
3 11308 11307 11306
3 11345 11307 11346
3 11308 11348 11350
3 11349 11308 11350
3 11309 11313 11310
3 11309 11312 11313
3 11311 11317 11315
3 11311 11354 11317
3 11310 11354 11311
3 11310 11352 11354
3 11310 11313 11352
3 11352 11313 11312
3 11352 11312 11357
3 11357 11312 11318
3 11314 11322 11320
3 11360 11322 11314
3 11360 11314 11353
3 11353 11314 11316
3 11317 11316 11315
3 11317 11355 11316
3 11355 11353 11316
3 11354 11355 11317
3 11318 11323 11357
3 11357 11323 11363
3 11319 11325 11324
3 11365 11325 11319
3 11365 11319 11359
3 11359 11319 11321
3 11322 11321 11320
3 11322 11361 11321
3 11361 11359 11321
3 11360 11361 11322
3 11323 11326 11363
3 11363 11326 11369
3 11325 11330 11328
3 11324 11325 11328
3 11372 11325 11365
3 11330 11325 11372
3 11326 11331 11369
3 11369 11331 11377
3 11327 11371 11379
3 11332 11327 11379
3 11333 11380 11371
3 11333 11371 11329
3 11329 11371 11327
3 11329 11383 11333
3 11328 11383 11329
3 11328 11373 11383
3 11328 11330 11373
3 11372 11373 11330
3 11331 11334 11377
3 11377 11334 11389
3 11381 11338 11336
3 11381 11336 11379
3 11379 11336 11332
3 11392 11333 11384
3 11392 11338 11333
3 11380 11333 11381
3 11381 11333 11338
3 11383 11384 11333
3 11335 11396 11390
3 11339 11396 11335
3 11389 11334 11335
3 11390 11389 11335
3 11336 11338 11337
3 11338 11340 11337
3 11338 11392 11340
3 11392 11399 11340
3 11347 11406 11397
3 11347 11397 11396
3 11347 11396 11345
3 11345 11396 11339
3 11340 11399 11400
3 11341 11340 11400
3 11342 11341 11402
3 11341 11400 11402
3 11343 11342 11403
3 11342 11402 11403
3 11344 11343 11404
3 11343 11403 11404
3 11348 11407 11351
3 11348 11344 11407
3 11344 11404 11407
3 11406 11351 11407
3 11347 11351 11406
3 11347 11349 11351
3 11347 11346 11349
3 11345 11346 11347
3 11348 11351 11350
3 11349 11350 11351
3 11356 11409 11410
3 11358 11354 11352
3 11411 11409 11356
3 11352 11357 11358
3 11353 11362 11360
3 11356 11410 11413
3 11356 11413 11353
3 11356 11353 11355
3 11362 11353 11413
3 11411 11355 11415
3 11411 11356 11355
3 11415 11355 11364
3 11354 11358 11355
3 11364 11355 11358
3 11357 11363 11364
3 11358 11357 11364
3 11359 11366 11365
3 11359 11361 11367
3 11366 11359 11367
3 11361 11418 11367
3 11360 11418 11361
3 11360 11414 11418
3 11360 11362 11414
3 11414 11368 11419
3 11414 11362 11368
3 11416 11368 11413
3 11413 11368 11362
3 11415 11368 11416
3 11415 11364 11368
3 11364 11370 11368
3 11363 11369 11370
3 11364 11363 11370
3 11366 11374 11372
3 11365 11366 11372
3 11367 11375 11366
3 11375 11374 11366
3 11421 11367 11418
3 11375 11367 11421
3 11376 11419 11368
3 11422 11419 11376
3 11370 11378 11368
3 11378 11376 11368
3 11369 11377 11378
3 11370 11369 11378
3 11371 11382 11379
3 11371 11380 11382
3 11373 11385 11383
3 11373 11372 11374
3 11373 11374 11385
3 11385 11374 11386
3 11375 11387 11374
3 11387 11386 11374
3 11425 11375 11421
3 11387 11375 11425
3 11388 11422 11376
3 11426 11422 11388
3 11378 11391 11376
3 11391 11388 11376
3 11377 11389 11391
3 11378 11377 11391
3 11379 11382 11381
3 11384 11424 11428
3 11384 11428 11392
3 11381 11382 11380
3 11383 11424 11384
3 11383 11393 11424
3 11383 11385 11393
3 11429 11424 11393
3 11386 11394 11385
3 11394 11393 11385
3 11387 11395 11386
3 11395 11394 11386
3 11434 11387 11425
3 11395 11387 11434
3 11398 11426 11388
3 11435 11426 11398
3 11390 11396 11398
3 11390 11398 11391
3 11391 11398 11388
3 11389 11390 11391
3 11430 11401 11399
3 11430 11399 11428
3 11428 11399 11392
3 11438 11393 11432
3 11438 11401 11393
3 11429 11393 11430
3 11430 11393 11401
3 11394 11432 11393
3 11433 11432 11394
3 11433 11405 11441
3 11433 11394 11405
3 11394 11395 11405
3 11436 11395 11434
3 11436 11408 11395
3 11408 11405 11395
3 11435 11408 11436
3 11398 11408 11435
3 11398 11406 11408
3 11398 11397 11406
3 11396 11397 11398
3 11399 11401 11400
3 11401 11438 11439
3 11401 11439 11400
3 11400 11439 11402
3 11403 11402 11442
3 11402 11439 11442
3 11441 11405 11404
3 11441 11404 11442
3 11442 11404 11403
3 11407 11404 11405
3 11408 11407 11405
3 11406 11407 11408
3 11409 11412 11410
3 11409 11411 11412
3 11412 11417 11413
3 11410 11412 11413
3 11411 11415 11417
3 11412 11411 11417
3 11414 11420 11418
3 11416 11413 11417
3 11419 11420 11414
3 11415 11416 11417
3 11420 11423 11421
3 11418 11420 11421
3 11419 11422 11423
3 11420 11419 11423
3 11423 11427 11425
3 11421 11423 11425
3 11422 11426 11427
3 11423 11422 11427
3 11424 11431 11428
3 11424 11429 11431
3 11427 11437 11434
3 11425 11427 11434
3 11426 11435 11437
3 11427 11426 11437
3 11428 11431 11430
3 11429 11430 11431
3 11432 11440 11438
3 11432 11433 11443
3 11440 11432 11443
3 11433 11441 11443
3 11434 11437 11436
3 11435 11436 11437
3 11438 11440 11439
3 11442 11439 11440
3 11443 11442 11440
3 11441 11442 11443
3 11444 11449 11452
3 11444 11445 11450
3 11449 11444 11450
3 11450 11445 11455
3 11446 11451 11457
3 11446 11447 11453
3 11451 11446 11453
3 11452 11454 11444
3 11453 11447 11458
3 11445 11444 11454
3 11456 11445 11454
3 11455 11445 11456
3 11448 11446 11457
3 11460 11448 11457
3 11462 11459 11447
3 11462 11447 11448
3 11448 11447 11446
3 11458 11447 11459
3 11448 11460 11463
3 11462 11448 11463
3 11449 11465 11468
3 11452 11449 11468
3 11450 11466 11449
3 11449 11466 11465
3 11466 11450 11455
3 11472 11466 11455
3 11451 11467 11475
3 11457 11451 11475
3 11453 11469 11451
3 11451 11469 11467
3 11453 11458 11478
3 11453 11478 11469
3 11454 11452 11470
3 11470 11452 11468
3 11456 11454 11473
3 11454 11470 11473
3 11472 11455 11456
3 11473 11472 11456
3 11461 11476 11480
3 11461 11475 11476
3 11461 11460 11475
3 11460 11457 11475
3 11459 11483 11479
3 11462 11483 11459
3 11478 11458 11459
3 11479 11478 11459
3 11461 11480 11481
3 11464 11481 11484
3 11463 11481 11464
3 11463 11461 11481
3 11463 11460 11461
3 11463 11464 11486
3 11463 11486 11462
3 11462 11486 11483
3 11464 11484 11487
3 11486 11464 11487
3 11465 11471 11468
3 11465 11466 11474
3 11471 11465 11474
3 11466 11472 11474
3 11467 11477 11475
3 11489 11477 11467
3 11489 11467 11488
3 11488 11467 11469
3 11478 11491 11488
3 11478 11488 11469
3 11468 11471 11470
3 11473 11470 11471
3 11474 11473 11471
3 11472 11473 11474
3 11476 11482 11480
3 11476 11495 11482
3 11475 11495 11476
3 11475 11490 11495
3 11475 11477 11490
3 11497 11477 11483
3 11497 11490 11477
3 11483 11477 11479
3 11489 11492 11477
3 11479 11477 11492
3 11491 11478 11479
3 11492 11491 11479
3 11482 11481 11480
3 11496 11500 11485
3 11485 11495 11496
3 11485 11484 11495
3 11482 11495 11481
3 11481 11495 11484
3 11483 11486 11497
3 11497 11486 11503
3 11485 11500 11501
3 11484 11485 11501
3 11484 11501 11487
3 11487 11501 11504
3 11503 11486 11487
3 11504 11503 11487
3 11488 11493 11489
3 11491 11493 11488
3 11494 11505 11506
3 11505 11494 11508
3 11490 11498 11495
3 11489 11493 11492
3 11497 11498 11490
3 11507 11511 11499
3 11491 11492 11493
3 11506 11509 11494
3 11499 11513 11507
3 11508 11494 11509
3 11496 11502 11500
3 11496 11516 11502
3 11495 11516 11496
3 11495 11512 11516
3 11495 11498 11512
3 11499 11511 11514
3 11497 11517 11498
3 11497 11503 11517
3 11517 11512 11498
3 11513 11499 11514
3 11500 11502 11501
3 11502 11516 11518
3 11502 11518 11501
3 11501 11518 11504
3 11517 11503 11504
3 11518 11517 11504
3 11505 11510 11506
3 11505 11508 11510
3 11507 11515 11511
3 11509 11506 11510
3 11513 11515 11507
3 11508 11509 11510
3 11512 11519 11516
3 11511 11515 11514
3 11517 11519 11512
3 11521 11522 11520
3 11514 11515 11513
3 11520 11523 11521
3 11516 11519 11518
3 11520 11522 11524
3 11517 11518 11519
3 11523 11520 11524
3 11521 11525 11522
3 11521 11523 11525
3 11522 11525 11524
3 11523 11524 11525
3 11526 11528 11530
3 11526 11527 11529
3 11528 11526 11529
3 11529 11527 11532
3 11526 11530 11531
3 11527 11526 11531
3 11533 11527 11531
3 11532 11527 11533
3 11528 11535 11537
3 11530 11528 11537
3 11529 11536 11528
3 11528 11536 11535
3 11536 11529 11532
3 11541 11536 11532
3 11534 11538 11544
3 11539 11531 11530
3 11539 11530 11537
3 11538 11534 11545
3 11533 11531 11542
3 11531 11539 11542
3 11541 11532 11533
3 11542 11541 11533
3 11534 11544 11546
3 11545 11534 11546
3 11535 11540 11537
3 11553 11540 11535
3 11553 11535 11550
3 11550 11535 11536
3 11541 11543 11551
3 11541 11551 11536
3 11536 11551 11550
3 11551 11543 11557
3 11538 11552 11559
3 11544 11538 11559
3 11540 11539 11537
3 11554 11538 11547
3 11554 11552 11538
3 11538 11545 11547
3 11547 11562 11554
3 11540 11553 11539
3 11539 11553 11555
3 11539 11555 11542
3 11543 11541 11542
3 11543 11542 11558
3 11558 11542 11555
3 11557 11543 11558
3 11548 11560 11565
3 11546 11548 11549
3 11546 11559 11548
3 11546 11544 11559
3 11560 11548 11559
3 11546 11549 11567
3 11545 11546 11567
3 11545 11567 11563
3 11545 11563 11547
3 11562 11547 11563
3 11548 11565 11566
3 11549 11548 11566
3 11568 11549 11566
3 11567 11549 11568
3 11550 11556 11553
3 11574 11556 11550
3 11574 11550 11572
3 11572 11550 11551
3 11572 11551 11557
3 11576 11572 11557
3 11552 11561 11559
3 11580 11561 11552
3 11580 11552 11573
3 11573 11552 11554
3 11556 11555 11553
3 11575 11554 11564
3 11575 11573 11554
3 11554 11562 11564
3 11564 11583 11575
3 11556 11574 11555
3 11555 11574 11577
3 11555 11577 11558
3 11576 11557 11558
3 11577 11576 11558
3 11560 11579 11586
3 11565 11560 11586
3 11561 11560 11559
3 11561 11581 11560
3 11581 11579 11560
3 11563 11567 11569
3 11561 11580 11581
3 11563 11569 11588
3 11562 11563 11588
3 11562 11588 11584
3 11562 11584 11564
3 11583 11564 11584
3 11570 11566 11565
3 11570 11565 11591
3 11591 11565 11586
3 11566 11571 11568
3 11570 11571 11566
3 11568 11571 11594
3 11567 11568 11594
3 11567 11594 11589
3 11567 11589 11569
3 11588 11569 11589
3 11570 11591 11592
3 11571 11570 11592
3 11595 11571 11592
3 11594 11571 11595
3 11572 11578 11574
3 11572 11576 11578
3 11573 11582 11580
3 11602 11582 11573
3 11602 11573 11599
3 11599 11573 11575
3 11578 11577 11574
3 11600 11575 11585
3 11600 11599 11575
3 11575 11583 11585
3 11577 11578 11576
3 11585 11605 11600
3 11579 11587 11586
3 11608 11587 11579
3 11608 11579 11601
3 11601 11579 11581
3 11582 11581 11580
3 11582 11603 11581
3 11603 11601 11581
3 11584 11588 11590
3 11582 11602 11603
3 11584 11590 11611
3 11583 11584 11611
3 11583 11611 11606
3 11583 11606 11585
3 11605 11585 11606
3 11587 11593 11591
3 11586 11587 11591
3 11614 11587 11608
3 11593 11587 11614
3 11589 11594 11596
3 11589 11596 11616
3 11588 11589 11616
3 11588 11616 11612
3 11588 11612 11590
3 11611 11590 11612
3 11591 11593 11592
3 11593 11595 11592
3 11593 11619 11595
3 11593 11614 11619
3 11619 11597 11595
3 11595 11596 11594
3 11595 11597 11596
3 11597 11598 11596
3 11622 11616 11596
3 11598 11622 11596
3 11597 11619 11620
3 11598 11597 11620
3 11623 11598 11620
3 11622 11598 11623
3 11599 11604 11602
3 11599 11600 11607
3 11604 11599 11607
3 11600 11605 11607
3 11601 11609 11608
3 11601 11603 11610
3 11609 11601 11610
3 11603 11602 11604
3 11603 11604 11610
3 11610 11604 11613
3 11606 11611 11613
3 11606 11613 11607
3 11607 11613 11604
3 11605 11606 11607
3 11609 11615 11614
3 11608 11609 11614
3 11610 11617 11609
3 11617 11615 11609
3 11625 11626 11618
3 11612 11616 11613
3 11613 11616 11617
3 11613 11617 11610
3 11612 11613 11611
3 11618 11627 11625
3 11615 11621 11619
3 11614 11615 11619
3 11617 11624 11615
3 11624 11621 11615
3 11616 11622 11624
3 11616 11624 11617
3 11626 11628 11618
3 11627 11618 11628
3 11619 11621 11620
3 11623 11620 11621
3 11624 11623 11621
3 11622 11623 11624
3 11625 11629 11626
3 11625 11627 11629
3 11626 11629 11628
3 11627 11628 11629
3 11630 11633 11636
3 11630 11631 11634
3 11633 11630 11634
3 11631 11632 11635
3 11634 11631 11635
3 11635 11632 11639
3 11630 11636 11637
3 11631 11630 11637
3 11638 11631 11637
3 11632 11631 11638
3 11640 11632 11638
3 11639 11632 11640
3 11633 11643 11646
3 11636 11633 11646
3 11634 11644 11633
3 11633 11644 11643
3 11641 11648 11644
3 11641 11644 11635
3 11635 11644 11634
3 11635 11639 11641
3 11642 11645 11650
3 11645 11642 11651
3 11636 11646 11647
3 11637 11636 11647
3 11638 11637 11649
3 11637 11647 11649
3 11648 11641 11640
3 11648 11640 11649
3 11649 11640 11638
3 11639 11640 11641
3 11642 11650 11652
3 11651 11642 11652
3 11643 11656 11659
3 11646 11643 11659
3 11644 11657 11643
3 11643 11657 11656
3 11657 11644 11648
3 11663 11657 11648
3 11645 11658 11666
3 11650 11645 11666
3 11651 11653 11660
3 11651 11660 11645
3 11645 11660 11658
3 11661 11647 11646
3 11661 11646 11659
3 11660 11653 11670
3 11649 11647 11664
3 11647 11661 11664
3 11663 11648 11649
3 11664 11663 11649
3 11654 11667 11674
3 11668 11652 11650
3 11668 11650 11666
3 11667 11654 11676
3 11653 11651 11652
3 11653 11652 11671
3 11671 11652 11668
3 11670 11653 11671
3 11655 11675 11679
3 11674 11677 11654
3 11675 11655 11680
3 11676 11654 11677
3 11655 11679 11681
3 11680 11655 11681
3 11656 11662 11659
3 11656 11657 11665
3 11662 11656 11665
3 11657 11663 11665
3 11658 11669 11666
3 11687 11669 11658
3 11687 11658 11683
3 11683 11658 11660
3 11662 11661 11659
3 11684 11660 11672
3 11684 11683 11660
3 11660 11670 11672
3 11662 11665 11664
3 11662 11664 11661
3 11672 11691 11684
3 11663 11664 11665
3 11685 11694 11673
3 11685 11673 11696
3 11667 11686 11698
3 11674 11667 11698
3 11669 11668 11666
3 11688 11667 11678
3 11688 11686 11667
3 11667 11676 11678
3 11678 11701 11688
3 11669 11687 11668
3 11668 11687 11689
3 11668 11689 11671
3 11672 11670 11671
3 11672 11671 11692
3 11692 11671 11689
3 11691 11672 11692
3 11673 11694 11697
3 11696 11673 11697
3 11675 11699 11704
3 11679 11675 11704
3 11675 11680 11705
3 11675 11705 11699
3 11677 11674 11700
3 11700 11674 11698
3 11678 11676 11677
3 11678 11677 11702
3 11702 11677 11700
3 11701 11678 11702
3 11682 11681 11679
3 11682 11679 11708
3 11708 11679 11704
3 11681 11682 11709
3 11681 11709 11680
3 11680 11709 11705
3 11682 11708 11710
3 11709 11682 11710
3 11683 11690 11687
3 11683 11684 11693
3 11690 11683 11693
3 11691 11693 11684
3 11695 11712 11717
3 11695 11694 11685
3 11695 11685 11712
3 11712 11685 11713
3 11713 11685 11696
3 11720 11713 11696
3 11686 11714 11723
3 11698 11686 11723
3 11688 11715 11686
3 11686 11715 11714
3 11690 11689 11687
3 11716 11688 11703
3 11716 11715 11688
3 11688 11701 11703
3 11690 11693 11692
3 11690 11692 11689
3 11703 11726 11716
3 11695 11717 11718
3 11691 11692 11693
3 11694 11695 11718
3 11694 11718 11697
3 11697 11718 11721
3 11720 11696 11697
3 11721 11720 11697
3 11699 11706 11704
3 11699 11705 11706
3 11698 11731 11700
3 11698 11723 11731
3 11731 11707 11700
3 11733 11700 11707
3 11733 11725 11700
3 11725 11702 11700
3 11703 11701 11702
3 11703 11702 11727
3 11727 11702 11725
3 11726 11703 11727
3 11706 11732 11737
3 11706 11737 11704
3 11704 11737 11708
3 11707 11732 11711
3 11707 11731 11732
3 11711 11732 11709
3 11706 11705 11732
3 11709 11732 11705
3 11740 11733 11707
3 11711 11740 11707
3 11708 11737 11738
3 11710 11708 11738
3 11711 11709 11710
3 11711 11710 11741
3 11741 11710 11738
3 11740 11711 11741
3 11712 11719 11717
3 11712 11713 11722
3 11719 11712 11722
3 11713 11720 11722
3 11714 11724 11723
3 11752 11724 11714
3 11752 11714 11747
3 11747 11714 11715
3 11716 11748 11715
3 11715 11748 11747
3 11726 11728 11749
3 11726 11749 11716
3 11716 11749 11748
3 11750 11749 11728
3 11750 11728 11729
3 11718 11717 11719
3 11730 11751 11750
3 11730 11750 11729
3 11722 11721 11719
3 11719 11721 11718
3 11721 11722 11720
3 11730 11759 11751
3 11724 11753 11762
3 11724 11762 11723
3 11723 11762 11731
3 11725 11733 11734
3 11724 11752 11753
3 11725 11735 11727
3 11734 11735 11725
3 11727 11728 11726
3 11727 11735 11728
3 11735 11736 11728
3 11766 11757 11729
3 11766 11729 11736
3 11736 11729 11728
3 11730 11729 11757
3 11760 11730 11757
3 11759 11730 11760
3 11732 11739 11737
3 11732 11770 11739
3 11732 11731 11770
3 11731 11762 11770
3 11734 11740 11742
3 11733 11740 11734
3 11735 11734 11743
3 11743 11734 11742
3 11775 11767 11736
3 11775 11736 11743
3 11743 11736 11735
3 11769 11777 11744
3 11766 11736 11767
3 11769 11744 11780
3 11737 11739 11738
3 11739 11770 11771
3 11739 11771 11738
3 11738 11771 11741
3 11742 11740 11741
3 11742 11741 11773
3 11773 11741 11771
3 11773 11782 11745
3 11773 11745 11742
3 11742 11745 11743
3 11778 11775 11743
3 11778 11743 11746
3 11746 11743 11745
3 11777 11781 11744
3 11778 11746 11785
3 11780 11744 11781
3 11745 11782 11783
3 11746 11745 11783
3 11786 11746 11783
3 11785 11746 11786
3 11747 11754 11752
3 11747 11748 11755
3 11754 11747 11755
3 11748 11749 11756
3 11755 11748 11756
3 11749 11750 11758
3 11756 11749 11758
3 11750 11751 11761
3 11758 11750 11761
3 11751 11759 11761
3 11753 11763 11762
3 11753 11752 11754
3 11753 11754 11763
3 11763 11754 11764
3 11755 11765 11754
3 11765 11764 11754
3 11756 11768 11755
3 11768 11765 11755
3 11757 11766 11768
3 11757 11768 11758
3 11758 11768 11756
3 11760 11757 11758
3 11761 11760 11758
3 11759 11760 11761
3 11763 11772 11770
3 11762 11763 11770
3 11764 11774 11763
3 11774 11772 11763
3 11765 11776 11764
3 11776 11774 11764
3 11787 11789 11779
3 11767 11775 11768
3 11768 11775 11776
3 11768 11776 11765
3 11766 11767 11768
3 11769 11787 11777
3 11769 11788 11787
3 11787 11779 11777
3 11788 11769 11780
3 11791 11788 11780
3 11770 11772 11771
3 11773 11771 11772
3 11774 11773 11772
3 11782 11773 11774
3 11782 11774 11784
3 11784 11774 11776
3 11776 11778 11784
3 11776 11775 11778
3 11784 11778 11794
3 11779 11789 11778
3 11794 11778 11789
3 11781 11779 11792
3 11781 11777 11779
3 11792 11779 11795
3 11778 11785 11779
3 11795 11779 11785
3 11791 11780 11781
3 11792 11791 11781
3 11782 11784 11783
3 11784 11794 11796
3 11784 11796 11783
3 11783 11796 11786
3 11795 11785 11786
3 11796 11795 11786
3 11787 11790 11789
3 11787 11788 11793
3 11790 11787 11793
3 11788 11791 11793
3 11790 11797 11794
3 11789 11790 11794
3 11792 11795 11797
3 11792 11797 11793
3 11793 11797 11790
3 11791 11792 11793
3 11794 11797 11796
3 11795 11796 11797
3 11798 11804 11809
3 11798 11799 11806
3 11804 11798 11806
3 11806 11799 11810
3 11800 11798 11809
3 11812 11800 11809
3 11799 11798 11801
3 11801 11798 11800
3 11814 11810 11799
3 11801 11814 11799
3 11800 11812 11813
3 11801 11800 11813
3 11815 11801 11813
3 11814 11801 11815
3 11802 11817 11819
3 11802 11803 11818
3 11817 11802 11818
3 11818 11803 11821
3 11805 11820 11823
3 11819 11820 11805
3 11819 11805 11802
3 11802 11805 11807
3 11803 11802 11808
3 11808 11802 11807
3 11825 11821 11803
3 11808 11825 11803
3 11804 11805 11823
3 11804 11823 11809
3 11809 11823 11826
3 11806 11805 11804
3 11807 11805 11806
3 11810 11807 11806
3 11810 11811 11807
3 11811 11808 11807
3 11828 11825 11808
3 11811 11828 11808
3 11809 11826 11812
3 11826 11829 11812
3 11811 11814 11816
3 11810 11814 11811
3 11834 11828 11811
3 11816 11834 11811
3 11812 11829 11830
3 11813 11812 11830
3 11815 11813 11832
3 11813 11830 11832
3 11816 11814 11815
3 11816 11815 11835
3 11835 11815 11832
3 11834 11816 11835
3 11817 11837 11840
3 11819 11817 11840
3 11818 11838 11817
3 11817 11838 11837
3 11821 11822 11839
3 11821 11839 11818
3 11818 11839 11838
3 11839 11822 11843
3 11820 11824 11823
3 11820 11846 11824
3 11820 11819 11846
3 11819 11840 11846
3 11822 11848 11844
3 11822 11821 11848
3 11821 11825 11848
3 11843 11822 11844
3 11824 11827 11826
3 11823 11824 11826
3 11850 11824 11846
3 11827 11824 11850
3 11825 11828 11848
3 11848 11828 11853
3 11827 11831 11829
3 11826 11827 11829
3 11851 11827 11850
3 11851 11833 11827
3 11833 11831 11827
3 11833 11854 11836
3 11851 11854 11833
3 11836 11854 11853
3 11836 11853 11834
3 11834 11853 11828
3 11829 11831 11830
3 11832 11830 11831
3 11833 11832 11831
3 11835 11832 11833
3 11836 11835 11833
3 11834 11835 11836
3 11837 11841 11840
3 11837 11838 11842
3 11841 11837 11842
3 11838 11839 11845
3 11842 11838 11845
3 11839 11843 11845
3 11841 11847 11846
3 11840 11841 11846
3 11842 11849 11841
3 11849 11847 11841
3 11844 11848 11849
3 11844 11849 11845
3 11845 11849 11842
3 11843 11844 11845
3 11847 11852 11850
3 11846 11847 11850
3 11849 11855 11847
3 11855 11852 11847
3 11848 11853 11855
3 11849 11848 11855
3 11850 11852 11851
3 11854 11851 11852
3 11855 11854 11852
3 11853 11854 11855
3 11856 11857 11858
3 11857 11856 11859
3 11856 11858 11860
3 11859 11856 11860
3 11857 11861 11858
3 11857 11859 11861
3 11861 11860 11858
3 11865 11866 11862
3 11860 11861 11859
3 11862 11867 11865
3 11863 11862 11866
3 11869 11863 11866
3 11870 11867 11862
3 11863 11870 11862
3 11864 11863 11869
3 11871 11864 11869
3 11873 11870 11863
3 11864 11873 11863
3 11864 11871 11874
3 11873 11864 11874
3 11865 11868 11866
3 11865 11867 11868
3 11868 11877 11878
3 11868 11878 11866
3 11866 11878 11869
3 11877 11868 11867
3 11877 11867 11880
3 11880 11867 11870
3 11872 11879 11881
3 11872 11878 11879
3 11872 11871 11878
3 11871 11869 11878
3 11870 11873 11880
3 11880 11873 11883
3 11875 11872 11881
3 11884 11875 11881
3 11871 11876 11874
3 11871 11872 11876
3 11872 11875 11876
3 11874 11876 11887
3 11874 11887 11873
3 11873 11887 11883
3 11875 11884 11885
3 11876 11875 11885
3 11888 11876 11885
3 11887 11876 11888
3 11877 11890 11891
3 11878 11877 11891
3 11890 11877 11880
3 11892 11890 11880
3 11879 11882 11881
3 11879 11894 11882
3 11879 11878 11894
3 11878 11891 11894
3 11880 11883 11892
3 11892 11883 11895
3 11882 11886 11884
3 11881 11882 11884
3 11896 11882 11894
3 11896 11889 11882
3 11889 11886 11882
3 11889 11896 11895
3 11889 11895 11887
3 11887 11895 11883
3 11884 11886 11885
3 11888 11885 11886
3 11889 11888 11886
3 11887 11888 11889
3 11890 11893 11891
3 11890 11892 11893
3 11893 11897 11894
3 11891 11893 11894
3 11892 11895 11897
3 11893 11892 11897
3 11894 11897 11896
3 11895 11896 11897
3 11898 11901 11904
3 11898 11899 11902
3 11901 11898 11902
3 11902 11899 11907
3 11900 11903 11909
3 11903 11900 11911
3 11898 11904 11905
3 11899 11898 11905
3 11908 11899 11905
3 11907 11899 11908
3 11900 11909 11912
3 11911 11900 11912
3 11901 11906 11904
3 11918 11906 11901
3 11918 11901 11916
3 11916 11901 11902
3 11907 11910 11917
3 11907 11917 11902
3 11902 11917 11916
3 11913 11909 11903
3 11920 11917 11910
3 11903 11911 11913
3 11904 11906 11905
3 11906 11908 11905
3 11906 11922 11908
3 11906 11918 11922
3 11922 11914 11908
3 11908 11910 11907
3 11908 11914 11910
3 11914 11915 11910
3 11910 11915 11924
3 11910 11924 11920
3 11913 11912 11909
3 11911 11912 11913
3 11914 11922 11923
3 11915 11914 11923
3 11925 11915 11923
3 11924 11915 11925
3 11916 11919 11918
3 11916 11917 11921
3 11919 11916 11921
3 11917 11920 11921
3 11919 11926 11928
3 11919 11928 11918
3 11918 11928 11922
3 11921 11926 11919
3 11927 11926 11921
3 11927 11921 11920
3 11927 11920 11931
3 11931 11920 11924
3 11922 11928 11929
3 11923 11922 11929
3 11925 11923 11932
3 11923 11929 11932
3 11931 11924 11925
3 11932 11931 11925
3 11926 11930 11928
3 11926 11927 11933
3 11930 11926 11933
3 11927 11931 11933
3 11928 11930 11929
3 11932 11929 11930
3 11933 11932 11930
3 11931 11932 11933
3 11934 11935 11936
3 11935 11934 11938
3 11934 11936 11939
3 11938 11934 11939
3 11937 11941 11942
3 11940 11936 11935
3 11943 11941 11937
3 11935 11938 11940
3 11937 11942 11944
3 11936 11940 11939
3 11937 11944 11943
3 11938 11939 11940
3 11941 11945 11942
3 11941 11943 11945
3 11942 11945 11944
3 11943 11944 11945
3 11946 11948 11950
3 11946 11947 11949
3 11948 11946 11949
3 11949 11947 11953
3 11946 11950 11951
3 11947 11946 11951
3 11954 11947 11951
3 11953 11947 11954
3 11948 11952 11950
3 11948 11949 11955
3 11952 11948 11955
3 11949 11953 11955
3 11950 11952 11951
3 11954 11951 11952
3 11955 11954 11952
3 11953 11954 11955
3 11956 11958 11959
3 11958 11956 11961
3 11956 11959 11962
3 11961 11956 11962
3 11957 11965 11966
3 11965 11957 11967
3 11960 11957 11966
3 11969 11960 11966
3 11970 11967 11957
3 11970 11957 11960
3 11959 11958 11963
3 11958 11961 11963
3 11964 11960 11969
3 11972 11964 11969
3 11960 11964 11973
3 11960 11973 11970
3 11963 11962 11959
3 11961 11962 11963
3 11964 11972 11974
3 11973 11964 11974
3 11965 11968 11966
3 11965 11967 11968
3 11968 11971 11969
3 11966 11968 11969
3 11967 11970 11971
3 11968 11967 11971
3 11971 11975 11972
3 11969 11971 11972
3 11970 11973 11975
3 11971 11970 11975
3 11972 11975 11974
3 11973 11974 11975
3 11976 11977 11978
3 11977 11976 11979
3 11976 11978 11980
3 11979 11976 11980
3 11977 11981 11978
3 11977 11979 11981
3 11978 11981 11980
3 11979 11980 11981
3 11982 11983 11984
3 11983 11982 11985
3 11982 11984 11986
3 11985 11982 11986
3 11983 11987 11984
3 11983 11985 11987
3 11984 11987 11986
3 11985 11986 11987
3 11988 11993 11995
3 11988 11989 11994
3 11993 11988 11994
3 11994 11989 11997
3 11990 11988 11995
3 11999 11990 11995
3 11989 11988 11991
3 11991 11988 11990
3 12000 11997 11989
3 11991 12000 11989
3 11992 11990 11999
3 12002 11992 11999
3 12003 12001 11991
3 12003 11991 11992
3 11992 11991 11990
3 12000 11991 12001
3 11992 12002 12004
3 12003 11992 12004
3 11993 11996 11995
3 11993 11994 11998
3 11996 11993 11998
3 11994 11997 11998
3 11996 12007 12009
3 11996 12009 11995
3 11995 12009 11999
3 11998 12007 11996
3 12008 12007 11998
3 12008 11998 11997
3 12008 11997 12011
3 12011 11997 12000
3 11999 12009 12002
3 12009 12013 12002
3 12001 12003 12005
3 12001 12005 12015
3 12001 12015 12000
3 12000 12015 12011
3 12006 12004 12002
3 12006 12002 12018
3 12018 12002 12013
3 12004 12006 12019
3 12003 12004 12019
3 12003 12019 12016
3 12003 12016 12005
3 12015 12005 12016
3 12006 12018 12020
3 12019 12006 12020
3 12007 12010 12009
3 12007 12008 12012
3 12010 12007 12012
3 12008 12011 12012
3 12010 12014 12013
3 12009 12010 12013
3 12012 12017 12010
3 12017 12014 12010
3 12011 12015 12017
3 12012 12011 12017
3 12014 12021 12018
3 12013 12014 12018
3 12030 12031 12022
3 12016 12019 12017
3 12017 12019 12021
3 12017 12021 12014
3 12016 12017 12015
3 12022 12032 12030
3 12018 12021 12020
3 12031 12035 12023
3 12031 12023 12022
3 12019 12020 12021
3 12034 12032 12022
3 12034 12022 12024
3 12024 12022 12023
3 12034 12024 12038
3 12023 12035 12036
3 12036 12040 12025
3 12036 12025 12023
3 12023 12025 12024
3 12041 12038 12024
3 12025 12041 12024
3 12026 12025 12040
3 12043 12026 12040
3 12042 12041 12025
3 12042 12025 12027
3 12027 12025 12026
3 12042 12027 12045
3 12028 12026 12043
3 12047 12028 12043
3 12027 12026 12029
3 12029 12026 12028
3 12050 12045 12027
3 12029 12050 12027
3 12028 12047 12048
3 12029 12028 12048
3 12051 12029 12048
3 12050 12029 12051
3 12030 12033 12031
3 12030 12032 12033
3 12033 12037 12035
3 12031 12033 12035
3 12032 12034 12039
3 12032 12039 12033
3 12033 12039 12037
3 12034 12038 12039
3 12035 12037 12036
3 12053 12037 12039
3 12053 12040 12037
3 12053 12054 12040
3 12036 12037 12040
3 12053 12039 12038
3 12053 12038 12055
3 12055 12038 12041
3 12056 12044 12043
3 12056 12043 12054
3 12054 12043 12040
3 12042 12046 12044
3 12042 12044 12055
3 12042 12055 12041
3 12056 12055 12044
3 12042 12045 12046
3 12044 12049 12047
3 12043 12044 12047
3 12046 12052 12044
3 12052 12049 12044
3 12045 12050 12052
3 12046 12045 12052
3 12047 12049 12048
3 12051 12048 12049
3 12052 12051 12049
3 12050 12051 12052
3 12053 12057 12054
3 12053 12055 12057
3 12054 12057 12056
3 12055 12056 12057
3 12058 12062 12064
3 12062 12058 12065
3 12059 12058 12064
3 12066 12059 12064
3 12068 12065 12058
3 12059 12068 12058
3 12059 12066 12069
3 12068 12059 12069
3 12060 12070 12072
3 12060 12061 12071
3 12070 12060 12071
3 12071 12061 12075
3 12060 12072 12074
3 12074 12076 12063
3 12074 12063 12060
3 12060 12063 12061
3 12078 12075 12061
3 12063 12078 12061
3 12062 12063 12076
3 12062 12076 12064
3 12064 12076 12079
3 12063 12062 12065
3 12063 12065 12078
3 12078 12065 12082
3 12067 12080 12083
3 12067 12079 12080
3 12067 12066 12079
3 12066 12064 12079
3 12065 12068 12082
3 12082 12068 12085
3 12067 12083 12084
3 12066 12067 12084
3 12066 12084 12069
3 12069 12084 12086
3 12085 12068 12069
3 12086 12085 12069
3 12073 12087 12090
3 12073 12072 12070
3 12073 12070 12087
3 12087 12070 12088
3 12071 12089 12070
3 12070 12089 12088
3 12089 12071 12075
3 12093 12089 12075
3 12073 12090 12091
3 12077 12091 12095
3 12074 12091 12077
3 12074 12073 12091
3 12074 12072 12073
3 12074 12077 12076
3 12075 12078 12093
3 12093 12078 12097
3 12081 12077 12095
3 12099 12081 12095
3 12076 12081 12079
3 12077 12081 12076
3 12078 12082 12097
3 12097 12082 12100
3 12080 12081 12099
3 12080 12099 12083
3 12083 12099 12101
3 12079 12081 12080
3 12082 12085 12100
3 12100 12085 12103
3 12083 12101 12102
3 12084 12083 12102
3 12086 12084 12104
3 12084 12102 12104
3 12103 12085 12086
3 12104 12103 12086
3 12087 12092 12090
3 12106 12092 12087
3 12106 12087 12105
3 12105 12087 12088
3 12094 12108 12105
3 12094 12105 12089
3 12089 12105 12088
3 12089 12093 12094
3 12092 12091 12090
3 12107 12110 12096
3 12096 12106 12107
3 12096 12095 12106
3 12092 12106 12091
3 12091 12106 12095
3 12098 12108 12094
3 12113 12108 12098
3 12093 12097 12098
3 12094 12093 12098
3 12096 12110 12111
3 12111 12095 12096
3 12111 12116 12095
3 12116 12099 12095
3 12098 12115 12113
3 12115 12098 12097
3 12115 12097 12117
3 12117 12097 12100
3 12099 12116 12101
3 12116 12118 12101
3 12100 12103 12117
3 12117 12103 12120
3 12101 12118 12119
3 12102 12101 12119
3 12104 12102 12121
3 12102 12119 12121
3 12120 12103 12104
3 12121 12120 12104
3 12105 12109 12106
3 12105 12108 12109
3 12107 12112 12110
3 12107 12106 12109
3 12107 12109 12112
3 12112 12109 12114
3 12108 12113 12114
3 12109 12108 12114
3 12110 12112 12111
3 12122 12112 12114
3 12122 12116 12112
3 12122 12124 12116
3 12111 12112 12116
3 12113 12122 12114
3 12113 12115 12122
3 12115 12123 12122
3 12123 12115 12117
3 12126 12123 12117
3 12116 12124 12118
3 12124 12128 12118
3 12117 12120 12126
3 12126 12120 12131
3 12118 12128 12129
3 12119 12118 12129
3 12121 12119 12132
3 12119 12129 12132
3 12131 12120 12121
3 12132 12131 12121
3 12122 12125 12124
3 12122 12123 12127
3 12125 12122 12127
3 12123 12126 12127
3 12125 12130 12128
3 12124 12125 12128
3 12127 12133 12125
3 12133 12130 12125
3 12126 12131 12133
3 12127 12126 12133
3 12128 12130 12129
3 12132 12129 12130
3 12133 12132 12130
3 12131 12132 12133
3 12134 12135 12136
3 12135 12134 12137
3 12134 12136 12138
3 12137 12134 12138
3 12135 12139 12140
3 12136 12135 12140
3 12139 12135 12137
3 12141 12139 12137
3 12136 12140 12142
3 12138 12136 12142
3 12141 12137 12138
3 12142 12141 12138
3 12139 12144 12147
3 12140 12139 12147
3 12141 12143 12146
3 12141 12146 12139
3 12139 12146 12144
3 12146 12143 12150
3 12140 12147 12148
3 12142 12140 12148
3 12143 12141 12142
3 12143 12142 12151
3 12151 12142 12148
3 12150 12143 12151
3 12145 12153 12154
3 12153 12145 12155
3 12144 12149 12147
3 12145 12154 12156
3 12144 12146 12152
3 12144 12152 12149
3 12156 12155 12145
3 12146 12150 12152
3 12147 12149 12148
3 12151 12148 12149
3 12152 12151 12149
3 12150 12151 12152
3 12153 12157 12154
3 12153 12155 12157
3 12154 12157 12156
3 12155 12156 12157
3 12158 12159 12160
3 12159 12158 12162
3 12158 12160 12163
3 12162 12158 12163
3 12161 12164 12167
3 12161 12160 12159
3 12161 12159 12164
3 12164 12159 12166
3 12166 12159 12162
3 12170 12166 12162
3 12161 12167 12168
3 12160 12161 12168
3 12160 12168 12163
3 12163 12168 12171
3 12170 12162 12163
3 12171 12170 12163
3 12165 12173 12174
3 12173 12165 12175
3 12164 12169 12167
3 12165 12174 12176
3 12164 12166 12172
3 12164 12172 12169
3 12176 12175 12165
3 12166 12170 12172
3 12167 12169 12168
3 12171 12168 12169
3 12172 12171 12169
3 12170 12171 12172
3 12173 12177 12174
3 12173 12175 12177
3 12174 12177 12176
3 12175 12176 12177
3 12178 12180 12182
3 12178 12179 12181
3 12180 12178 12181
3 12181 12179 12184
3 12178 12182 12183
3 12179 12178 12183
3 12185 12179 12183
3 12184 12179 12185
3 12180 12187 12188
3 12182 12180 12188
3 12186 12189 12187
3 12186 12187 12181
3 12181 12187 12180
3 12181 12184 12186
3 12182 12188 12190
3 12183 12182 12190
3 12189 12186 12185
3 12189 12185 12190
3 12190 12185 12183
3 12184 12185 12186
3 12187 12191 12188
3 12187 12189 12191
3 12188 12191 12190
3 12189 12190 12191
3 12192 12196 12199
3 12196 12192 12201
3 12192 12199 12202
3 12201 12192 12202
3 12193 12213 12214
3 12213 12193 12215
3 12194 12193 12214
3 12220 12194 12214
3 12216 12215 12193
3 12216 12193 12195
3 12195 12193 12194
3 12195 12197 12218
3 12216 12195 12218
3 12218 12197 12221
3 12198 12194 12220
3 12223 12198 12220
3 12195 12194 12200
3 12200 12194 12198
3 12196 12200 12199
3 12196 12197 12200
3 12197 12195 12200
3 12197 12196 12201
3 12197 12201 12221
3 12221 12201 12227
3 12198 12223 12225
3 12200 12198 12225
3 12226 12200 12225
3 12199 12200 12226
3 12199 12226 12202
3 12202 12226 12228
3 12227 12201 12202
3 12228 12227 12202
3 12203 12234 12240
3 12203 12204 12236
3 12234 12203 12236
3 12236 12204 12243
3 12205 12241 12246
3 12240 12241 12205
3 12240 12205 12203
3 12203 12205 12206
3 12204 12203 12207
3 12207 12203 12206
3 12249 12243 12204
3 12207 12249 12204
3 12208 12247 12251
3 12246 12247 12208
3 12246 12208 12205
3 12205 12208 12209
3 12206 12205 12210
3 12210 12205 12209
3 12207 12206 12211
3 12211 12206 12210
3 12255 12249 12207
3 12211 12255 12207
3 12208 12251 12253
3 12253 12257 12212
3 12253 12212 12208
3 12208 12212 12209
3 12259 12254 12210
3 12259 12210 12212
3 12212 12210 12209
3 12211 12210 12254
3 12256 12211 12254
3 12255 12211 12256
3 12212 12257 12260
3 12259 12212 12260
3 12213 12263 12266
3 12214 12213 12266
3 12215 12217 12264
3 12215 12264 12213
3 12213 12264 12263
3 12217 12219 12265
3 12264 12217 12265
3 12265 12219 12269
3 12214 12266 12220
3 12266 12272 12220
3 12215 12216 12217
3 12218 12217 12216
3 12219 12217 12218
3 12219 12218 12221
3 12219 12221 12269
3 12269 12221 12276
3 12222 12271 12278
3 12222 12224 12273
3 12271 12222 12273
3 12224 12272 12273
3 12224 12223 12272
3 12223 12220 12272
3 12229 12282 12277
3 12229 12277 12276
3 12229 12276 12227
3 12227 12276 12221
3 12230 12279 12283
3 12278 12279 12230
3 12278 12230 12222
3 12222 12230 12231
3 12224 12222 12232
3 12232 12222 12231
3 12223 12233 12225
3 12223 12224 12233
3 12224 12232 12233
3 12225 12235 12226
3 12233 12235 12225
3 12229 12284 12282
3 12229 12226 12284
3 12229 12228 12226
3 12235 12284 12226
3 12227 12228 12229
3 12237 12230 12283
3 12286 12237 12283
3 12231 12230 12238
3 12238 12230 12237
3 12232 12231 12239
3 12239 12231 12238
3 12233 12232 12242
3 12242 12232 12239
3 12234 12242 12240
3 12234 12235 12242
3 12235 12233 12242
3 12235 12285 12284
3 12235 12234 12285
3 12234 12236 12285
3 12285 12236 12243
3 12287 12285 12243
3 12244 12237 12286
3 12288 12244 12286
3 12238 12237 12245
3 12245 12237 12244
3 12239 12238 12248
3 12248 12238 12245
3 12241 12248 12246
3 12241 12242 12248
3 12242 12239 12248
3 12240 12242 12241
3 12243 12249 12287
3 12287 12249 12289
3 12250 12244 12288
3 12290 12250 12288
3 12245 12244 12252
3 12252 12244 12250
3 12247 12252 12251
3 12247 12248 12252
3 12248 12245 12252
3 12246 12248 12247
3 12249 12255 12289
3 12289 12255 12294
3 12250 12290 12291
3 12252 12250 12291
3 12293 12252 12291
3 12258 12293 12295
3 12253 12293 12258
3 12253 12252 12293
3 12253 12251 12252
3 12253 12258 12257
3 12254 12259 12261
3 12254 12262 12256
3 12261 12262 12254
3 12256 12262 12299
3 12256 12299 12255
3 12255 12299 12294
3 12258 12295 12296
3 12257 12258 12296
3 12257 12296 12260
3 12260 12296 12297
3 12261 12259 12260
3 12261 12260 12298
3 12298 12260 12297
3 12262 12261 12298
3 12300 12262 12298
3 12299 12262 12300
3 12263 12267 12266
3 12263 12264 12268
3 12267 12263 12268
3 12264 12265 12270
3 12268 12264 12270
3 12265 12269 12270
3 12267 12274 12272
3 12266 12267 12272
3 12268 12275 12267
3 12275 12274 12267
3 12306 12270 12302
3 12306 12275 12270
3 12275 12268 12270
3 12302 12270 12269
3 12302 12269 12308
3 12308 12269 12276
3 12280 12303 12311
3 12280 12278 12271
3 12280 12271 12303
3 12303 12271 12304
3 12281 12313 12304
3 12281 12304 12273
3 12273 12304 12271
3 12273 12315 12281
3 12272 12315 12273
3 12272 12305 12315
3 12272 12274 12305
3 12275 12305 12274
3 12307 12305 12275
3 12318 12275 12282
3 12318 12307 12275
3 12282 12275 12277
3 12306 12309 12275
3 12277 12275 12309
3 12308 12276 12277
3 12309 12308 12277
3 12279 12280 12311
3 12279 12311 12283
3 12283 12311 12319
3 12278 12280 12279
3 12281 12316 12313
3 12315 12316 12281
3 12282 12284 12318
3 12318 12284 12321
3 12283 12319 12286
3 12319 12324 12286
3 12284 12323 12321
3 12285 12323 12284
3 12323 12285 12287
3 12329 12323 12287
3 12286 12324 12288
3 12324 12331 12288
3 12287 12289 12329
3 12329 12289 12337
3 12332 12292 12290
3 12332 12290 12331
3 12331 12290 12288
3 12332 12338 12292
3 12289 12294 12337
3 12337 12294 12344
3 12290 12292 12291
3 12292 12338 12339
3 12292 12339 12291
3 12291 12339 12293
3 12339 12295 12293
3 12347 12295 12339
3 12301 12352 12345
3 12301 12345 12344
3 12301 12344 12299
3 12299 12344 12294
3 12295 12347 12348
3 12296 12295 12348
3 12297 12296 12350
3 12296 12348 12350
3 12298 12297 12353
3 12297 12350 12353
3 12352 12301 12300
3 12352 12300 12353
3 12353 12300 12298
3 12299 12300 12301
3 12302 12310 12306
3 12302 12308 12310
3 12303 12312 12311
3 12303 12304 12314
3 12312 12303 12314
3 12313 12314 12304
3 12317 12355 12359
3 12317 12315 12305
3 12317 12305 12355
3 12355 12305 12356
3 12307 12357 12305
3 12305 12357 12356
3 12318 12364 12357
3 12318 12357 12307
3 12306 12310 12309
3 12308 12309 12310
3 12312 12358 12367
3 12312 12367 12311
3 12311 12367 12319
3 12314 12358 12312
3 12360 12358 12314
3 12359 12316 12317
3 12359 12360 12316
3 12313 12316 12314
3 12314 12316 12360
3 12315 12317 12316
3 12362 12320 12371
3 12320 12365 12322
3 12362 12365 12320
3 12322 12365 12364
3 12322 12364 12321
3 12321 12364 12318
3 12325 12368 12374
3 12325 12367 12368
3 12325 12324 12367
3 12324 12319 12367
3 12326 12378 12372
3 12371 12326 12372
3 12371 12320 12326
3 12320 12327 12326
3 12322 12328 12320
3 12328 12327 12320
3 12321 12323 12330
3 12321 12330 12322
3 12322 12330 12328
3 12323 12329 12330
3 12325 12374 12375
3 12375 12324 12325
3 12375 12382 12324
3 12382 12331 12324
3 12333 12383 12379
3 12378 12333 12379
3 12378 12326 12333
3 12326 12334 12333
3 12327 12335 12326
3 12335 12334 12326
3 12328 12336 12327
3 12336 12335 12327
3 12386 12330 12381
3 12386 12336 12330
3 12336 12328 12330
3 12381 12330 12329
3 12381 12329 12388
3 12388 12329 12337
3 12331 12382 12384
3 12332 12331 12384
3 12338 12333 12340
3 12338 12384 12333
3 12338 12332 12384
3 12384 12383 12333
3 12334 12341 12333
3 12341 12340 12333
3 12335 12342 12334
3 12342 12341 12334
3 12336 12343 12335
3 12343 12342 12335
3 12389 12336 12386
3 12389 12346 12336
3 12346 12343 12336
3 12346 12389 12388
3 12346 12388 12344
3 12344 12388 12337
3 12338 12340 12339
3 12347 12339 12340
3 12347 12340 12349
3 12349 12340 12341
3 12342 12351 12341
3 12351 12349 12341
3 12343 12354 12342
3 12354 12351 12342
3 12345 12352 12354
3 12345 12354 12346
3 12346 12354 12343
3 12344 12345 12346
3 12347 12349 12348
3 12350 12348 12349
3 12351 12350 12349
3 12353 12350 12351
3 12354 12353 12351
3 12352 12353 12354
3 12355 12361 12359
3 12355 12356 12363
3 12361 12355 12363
3 12356 12357 12366
3 12363 12356 12366
3 12357 12364 12366
3 12358 12369 12367
3 12358 12360 12370
3 12369 12358 12370
3 12360 12359 12361
3 12360 12361 12370
3 12370 12361 12373
3 12362 12371 12373
3 12362 12373 12363
3 12363 12373 12361
3 12365 12362 12363
3 12366 12365 12363
3 12364 12365 12366
3 12368 12376 12374
3 12368 12367 12369
3 12368 12369 12376
3 12376 12369 12377
3 12370 12380 12369
3 12380 12377 12369
3 12372 12378 12380
3 12372 12380 12373
3 12373 12380 12370
3 12371 12372 12373
3 12374 12376 12375
3 12382 12375 12376
3 12382 12376 12385
3 12385 12376 12377
3 12379 12383 12385
3 12379 12385 12380
3 12380 12385 12377
3 12378 12379 12380
3 12387 12398 12400
3 12387 12386 12381
3 12387 12381 12398
3 12398 12381 12399
3 12399 12381 12388
3 12403 12399 12388
3 12382 12385 12384
3 12383 12384 12385
3 12390 12401 12404
3 12400 12401 12390
3 12400 12390 12387
3 12387 12390 12391
3 12386 12392 12389
3 12386 12387 12392
3 12387 12391 12392
3 12389 12392 12406
3 12389 12406 12388
3 12388 12406 12403
3 12393 12390 12404
3 12407 12393 12404
3 12391 12390 12394
3 12394 12390 12393
3 12392 12391 12395
3 12395 12391 12394
3 12409 12406 12392
3 12395 12409 12392
3 12396 12393 12407
3 12411 12396 12407
3 12394 12393 12397
3 12397 12393 12396
3 12414 12410 12395
3 12414 12395 12397
3 12397 12395 12394
3 12409 12395 12410
3 12396 12411 12413
3 12397 12396 12413
3 12415 12397 12413
3 12414 12397 12415
3 12402 12417 12420
3 12402 12400 12398
3 12402 12398 12417
3 12417 12398 12418
3 12399 12419 12398
3 12398 12419 12418
3 12419 12399 12403
3 12425 12419 12403
3 12405 12421 12426
3 12420 12421 12405
3 12402 12420 12405
3 12402 12405 12404
3 12402 12404 12401
3 12400 12402 12401
3 12403 12406 12425
3 12425 12406 12428
3 12408 12405 12426
3 12429 12408 12426
3 12404 12408 12407
3 12405 12408 12404
3 12406 12409 12428
3 12428 12409 12431
3 12412 12408 12429
3 12433 12412 12429
3 12407 12412 12411
3 12408 12412 12407
3 12416 12436 12430
3 12416 12410 12414
3 12416 12430 12410
3 12430 12432 12410
3 12431 12409 12410
3 12432 12431 12410
3 12412 12433 12434
3 12411 12412 12434
3 12411 12434 12413
3 12413 12434 12437
3 12436 12416 12415
3 12436 12415 12437
3 12437 12415 12413
3 12414 12415 12416
3 12422 12439 12441
3 12423 12420 12417
3 12443 12439 12422
3 12417 12418 12424
3 12423 12417 12424
3 12446 12424 12418
3 12446 12418 12440
3 12440 12418 12419
3 12440 12419 12425
3 12448 12440 12425
3 12427 12442 12450
3 12441 12442 12427
3 12422 12441 12427
3 12422 12427 12426
3 12422 12426 12421
3 12422 12445 12443
3 12422 12421 12445
3 12423 12445 12420
3 12420 12445 12421
3 12424 12445 12423
3 12447 12445 12424
3 12446 12447 12424
3 12425 12428 12448
3 12448 12428 12453
3 12427 12450 12451
3 12451 12426 12427
3 12451 12455 12426
3 12455 12429 12426
3 12428 12431 12453
3 12453 12431 12462
3 12456 12435 12433
3 12456 12433 12455
3 12455 12433 12429
3 12435 12458 12438
3 12456 12458 12435
3 12438 12430 12436
3 12438 12458 12430
3 12458 12460 12430
3 12432 12430 12463
3 12430 12460 12463
3 12462 12431 12432
3 12463 12462 12432
3 12433 12435 12434
3 12437 12434 12435
3 12438 12437 12435
3 12436 12437 12438
3 12439 12444 12441
3 12439 12443 12444
3 12440 12449 12446
3 12440 12448 12449
3 12442 12452 12450
3 12442 12468 12452
3 12441 12468 12442
3 12441 12465 12468
3 12441 12444 12465
3 12443 12465 12444
3 12443 12445 12465
3 12445 12466 12465
3 12447 12467 12445
3 12445 12467 12466
3 12446 12467 12447
3 12446 12454 12467
3 12446 12449 12454
3 12473 12467 12454
3 12448 12453 12454
3 12449 12448 12454
3 12450 12452 12451
3 12455 12469 12457
3 12451 12469 12455
3 12451 12468 12469
3 12451 12452 12468
3 12457 12471 12459
3 12469 12471 12457
3 12459 12474 12461
3 12471 12474 12459
3 12473 12461 12474
3 12473 12454 12461
3 12454 12464 12461
3 12453 12462 12464
3 12454 12453 12464
3 12455 12457 12456
3 12458 12456 12457
3 12459 12458 12457
3 12460 12458 12459
3 12461 12460 12459
3 12463 12460 12461
3 12464 12463 12461
3 12462 12463 12464
3 12465 12470 12468
3 12465 12466 12472
3 12470 12465 12472
3 12466 12467 12475
3 12472 12466 12475
3 12467 12473 12475
3 12468 12470 12469
3 12471 12469 12470
3 12472 12471 12470
3 12474 12471 12472
3 12475 12474 12472
3 12473 12474 12475
3 12476 12477 12478
3 12477 12476 12479
3 12476 12478 12480
3 12479 12476 12480
3 12477 12481 12478
3 12477 12479 12481
3 12481 12480 12478
3 12483 12486 12482
3 12480 12481 12479
3 12482 12488 12483
3 12482 12486 12489
3 12488 12482 12489
3 12484 12504 12507
3 12504 12484 12510
3 12485 12505 12512
3 12485 12487 12508
3 12505 12485 12508
3 12507 12508 12487
3 12484 12507 12487
3 12484 12487 12486
3 12484 12486 12483
3 12484 12483 12488
3 12484 12488 12510
3 12510 12488 12515
3 12490 12513 12517
3 12512 12513 12490
3 12512 12490 12485
3 12485 12490 12491
3 12487 12485 12492
3 12492 12485 12491
3 12486 12493 12489
3 12486 12487 12493
3 12487 12492 12493
3 12489 12493 12520
3 12489 12520 12488
3 12488 12520 12515
3 12494 12518 12522
3 12517 12518 12494
3 12517 12494 12490
3 12490 12494 12495
3 12491 12490 12496
3 12496 12490 12495
3 12492 12491 12497
3 12497 12491 12496
3 12524 12521 12493
3 12524 12493 12497
3 12497 12493 12492
3 12520 12493 12521
3 12498 12523 12526
3 12522 12523 12498
3 12522 12498 12494
3 12494 12498 12499
3 12495 12494 12500
3 12500 12494 12499
3 12496 12495 12501
3 12501 12495 12500
3 12497 12496 12502
3 12502 12496 12501
3 12533 12524 12497
3 12502 12533 12497
3 12498 12526 12527
3 12499 12498 12527
3 12529 12499 12527
3 12500 12499 12529
3 12530 12500 12529
3 12501 12500 12530
3 12531 12501 12530
3 12531 12535 12503
3 12531 12503 12501
3 12501 12503 12502
3 12536 12533 12502
3 12503 12536 12502
3 12503 12535 12537
3 12536 12503 12537
3 12506 12539 12543
3 12506 12509 12540
3 12539 12506 12540
3 12509 12507 12504
3 12509 12504 12540
3 12540 12504 12541
3 12541 12504 12510
3 12546 12541 12510
3 12511 12542 12547
3 12511 12514 12544
3 12542 12511 12544
3 12543 12544 12514
3 12506 12543 12514
3 12506 12514 12512
3 12506 12512 12505
3 12508 12506 12505
3 12509 12506 12508
3 12507 12509 12508
3 12510 12515 12546
3 12546 12515 12549
3 12516 12548 12550
3 12547 12548 12516
3 12547 12516 12511
3 12511 12516 12519
3 12513 12519 12517
3 12513 12514 12519
3 12514 12511 12519
3 12512 12514 12513
3 12515 12520 12549
3 12549 12520 12555
3 12516 12550 12551
3 12518 12557 12522
3 12518 12516 12557
3 12518 12519 12516
3 12516 12551 12557
3 12517 12519 12518
3 12525 12559 12554
3 12525 12521 12524
3 12525 12554 12521
3 12554 12556 12521
3 12555 12520 12521
3 12556 12555 12521
3 12523 12528 12526
3 12523 12562 12528
3 12523 12522 12562
3 12522 12557 12562
3 12532 12565 12560
3 12559 12532 12560
3 12559 12525 12532
3 12525 12534 12532
3 12524 12533 12534
3 12525 12524 12534
3 12526 12528 12527
3 12528 12562 12563
3 12528 12563 12527
3 12527 12563 12529
3 12530 12529 12566
3 12529 12563 12566
3 12565 12532 12531
3 12565 12531 12566
3 12566 12531 12530
3 12535 12531 12532
3 12535 12532 12538
3 12538 12532 12534
3 12533 12536 12538
3 12534 12533 12538
3 12535 12538 12537
3 12536 12537 12538
3 12539 12545 12543
3 12572 12545 12539
3 12572 12539 12568
3 12568 12539 12540
3 12541 12569 12540
3 12540 12569 12568
3 12569 12541 12546
3 12575 12569 12546
3 12542 12570 12577
3 12547 12542 12577
3 12544 12571 12542
3 12542 12571 12570
3 12545 12544 12543
3 12545 12573 12544
3 12573 12571 12544
3 12572 12573 12545
3 12546 12549 12575
3 12575 12549 12582
3 12548 12552 12550
3 12578 12547 12577
3 12578 12552 12547
3 12578 12553 12552
3 12552 12548 12547
3 12578 12584 12553
3 12549 12555 12582
3 12582 12555 12588
3 12550 12552 12551
3 12557 12551 12552
3 12557 12552 12558
3 12558 12552 12553
3 12591 12553 12584
3 12558 12553 12591
3 12561 12592 12585
3 12561 12554 12559
3 12561 12585 12554
3 12585 12586 12554
3 12556 12554 12589
3 12554 12586 12589
3 12588 12555 12556
3 12589 12588 12556
3 12558 12564 12562
3 12557 12558 12562
3 12593 12558 12591
3 12593 12567 12558
3 12567 12564 12558
3 12592 12567 12593
3 12561 12567 12592
3 12561 12565 12567
3 12561 12560 12565
3 12559 12560 12561
3 12562 12564 12563
3 12566 12563 12564
3 12567 12566 12564
3 12565 12566 12567
3 12568 12574 12572
3 12568 12569 12576
3 12574 12568 12576
3 12569 12575 12576
3 12570 12579 12577
3 12570 12571 12580
3 12579 12570 12580
3 12571 12573 12581
3 12580 12571 12581
3 12573 12597 12581
3 12572 12597 12573
3 12572 12595 12597
3 12572 12574 12595
3 12595 12583 12599
3 12595 12574 12583
3 12574 12576 12583
3 12575 12582 12583
3 12576 12575 12583
3 12577 12579 12578
3 12596 12579 12580
3 12596 12584 12579
3 12596 12602 12584
3 12578 12579 12584
3 12581 12596 12580
3 12598 12596 12581
3 12598 12587 12605
3 12598 12581 12587
3 12600 12587 12597
3 12597 12587 12581
3 12599 12587 12600
3 12599 12583 12587
3 12583 12590 12587
3 12582 12588 12590
3 12583 12582 12590
3 12603 12594 12591
3 12603 12591 12602
3 12602 12591 12584
3 12594 12585 12592
3 12594 12603 12585
3 12603 12606 12585
3 12605 12587 12586
3 12605 12586 12606
3 12606 12586 12585
3 12589 12586 12587
3 12590 12589 12587
3 12588 12589 12590
3 12591 12594 12593
3 12592 12593 12594
3 12595 12601 12597
3 12595 12599 12601
3 12596 12604 12602
3 12596 12598 12607
3 12604 12596 12607
3 12600 12597 12601
3 12605 12607 12598
3 12599 12600 12601
3 12602 12604 12603
3 12606 12603 12604
3 12607 12606 12604
3 12605 12606 12607
3 12608 12612 12614
3 12612 12608 12617
3 12609 12615 12619
3 12614 12618 12608
3 12615 12609 12621
3 12617 12608 12618
3 12610 12609 12619
3 12623 12610 12619
3 12622 12621 12609
3 12622 12609 12611
3 12611 12609 12610
3 12622 12611 12626
3 12610 12623 12625
3 12611 12610 12625
3 12627 12611 12625
3 12626 12611 12627
3 12613 12630 12633
3 12613 12616 12631
3 12630 12613 12631
3 12616 12614 12612
3 12616 12612 12631
3 12631 12612 12632
3 12632 12612 12617
3 12636 12632 12617
3 12620 12613 12633
3 12639 12620 12633
3 12615 12620 12619
3 12615 12616 12620
3 12616 12613 12620
3 12618 12616 12637
3 12618 12614 12616
3 12637 12616 12641
3 12615 12621 12616
3 12641 12616 12621
3 12636 12617 12618
3 12637 12636 12618
3 12624 12620 12639
3 12645 12624 12639
3 12619 12624 12623
3 12620 12624 12619
3 12621 12643 12641
3 12622 12643 12621
3 12643 12622 12626
3 12651 12643 12626
3 12628 12644 12654
3 12628 12629 12646
3 12644 12628 12646
3 12645 12647 12624
3 12646 12629 12657
3 12623 12624 12647
3 12623 12647 12625
3 12625 12647 12649
3 12627 12625 12652
3 12625 12649 12652
3 12651 12626 12627
3 12652 12651 12627
3 12628 12654 12655
3 12629 12628 12655
3 12658 12629 12655
3 12657 12629 12658
3 12630 12634 12633
3 12630 12631 12635
3 12634 12630 12635
3 12631 12632 12638
3 12635 12631 12638
3 12632 12636 12638
3 12634 12640 12639
3 12633 12634 12639
3 12635 12642 12634
3 12642 12640 12634
3 12637 12641 12642
3 12637 12642 12638
3 12638 12642 12635
3 12636 12637 12638
3 12640 12648 12645
3 12639 12640 12645
3 12642 12650 12640
3 12650 12648 12640
3 12641 12643 12653
3 12641 12653 12642
3 12642 12653 12650
3 12643 12651 12653
3 12644 12656 12654
3 12662 12656 12644
3 12662 12644 12660
3 12660 12644 12646
3 12648 12647 12645
3 12661 12646 12659
3 12661 12660 12646
3 12646 12657 12659
3 12648 12650 12649
3 12648 12649 12647
3 12659 12665 12661
3 12652 12649 12650
3 12653 12652 12650
3 12651 12652 12653
3 12654 12656 12655
3 12656 12662 12663
3 12656 12663 12655
3 12655 12663 12658
3 12659 12657 12658
3 12659 12658 12666
3 12666 12658 12663
3 12665 12659 12666
3 12660 12664 12662
3 12660 12661 12667
3 12664 12660 12667
3 12661 12665 12667
3 12662 12664 12663
3 12666 12663 12664
3 12667 12666 12664
3 12665 12666 12667
3 12668 12671 12672
3 12671 12668 12674
3 12669 12673 12677
3 12672 12675 12668
3 12673 12669 12679
3 12674 12668 12675
3 12670 12678 12682
3 12677 12680 12669
3 12678 12670 12683
3 12679 12669 12680
3 12670 12682 12684
3 12683 12670 12684
3 12671 12676 12672
3 12671 12674 12676
3 12673 12681 12677
3 12675 12672 12676
3 12679 12681 12673
3 12674 12675 12676
3 12678 12685 12682
3 12680 12677 12681
3 12683 12685 12678
3 12679 12680 12681
3 12682 12685 12684
3 12683 12684 12685
3 12686 12689 12691
3 12686 12687 12690
3 12689 12686 12690
3 12690 12687 12692
3 12688 12686 12691
3 12695 12688 12691
3 12697 12693 12687
3 12697 12687 12688
3 12688 12687 12686
3 12692 12687 12693
3 12688 12695 12698
3 12697 12688 12698
3 12689 12701 12702
3 12691 12689 12702
3 12694 12704 12701
3 12694 12701 12690
3 12690 12701 12689
3 12690 12692 12694
3 12696 12703 12707
3 12703 12696 12708
3 12705 12699 12702
3 12702 12699 12695
3 12702 12695 12691
3 12704 12699 12705
3 12694 12699 12704
3 12694 12697 12699
3 12694 12693 12697
3 12692 12693 12694
3 12700 12696 12707
3 12709 12700 12707
3 12696 12700 12710
3 12696 12710 12708
3 12699 12698 12695
3 12697 12698 12699
3 12700 12709 12711
3 12710 12700 12711
3 12701 12706 12702
3 12701 12704 12706
3 12703 12712 12713
3 12707 12703 12713
3 12708 12714 12712
3 12708 12712 12703
3 12702 12706 12705
3 12704 12705 12706
3 12707 12713 12709
3 12713 12716 12709
3 12708 12710 12714
3 12714 12710 12717
3 12709 12716 12718
3 12711 12709 12718
3 12717 12710 12711
3 12718 12717 12711
3 12712 12715 12713
3 12712 12714 12715
3 12715 12719 12716
3 12713 12715 12716
3 12714 12717 12719
3 12715 12714 12719
3 12716 12719 12718
3 12717 12718 12719
3 12720 12721 12722
3 12721 12720 12723
3 12720 12722 12724
3 12723 12720 12724
3 12721 12726 12728
3 12722 12721 12728
3 12726 12721 12723
3 12730 12726 12723
3 12725 12724 12722
3 12725 12722 12732
3 12732 12722 12728
3 12724 12725 12734
3 12724 12734 12723
3 12723 12734 12730
3 12725 12732 12735
3 12734 12725 12735
3 12727 12737 12738
3 12737 12727 12740
3 12729 12739 12743
3 12727 12738 12741
3 12731 12728 12726
3 12739 12729 12744
3 12727 12741 12740
3 12726 12730 12731
3 12733 12729 12743
3 12745 12733 12743
3 12744 12729 12733
3 12744 12733 12746
3 12728 12731 12732
3 12732 12731 12736
3 12730 12734 12736
3 12731 12730 12736
3 12733 12745 12747
3 12732 12736 12735
3 12733 12747 12746
3 12734 12735 12736
3 12737 12742 12738
3 12737 12740 12742
3 12739 12748 12749
3 12743 12739 12749
3 12744 12750 12748
3 12744 12748 12739
3 12738 12742 12741
3 12740 12741 12742
3 12743 12749 12745
3 12749 12751 12745
3 12744 12746 12750
3 12750 12746 12752
3 12745 12751 12753
3 12747 12745 12753
3 12752 12746 12747
3 12753 12752 12747
3 12748 12755 12756
3 12749 12748 12756
3 12755 12748 12750
3 12757 12755 12750
3 12758 12754 12751
3 12758 12751 12756
3 12756 12751 12749
3 12754 12758 12757
3 12754 12757 12752
3 12752 12757 12750
3 12751 12754 12753
3 12752 12753 12754
3 12755 12759 12756
3 12755 12757 12759
3 12756 12759 12758
3 12757 12758 12759
3 12760 12762 12763
3 12762 12760 12764
3 12760 12763 12765
3 12764 12760 12765
3 12761 12767 12768
3 12767 12761 12769
3 12761 12768 12770
3 12762 12766 12763
3 12761 12770 12769
3 12762 12764 12766
3 12763 12766 12765
3 12764 12765 12766
3 12767 12771 12772
3 12768 12767 12772
3 12771 12767 12769
3 12773 12771 12769
3 12768 12772 12774
3 12770 12768 12774
3 12773 12769 12770
3 12774 12773 12770
3 12771 12775 12772
3 12771 12773 12775
3 12772 12775 12774
3 12773 12774 12775
3 12776 12777 12778
3 12777 12776 12779
3 12776 12778 12780
3 12779 12776 12780
3 12777 12781 12778
3 12777 12779 12781
3 12778 12781 12780
3 12779 12780 12781
3 12782 12783 12784
3 12783 12782 12786
3 12782 12784 12787
3 12786 12782 12787
3 12785 12789 12790
3 12788 12784 12783
3 12791 12789 12785
3 12783 12786 12788
3 12785 12790 12792
3 12784 12788 12787
3 12785 12792 12791
3 12786 12787 12788
3 12789 12793 12790
3 12789 12791 12793
3 12790 12793 12792
3 12791 12792 12793
3 12794 12795 12796
3 12795 12794 12797
3 12794 12796 12798
3 12797 12794 12798
3 12795 12799 12796
3 12795 12797 12799
3 12796 12799 12798
3 12797 12798 12799
3 12800 12809 12811
3 12809 12800 12813
3 12800 12811 12814
3 12813 12800 12814
3 12801 12816 12817
3 12816 12801 12819
3 12802 12818 12821
3 12817 12818 12802
3 12817 12802 12801
3 12801 12802 12803
3 12820 12819 12801
3 12820 12801 12804
3 12804 12801 12803
3 12820 12804 12822
3 12805 12802 12821
3 12825 12805 12821
3 12803 12802 12806
3 12806 12802 12805
3 12827 12823 12804
3 12827 12804 12806
3 12806 12804 12803
3 12822 12804 12823
3 12807 12805 12825
3 12830 12807 12825
3 12832 12828 12806
3 12832 12806 12807
3 12807 12806 12805
3 12827 12806 12828
3 12808 12807 12830
3 12834 12808 12830
3 12833 12832 12807
3 12833 12807 12810
3 12810 12807 12808
3 12833 12810 12836
3 12812 12808 12834
3 12839 12812 12834
3 12809 12815 12811
3 12810 12812 12837
3 12810 12808 12812
3 12812 12840 12837
3 12810 12837 12836
3 12809 12813 12815
3 12812 12839 12841
3 12811 12815 12814
3 12812 12841 12840
3 12813 12814 12815
3 12816 12843 12844
3 12817 12816 12844
3 12843 12816 12819
3 12846 12843 12819
3 12818 12845 12848
3 12821 12818 12848
3 12844 12818 12817
3 12845 12818 12844
3 12824 12819 12820
3 12824 12850 12819
3 12850 12846 12819
3 12820 12822 12824
3 12826 12849 12852
3 12826 12848 12849
3 12826 12825 12848
3 12825 12821 12848
3 12829 12854 12851
3 12850 12829 12851
3 12824 12829 12850
3 12824 12827 12829
3 12824 12823 12827
3 12822 12823 12824
3 12831 12826 12852
3 12855 12831 12852
3 12825 12831 12830
3 12826 12831 12825
3 12828 12854 12829
3 12828 12832 12854
3 12832 12857 12854
3 12827 12828 12829
3 12835 12831 12855
3 12858 12835 12855
3 12830 12835 12834
3 12831 12835 12830
3 12838 12832 12833
3 12838 12861 12832
3 12861 12857 12832
3 12833 12836 12838
3 12835 12858 12859
3 12835 12839 12834
3 12835 12862 12839
3 12835 12859 12862
3 12842 12839 12862
3 12861 12842 12862
3 12838 12842 12861
3 12838 12840 12842
3 12838 12837 12840
3 12836 12837 12838
3 12839 12842 12841
3 12840 12841 12842
3 12843 12847 12844
3 12843 12846 12847
3 12845 12864 12866
3 12848 12845 12866
3 12847 12845 12844
3 12847 12865 12845
3 12865 12864 12845
3 12865 12847 12846
3 12865 12846 12868
3 12868 12846 12850
3 12849 12853 12852
3 12849 12871 12853
3 12849 12848 12871
3 12848 12866 12871
3 12851 12872 12869
3 12854 12872 12851
3 12868 12850 12851
3 12869 12868 12851
3 12853 12856 12855
3 12852 12853 12855
3 12874 12853 12871
3 12856 12853 12874
3 12854 12857 12872
3 12872 12857 12875
3 12856 12860 12858
3 12855 12856 12858
3 12876 12856 12874
3 12876 12863 12856
3 12863 12860 12856
3 12863 12876 12875
3 12863 12875 12861
3 12861 12875 12857
3 12858 12860 12859
3 12862 12859 12860
3 12863 12862 12860
3 12861 12862 12863
3 12864 12867 12866
3 12864 12865 12870
3 12867 12864 12870
3 12865 12868 12870
3 12867 12873 12871
3 12866 12867 12871
3 12869 12872 12873
3 12869 12873 12870
3 12870 12873 12867
3 12868 12869 12870
3 12873 12877 12874
3 12871 12873 12874
3 12872 12875 12877
3 12873 12872 12877
3 12874 12877 12876
3 12875 12876 12877
3 12878 12882 12883
3 12882 12878 12885
3 12878 12883 12886
3 12885 12878 12886
3 12879 12887 12891
3 12887 12879 12892
3 12880 12879 12891
3 12894 12880 12891
3 12896 12892 12879
3 12880 12896 12879
3 12881 12880 12894
3 12898 12881 12894
3 12899 12896 12880
3 12881 12899 12880
3 12881 12898 12900
3 12899 12881 12900
3 12884 12901 12903
3 12884 12883 12882
3 12884 12882 12901
3 12901 12882 12902
3 12902 12882 12885
3 12906 12902 12885
3 12888 12904 12908
3 12903 12904 12888
3 12903 12888 12884
3 12884 12888 12889
3 12883 12890 12886
3 12883 12884 12890
3 12884 12889 12890
3 12886 12890 12910
3 12886 12910 12885
3 12885 12910 12906
3 12887 12888 12908
3 12887 12908 12891
3 12891 12908 12913
3 12892 12888 12887
3 12892 12893 12888
3 12893 12889 12888
3 12915 12911 12890
3 12915 12890 12893
3 12893 12890 12889
3 12910 12890 12911
3 12895 12914 12916
3 12895 12913 12914
3 12895 12894 12913
3 12894 12891 12913
3 12893 12896 12897
3 12892 12896 12893
3 12918 12915 12893
3 12897 12918 12893
3 12895 12916 12917
3 12917 12894 12895
3 12917 12920 12894
3 12920 12898 12894
3 12897 12921 12919
3 12897 12896 12921
3 12896 12899 12921
3 12918 12897 12919
3 12898 12920 12922
3 12900 12898 12922
3 12921 12899 12900
3 12922 12921 12900
3 12901 12905 12903
3 12901 12902 12907
3 12905 12901 12907
3 12902 12906 12907
3 12904 12909 12908
3 12904 12924 12909
3 12903 12924 12904
3 12903 12923 12924
3 12903 12905 12923
3 12923 12912 12926
3 12923 12905 12912
3 12905 12907 12912
3 12906 12910 12912
3 12907 12906 12912
3 12909 12925 12928
3 12909 12928 12908
3 12908 12928 12913
3 12924 12925 12909
3 12911 12926 12912
3 12911 12915 12926
3 12915 12931 12926
3 12910 12911 12912
3 12914 12929 12933
3 12916 12914 12933
3 12928 12914 12913
3 12929 12914 12928
3 12915 12918 12931
3 12931 12918 12937
3 12916 12933 12934
3 12917 12916 12934
3 12934 12920 12917
3 12940 12920 12934
3 12919 12941 12938
3 12921 12941 12919
3 12937 12918 12919
3 12938 12937 12919
3 12920 12940 12942
3 12922 12920 12942
3 12941 12921 12922
3 12942 12941 12922
3 12923 12927 12924
3 12923 12926 12927
3 12925 12930 12928
3 12925 12924 12927
3 12925 12927 12930
3 12930 12927 12932
3 12926 12931 12932
3 12927 12926 12932
3 12929 12935 12933
3 12929 12928 12930
3 12929 12930 12935
3 12935 12930 12936
3 12932 12939 12930
3 12939 12936 12930
3 12931 12937 12939
3 12932 12931 12939
3 12933 12935 12934
3 12940 12934 12935
3 12940 12935 12943
3 12943 12935 12936
3 12938 12941 12943
3 12938 12943 12939
3 12939 12943 12936
3 12937 12938 12939
3 12940 12943 12942
3 12941 12942 12943
3 12944 12948 12950
3 12944 12945 12949
3 12948 12944 12949
3 12949 12945 12951
3 12946 12944 12950
3 12954 12946 12950
3 12955 12952 12945
3 12955 12945 12946
3 12946 12945 12944
3 12951 12945 12952
3 12947 12946 12954
3 12956 12947 12954
3 12957 12955 12946
3 12947 12957 12946
3 12947 12956 12958
3 12957 12947 12958
3 12948 12959 12960
3 12950 12948 12960
3 12953 12961 12959
3 12953 12959 12949
3 12949 12959 12948
3 12949 12951 12953
3 12950 12960 12954
3 12960 12962 12954
3 12952 12961 12953
3 12952 12955 12961
3 12955 12963 12961
3 12951 12952 12953
3 12954 12962 12956
3 12962 12964 12956
3 12955 12957 12963
3 12963 12957 12965
3 12956 12964 12966
3 12958 12956 12966
3 12965 12957 12958
3 12966 12965 12958
3 12959 12967 12968
3 12960 12959 12968
3 12967 12959 12961
3 12969 12967 12961
3 12960 12968 12962
3 12968 12971 12962
3 12961 12963 12969
3 12969 12963 12972
3 12962 12971 12964
3 12971 12974 12964
3 12963 12965 12972
3 12972 12965 12975
3 12964 12974 12976
3 12966 12964 12976
3 12975 12965 12966
3 12976 12975 12966
3 12967 12970 12968
3 12967 12969 12970
3 12970 12973 12971
3 12968 12970 12971
3 12969 12972 12973
3 12970 12969 12973
3 12973 12977 12974
3 12971 12973 12974
3 12972 12975 12977
3 12973 12972 12977
3 12974 12977 12976
3 12975 12976 12977
3 12978 12988 12991
3 12978 12979 12989
3 12988 12978 12989
3 12989 12979 12994
3 12980 12992 12995
3 12991 12992 12980
3 12991 12980 12978
3 12978 12980 12981
3 12979 12978 12982
3 12982 12978 12981
3 12998 12994 12979
3 12982 12998 12979
3 12983 12980 12995
3 13001 12983 12995
3 13003 12996 12981
3 13003 12981 12983
3 12983 12981 12980
3 12982 12981 12996
3 12999 12982 12996
3 12998 12982 12999
3 12984 13002 13006
3 13001 13004 12983
3 13002 12984 13007
3 13003 12983 13004
3 12985 12984 13006
3 13011 12985 13006
3 13013 13007 12984
3 12985 13013 12984
3 12986 13008 13015
3 12986 12987 13009
3 13008 12986 13009
3 13009 12987 13018
3 12985 13011 13014
3 13013 12985 13014
3 12986 13015 13017
3 12987 12986 13017
3 13019 12987 13017
3 13018 12987 13019
3 12990 13020 13021
3 13020 12990 13023
3 12988 12993 12991
3 12990 13021 13026
3 12990 13026 12988
3 12990 12988 12989
3 12993 12988 13026
3 12990 12989 12994
3 12990 12994 13023
3 13023 12994 13027
3 12992 13024 13029
3 12995 12992 13029
3 12991 13024 12992
3 12991 12997 13024
3 12991 12993 12997
3 13031 13024 12997
3 13028 12993 13026
3 13028 13000 12993
3 13000 12997 12993
3 13000 13028 13027
3 13000 13027 12998
3 12998 13027 12994
3 13032 13005 13001
3 13032 13001 13029
3 13029 13001 12995
3 13031 13005 13032
3 12997 13005 13031
3 12997 13003 13005
3 12997 12996 13003
3 12999 12996 12997
3 13000 12999 12997
3 12998 12999 13000
3 13002 13034 13037
3 13006 13002 13037
3 13007 13040 13034
3 13007 13034 13002
3 13001 13005 13004
3 13003 13004 13005
3 13010 13036 13043
3 13036 13010 13045
3 13012 13038 13046
3 13012 13037 13038
3 13012 13011 13037
3 13011 13006 13037
3 13042 13013 13016
3 13042 13040 13013
3 13040 13007 13013
3 13016 13015 13008
3 13016 13008 13042
3 13042 13008 13044
3 13043 13009 13010
3 13043 13044 13009
3 13044 13008 13009
3 13010 13009 13018
3 13010 13018 13045
3 13045 13018 13051
3 13012 13046 13047
3 13011 13012 13047
3 13011 13047 13014
3 13014 13047 13048
3 13016 13013 13014
3 13016 13014 13049
3 13049 13014 13048
3 13015 13016 13049
3 13015 13049 13017
3 13017 13049 13050
3 13019 13017 13052
3 13017 13050 13052
3 13051 13018 13019
3 13052 13051 13019
3 13022 13053 13057
3 13022 13021 13020
3 13022 13020 13053
3 13053 13020 13054
3 13054 13020 13023
3 13061 13054 13023
3 13025 13058 13063
3 13057 13060 13022
3 13058 13025 13066
3 13060 13021 13022
3 13060 13067 13021
3 13067 13026 13021
3 13023 13027 13061
3 13061 13027 13069
3 13030 13064 13071
3 13063 13064 13030
3 13025 13063 13030
3 13025 13030 13029
3 13025 13029 13024
3 13025 13024 13031
3 13025 13031 13066
3 13066 13031 13074
3 13026 13067 13070
3 13028 13026 13070
3 13069 13027 13028
3 13070 13069 13028
3 13033 13072 13077
3 13071 13072 13033
3 13071 13033 13030
3 13030 13033 13035
3 13029 13030 13035
3 13029 13035 13075
3 13029 13075 13032
3 13075 13035 13078
3 13074 13031 13032
3 13075 13074 13032
3 13039 13033 13077
3 13083 13039 13077
3 13034 13041 13037
3 13035 13039 13079
3 13035 13033 13039
3 13039 13085 13079
3 13035 13079 13078
3 13034 13040 13041
3 13036 13082 13089
3 13043 13036 13089
3 13082 13036 13045
3 13092 13082 13045
3 13038 13039 13083
3 13038 13083 13046
3 13046 13083 13093
3 13039 13086 13085
3 13039 13038 13086
3 13041 13086 13037
3 13037 13086 13038
3 13040 13086 13041
3 13040 13042 13086
3 13042 13087 13086
3 13044 13090 13042
3 13042 13090 13087
3 13089 13044 13043
3 13090 13044 13089
3 13045 13051 13092
3 13092 13051 13099
3 13046 13093 13094
3 13047 13046 13094
3 13048 13047 13096
3 13047 13094 13096
3 13049 13048 13097
3 13048 13096 13097
3 13050 13049 13098
3 13049 13097 13098
3 13052 13050 13100
3 13050 13098 13100
3 13099 13051 13052
3 13100 13099 13052
3 13055 13101 13104
3 13101 13055 13106
3 13056 13102 13107
3 13056 13059 13103
3 13102 13056 13103
3 13059 13057 13053
3 13059 13053 13103
3 13103 13053 13105
3 13104 13054 13055
3 13104 13105 13054
3 13105 13053 13054
3 13055 13054 13061
3 13055 13061 13106
3 13106 13061 13109
3 13062 13108 13110
3 13107 13108 13062
3 13107 13062 13056
3 13056 13062 13065
3 13058 13065 13063
3 13058 13059 13065
3 13059 13056 13065
3 13066 13059 13058
3 13066 13068 13059
3 13057 13059 13060
3 13060 13059 13068
3 13060 13068 13067
3 13061 13069 13109
3 13109 13069 13111
3 13073 13062 13110
3 13113 13073 13110
3 13064 13073 13071
3 13064 13065 13073
3 13065 13062 13073
3 13063 13065 13064
3 13068 13074 13076
3 13066 13074 13068
3 13067 13068 13076
3 13067 13076 13112
3 13067 13112 13070
3 13112 13076 13114
3 13111 13069 13070
3 13112 13111 13070
3 13072 13073 13113
3 13072 13113 13077
3 13077 13113 13116
3 13071 13073 13072
3 13075 13078 13080
3 13075 13076 13074
3 13075 13080 13076
3 13080 13081 13076
3 13120 13114 13076
3 13081 13120 13076
3 13084 13117 13123
3 13084 13116 13117
3 13084 13083 13116
3 13083 13077 13116
3 13079 13126 13119
3 13085 13126 13079
3 13078 13079 13119
3 13078 13119 13088
3 13078 13088 13080
3 13129 13088 13119
3 13081 13080 13091
3 13091 13080 13088
3 13089 13082 13121
3 13089 13121 13081
3 13089 13081 13091
3 13120 13081 13121
3 13121 13082 13092
3 13131 13121 13092
3 13084 13123 13124
3 13084 13093 13083
3 13084 13127 13093
3 13084 13124 13127
3 13095 13093 13127
3 13130 13095 13086
3 13130 13132 13095
3 13086 13095 13085
3 13127 13126 13095
3 13085 13095 13126
3 13129 13087 13088
3 13129 13130 13087
3 13130 13086 13087
3 13090 13088 13087
3 13091 13088 13090
3 13089 13091 13090
3 13092 13099 13131
3 13131 13099 13137
3 13093 13095 13094
3 13095 13132 13133
3 13095 13133 13094
3 13094 13133 13096
3 13097 13096 13135
3 13096 13133 13135
3 13098 13097 13136
3 13097 13135 13136
3 13100 13098 13138
3 13098 13136 13138
3 13137 13099 13100
3 13138 13137 13100
3 13101 13139 13142
3 13104 13101 13142
3 13139 13101 13106
3 13144 13139 13106
3 13102 13140 13146
3 13107 13102 13146
3 13103 13141 13102
3 13102 13141 13140
3 13105 13143 13103
3 13103 13143 13141
3 13142 13105 13104
3 13143 13105 13142
3 13106 13109 13144
3 13144 13109 13149
3 13108 13147 13151
3 13110 13108 13151
3 13146 13108 13107
3 13147 13108 13146
3 13109 13111 13149
3 13149 13111 13152
3 13110 13151 13113
3 13151 13153 13113
3 13112 13114 13115
3 13112 13115 13155
3 13112 13155 13111
3 13111 13155 13152
3 13118 13154 13156
3 13118 13153 13154
3 13118 13116 13153
3 13116 13113 13153
3 13115 13120 13122
3 13114 13120 13115
3 13160 13155 13115
3 13122 13160 13115
3 13117 13125 13123
3 13118 13156 13157
3 13125 13116 13128
3 13125 13117 13116
3 13128 13116 13158
3 13118 13157 13116
3 13158 13116 13157
3 13128 13119 13126
3 13128 13158 13119
3 13158 13159 13119
3 13159 13129 13119
3 13161 13129 13159
3 13120 13121 13122
3 13122 13121 13131
3 13122 13131 13160
3 13160 13131 13163
3 13123 13125 13124
3 13127 13124 13125
3 13128 13127 13125
3 13126 13127 13128
3 13130 13134 13132
3 13130 13164 13134
3 13130 13129 13164
3 13129 13161 13164
3 13131 13137 13163
3 13163 13137 13168
3 13132 13134 13133
3 13134 13164 13165
3 13134 13165 13133
3 13133 13165 13135
3 13136 13135 13167
3 13135 13165 13167
3 13138 13136 13169
3 13136 13167 13169
3 13168 13137 13138
3 13169 13168 13138
3 13139 13145 13142
3 13139 13144 13145
3 13140 13171 13173
3 13146 13140 13173
3 13148 13176 13171
3 13148 13171 13141
3 13141 13171 13140
3 13177 13148 13141
3 13177 13141 13172
3 13172 13141 13143
3 13142 13172 13143
3 13142 13150 13172
3 13142 13145 13150
3 13180 13172 13150
3 13144 13149 13150
3 13145 13144 13150
3 13147 13174 13182
3 13151 13147 13182
3 13173 13147 13146
3 13174 13147 13173
3 13148 13178 13176
3 13177 13178 13148
3 13150 13181 13180
3 13181 13150 13149
3 13181 13149 13183
3 13183 13149 13152
3 13151 13182 13153
3 13182 13184 13153
3 13152 13155 13183
3 13183 13155 13187
3 13154 13185 13188
3 13156 13154 13188
3 13184 13154 13153
3 13185 13154 13184
3 13155 13160 13187
3 13187 13160 13194
3 13156 13188 13189
3 13157 13156 13189
3 13158 13157 13190
3 13157 13189 13190
3 13159 13158 13192
3 13158 13190 13192
3 13161 13193 13162
3 13161 13159 13193
3 13159 13192 13193
3 13193 13195 13162
3 13160 13163 13194
3 13194 13163 13196
3 13162 13166 13164
3 13161 13162 13164
3 13197 13162 13195
3 13166 13162 13197
3 13163 13168 13196
3 13196 13168 13200
3 13164 13166 13165
3 13166 13197 13198
3 13166 13198 13165
3 13165 13198 13167
3 13169 13167 13201
3 13167 13198 13201
3 13200 13168 13169
3 13201 13200 13169
3 13170 13203 13204
3 13203 13170 13205
3 13170 13204 13206
3 13208 13212 13175
3 13205 13170 13206
3 13175 13173 13171
3 13175 13171 13208
3 13208 13171 13209
3 13176 13179 13210
3 13176 13210 13171
3 13171 13210 13209
3 13179 13177 13172
3 13179 13172 13210
3 13210 13172 13211
3 13211 13172 13180
3 13214 13211 13180
3 13174 13175 13212
3 13174 13212 13182
3 13182 13212 13216
3 13173 13175 13174
3 13176 13178 13179
3 13177 13179 13178
3 13180 13215 13214
3 13181 13215 13180
3 13215 13181 13183
3 13219 13215 13183
3 13186 13217 13220
3 13186 13216 13217
3 13186 13184 13216
3 13184 13182 13216
3 13183 13187 13219
3 13219 13187 13222
3 13185 13186 13220
3 13185 13220 13188
3 13188 13220 13223
3 13184 13186 13185
3 13221 13191 13224
3 13221 13226 13191
3 13187 13194 13222
3 13222 13194 13230
3 13188 13223 13225
3 13189 13188 13225
3 13224 13191 13190
3 13224 13190 13225
3 13225 13190 13189
3 13191 13226 13228
3 13191 13228 13190
3 13190 13228 13192
3 13193 13192 13229
3 13192 13228 13229
3 13229 13195 13193
3 13233 13195 13229
3 13194 13196 13230
3 13230 13196 13235
3 13234 13199 13197
3 13234 13197 13233
3 13233 13197 13195
3 13199 13236 13202
3 13234 13236 13199
3 13202 13236 13235
3 13202 13235 13200
3 13200 13235 13196
3 13197 13199 13198
3 13201 13198 13199
3 13202 13201 13199
3 13200 13201 13202
3 13203 13207 13204
3 13203 13205 13207
3 13207 13206 13204
3 13237 13242 13213
3 13205 13206 13207
3 13208 13237 13212
3 13208 13238 13237
3 13237 13213 13212
3 13209 13239 13208
3 13208 13239 13238
3 13210 13240 13209
3 13209 13240 13239
3 13211 13241 13210
3 13210 13241 13240
3 13241 13211 13214
3 13243 13241 13214
3 13218 13213 13242
3 13246 13218 13242
3 13212 13218 13216
3 13213 13218 13212
3 13214 13244 13243
3 13215 13244 13214
3 13244 13215 13219
3 13247 13244 13219
3 13217 13218 13246
3 13217 13246 13220
3 13220 13246 13248
3 13216 13218 13217
3 13219 13222 13247
3 13247 13222 13249
3 13220 13248 13223
3 13248 13250 13223
3 13221 13224 13227
3 13221 13227 13226
3 13222 13230 13249
3 13249 13230 13253
3 13223 13250 13251
3 13225 13223 13251
3 13224 13225 13251
3 13224 13251 13231
3 13224 13231 13227
3 13254 13231 13251
3 13226 13232 13228
3 13226 13227 13232
3 13227 13231 13232
3 13257 13228 13232
3 13257 13252 13228
3 13252 13229 13228
3 13252 13233 13229
3 13259 13233 13252
3 13230 13235 13253
3 13253 13235 13262
3 13231 13254 13256
3 13232 13231 13256
3 13258 13232 13256
3 13257 13232 13258
3 13233 13259 13261
3 13234 13233 13261
3 13236 13234 13263
3 13234 13261 13263
3 13262 13235 13236
3 13263 13262 13236
3 13237 13264 13270
3 13242 13237 13270
3 13238 13265 13237
3 13237 13265 13264
3 13239 13266 13238
3 13238 13266 13265
3 13240 13267 13239
3 13239 13267 13266
3 13241 13268 13240
3 13240 13268 13267
3 13243 13245 13269
3 13243 13269 13241
3 13241 13269 13268
3 13269 13245 13273
3 13242 13270 13246
3 13270 13275 13246
3 13243 13244 13245
3 13245 13244 13247
3 13245 13247 13273
3 13273 13247 13278
3 13246 13275 13248
3 13275 13280 13248
3 13247 13249 13278
3 13278 13249 13284
3 13248 13280 13250
3 13280 13286 13250
3 13249 13253 13284
3 13284 13253 13288
3 13255 13251 13250
3 13255 13250 13289
3 13289 13250 13286
3 13251 13255 13254
3 13252 13257 13260
3 13252 13260 13259
3 13253 13262 13288
3 13288 13262 13295
3 13255 13289 13290
3 13254 13255 13290
3 13254 13290 13256
3 13256 13290 13291
3 13258 13256 13292
3 13256 13291 13292
3 13260 13257 13258
3 13260 13258 13293
3 13293 13258 13292
3 13259 13260 13293
3 13259 13293 13261
3 13261 13293 13294
3 13263 13261 13296
3 13261 13294 13296
3 13295 13262 13263
3 13296 13295 13263
3 13264 13271 13270
3 13301 13271 13264
3 13301 13264 13298
3 13298 13264 13265
3 13266 13299 13265
3 13265 13299 13298
3 13267 13300 13266
3 13266 13300 13299
3 13272 13305 13300
3 13272 13300 13268
3 13268 13300 13267
3 13268 13269 13274
3 13272 13268 13274
3 13269 13273 13274
3 13271 13302 13308
3 13271 13308 13270
3 13270 13308 13275
3 13301 13302 13271
3 13276 13311 13306
3 13305 13276 13306
3 13305 13272 13276
3 13272 13277 13276
3 13274 13279 13272
3 13279 13277 13272
3 13273 13278 13279
3 13274 13273 13279
3 13275 13308 13280
3 13308 13314 13280
3 13281 13316 13312
3 13311 13281 13312
3 13311 13276 13281
3 13276 13282 13281
3 13277 13283 13276
3 13283 13282 13276
3 13279 13285 13277
3 13285 13283 13277
3 13278 13284 13285
3 13279 13278 13285
3 13280 13314 13286
3 13314 13321 13286
3 13281 13318 13316
3 13318 13287 13324
3 13318 13281 13287
3 13281 13282 13287
3 13326 13283 13319
3 13326 13287 13283
3 13287 13282 13283
3 13285 13319 13283
3 13320 13319 13285
3 13320 13285 13284
3 13320 13284 13329
3 13329 13284 13288
3 13286 13321 13289
3 13321 13332 13289
3 13287 13327 13324
3 13326 13327 13287
3 13297 13341 13330
3 13297 13330 13329
3 13297 13329 13295
3 13295 13329 13288
3 13289 13332 13333
3 13290 13289 13333
3 13291 13290 13335
3 13290 13333 13335
3 13292 13291 13337
3 13291 13335 13337
3 13293 13292 13339
3 13292 13337 13339
3 13294 13293 13342
3 13293 13339 13342
3 13341 13297 13296
3 13341 13296 13342
3 13342 13296 13294
3 13295 13296 13297
3 13298 13303 13301
3 13298 13299 13304
3 13303 13298 13304
3 13299 13300 13307
3 13304 13299 13307
3 13300 13305 13307
3 13302 13309 13308
3 13302 13301 13303
3 13302 13303 13309
3 13309 13303 13310
3 13304 13313 13303
3 13313 13310 13303
3 13306 13311 13313
3 13306 13313 13307
3 13307 13313 13304
3 13305 13306 13307
3 13309 13315 13314
3 13308 13309 13314
3 13310 13317 13309
3 13317 13315 13309
3 13312 13316 13317
3 13312 13317 13313
3 13313 13317 13310
3 13311 13312 13313
3 13315 13322 13321
3 13314 13315 13321
3 13317 13323 13315
3 13323 13322 13315
3 13316 13318 13325
3 13316 13325 13317
3 13317 13325 13323
3 13318 13324 13325
3 13319 13328 13326
3 13319 13320 13331
3 13328 13319 13331
3 13320 13329 13331
3 13322 13334 13332
3 13321 13322 13332
3 13323 13336 13322
3 13336 13334 13322
3 13325 13338 13323
3 13338 13336 13323
3 13324 13327 13340
3 13324 13340 13325
3 13325 13340 13338
3 13327 13326 13328
3 13327 13328 13340
3 13340 13328 13343
3 13330 13341 13343
3 13330 13343 13331
3 13331 13343 13328
3 13329 13330 13331
3 13332 13334 13333
3 13335 13333 13334
3 13336 13335 13334
3 13337 13335 13336
3 13338 13337 13336
3 13339 13337 13338
3 13340 13339 13338
3 13342 13339 13340
3 13343 13342 13340
3 13341 13342 13343
3 13344 13345 13346
3 13345 13344 13347
3 13344 13346 13348
3 13347 13344 13348
3 13345 13349 13346
3 13345 13347 13349
3 13346 13349 13348
3 13347 13348 13349
3 13350 13351 13352
3 13351 13350 13353
3 13350 13352 13354
3 13353 13350 13354
3 13351 13355 13356
3 13352 13351 13356
3 13355 13351 13353
3 13357 13355 13353
3 13352 13356 13358
3 13354 13352 13358
3 13357 13353 13354
3 13358 13357 13354
3 13355 13359 13360
3 13356 13355 13360
3 13359 13355 13357
3 13361 13359 13357
3 13356 13360 13362
3 13358 13356 13362
3 13361 13357 13358
3 13362 13361 13358
3 13359 13363 13360
3 13359 13361 13363
3 13360 13363 13362
3 13361 13362 13363
3 13364 13366 13368
3 13364 13365 13367
3 13366 13364 13367
3 13367 13365 13371
3 13364 13368 13369
3 13365 13364 13369
3 13372 13365 13369
3 13371 13365 13372
3 13366 13370 13368
3 13366 13367 13373
3 13370 13366 13373
3 13367 13371 13373
3 13368 13370 13369
3 13372 13369 13370
3 13373 13372 13370
3 13371 13372 13373
3 13374 13375 13376
3 13375 13374 13378
3 13374 13376 13379
3 13378 13374 13379
3 13377 13381 13383
3 13377 13376 13375
3 13377 13375 13381
3 13381 13375 13382
3 13382 13375 13378
3 13385 13382 13378
3 13377 13383 13384
3 13380 13384 13386
3 13379 13384 13380
3 13379 13377 13384
3 13379 13376 13377
3 13379 13380 13388
3 13379 13388 13378
3 13378 13388 13385
3 13380 13386 13389
3 13388 13380 13389
3 13381 13391 13393
3 13383 13381 13393
3 13382 13392 13381
3 13381 13392 13391
3 13392 13382 13385
3 13394 13392 13385
3 13387 13384 13383
3 13387 13383 13395
3 13395 13383 13393
3 13384 13387 13386
3 13385 13388 13394
3 13394 13388 13398
3 13387 13395 13397
3 13386 13387 13397
3 13386 13397 13389
3 13389 13397 13399
3 13398 13388 13389
3 13399 13398 13389
3 13390 13400 13401
3 13400 13390 13402
3 13390 13401 13403
3 13407 13393 13391
3 13407 13391 13404
3 13402 13390 13403
3 13392 13406 13391
3 13391 13406 13404
3 13406 13392 13394
3 13410 13406 13394
3 13396 13408 13411
3 13396 13407 13408
3 13396 13395 13407
3 13395 13393 13407
3 13394 13398 13410
3 13410 13398 13415
3 13396 13411 13413
3 13395 13396 13413
3 13395 13413 13397
3 13397 13413 13414
3 13399 13397 13416
3 13397 13414 13416
3 13415 13398 13399
3 13416 13415 13399
3 13400 13418 13420
3 13401 13400 13420
3 13402 13405 13419
3 13402 13419 13400
3 13400 13419 13418
3 13419 13405 13422
3 13409 13403 13401
3 13409 13401 13425
3 13425 13401 13420
3 13403 13405 13402
3 13403 13409 13405
3 13404 13405 13407
3 13407 13405 13409
3 13405 13424 13422
3 13405 13404 13424
3 13404 13406 13424
3 13424 13406 13410
3 13428 13424 13410
3 13412 13426 13431
3 13425 13426 13412
3 13409 13425 13412
3 13409 13412 13411
3 13409 13411 13408
3 13407 13409 13408
3 13417 13435 13429
3 13417 13429 13428
3 13417 13428 13415
3 13415 13428 13410
3 13412 13431 13433
3 13411 13412 13433
3 13411 13433 13413
3 13413 13433 13434
3 13414 13413 13436
3 13413 13434 13436
3 13435 13417 13416
3 13435 13416 13436
3 13436 13416 13414
3 13415 13416 13417
3 13418 13421 13420
3 13418 13419 13423
3 13421 13418 13423
3 13419 13422 13423
3 13421 13439 13441
3 13421 13441 13420
3 13420 13441 13425
3 13439 13427 13443
3 13439 13421 13427
3 13421 13423 13427
3 13422 13424 13430
3 13422 13430 13423
3 13423 13430 13427
3 13424 13428 13430
3 13432 13440 13445
3 13432 13431 13426
3 13432 13426 13440
3 13440 13426 13442
3 13441 13426 13425
3 13442 13426 13441
3 13437 13443 13427
3 13449 13443 13437
3 13429 13435 13437
3 13429 13437 13430
3 13430 13437 13427
3 13428 13429 13430
3 13438 13432 13445
3 13452 13438 13445
3 13431 13432 13438
3 13431 13438 13447
3 13431 13447 13433
3 13447 13438 13453
3 13434 13433 13450
3 13433 13447 13450
3 13449 13437 13436
3 13449 13436 13450
3 13450 13436 13434
3 13435 13436 13437
3 13438 13452 13454
3 13453 13438 13454
3 13439 13444 13441
3 13439 13443 13444
3 13440 13446 13445
3 13440 13442 13448
3 13446 13440 13448
3 13442 13441 13444
3 13442 13444 13448
3 13448 13444 13451
3 13443 13449 13451
3 13444 13443 13451
3 13446 13455 13452
3 13445 13446 13452
3 13447 13453 13455
3 13447 13455 13448
3 13448 13455 13446
3 13450 13447 13448
3 13451 13450 13448
3 13449 13450 13451
3 13452 13455 13454
3 13453 13454 13455
3 13456 13457 13458
3 13457 13456 13460
3 13456 13458 13461
3 13460 13456 13461
3 13459 13464 13465
3 13462 13458 13457
3 13467 13464 13459
3 13457 13460 13462
3 13463 13459 13465
3 13468 13463 13465
3 13459 13463 13470
3 13459 13470 13467
3 13462 13461 13458
3 13460 13461 13462
3 13463 13468 13471
3 13470 13463 13471
3 13466 13472 13474
3 13466 13465 13464
3 13466 13464 13472
3 13472 13464 13473
3 13473 13464 13467
3 13475 13473 13467
3 13469 13466 13474
3 13476 13469 13474
3 13465 13469 13468
3 13466 13469 13465
3 13467 13470 13475
3 13475 13470 13479
3 13469 13476 13478
3 13468 13469 13478
3 13468 13478 13471
3 13471 13478 13480
3 13479 13470 13471
3 13480 13479 13471
3 13472 13482 13484
3 13474 13472 13484
3 13473 13483 13472
3 13472 13483 13482
3 13483 13473 13475
3 13487 13483 13475
3 13477 13485 13490
3 13477 13484 13485
3 13477 13476 13484
3 13476 13474 13484
3 13481 13492 13488
3 13481 13488 13487
3 13481 13487 13479
3 13479 13487 13475
3 13477 13490 13491
3 13476 13477 13491
3 13476 13491 13478
3 13478 13491 13493
3 13492 13481 13480
3 13492 13480 13493
3 13493 13480 13478
3 13479 13480 13481
3 13482 13486 13484
3 13482 13483 13489
3 13486 13482 13489
3 13483 13487 13489
3 13485 13495 13496
3 13490 13485 13496
3 13484 13495 13485
3 13484 13494 13495
3 13484 13486 13494
3 13497 13495 13494
3 13488 13492 13494
3 13488 13494 13489
3 13489 13494 13486
3 13487 13488 13489
3 13490 13496 13498
3 13491 13490 13498
3 13497 13494 13493
3 13497 13493 13498
3 13498 13493 13491
3 13492 13493 13494
3 13495 13499 13496
3 13495 13497 13499
3 13496 13499 13498
3 13497 13498 13499
3 13500 13502 13504
3 13500 13501 13503
3 13502 13500 13503
3 13503 13501 13506
3 13500 13504 13505
3 13501 13500 13505
3 13507 13501 13505
3 13506 13501 13507
3 13502 13511 13513
3 13504 13502 13513
3 13503 13512 13502
3 13502 13512 13511
3 13512 13503 13506
3 13516 13512 13506
3 13508 13514 13518
3 13505 13508 13509
3 13505 13513 13508
3 13505 13504 13513
3 13514 13508 13513
3 13505 13510 13507
3 13509 13510 13505
3 13507 13510 13522
3 13507 13522 13506
3 13506 13522 13516
3 13508 13518 13519
3 13509 13508 13519
3 13520 13509 13519
3 13510 13509 13520
3 13523 13510 13520
3 13522 13510 13523
3 13511 13515 13513
3 13511 13512 13517
3 13515 13511 13517
3 13512 13516 13517
3 13514 13525 13526
3 13518 13514 13526
3 13513 13525 13514
3 13513 13521 13525
3 13513 13515 13521
3 13527 13525 13521
3 13517 13524 13515
3 13524 13521 13515
3 13516 13522 13524
3 13517 13516 13524
3 13518 13526 13528
3 13519 13518 13528
3 13527 13521 13520
3 13527 13520 13528
3 13528 13520 13519
3 13523 13520 13521
3 13524 13523 13521
3 13522 13523 13524
3 13525 13529 13526
3 13525 13527 13529
3 13526 13529 13528
3 13527 13528 13529
3 13530 13531 13533
3 13531 13530 13534
3 13530 13533 13535
3 13534 13530 13535
3 13532 13537 13539
3 13537 13532 13541
3 13531 13536 13533
3 13532 13539 13542
3 13532 13542 13541
3 13531 13534 13536
3 13533 13536 13535
3 13534 13535 13536
3 13538 13543 13544
3 13543 13538 13546
3 13540 13545 13548
3 13544 13545 13540
3 13538 13544 13540
3 13538 13540 13539
3 13538 13539 13537
3 13538 13537 13541
3 13538 13541 13546
3 13546 13541 13551
3 13540 13548 13550
3 13539 13540 13550
3 13539 13550 13542
3 13542 13550 13552
3 13551 13541 13542
3 13552 13551 13542
3 13543 13547 13544
3 13543 13546 13547
3 13549 13553 13556
3 13549 13548 13545
3 13549 13545 13553
3 13553 13545 13554
3 13547 13545 13544
3 13547 13555 13545
3 13555 13554 13545
3 13555 13547 13546
3 13555 13546 13560
3 13560 13546 13551
3 13549 13556 13557
3 13548 13549 13557
3 13548 13557 13550
3 13550 13557 13559
3 13552 13550 13561
3 13550 13559 13561
3 13560 13551 13552
3 13561 13560 13552
3 13553 13558 13556
3 13565 13558 13553
3 13565 13553 13564
3 13564 13553 13554
3 13562 13566 13564
3 13562 13564 13555
3 13555 13564 13554
3 13555 13560 13562
3 13556 13558 13557
3 13558 13559 13557
3 13558 13568 13559
3 13558 13565 13568
3 13568 13563 13559
3 13562 13569 13566
3 13562 13559 13569
3 13562 13561 13559
3 13563 13569 13559
3 13560 13561 13562
3 13563 13568 13570
3 13569 13563 13570
3 13564 13567 13565
3 13564 13566 13567
3 13567 13571 13568
3 13565 13567 13568
3 13566 13569 13571
3 13567 13566 13571
3 13568 13571 13570
3 13569 13570 13571
3 13572 13573 13574
3 13573 13572 13575
3 13572 13574 13576
3 13575 13572 13576
3 13573 13577 13578
3 13574 13573 13578
3 13577 13573 13575
3 13579 13577 13575
3 13574 13578 13580
3 13576 13574 13580
3 13579 13575 13576
3 13580 13579 13576
3 13577 13581 13582
3 13578 13577 13582
3 13581 13577 13579
3 13583 13581 13579
3 13578 13582 13584
3 13580 13578 13584
3 13583 13579 13580
3 13584 13583 13580
3 13581 13585 13582
3 13581 13583 13585
3 13582 13585 13584
3 13583 13584 13585
3 13586 13587 13590
3 13587 13586 13591
3 13586 13590 13592
3 13591 13586 13592
3 13588 13594 13596
3 13588 13589 13595
3 13594 13588 13595
3 13595 13589 13597
3 13587 13588 13596
3 13587 13596 13590
3 13590 13596 13599
3 13591 13588 13587
3 13591 13593 13588
3 13593 13589 13588
3 13602 13597 13589
3 13593 13602 13589
3 13590 13599 13600
3 13592 13590 13600
3 13593 13591 13592
3 13593 13592 13603
3 13603 13592 13600
3 13602 13593 13603
3 13594 13605 13608
3 13596 13594 13608
3 13595 13606 13594
3 13594 13606 13605
3 13597 13598 13607
3 13597 13607 13595
3 13595 13607 13606
3 13607 13598 13610
3 13609 13601 13599
3 13609 13599 13608
3 13608 13599 13596
3 13609 13611 13601
3 13598 13602 13604
3 13597 13602 13598
3 13613 13610 13598
3 13604 13613 13598
3 13599 13601 13600
3 13601 13611 13612
3 13601 13612 13600
3 13600 13612 13603
3 13604 13602 13603
3 13604 13603 13614
3 13614 13603 13612
3 13613 13604 13614
3 13605 13615 13618
3 13608 13605 13618
3 13606 13616 13605
3 13605 13616 13615
3 13607 13617 13606
3 13606 13617 13616
3 13617 13607 13610
3 13622 13617 13610
3 13608 13618 13619
3 13609 13608 13619
3 13619 13611 13609
3 13623 13611 13619
3 13610 13613 13622
3 13622 13613 13626
3 13611 13623 13624
3 13612 13611 13624
3 13614 13612 13627
3 13612 13624 13627
3 13626 13613 13614
3 13627 13626 13614
3 13615 13620 13618
3 13615 13616 13621
3 13620 13615 13621
3 13630 13621 13616
3 13630 13616 13629
3 13629 13616 13617
3 13629 13617 13622
3 13631 13629 13622
3 13618 13620 13619
3 13623 13619 13620
3 13623 13620 13625
3 13625 13620 13621
3 13632 13621 13630
3 13632 13628 13621
3 13628 13625 13621
3 13628 13632 13631
3 13628 13631 13626
3 13626 13631 13622
3 13623 13625 13624
3 13627 13624 13625
3 13628 13627 13625
3 13626 13627 13628
3 13629 13633 13630
3 13629 13631 13633
3 13630 13633 13632
3 13631 13632 13633
3 13634 13636 13639
3 13636 13634 13642
3 13635 13640 13644
3 13639 13643 13634
3 13640 13635 13645
3 13642 13634 13643
3 13635 13644 13646
3 13645 13635 13646
3 13637 13647 13649
3 13637 13638 13648
3 13647 13637 13648
3 13648 13638 13652
3 13641 13650 13655
3 13649 13650 13641
3 13637 13649 13641
3 13637 13641 13639
3 13637 13639 13636
3 13653 13638 13637
3 13653 13637 13642
3 13653 13642 13657
3 13636 13642 13637
3 13652 13638 13653
3 13640 13641 13655
3 13640 13655 13644
3 13644 13655 13660
3 13643 13641 13658
3 13643 13639 13641
3 13658 13641 13661
3 13640 13645 13641
3 13661 13641 13645
3 13657 13642 13643
3 13658 13657 13643
3 13644 13660 13662
3 13646 13644 13662
3 13661 13645 13646
3 13662 13661 13646
3 13647 13651 13649
3 13647 13648 13654
3 13651 13647 13654
3 13648 13652 13654
3 13650 13656 13655
3 13650 13649 13651
3 13650 13651 13656
3 13656 13651 13659
3 13653 13657 13659
3 13653 13659 13654
3 13654 13659 13651
3 13652 13653 13654
3 13656 13663 13660
3 13655 13656 13660
3 13658 13661 13663
3 13658 13663 13659
3 13659 13663 13656
3 13657 13658 13659
3 13660 13663 13662
3 13661 13662 13663
3 13664 13672 13676
3 13664 13665 13674
3 13672 13664 13674
3 13674 13665 13679
3 13666 13677 13683
3 13676 13677 13666
3 13676 13666 13664
3 13664 13666 13667
3 13684 13680 13665
3 13684 13665 13667
3 13667 13665 13664
3 13679 13665 13680
3 13668 13666 13683
3 13687 13668 13683
3 13688 13685 13667
3 13688 13667 13668
3 13668 13667 13666
3 13684 13667 13685
3 13668 13687 13689
3 13688 13668 13689
3 13669 13691 13693
3 13669 13670 13692
3 13691 13669 13692
3 13692 13670 13697
3 13671 13694 13698
3 13693 13695 13669
3 13694 13671 13699
3 13695 13701 13673
3 13695 13673 13669
3 13669 13673 13670
3 13703 13697 13670
3 13673 13703 13670
3 13675 13671 13698
3 13705 13675 13698
3 13702 13699 13671
3 13702 13671 13678
3 13678 13671 13675
3 13701 13702 13678
3 13673 13701 13678
3 13673 13678 13676
3 13673 13676 13672
3 13673 13672 13674
3 13673 13674 13709
3 13673 13709 13703
3 13709 13674 13681
3 13674 13679 13681
3 13682 13706 13711
3 13705 13707 13675
3 13706 13682 13712
3 13677 13715 13683
3 13677 13675 13715
3 13677 13678 13675
3 13675 13707 13715
3 13676 13678 13677
3 13710 13686 13717
3 13709 13686 13710
3 13681 13686 13709
3 13681 13684 13686
3 13681 13680 13684
3 13679 13680 13681
3 13682 13711 13713
3 13712 13682 13713
3 13718 13690 13687
3 13718 13687 13715
3 13715 13687 13683
3 13717 13690 13718
3 13686 13690 13717
3 13686 13688 13690
3 13686 13685 13688
3 13684 13685 13686
3 13687 13690 13689
3 13688 13689 13690
3 13691 13696 13693
3 13721 13696 13691
3 13721 13691 13720
3 13720 13691 13692
3 13720 13692 13697
3 13722 13720 13697
3 13694 13700 13698
3 13695 13693 13696
3 13699 13700 13694
3 13696 13701 13695
3 13696 13721 13701
3 13721 13725 13701
3 13724 13703 13704
3 13724 13722 13703
3 13722 13697 13703
3 13724 13704 13728
3 13700 13708 13705
3 13698 13700 13705
3 13699 13708 13700
3 13699 13726 13708
3 13699 13702 13726
3 13726 13731 13708
3 13725 13702 13701
3 13726 13702 13725
3 13704 13734 13729
3 13704 13703 13734
3 13703 13709 13734
3 13728 13704 13729
3 13706 13714 13711
3 13705 13708 13707
3 13712 13714 13706
3 13732 13736 13716
3 13716 13731 13732
3 13716 13715 13731
3 13708 13731 13707
3 13707 13731 13715
3 13710 13717 13719
3 13710 13719 13741
3 13710 13741 13709
3 13709 13741 13734
3 13711 13714 13713
3 13716 13736 13737
3 13712 13713 13714
3 13715 13716 13737
3 13715 13737 13718
3 13718 13737 13739
3 13719 13717 13718
3 13719 13718 13742
3 13742 13718 13739
3 13741 13719 13742
3 13720 13723 13721
3 13720 13722 13723
3 13723 13727 13725
3 13721 13723 13725
3 13722 13724 13730
3 13722 13730 13723
3 13723 13730 13727
3 13724 13728 13730
3 13726 13733 13731
3 13726 13725 13727
3 13726 13727 13733
3 13733 13727 13735
3 13729 13734 13735
3 13729 13735 13730
3 13730 13735 13727
3 13728 13729 13730
3 13732 13738 13736
3 13732 13731 13733
3 13732 13733 13738
3 13738 13733 13740
3 13735 13743 13733
3 13743 13740 13733
3 13734 13741 13743
3 13735 13734 13743
3 13736 13738 13737
3 13739 13737 13738
3 13740 13739 13738
3 13742 13739 13740
3 13743 13742 13740
3 13741 13742 13743
3 13744 13748 13752
3 13748 13744 13754
3 13744 13752 13755
3 13754 13744 13755
3 13745 13757 13760
3 13757 13745 13762
3 13746 13745 13760
3 13764 13746 13760
3 13766 13762 13745
3 13746 13766 13745
3 13746 13764 13767
3 13766 13746 13767
3 13747 13771 13776
3 13747 13749 13772
3 13771 13747 13772
3 13772 13749 13778
3 13750 13773 13780
3 13750 13751 13775
3 13773 13750 13775
3 13775 13751 13782
3 13753 13747 13776
3 13783 13753 13776
3 13748 13753 13752
3 13748 13749 13753
3 13749 13747 13753
3 13749 13748 13754
3 13749 13754 13778
3 13778 13754 13787
3 13756 13750 13780
3 13790 13756 13780
3 13751 13750 13758
3 13758 13750 13756
3 13784 13782 13751
3 13784 13751 13759
3 13759 13751 13758
3 13783 13786 13753
3 13784 13759 13792
3 13752 13753 13786
3 13752 13786 13755
3 13755 13786 13788
3 13787 13754 13755
3 13788 13787 13755
3 13761 13756 13790
3 13794 13761 13790
3 13757 13761 13760
3 13757 13758 13761
3 13758 13756 13761
3 13762 13758 13757
3 13762 13763 13758
3 13763 13759 13758
3 13796 13792 13759
3 13763 13796 13759
3 13765 13761 13794
3 13797 13765 13794
3 13760 13765 13764
3 13761 13765 13760
3 13763 13766 13768
3 13762 13766 13763
3 13799 13796 13763
3 13768 13799 13763
3 13769 13765 13797
3 13801 13769 13797
3 13764 13770 13767
3 13764 13765 13770
3 13765 13769 13770
3 13767 13770 13803
3 13766 13767 13803
3 13766 13803 13800
3 13766 13800 13768
3 13799 13768 13800
3 13769 13801 13802
3 13770 13769 13802
3 13804 13770 13802
3 13803 13770 13804
3 13774 13805 13810
3 13805 13774 13813
3 13777 13807 13814
3 13777 13776 13771
3 13777 13771 13807
3 13807 13771 13809
3 13779 13817 13809
3 13779 13809 13772
3 13772 13809 13771
3 13772 13778 13779
3 13781 13811 13819
3 13810 13811 13781
3 13774 13810 13781
3 13774 13781 13780
3 13774 13780 13773
3 13774 13815 13813
3 13774 13773 13815
3 13773 13775 13815
3 13782 13785 13777
3 13782 13777 13815
3 13782 13815 13775
3 13815 13777 13814
3 13776 13785 13783
3 13777 13785 13776
3 13789 13817 13779
3 13820 13817 13789
3 13778 13787 13789
3 13779 13778 13789
3 13791 13781 13819
3 13822 13791 13819
3 13780 13791 13790
3 13781 13791 13780
3 13782 13784 13785
3 13792 13785 13784
3 13792 13793 13785
3 13783 13785 13786
3 13786 13785 13793
3 13789 13825 13820
3 13789 13786 13825
3 13789 13788 13786
3 13793 13825 13786
3 13787 13788 13789
3 13795 13791 13822
3 13828 13795 13822
3 13790 13795 13794
3 13791 13795 13790
3 13793 13831 13826
3 13793 13792 13831
3 13792 13796 13831
3 13825 13793 13826
3 13798 13795 13828
3 13833 13798 13828
3 13794 13798 13797
3 13795 13798 13794
3 13796 13799 13831
3 13831 13799 13835
3 13798 13833 13834
3 13834 13797 13798
3 13834 13838 13797
3 13838 13801 13797
3 13800 13841 13836
3 13803 13841 13800
3 13835 13799 13800
3 13836 13835 13800
3 13801 13838 13839
3 13802 13801 13839
3 13804 13802 13842
3 13802 13839 13842
3 13841 13803 13804
3 13842 13841 13804
3 13806 13844 13847
3 13806 13808 13845
3 13844 13806 13845
3 13845 13808 13849
3 13812 13846 13850
3 13812 13810 13805
3 13812 13805 13846
3 13846 13805 13848
3 13813 13816 13806
3 13813 13806 13848
3 13813 13848 13805
3 13848 13806 13847
3 13807 13816 13814
3 13807 13808 13816
3 13808 13806 13816
3 13808 13807 13809
3 13808 13809 13852
3 13808 13852 13849
3 13852 13809 13818
3 13809 13817 13818
3 13811 13812 13850
3 13811 13850 13819
3 13819 13850 13854
3 13810 13812 13811
3 13813 13815 13816
3 13814 13816 13815
3 13821 13852 13818
3 13856 13852 13821
3 13817 13820 13821
3 13818 13817 13821
3 13823 13855 13859
3 13823 13854 13855
3 13823 13822 13854
3 13822 13819 13854
3 13824 13860 13857
3 13856 13824 13857
3 13856 13821 13824
3 13821 13827 13824
3 13820 13825 13827
3 13821 13820 13827
3 13829 13823 13859
3 13863 13829 13859
3 13822 13829 13828
3 13823 13829 13822
3 13830 13866 13861
3 13860 13830 13861
3 13860 13824 13830
3 13824 13832 13830
3 13826 13831 13832
3 13826 13832 13827
3 13827 13832 13824
3 13825 13826 13827
3 13829 13863 13864
3 13864 13828 13829
3 13864 13868 13828
3 13868 13833 13828
3 13830 13867 13866
3 13867 13837 13873
3 13867 13830 13837
3 13830 13832 13837
3 13831 13835 13837
3 13832 13831 13837
3 13833 13868 13869
3 13834 13833 13869
3 13838 13871 13840
3 13838 13834 13871
3 13834 13869 13871
3 13840 13874 13843
3 13871 13874 13840
3 13873 13843 13874
3 13837 13843 13873
3 13837 13841 13843
3 13837 13836 13841
3 13835 13836 13837
3 13838 13840 13839
3 13842 13839 13840
3 13843 13842 13840
3 13841 13842 13843
3 13844 13876 13878
3 13847 13844 13878
3 13845 13877 13844
3 13844 13877 13876
3 13877 13845 13849
3 13881 13877 13849
3 13846 13851 13850
3 13884 13851 13846
3 13884 13846 13879
3 13879 13846 13848
3 13878 13848 13847
3 13879 13848 13878
3 13883 13852 13853
3 13883 13881 13852
3 13881 13849 13852
3 13883 13853 13890
3 13851 13885 13893
3 13851 13893 13850
3 13850 13893 13854
3 13884 13885 13851
3 13858 13897 13888
3 13853 13888 13891
3 13853 13856 13888
3 13853 13852 13856
3 13856 13858 13888
3 13890 13853 13891
3 13855 13894 13900
3 13859 13855 13900
3 13893 13855 13854
3 13894 13855 13893
3 13862 13904 13898
3 13897 13862 13898
3 13858 13862 13897
3 13858 13860 13862
3 13858 13857 13860
3 13856 13857 13858
3 13901 13865 13863
3 13901 13863 13900
3 13900 13863 13859
3 13901 13906 13865
3 13861 13904 13862
3 13861 13866 13904
3 13866 13909 13904
3 13860 13861 13862
3 13863 13865 13864
3 13868 13907 13870
3 13864 13907 13868
3 13864 13906 13907
3 13864 13865 13906
3 13870 13910 13872
3 13907 13910 13870
3 13867 13875 13872
3 13867 13872 13909
3 13867 13909 13866
3 13910 13909 13872
3 13867 13873 13875
3 13868 13870 13869
3 13871 13869 13870
3 13872 13871 13870
3 13874 13871 13872
3 13875 13874 13872
3 13873 13874 13875
3 13876 13880 13878
3 13876 13877 13882
3 13880 13876 13882
3 13877 13881 13882
3 13879 13886 13884
3 13879 13878 13880
3 13879 13880 13886
3 13886 13880 13887
3 13882 13889 13880
3 13889 13887 13880
3 13881 13883 13892
3 13881 13892 13882
3 13882 13892 13889
3 13883 13890 13892
3 13885 13895 13893
3 13885 13884 13886
3 13885 13886 13895
3 13895 13886 13896
3 13887 13899 13886
3 13899 13896 13886
3 13888 13897 13899
3 13888 13899 13889
3 13889 13899 13887
3 13891 13888 13889
3 13892 13891 13889
3 13890 13891 13892
3 13894 13902 13900
3 13894 13893 13895
3 13894 13895 13902
3 13902 13895 13903
3 13896 13905 13895
3 13905 13903 13895
3 13898 13904 13905
3 13898 13905 13899
3 13899 13905 13896
3 13897 13898 13899
3 13900 13902 13901
3 13906 13901 13902
3 13906 13902 13908
3 13908 13902 13903
3 13905 13911 13903
3 13911 13908 13903
3 13904 13909 13911
3 13905 13904 13911
3 13906 13908 13907
3 13910 13907 13908
3 13911 13910 13908
3 13909 13910 13911
3 13912 13916 13917
3 13916 13912 13920
3 13913 13918 13922
3 13917 13921 13912
3 13918 13913 13925
3 13920 13912 13921
3 13914 13923 13926
3 13922 13923 13914
3 13922 13914 13913
3 13913 13914 13915
3 13929 13925 13913
3 13915 13929 13913
3 13914 13926 13927
3 13915 13914 13927
3 13930 13915 13927
3 13929 13915 13930
3 13919 13931 13934
3 13919 13917 13916
3 13919 13916 13931
3 13931 13916 13933
3 13933 13916 13920
3 13936 13933 13920
3 13924 13935 13938
3 13934 13935 13924
3 13919 13934 13924
3 13919 13924 13922
3 13919 13922 13918
3 13921 13919 13937
3 13921 13917 13919
3 13937 13919 13941
3 13918 13925 13919
3 13941 13919 13925
3 13936 13920 13921
3 13937 13936 13921
3 13923 13928 13926
3 13924 13938 13939
3 13939 13922 13924
3 13939 13943 13922
3 13923 13922 13928
3 13928 13922 13943
3 13925 13929 13941
3 13941 13929 13944
3 13926 13928 13927
3 13928 13943 13945
3 13928 13945 13927
3 13927 13945 13930
3 13944 13929 13930
3 13945 13944 13930
3 13932 13947 13948
3 13947 13932 13949
3 13931 13932 13948
3 13931 13948 13934
3 13934 13948 13952
3 13932 13951 13949
3 13932 13931 13951
3 13931 13933 13951
3 13951 13933 13936
3 13954 13951 13936
3 13935 13940 13938
3 13935 13955 13940
3 13935 13934 13955
3 13934 13952 13955
3 13937 13941 13942
3 13937 13942 13958
3 13937 13958 13936
3 13936 13958 13954
3 13938 13940 13939
3 13943 13956 13946
3 13939 13956 13943
3 13939 13955 13956
3 13939 13940 13955
3 13942 13956 13959
3 13942 13944 13956
3 13942 13941 13944
3 13944 13946 13956
3 13958 13942 13959
3 13943 13946 13945
3 13944 13945 13946
3 13947 13950 13948
3 13947 13949 13950
3 13950 13953 13952
3 13948 13950 13952
3 13949 13953 13950
3 13949 13960 13953
3 13949 13951 13960
3 13960 13961 13953
3 13960 13951 13954
3 13962 13960 13954
3 13953 13957 13955
3 13952 13953 13955
3 13964 13953 13961
3 13957 13953 13964
3 13954 13958 13962
3 13962 13958 13965
3 13955 13957 13956
3 13957 13964 13966
3 13957 13966 13956
3 13956 13966 13959
3 13965 13958 13959
3 13966 13965 13959
3 13960 13963 13961
3 13960 13962 13963
3 13963 13967 13964
3 13961 13963 13964
3 13962 13965 13967
3 13963 13962 13967
3 13964 13967 13966
3 13965 13966 13967
3 13968 13970 13972
3 13968 13969 13971
3 13970 13968 13971
3 13971 13969 13974
3 13968 13972 13973
3 13969 13968 13973
3 13975 13969 13973
3 13974 13969 13975
3 13970 13977 13979
3 13972 13970 13979
3 13971 13978 13970
3 13970 13978 13977
3 13978 13971 13974
3 13982 13978 13974
3 13972 13979 13980
3 13973 13972 13980
3 13976 13980 13983
3 13976 13975 13980
3 13975 13973 13980
3 13975 13976 13985
3 13975 13985 13974
3 13974 13985 13982
3 13976 13983 13986
3 13985 13976 13986
3 13977 13981 13979
3 13988 13981 13977
3 13988 13977 13987
3 13987 13977 13978
3 13987 13978 13982
3 13990 13987 13982
3 13981 13980 13979
3 13989 13992 13984
3 13984 13988 13989
3 13984 13983 13988
3 13981 13988 13980
3 13980 13988 13983
3 13982 13985 13990
3 13990 13985 13995
3 13984 13992 13993
3 13983 13984 13993
3 13983 13993 13986
3 13986 13993 13996
3 13995 13985 13986
3 13996 13995 13986
3 13987 13991 13988
3 13987 13990 13991
3 13989 13994 13992
3 13989 13988 13991
3 13989 13991 13994
3 13994 13991 13997
3 13990 13995 13997
3 13991 13990 13997
3 13992 13994 13993
3 13996 13993 13994
3 13997 13996 13994
3 13995 13996 13997
3 13998 14001 14005
3 13998 13999 14002
3 14001 13998 14002
3 14002 13999 14007
3 14000 13998 14005
3 14010 14000 14005
3 14012 14008 13999
3 14012 13999 14000
3 14000 13999 13998
3 14007 13999 14008
3 14000 14010 14013
3 14012 14000 14013
3 14003 14015 14018
3 14015 14003 14020
3 14004 14016 14023
3 14004 14006 14017
3 14016 14004 14017
3 14006 14005 14001
3 14006 14001 14017
3 14017 14001 14019
3 14003 14018 14021
3 14009 14025 14002
3 14002 14025 14019
3 14002 14019 14001
3 14003 14021 14020
3 14002 14007 14009
3 14004 14023 14024
3 14024 14027 14011
3 14024 14011 14004
3 14004 14011 14006
3 14011 14026 14006
3 14011 14028 14026
3 14006 14026 14005
3 14014 14010 14026
3 14005 14026 14010
3 14025 14014 14026
3 14009 14014 14025
3 14009 14012 14014
3 14009 14008 14012
3 14007 14008 14009
3 14011 14027 14029
3 14010 14014 14013
3 14011 14029 14028
3 14012 14013 14014
3 14015 14022 14018
3 14015 14020 14022
3 14016 14031 14034
3 14023 14016 14034
3 14017 14032 14016
3 14016 14032 14031
3 14019 14033 14017
3 14017 14033 14032
3 14025 14039 14033
3 14025 14033 14019
3 14018 14022 14021
3 14020 14021 14022
3 14023 14034 14035
3 14024 14023 14035
3 14027 14037 14030
3 14027 14024 14037
3 14024 14035 14037
3 14030 14026 14028
3 14030 14037 14026
3 14037 14040 14026
3 14039 14025 14026
3 14040 14039 14026
3 14027 14030 14029
3 14028 14029 14030
3 14031 14036 14034
3 14031 14032 14038
3 14036 14031 14038
3 14032 14033 14041
3 14038 14032 14041
3 14033 14039 14041
3 14034 14036 14035
3 14037 14035 14036
3 14038 14037 14036
3 14040 14037 14038
3 14041 14040 14038
3 14039 14040 14041
3 14042 14045 14047
3 14042 14043 14046
3 14045 14042 14046
3 14046 14043 14048
3 14044 14042 14047
3 14051 14044 14047
3 14052 14049 14043
3 14052 14043 14044
3 14044 14043 14042
3 14048 14043 14049
3 14044 14051 14053
3 14052 14044 14053
3 14045 14054 14055
3 14047 14045 14055
3 14050 14056 14054
3 14050 14054 14046
3 14046 14054 14045
3 14046 14048 14050
3 14047 14055 14051
3 14055 14058 14051
3 14049 14056 14050
3 14049 14052 14056
3 14052 14059 14056
3 14048 14049 14050
3 14051 14058 14060
3 14053 14051 14060
3 14059 14052 14053
3 14060 14059 14053
3 14054 14057 14055
3 14054 14056 14057
3 14057 14061 14058
3 14055 14057 14058
3 14056 14059 14061
3 14057 14056 14061
3 14058 14061 14060
3 14059 14060 14061
3 14062 14063 14064
3 14063 14062 14065
3 14062 14064 14066
3 14065 14062 14066
3 14063 14067 14064
3 14063 14065 14067
3 14064 14067 14066
3 14065 14066 14067
3 14068 14076 14079
3 14076 14068 14082
3 14069 14080 14084
3 14079 14080 14069
3 14079 14069 14068
3 14068 14069 14070
3 14086 14082 14068
3 14070 14086 14068
3 14071 14069 14084
3 14088 14071 14084
3 14070 14069 14072
3 14072 14069 14071
3 14091 14086 14070
3 14072 14091 14070
3 14073 14089 14092
3 14088 14089 14073
3 14088 14073 14071
3 14071 14073 14074
3 14072 14071 14075
3 14075 14071 14074
3 14095 14091 14072
3 14075 14095 14072
3 14073 14092 14093
3 14074 14073 14093
3 14094 14074 14093
3 14075 14074 14094
3 14096 14075 14094
3 14095 14075 14096
3 14077 14100 14102
3 14100 14077 14104
3 14078 14101 14106
3 14078 14081 14103
3 14101 14078 14103
3 14102 14103 14081
3 14077 14102 14081
3 14077 14081 14079
3 14077 14079 14076
3 14077 14076 14082
3 14077 14082 14104
3 14104 14082 14110
3 14083 14107 14111
3 14106 14107 14083
3 14106 14083 14078
3 14078 14083 14085
3 14080 14085 14084
3 14080 14081 14085
3 14081 14078 14085
3 14079 14081 14080
3 14082 14086 14110
3 14110 14086 14113
3 14087 14083 14111
3 14114 14087 14111
3 14085 14083 14090
3 14090 14083 14087
3 14084 14090 14088
3 14085 14090 14084
3 14086 14091 14113
3 14113 14091 14116
3 14087 14114 14115
3 14089 14118 14092
3 14089 14087 14118
3 14089 14090 14087
3 14087 14115 14118
3 14088 14090 14089
3 14091 14095 14116
3 14116 14095 14122
3 14092 14118 14120
3 14093 14092 14120
3 14094 14093 14121
3 14093 14120 14121
3 14097 14121 14126
3 14097 14096 14121
3 14096 14094 14121
3 14096 14097 14129
3 14096 14129 14095
3 14095 14129 14122
3 14098 14127 14130
3 14126 14127 14098
3 14126 14098 14097
3 14097 14098 14099
3 14132 14129 14097
3 14099 14132 14097
3 14098 14130 14131
3 14099 14098 14131
3 14133 14099 14131
3 14132 14099 14133
3 14100 14105 14102
3 14100 14104 14105
3 14101 14108 14106
3 14101 14103 14109
3 14108 14101 14109
3 14103 14136 14109
3 14102 14136 14103
3 14102 14134 14136
3 14102 14105 14134
3 14134 14105 14104
3 14134 14104 14138
3 14138 14104 14110
3 14107 14112 14111
3 14107 14140 14112
3 14106 14140 14107
3 14106 14135 14140
3 14106 14108 14135
3 14109 14135 14108
3 14137 14135 14109
3 14136 14137 14109
3 14110 14113 14138
3 14138 14113 14144
3 14112 14141 14146
3 14112 14146 14111
3 14111 14146 14114
3 14140 14141 14112
3 14113 14116 14144
3 14144 14116 14150
3 14117 14147 14151
3 14115 14117 14119
3 14115 14146 14117
3 14115 14114 14146
3 14147 14117 14146
3 14115 14119 14118
3 14116 14122 14150
3 14150 14122 14154
3 14123 14117 14151
3 14155 14123 14151
3 14119 14117 14124
3 14124 14117 14123
3 14118 14125 14120
3 14118 14119 14125
3 14119 14124 14125
3 14120 14128 14121
3 14125 14128 14120
3 14121 14128 14126
3 14122 14129 14154
3 14154 14129 14161
3 14123 14155 14157
3 14124 14123 14157
3 14158 14124 14157
3 14125 14124 14158
3 14160 14125 14158
3 14127 14164 14130
3 14127 14125 14164
3 14127 14128 14125
3 14125 14160 14164
3 14126 14128 14127
3 14129 14132 14161
3 14161 14132 14167
3 14130 14164 14165
3 14131 14130 14165
3 14133 14131 14168
3 14131 14165 14168
3 14167 14132 14133
3 14168 14167 14133
3 14134 14139 14136
3 14134 14138 14139
3 14135 14142 14140
3 14135 14137 14143
3 14142 14135 14143
3 14137 14136 14139
3 14137 14139 14143
3 14143 14139 14145
3 14138 14144 14145
3 14139 14138 14145
3 14141 14148 14146
3 14141 14140 14142
3 14141 14142 14148
3 14148 14142 14149
3 14172 14143 14170
3 14172 14149 14143
3 14149 14142 14143
3 14145 14170 14143
3 14171 14170 14145
3 14171 14145 14144
3 14171 14144 14175
3 14175 14144 14150
3 14147 14152 14151
3 14147 14146 14148
3 14147 14148 14152
3 14152 14148 14153
3 14179 14149 14173
3 14179 14153 14149
3 14153 14148 14149
3 14172 14173 14149
3 14150 14154 14175
3 14175 14154 14182
3 14156 14177 14184
3 14152 14178 14177
3 14152 14177 14155
3 14152 14155 14151
3 14155 14177 14156
3 14178 14159 14187
3 14178 14152 14159
3 14152 14153 14159
3 14190 14153 14179
3 14159 14153 14190
3 14154 14161 14182
3 14182 14161 14195
3 14162 14185 14198
3 14184 14185 14162
3 14184 14162 14156
3 14156 14162 14163
3 14155 14156 14163
3 14155 14163 14188
3 14155 14188 14157
3 14188 14163 14201
3 14187 14159 14158
3 14187 14158 14188
3 14188 14158 14157
3 14159 14190 14191
3 14159 14191 14158
3 14158 14191 14160
3 14164 14193 14166
3 14164 14160 14193
3 14160 14191 14193
3 14166 14196 14169
3 14193 14196 14166
3 14169 14196 14195
3 14169 14195 14167
3 14167 14195 14161
3 14162 14198 14199
3 14163 14162 14199
3 14202 14163 14199
3 14201 14163 14202
3 14164 14166 14165
3 14168 14165 14166
3 14169 14168 14166
3 14167 14168 14169
3 14170 14174 14172
3 14170 14171 14176
3 14174 14170 14176
3 14171 14175 14176
3 14173 14180 14179
3 14173 14172 14174
3 14173 14174 14180
3 14180 14174 14181
3 14176 14183 14174
3 14183 14181 14174
3 14175 14182 14183
3 14176 14175 14183
3 14177 14186 14184
3 14177 14178 14189
3 14186 14177 14189
3 14178 14187 14189
3 14180 14192 14190
3 14179 14180 14190
3 14181 14194 14180
3 14194 14192 14180
3 14183 14197 14181
3 14197 14194 14181
3 14182 14195 14197
3 14183 14182 14197
3 14185 14200 14198
3 14185 14184 14186
3 14185 14186 14200
3 14200 14186 14203
3 14188 14201 14203
3 14188 14203 14189
3 14189 14203 14186
3 14187 14188 14189
3 14190 14192 14191
3 14193 14191 14192
3 14194 14193 14192
3 14196 14193 14194
3 14197 14196 14194
3 14195 14196 14197
3 14198 14200 14199
3 14202 14199 14200
3 14203 14202 14200
3 14201 14202 14203
3 14204 14218 14223
3 14204 14205 14220
3 14218 14204 14220
3 14220 14205 14225
3 14206 14204 14223
3 14227 14206 14223
3 14205 14204 14207
3 14207 14204 14206
3 14229 14225 14205
3 14207 14229 14205
3 14208 14206 14227
3 14231 14208 14227
3 14207 14206 14209
3 14209 14206 14208
3 14233 14229 14207
3 14209 14233 14207
3 14210 14208 14231
3 14234 14210 14231
3 14209 14208 14211
3 14211 14208 14210
3 14236 14233 14209
3 14211 14236 14209
3 14210 14234 14235
3 14211 14210 14235
3 14237 14211 14235
3 14236 14211 14237
3 14212 14238 14240
3 14212 14213 14239
3 14238 14212 14239
3 14239 14213 14243
3 14214 14241 14244
3 14240 14241 14214
3 14240 14214 14212
3 14212 14214 14215
3 14213 14212 14216
3 14216 14212 14215
3 14246 14243 14213
3 14216 14246 14213
3 14217 14214 14244
3 14247 14217 14244
3 14215 14214 14219
3 14219 14214 14217
3 14216 14215 14221
3 14221 14215 14219
3 14250 14246 14216
3 14221 14250 14216
3 14222 14248 14251
3 14247 14248 14222
3 14247 14222 14217
3 14217 14222 14224
3 14218 14224 14223
3 14218 14219 14224
3 14219 14217 14224
3 14220 14219 14218
3 14221 14219 14220
3 14221 14220 14225
3 14221 14225 14250
3 14250 14225 14253
3 14226 14222 14251
3 14255 14226 14251
3 14224 14222 14228
3 14228 14222 14226
3 14223 14228 14227
3 14224 14228 14223
3 14225 14229 14253
3 14253 14229 14258
3 14230 14226 14255
3 14260 14230 14255
3 14228 14226 14232
3 14232 14226 14230
3 14227 14232 14231
3 14228 14232 14227
3 14229 14233 14258
3 14258 14233 14265
3 14230 14260 14262
3 14232 14230 14262
3 14263 14232 14262
3 14263 14231 14232
3 14263 14267 14231
3 14267 14234 14231
3 14233 14236 14265
3 14265 14236 14270
3 14234 14267 14268
3 14235 14234 14268
3 14237 14235 14271
3 14235 14268 14271
3 14270 14236 14237
3 14271 14270 14237
3 14242 14273 14276
3 14242 14240 14238
3 14242 14238 14273
3 14273 14238 14274
3 14239 14275 14238
3 14238 14275 14274
3 14275 14239 14243
3 14278 14275 14243
3 14245 14277 14279
3 14276 14277 14245
3 14242 14276 14245
3 14242 14245 14244
3 14242 14244 14241
3 14240 14242 14241
3 14243 14246 14278
3 14278 14246 14280
3 14249 14245 14279
3 14281 14249 14279
3 14244 14249 14247
3 14245 14249 14244
3 14246 14250 14280
3 14280 14250 14285
3 14252 14282 14288
3 14281 14282 14252
3 14249 14281 14252
3 14249 14252 14251
3 14249 14251 14248
3 14247 14249 14248
3 14254 14291 14286
3 14254 14286 14285
3 14254 14285 14253
3 14253 14285 14250
3 14256 14252 14288
3 14294 14256 14288
3 14251 14256 14255
3 14252 14256 14251
3 14257 14297 14292
3 14291 14257 14292
3 14291 14254 14257
3 14254 14259 14257
3 14253 14258 14259
3 14254 14253 14259
3 14261 14256 14294
3 14299 14261 14294
3 14255 14261 14260
3 14256 14261 14255
3 14264 14297 14257
3 14304 14297 14264
3 14259 14266 14257
3 14266 14264 14257
3 14258 14265 14266
3 14259 14258 14266
3 14261 14299 14301
3 14260 14261 14301
3 14260 14301 14262
3 14262 14301 14302
3 14263 14262 14305
3 14262 14302 14305
3 14267 14264 14269
3 14267 14305 14264
3 14267 14263 14305
3 14305 14304 14264
3 14266 14272 14264
3 14272 14269 14264
3 14265 14270 14272
3 14266 14265 14272
3 14267 14269 14268
3 14271 14268 14269
3 14272 14271 14269
3 14270 14271 14272
3 14273 14308 14311
3 14276 14273 14311
3 14274 14309 14273
3 14273 14309 14308
3 14275 14310 14274
3 14274 14310 14309
3 14310 14275 14278
3 14315 14310 14278
3 14277 14312 14317
3 14279 14277 14317
3 14311 14277 14276
3 14312 14277 14311
3 14278 14280 14315
3 14315 14280 14323
3 14283 14318 14326
3 14283 14317 14318
3 14283 14281 14317
3 14281 14279 14317
3 14284 14330 14321
3 14284 14324 14287
3 14321 14324 14284
3 14287 14324 14323
3 14287 14323 14285
3 14285 14323 14280
3 14289 14327 14333
3 14326 14327 14289
3 14283 14326 14289
3 14283 14289 14288
3 14283 14288 14282
3 14281 14283 14282
3 14290 14335 14331
3 14330 14290 14331
3 14330 14284 14290
3 14284 14293 14290
3 14286 14291 14293
3 14286 14293 14287
3 14287 14293 14284
3 14285 14286 14287
3 14295 14289 14333
3 14338 14295 14333
3 14288 14295 14294
3 14289 14295 14288
3 14296 14339 14336
3 14335 14296 14336
3 14335 14290 14296
3 14290 14298 14296
3 14292 14297 14298
3 14292 14298 14293
3 14293 14298 14290
3 14291 14292 14293
3 14300 14295 14338
3 14340 14300 14338
3 14294 14300 14299
3 14295 14300 14294
3 14303 14339 14296
3 14342 14339 14303
3 14298 14306 14296
3 14306 14303 14296
3 14297 14304 14306
3 14298 14297 14306
3 14307 14300 14340
3 14344 14307 14340
3 14299 14300 14307
3 14299 14307 14343
3 14299 14343 14301
3 14343 14307 14346
3 14342 14303 14302
3 14342 14302 14343
3 14343 14302 14301
3 14305 14302 14303
3 14306 14305 14303
3 14304 14305 14306
3 14307 14344 14347
3 14346 14307 14347
3 14308 14313 14311
3 14308 14309 14314
3 14313 14308 14314
3 14309 14310 14316
3 14314 14309 14316
3 14310 14315 14316
3 14312 14319 14317
3 14312 14311 14313
3 14312 14313 14319
3 14319 14313 14320
3 14314 14322 14313
3 14322 14320 14313
3 14316 14325 14314
3 14325 14322 14314
3 14315 14323 14325
3 14316 14315 14325
3 14318 14328 14326
3 14318 14317 14319
3 14318 14319 14328
3 14328 14319 14329
3 14320 14332 14319
3 14332 14329 14319
3 14321 14330 14332
3 14321 14332 14322
3 14322 14332 14320
3 14324 14321 14322
3 14325 14324 14322
3 14323 14324 14325
3 14327 14348 14349
3 14333 14327 14349
3 14326 14348 14327
3 14326 14334 14348
3 14326 14328 14334
3 14350 14348 14334
3 14329 14337 14328
3 14337 14334 14328
3 14331 14335 14337
3 14331 14337 14332
3 14332 14337 14329
3 14330 14331 14332
3 14333 14349 14338
3 14349 14353 14338
3 14334 14352 14350
3 14336 14339 14356
3 14336 14356 14334
3 14336 14334 14337
3 14334 14356 14352
3 14335 14336 14337
3 14341 14354 14358
3 14341 14353 14354
3 14341 14340 14353
3 14340 14338 14353
3 14339 14342 14356
3 14356 14342 14360
3 14345 14341 14358
3 14363 14345 14358
3 14340 14345 14344
3 14341 14345 14340
3 14343 14366 14361
3 14346 14366 14343
3 14360 14342 14343
3 14361 14360 14343
3 14345 14363 14365
3 14344 14345 14365
3 14344 14365 14347
3 14347 14365 14367
3 14366 14346 14347
3 14367 14366 14347
3 14348 14351 14349
3 14348 14350 14351
3 14351 14355 14353
3 14349 14351 14353
3 14350 14352 14357
3 14350 14357 14351
3 14351 14357 14355
3 14352 14356 14357
3 14354 14371 14372
3 14358 14354 14372
3 14353 14371 14354
3 14353 14359 14371
3 14353 14355 14359
3 14374 14371 14359
3 14357 14362 14355
3 14362 14359 14355
3 14356 14360 14362
3 14357 14356 14362
3 14364 14373 14376
3 14364 14372 14373
3 14364 14363 14372
3 14363 14358 14372
3 14368 14374 14359
3 14377 14374 14368
3 14361 14366 14368
3 14361 14368 14362
3 14362 14368 14359
3 14360 14361 14362
3 14369 14364 14376
3 14379 14369 14376
3 14363 14370 14365
3 14363 14364 14370
3 14364 14369 14370
3 14368 14382 14377
3 14368 14365 14382
3 14368 14367 14365
3 14370 14382 14365
3 14366 14367 14368
3 14369 14379 14381
3 14370 14369 14381
3 14383 14370 14381
3 14382 14370 14383
3 14371 14375 14372
3 14371 14374 14375
3 14373 14389 14390
3 14376 14373 14390
3 14372 14389 14373
3 14372 14378 14389
3 14372 14375 14378
3 14392 14389 14378
3 14374 14377 14378
3 14375 14374 14378
3 14380 14391 14395
3 14380 14390 14391
3 14380 14379 14390
3 14379 14376 14390
3 14378 14394 14392
3 14394 14378 14377
3 14394 14377 14398
3 14398 14377 14382
3 14384 14380 14395
3 14400 14384 14395
3 14379 14385 14381
3 14379 14380 14385
3 14380 14384 14385
3 14381 14386 14383
3 14385 14386 14381
3 14383 14386 14403
3 14383 14403 14382
3 14382 14403 14398
3 14387 14384 14400
3 14406 14387 14400
3 14385 14384 14388
3 14388 14384 14387
3 14409 14404 14386
3 14409 14386 14388
3 14388 14386 14385
3 14403 14386 14404
3 14387 14406 14407
3 14388 14387 14407
3 14410 14388 14407
3 14409 14388 14410
3 14389 14393 14390
3 14389 14392 14393
3 14391 14396 14395
3 14391 14390 14393
3 14391 14393 14396
3 14396 14393 14397
3 14392 14394 14399
3 14392 14399 14393
3 14393 14399 14397
3 14394 14398 14399
3 14396 14401 14400
3 14395 14396 14400
3 14397 14402 14396
3 14402 14401 14396
3 14399 14405 14397
3 14405 14402 14397
3 14398 14403 14405
3 14399 14398 14405
3 14401 14408 14406
3 14400 14401 14406
3 14402 14411 14401
3 14411 14408 14401
3 14404 14409 14411
3 14404 14411 14405
3 14405 14411 14402
3 14403 14404 14405
3 14406 14408 14407
3 14410 14407 14408
3 14411 14410 14408
3 14409 14410 14411
3 14412 14416 14422
3 14412 14413 14418
3 14416 14412 14418
3 14413 14414 14420
3 14418 14413 14420
3 14420 14414 14426
3 14412 14422 14424
3 14413 14412 14424
3 14425 14413 14424
3 14425 14429 14415
3 14425 14415 14413
3 14413 14415 14414
3 14430 14426 14414
3 14415 14430 14414
3 14415 14429 14431
3 14430 14415 14431
3 14417 14432 14437
3 14417 14419 14433
3 14432 14417 14433
3 14419 14421 14435
3 14433 14419 14435
3 14435 14421 14440
3 14423 14438 14441
3 14437 14438 14423
3 14417 14437 14423
3 14417 14423 14422
3 14417 14422 14416
3 14418 14417 14416
3 14419 14417 14418
3 14420 14419 14418
3 14421 14419 14420
3 14421 14420 14426
3 14421 14426 14440
3 14440 14426 14443
3 14427 14423 14441
3 14444 14427 14441
3 14422 14428 14424
3 14422 14423 14428
3 14423 14427 14428
3 14447 14424 14428
3 14447 14442 14424
3 14442 14425 14424
3 14442 14429 14425
3 14449 14429 14442
3 14426 14430 14443
3 14443 14430 14451
3 14427 14444 14445
3 14428 14427 14445
3 14448 14428 14445
3 14447 14428 14448
3 14429 14449 14452
3 14431 14429 14452
3 14451 14430 14431
3 14452 14451 14431
3 14434 14458 14462
3 14434 14436 14459
3 14458 14434 14459
3 14459 14436 14465
3 14439 14460 14466
3 14439 14437 14432
3 14439 14432 14460
3 14460 14432 14463
3 14462 14433 14434
3 14462 14463 14433
3 14463 14432 14433
3 14435 14434 14433
3 14436 14434 14435
3 14436 14435 14440
3 14436 14440 14465
3 14465 14440 14468
3 14438 14439 14466
3 14438 14466 14441
3 14441 14466 14469
3 14437 14439 14438
3 14440 14443 14468
3 14468 14443 14473
3 14471 14446 14444
3 14471 14444 14469
3 14469 14444 14441
3 14471 14475 14446
3 14442 14447 14450
3 14442 14450 14449
3 14443 14451 14473
3 14473 14451 14478
3 14444 14446 14445
3 14446 14448 14445
3 14446 14480 14448
3 14446 14475 14480
3 14480 14453 14448
3 14448 14450 14447
3 14448 14453 14450
3 14453 14454 14450
3 14449 14455 14452
3 14449 14450 14455
3 14450 14454 14455
3 14452 14455 14484
3 14452 14484 14451
3 14451 14484 14478
3 14453 14480 14482
3 14482 14486 14456
3 14482 14456 14453
3 14453 14456 14454
3 14455 14454 14457
3 14457 14454 14456
3 14489 14484 14455
3 14457 14489 14455
3 14456 14486 14487
3 14457 14456 14487
3 14490 14457 14487
3 14489 14457 14490
3 14461 14492 14496
3 14461 14464 14493
3 14492 14461 14493
3 14464 14462 14458
3 14464 14458 14493
3 14493 14458 14494
3 14459 14495 14458
3 14458 14495 14494
3 14495 14459 14465
3 14501 14495 14465
3 14467 14497 14503
3 14496 14497 14467
3 14461 14496 14467
3 14461 14467 14466
3 14461 14466 14460
3 14463 14461 14460
3 14464 14461 14463
3 14462 14464 14463
3 14465 14468 14501
3 14501 14468 14509
3 14470 14467 14503
3 14512 14470 14503
3 14466 14470 14469
3 14467 14470 14466
3 14472 14516 14507
3 14472 14510 14474
3 14507 14510 14472
3 14474 14510 14509
3 14474 14509 14473
3 14473 14509 14468
3 14470 14512 14513
3 14476 14513 14518
3 14471 14513 14476
3 14471 14470 14513
3 14471 14469 14470
3 14471 14476 14475
3 14477 14516 14472
3 14520 14516 14477
3 14474 14479 14472
3 14479 14477 14472
3 14473 14478 14479
3 14474 14473 14479
3 14481 14476 14518
3 14522 14481 14518
3 14475 14481 14480
3 14476 14481 14475
3 14483 14520 14477
3 14525 14520 14483
3 14479 14485 14477
3 14485 14483 14477
3 14478 14484 14485
3 14479 14478 14485
3 14481 14522 14523
3 14480 14481 14523
3 14480 14523 14482
3 14482 14523 14526
3 14486 14483 14488
3 14486 14526 14483
3 14486 14482 14526
3 14526 14525 14483
3 14485 14491 14483
3 14491 14488 14483
3 14484 14489 14491
3 14485 14484 14491
3 14486 14488 14487
3 14490 14487 14488
3 14491 14490 14488
3 14489 14490 14491
3 14492 14498 14496
3 14492 14493 14499
3 14498 14492 14499
3 14493 14494 14500
3 14499 14493 14500
3 14494 14495 14502
3 14500 14494 14502
3 14495 14501 14502
3 14497 14504 14503
3 14497 14496 14498
3 14497 14498 14504
3 14504 14498 14505
3 14499 14506 14498
3 14506 14505 14498
3 14500 14508 14499
3 14508 14506 14499
3 14502 14511 14500
3 14511 14508 14500
3 14501 14509 14511
3 14502 14501 14511
3 14504 14514 14512
3 14503 14504 14512
3 14505 14515 14504
3 14515 14514 14504
3 14506 14517 14505
3 14517 14515 14505
3 14507 14516 14517
3 14507 14517 14508
3 14508 14517 14506
3 14510 14507 14508
3 14511 14510 14508
3 14509 14510 14511
3 14512 14514 14513
3 14518 14513 14514
3 14518 14514 14519
3 14519 14514 14515
3 14517 14521 14515
3 14521 14519 14515
3 14516 14520 14521
3 14517 14516 14521
3 14519 14524 14522
3 14518 14519 14522
3 14521 14527 14519
3 14527 14524 14519
3 14520 14525 14527
3 14521 14520 14527
3 14522 14524 14523
3 14526 14523 14524
3 14527 14526 14524
3 14525 14526 14527
3 14528 14532 14534
3 14528 14529 14533
3 14532 14528 14533
3 14533 14529 14536
3 14530 14528 14534
3 14539 14530 14534
3 14529 14528 14531
3 14531 14528 14530
3 14542 14536 14529
3 14531 14542 14529
3 14530 14539 14541
3 14531 14530 14541
3 14543 14531 14541
3 14542 14531 14543
3 14535 14545 14547
3 14535 14534 14532
3 14535 14532 14545
3 14545 14532 14546
3 14537 14550 14546
3 14537 14546 14533
3 14533 14546 14532
3 14533 14536 14537
3 14538 14548 14553
3 14547 14548 14538
3 14547 14538 14535
3 14535 14538 14540
3 14534 14540 14539
3 14535 14540 14534
3 14537 14552 14550
3 14552 14537 14536
3 14552 14536 14557
3 14557 14536 14542
3 14538 14553 14554
3 14554 14560 14544
3 14554 14544 14538
3 14538 14544 14540
3 14539 14540 14544
3 14539 14544 14556
3 14539 14556 14541
3 14556 14544 14561
3 14543 14541 14558
3 14541 14556 14558
3 14557 14542 14543
3 14558 14557 14543
3 14544 14560 14562
3 14561 14544 14562
3 14545 14549 14547
3 14545 14546 14551
3 14549 14545 14551
3 14546 14550 14551
3 14548 14555 14553
3 14548 14566 14555
3 14547 14566 14548
3 14547 14564 14566
3 14547 14549 14564
3 14551 14564 14549
3 14565 14564 14551
3 14559 14569 14565
3 14552 14559 14565
3 14552 14565 14551
3 14552 14551 14550
3 14552 14557 14559
3 14553 14555 14554
3 14560 14567 14563
3 14554 14567 14560
3 14554 14566 14567
3 14554 14555 14566
3 14563 14556 14561
3 14563 14567 14556
3 14567 14570 14556
3 14569 14559 14558
3 14569 14558 14570
3 14570 14558 14556
3 14557 14558 14559
3 14560 14563 14562
3 14561 14562 14563
3 14564 14568 14566
3 14564 14565 14571
3 14568 14564 14571
3 14565 14569 14571
3 14566 14568 14567
3 14570 14567 14568
3 14571 14570 14568
3 14569 14570 14571
3 14572 14576 14578
3 14576 14572 14581
3 14573 14577 14582
3 14573 14574 14579
3 14577 14573 14579
3 14578 14579 14574
3 14578 14574 14572
3 14572 14574 14575
3 14586 14581 14572
3 14575 14586 14572
3 14573 14582 14583
3 14574 14573 14583
3 14585 14574 14583
3 14575 14574 14585
3 14587 14575 14585
3 14586 14575 14587
3 14580 14588 14590
3 14580 14578 14576
3 14580 14576 14588
3 14588 14576 14589
3 14589 14576 14581
3 14591 14589 14581
3 14577 14584 14582
3 14580 14590 14592
3 14580 14592 14577
3 14580 14577 14579
3 14584 14577 14592
3 14578 14580 14579
3 14581 14586 14591
3 14591 14586 14596
3 14582 14584 14583
3 14584 14592 14594
3 14584 14594 14583
3 14583 14594 14585
3 14587 14585 14597
3 14585 14594 14597
3 14596 14586 14587
3 14597 14596 14587
3 14588 14599 14601
3 14590 14588 14601
3 14589 14600 14588
3 14588 14600 14599
3 14600 14589 14591
3 14605 14600 14591
3 14593 14602 14608
3 14602 14593 14609
3 14603 14595 14601
3 14601 14595 14592
3 14601 14592 14590
3 14595 14606 14598
3 14603 14606 14595
3 14598 14606 14605
3 14598 14605 14596
3 14596 14605 14591
3 14593 14608 14610
3 14592 14595 14594
3 14593 14610 14609
3 14597 14594 14595
3 14598 14597 14595
3 14596 14597 14598
3 14599 14604 14601
3 14599 14600 14607
3 14604 14599 14607
3 14600 14605 14607
3 14602 14611 14608
3 14601 14604 14603
3 14609 14611 14602
3 14613 14614 14612
3 14604 14607 14606
3 14604 14606 14603
3 14612 14615 14613
3 14605 14606 14607
3 14608 14611 14610
3 14612 14614 14616
3 14609 14610 14611
3 14615 14612 14616
3 14613 14617 14614
3 14613 14615 14617
3 14614 14617 14616
3 14615 14616 14617
3 14618 14626 14628
3 14618 14619 14627
3 14626 14618 14627
3 14627 14619 14630
3 14620 14629 14631
3 14628 14629 14620
3 14628 14620 14618
3 14618 14620 14621
3 14619 14618 14622
3 14622 14618 14621
3 14632 14630 14619
3 14622 14632 14619
3 14623 14620 14631
3 14633 14623 14631
3 14621 14620 14624
3 14624 14620 14623
3 14622 14621 14625
3 14625 14621 14624
3 14636 14632 14622
3 14625 14636 14622
3 14623 14633 14634
3 14624 14623 14634
3 14635 14624 14634
3 14625 14624 14635
3 14637 14625 14635
3 14636 14625 14637
3 14626 14638 14642
3 14628 14626 14642
3 14627 14640 14626
3 14626 14640 14638
3 14640 14627 14630
3 14645 14640 14630
3 14629 14643 14646
3 14631 14629 14646
3 14642 14629 14628
3 14643 14629 14642
3 14630 14632 14645
3 14645 14632 14648
3 14631 14646 14633
3 14646 14649 14633
3 14632 14636 14648
3 14648 14636 14654
3 14633 14649 14650
3 14634 14633 14650
3 14635 14634 14652
3 14634 14650 14652
3 14637 14635 14655
3 14635 14652 14655
3 14654 14636 14637
3 14655 14654 14637
3 14639 14656 14658
3 14639 14641 14657
3 14656 14639 14657
3 14657 14641 14661
3 14644 14659 14663
3 14658 14659 14644
3 14639 14658 14644
3 14639 14644 14642
3 14639 14642 14638
3 14640 14639 14638
3 14641 14639 14640
3 14641 14640 14645
3 14641 14645 14661
3 14661 14645 14666
3 14647 14664 14667
3 14663 14664 14647
3 14644 14663 14647
3 14644 14647 14646
3 14644 14646 14643
3 14642 14644 14643
3 14645 14648 14666
3 14666 14648 14674
3 14647 14667 14668
3 14647 14649 14646
3 14647 14670 14649
3 14647 14668 14670
3 14651 14649 14670
3 14651 14672 14653
3 14670 14672 14651
3 14672 14676 14653
3 14648 14654 14674
3 14674 14654 14677
3 14649 14651 14650
3 14652 14650 14651
3 14653 14652 14651
3 14653 14676 14678
3 14653 14678 14652
3 14652 14678 14655
3 14677 14654 14655
3 14678 14677 14655
3 14656 14660 14658
3 14656 14657 14662
3 14660 14656 14662
3 14657 14661 14662
3 14665 14680 14684
3 14665 14663 14659
3 14665 14659 14680
3 14680 14659 14681
3 14660 14659 14658
3 14660 14682 14659
3 14682 14681 14659
3 14662 14682 14660
3 14683 14682 14662
3 14683 14662 14661
3 14683 14661 14691
3 14691 14661 14666
3 14664 14669 14667
3 14665 14684 14685
3 14669 14663 14671
3 14669 14664 14663
3 14671 14663 14687
3 14665 14685 14663
3 14687 14663 14685
3 14671 14689 14673
3 14687 14689 14671
3 14673 14692 14675
3 14689 14692 14673
3 14675 14692 14691
3 14675 14691 14674
3 14674 14691 14666
3 14667 14669 14668
3 14670 14668 14669
3 14671 14670 14669
3 14672 14670 14671
3 14673 14672 14671
3 14676 14672 14673
3 14676 14673 14679
3 14679 14673 14675
3 14674 14677 14679
3 14675 14674 14679
3 14676 14679 14678
3 14677 14678 14679
3 14680 14686 14684
3 14680 14681 14688
3 14686 14680 14688
3 14681 14682 14690
3 14688 14681 14690
3 14682 14683 14693
3 14690 14682 14693
3 14683 14691 14693
3 14684 14686 14685
3 14687 14685 14686
3 14688 14687 14686
3 14689 14687 14688
3 14690 14689 14688
3 14692 14689 14690
3 14693 14692 14690
3 14691 14692 14693
3 14694 14699 14705
3 14694 14695 14700
3 14699 14694 14700
3 14695 14696 14701
3 14700 14695 14701
3 14696 14697 14703
3 14701 14696 14703
3 14703 14697 14710
3 14694 14705 14707
3 14695 14694 14707
3 14708 14695 14707
3 14696 14695 14708
3 14709 14696 14708
3 14709 14711 14698
3 14709 14698 14696
3 14696 14698 14697
3 14712 14710 14697
3 14698 14712 14697
3 14698 14711 14713
3 14712 14698 14713
3 14702 14715 14719
3 14702 14704 14716
3 14715 14702 14716
3 14716 14704 14721
3 14706 14717 14723
3 14706 14705 14699
3 14706 14699 14717
3 14717 14699 14718
3 14700 14720 14699
3 14699 14720 14718
3 14719 14701 14702
3 14719 14720 14701
3 14720 14700 14701
3 14703 14702 14701
3 14704 14702 14703
3 14704 14703 14710
3 14704 14710 14721
3 14721 14710 14730
3 14706 14723 14724
3 14705 14706 14724
3 14705 14724 14707
3 14707 14724 14726
3 14708 14707 14727
3 14707 14726 14727
3 14709 14708 14728
3 14708 14727 14728
3 14711 14731 14714
3 14711 14709 14731
3 14709 14728 14731
3 14714 14731 14730
3 14714 14730 14712
3 14712 14730 14710
3 14711 14714 14713
3 14712 14713 14714
3 14715 14732 14734
3 14719 14715 14734
3 14722 14736 14732
3 14722 14732 14716
3 14716 14732 14715
3 14716 14721 14722
3 14717 14725 14723
3 14740 14725 14717
3 14740 14717 14733
3 14733 14717 14718
3 14720 14735 14718
3 14718 14735 14733
3 14734 14729 14719
3 14734 14737 14729
3 14719 14729 14720
3 14743 14735 14729
3 14720 14729 14735
3 14746 14722 14739
3 14746 14729 14722
3 14736 14722 14737
3 14737 14722 14729
3 14739 14722 14721
3 14739 14721 14747
3 14747 14721 14730
3 14723 14725 14724
3 14725 14740 14741
3 14725 14741 14724
3 14724 14741 14726
3 14727 14726 14744
3 14726 14741 14744
3 14743 14729 14728
3 14743 14728 14744
3 14744 14728 14727
3 14729 14746 14748
3 14729 14748 14728
3 14728 14748 14731
3 14747 14730 14731
3 14748 14747 14731
3 14732 14738 14734
3 14732 14736 14738
3 14733 14742 14740
3 14733 14735 14745
3 14742 14733 14745
3 14737 14734 14738
3 14743 14745 14735
3 14736 14737 14738
3 14739 14749 14746
3 14739 14747 14749
3 14740 14742 14741
3 14744 14741 14742
3 14745 14744 14742
3 14743 14744 14745
3 14746 14749 14748
3 14747 14748 14749
3 14750 14764 14767
3 14750 14751 14765
3 14764 14750 14765
3 14751 14752 14766
3 14765 14751 14766
3 14766 14752 14770
3 14753 14768 14772
3 14767 14768 14753
3 14767 14753 14750
3 14750 14753 14754
3 14751 14750 14755
3 14755 14750 14754
3 14752 14751 14756
3 14756 14751 14755
3 14775 14770 14752
3 14756 14775 14752
3 14753 14772 14774
3 14774 14778 14757
3 14774 14757 14753
3 14753 14757 14754
3 14755 14754 14758
3 14758 14754 14757
3 14780 14776 14756
3 14780 14756 14758
3 14758 14756 14755
3 14775 14756 14776
3 14759 14757 14778
3 14782 14759 14778
3 14758 14757 14760
3 14760 14757 14759
3 14784 14780 14758
3 14760 14784 14758
3 14761 14759 14782
3 14786 14761 14782
3 14760 14759 14762
3 14762 14759 14761
3 14789 14784 14760
3 14762 14789 14760
3 14761 14786 14788
3 14788 14791 14763
3 14788 14763 14761
3 14761 14763 14762
3 14792 14789 14762
3 14763 14792 14762
3 14763 14791 14793
3 14792 14763 14793
3 14769 14795 14798
3 14769 14767 14764
3 14769 14764 14795
3 14795 14764 14796
3 14765 14797 14764
3 14764 14797 14796
3 14771 14801 14797
3 14771 14797 14766
3 14766 14797 14765
3 14766 14770 14771
3 14773 14799 14803
3 14798 14799 14773
3 14769 14798 14773
3 14769 14773 14772
3 14769 14772 14768
3 14767 14769 14768
3 14777 14801 14771
3 14805 14801 14777
3 14770 14775 14777
3 14771 14770 14777
3 14773 14803 14804
3 14779 14804 14808
3 14774 14804 14779
3 14774 14773 14804
3 14774 14772 14773
3 14774 14779 14778
3 14781 14810 14806
3 14805 14781 14806
3 14777 14781 14805
3 14777 14780 14781
3 14777 14776 14780
3 14775 14776 14777
3 14783 14779 14808
3 14812 14783 14808
3 14778 14783 14782
3 14779 14783 14778
3 14785 14810 14781
3 14814 14810 14785
3 14780 14784 14785
3 14781 14780 14785
3 14787 14783 14812
3 14816 14787 14812
3 14782 14787 14786
3 14783 14787 14782
3 14790 14814 14785
3 14819 14814 14790
3 14784 14789 14790
3 14785 14784 14790
3 14787 14816 14818
3 14786 14787 14818
3 14786 14818 14788
3 14788 14818 14820
3 14791 14790 14794
3 14791 14820 14790
3 14791 14788 14820
3 14820 14819 14790
3 14789 14792 14794
3 14790 14789 14794
3 14791 14794 14793
3 14792 14793 14794
3 14800 14823 14826
3 14800 14798 14795
3 14800 14795 14823
3 14823 14795 14824
3 14796 14825 14795
3 14795 14825 14824
3 14802 14827 14825
3 14802 14825 14797
3 14797 14825 14796
3 14797 14801 14802
3 14799 14800 14826
3 14799 14826 14803
3 14803 14826 14829
3 14798 14800 14799
3 14807 14827 14802
3 14831 14827 14807
3 14801 14805 14807
3 14802 14801 14807
3 14809 14804 14803
3 14809 14803 14834
3 14834 14803 14829
3 14804 14809 14808
3 14811 14836 14832
3 14831 14811 14832
3 14807 14811 14831
3 14807 14810 14811
3 14807 14806 14810
3 14805 14806 14807
3 14813 14809 14834
3 14838 14813 14834
3 14808 14813 14812
3 14809 14813 14808
3 14815 14836 14811
3 14840 14836 14815
3 14810 14814 14815
3 14811 14810 14815
3 14817 14813 14838
3 14842 14817 14838
3 14812 14817 14816
3 14813 14817 14812
3 14821 14840 14815
3 14845 14840 14821
3 14814 14819 14821
3 14815 14814 14821
3 14817 14842 14844
3 14822 14844 14848
3 14818 14844 14822
3 14818 14817 14844
3 14818 14816 14817
3 14821 14850 14845
3 14821 14818 14850
3 14821 14820 14818
3 14822 14850 14818
3 14819 14820 14821
3 14822 14848 14851
3 14850 14822 14851
3 14823 14854 14856
3 14826 14823 14856
3 14824 14855 14823
3 14823 14855 14854
3 14828 14859 14855
3 14828 14855 14825
3 14825 14855 14824
3 14825 14827 14828
3 14830 14857 14862
3 14830 14856 14857
3 14830 14829 14856
3 14829 14826 14856
3 14828 14861 14859
3 14861 14828 14827
3 14861 14827 14867
3 14867 14827 14831
3 14833 14863 14870
3 14862 14863 14833
3 14862 14833 14830
3 14830 14833 14835
3 14829 14835 14834
3 14830 14835 14829
3 14832 14872 14868
3 14836 14872 14832
3 14867 14831 14832
3 14868 14867 14832
3 14837 14833 14870
3 14874 14837 14870
3 14835 14833 14839
3 14839 14833 14837
3 14834 14839 14838
3 14835 14839 14834
3 14836 14840 14872
3 14872 14840 14875
3 14841 14837 14874
3 14878 14841 14874
3 14839 14837 14843
3 14843 14837 14841
3 14838 14843 14842
3 14839 14843 14838
3 14846 14881 14876
3 14846 14876 14875
3 14846 14875 14845
3 14845 14875 14840
3 14841 14878 14880
3 14880 14883 14847
3 14880 14847 14841
3 14841 14847 14843
3 14842 14849 14844
3 14842 14843 14849
3 14843 14847 14849
3 14852 14844 14846
3 14852 14848 14844
3 14846 14844 14881
3 14849 14886 14844
3 14881 14844 14886
3 14845 14850 14852
3 14846 14845 14852
3 14847 14883 14885
3 14885 14890 14853
3 14885 14853 14847
3 14847 14853 14849
3 14849 14853 14892
3 14849 14892 14886
3 14852 14851 14848
3 14850 14851 14852
3 14853 14890 14893
3 14892 14853 14893
3 14854 14858 14856
3 14854 14855 14860
3 14858 14854 14860
3 14855 14859 14860
3 14857 14864 14862
3 14857 14856 14858
3 14857 14858 14864
3 14864 14858 14865
3 14860 14866 14858
3 14866 14865 14858
3 14859 14861 14869
3 14859 14869 14860
3 14860 14869 14866
3 14861 14867 14869
3 14863 14871 14870
3 14863 14899 14871
3 14862 14899 14863
3 14862 14897 14899
3 14862 14864 14897
3 14865 14897 14864
3 14898 14897 14865
3 14898 14873 14902
3 14898 14865 14873
3 14865 14866 14873
3 14868 14872 14873
3 14868 14873 14869
3 14869 14873 14866
3 14867 14868 14869
3 14871 14900 14904
3 14871 14904 14870
3 14870 14904 14874
3 14899 14900 14871
3 14877 14902 14873
3 14908 14902 14877
3 14872 14875 14877
3 14873 14872 14877
3 14879 14905 14910
3 14879 14904 14905
3 14879 14878 14904
3 14878 14874 14904
3 14876 14908 14877
3 14876 14881 14908
3 14881 14913 14908
3 14875 14876 14877
3 14882 14879 14910
3 14916 14882 14910
3 14878 14884 14880
3 14878 14879 14884
3 14879 14882 14884
3 14880 14884 14883
3 14887 14918 14914
3 14887 14914 14913
3 14887 14913 14886
3 14886 14913 14881
3 14888 14882 14916
3 14919 14888 14916
3 14884 14882 14889
3 14889 14882 14888
3 14883 14891 14885
3 14883 14884 14891
3 14884 14889 14891
3 14894 14885 14887
3 14894 14890 14885
3 14887 14885 14918
3 14891 14921 14885
3 14918 14885 14921
3 14886 14892 14894
3 14887 14886 14894
3 14888 14919 14920
3 14920 14923 14895
3 14920 14895 14888
3 14888 14895 14889
3 14891 14889 14896
3 14896 14889 14895
3 14891 14896 14926
3 14891 14926 14921
3 14894 14893 14890
3 14892 14893 14894
3 14895 14923 14925
3 14896 14895 14925
3 14927 14896 14925
3 14926 14896 14927
3 14897 14901 14899
3 14897 14898 14903
3 14901 14897 14903
3 14898 14902 14903
3 14900 14906 14904
3 14900 14899 14901
3 14900 14901 14906
3 14906 14901 14907
3 14903 14909 14901
3 14909 14907 14901
3 14902 14908 14909
3 14903 14902 14909
3 14905 14911 14910
3 14905 14904 14906
3 14905 14906 14911
3 14911 14906 14912
3 14930 14907 14929
3 14930 14912 14907
3 14912 14906 14907
3 14929 14915 14932
3 14929 14907 14915
3 14907 14909 14915
3 14908 14913 14915
3 14909 14908 14915
3 14911 14917 14916
3 14910 14911 14916
3 14934 14912 14931
3 14934 14917 14912
3 14917 14911 14912
3 14930 14931 14912
3 14914 14932 14915
3 14914 14918 14932
3 14918 14937 14932
3 14913 14914 14915
3 14917 14935 14940
3 14917 14940 14916
3 14916 14940 14919
3 14934 14935 14917
3 14922 14942 14938
3 14922 14938 14937
3 14922 14937 14921
3 14921 14937 14918
3 14924 14920 14919
3 14924 14919 14944
3 14944 14919 14940
3 14920 14924 14923
3 14928 14942 14922
3 14947 14942 14928
3 14921 14926 14928
3 14922 14921 14928
3 14924 14944 14945
3 14923 14924 14945
3 14923 14945 14925
3 14925 14945 14948
3 14947 14928 14927
3 14947 14927 14948
3 14948 14927 14925
3 14926 14927 14928
3 14929 14933 14930
3 14929 14932 14933
3 14931 14936 14934
3 14931 14930 14933
3 14931 14933 14936
3 14936 14933 14939
3 14932 14937 14939
3 14933 14932 14939
3 14935 14941 14940
3 14935 14934 14936
3 14935 14936 14941
3 14941 14936 14943
3 14938 14942 14943
3 14938 14943 14939
3 14939 14943 14936
3 14937 14938 14939
3 14941 14946 14944
3 14940 14941 14944
3 14943 14949 14941
3 14949 14946 14941
3 14942 14947 14949
3 14943 14942 14949
3 14944 14946 14945
3 14948 14945 14946
3 14949 14948 14946
3 14947 14948 14949
3 14950 14962 14969
3 14950 14951 14964
3 14962 14950 14964
3 14951 14952 14966
3 14964 14951 14966
3 14966 14952 14972
3 14953 14970 14974
3 14969 14970 14953
3 14969 14953 14950
3 14950 14953 14954
3 14951 14950 14955
3 14955 14950 14954
3 14952 14951 14956
3 14956 14951 14955
3 14973 14972 14952
3 14973 14952 14957
3 14957 14952 14956
3 14973 14957 14977
3 14958 14953 14974
3 14981 14958 14974
3 14954 14953 14959
3 14959 14953 14958
3 14955 14954 14960
3 14960 14954 14959
3 14984 14976 14956
3 14984 14956 14960
3 14960 14956 14955
3 14957 14956 14976
3 14978 14957 14976
3 14977 14957 14978
3 14961 14958 14981
3 14987 14961 14981
3 14989 14983 14959
3 14989 14959 14961
3 14961 14959 14958
3 14960 14959 14983
3 14985 14960 14983
3 14984 14960 14985
3 14961 14987 14990
3 14989 14961 14990
3 14963 14992 14996
3 14963 14965 14993
3 14992 14963 14993
3 14965 14967 14994
3 14993 14965 14994
3 14994 14967 14999
3 14968 14995 15001
3 14968 14971 14997
3 14995 14968 14997
3 14996 14997 14971
3 14963 14996 14971
3 14963 14971 14969
3 14963 14969 14962
3 14964 14963 14962
3 14965 14963 14964
3 14966 14965 14964
3 14967 14965 14966
3 14967 14966 14972
3 14967 14972 14999
3 14999 14972 15003
3 14975 14968 15001
3 15006 14975 15001
3 14970 14975 14974
3 14970 14971 14975
3 14971 14968 14975
3 14969 14971 14970
3 14979 14972 14973
3 14979 15009 14972
3 15009 15003 14972
3 14973 14977 14979
3 14980 15007 15012
3 15006 15007 14980
3 15006 14980 14975
3 14975 14980 14982
3 14974 14982 14981
3 14975 14982 14974
3 14976 15015 15010
3 14984 15015 14976
3 15009 14979 14978
3 15009 14978 15010
3 15010 14978 14976
3 14977 14978 14979
3 14986 14980 15012
3 15019 14986 15012
3 14982 14980 14988
3 14988 14980 14986
3 14981 14988 14987
3 14982 14988 14981
3 14983 15022 15014
3 14989 15022 14983
3 14985 14983 15016
3 14983 15014 15016
3 15015 14984 14985
3 15016 15015 14985
3 14991 14986 15019
3 15025 14991 15019
3 15027 15021 14988
3 15027 14988 14991
3 14991 14988 14986
3 14987 14988 15021
3 14987 15021 14990
3 14990 15021 15023
3 15022 14989 14990
3 15023 15022 14990
3 14991 15025 15028
3 15027 14991 15028
3 14998 15029 15034
3 14998 14996 14992
3 14998 14992 15029
3 15029 14992 15031
3 14993 15032 14992
3 14992 15032 15031
3 15000 15037 15032
3 15000 15032 14994
3 14994 15032 14993
3 14994 14999 15000
3 15002 15033 15039
3 15002 15001 14995
3 15002 14995 15033
3 15033 14995 15035
3 15034 14997 14998
3 15034 15035 14997
3 15035 14995 14997
3 14996 14998 14997
3 15004 15037 15000
3 15041 15037 15004
3 14999 15003 15004
3 15000 14999 15004
3 15005 15040 15043
3 15039 15040 15005
3 15039 15005 15002
3 15002 15005 15008
3 15001 15008 15006
3 15002 15008 15001
3 15011 15041 15004
3 15044 15041 15011
3 15003 15009 15011
3 15004 15003 15011
3 15013 15005 15043
3 15047 15013 15043
3 15007 15013 15012
3 15007 15008 15013
3 15008 15005 15013
3 15006 15008 15007
3 15017 15051 15045
3 15044 15017 15045
3 15011 15017 15044
3 15011 15015 15017
3 15011 15010 15015
3 15009 15010 15011
3 15018 15048 15053
3 15047 15048 15018
3 15047 15018 15013
3 15013 15018 15020
3 15012 15020 15019
3 15013 15020 15012
3 15024 15055 15050
3 15024 15014 15022
3 15024 15050 15014
3 15050 15052 15014
3 15051 15017 15016
3 15051 15016 15052
3 15052 15016 15014
3 15015 15016 15017
3 15018 15053 15054
3 15054 15058 15026
3 15054 15026 15018
3 15018 15026 15020
3 15019 15026 15025
3 15020 15026 15019
3 15021 15061 15056
3 15027 15061 15021
3 15055 15024 15023
3 15055 15023 15056
3 15056 15023 15021
3 15022 15023 15024
3 15026 15058 15060
3 15025 15026 15060
3 15025 15060 15028
3 15028 15060 15062
3 15061 15027 15028
3 15062 15061 15028
3 15030 15063 15064
3 15063 15030 15067
3 15036 15065 15070
3 15064 15065 15036
3 15030 15064 15036
3 15030 15036 15034
3 15030 15034 15029
3 15030 15069 15067
3 15030 15029 15069
3 15029 15031 15069
3 15038 15073 15069
3 15038 15069 15032
3 15032 15069 15031
3 15032 15037 15038
3 15033 15071 15075
3 15039 15033 15075
3 15070 15035 15036
3 15070 15071 15035
3 15071 15033 15035
3 15034 15036 15035
3 15042 15073 15038
3 15078 15073 15042
3 15037 15041 15042
3 15038 15037 15042
3 15040 15076 15080
3 15043 15040 15080
3 15075 15040 15039
3 15076 15040 15075
3 15046 15078 15042
3 15083 15078 15046
3 15041 15044 15046
3 15042 15041 15046
3 15049 15081 15085
3 15049 15080 15081
3 15049 15047 15080
3 15047 15043 15080
3 15045 15083 15046
3 15045 15051 15083
3 15051 15086 15083
3 15044 15045 15046
3 15048 15049 15085
3 15048 15085 15053
3 15053 15085 15089
3 15047 15049 15048
3 15050 15055 15057
3 15092 15050 15057
3 15092 15087 15050
3 15087 15052 15050
3 15086 15051 15052
3 15087 15086 15052
3 15059 15054 15053
3 15059 15053 15095
3 15095 15053 15089
3 15054 15059 15058
3 15056 15099 15091
3 15061 15099 15056
3 15057 15055 15056
3 15057 15056 15093
3 15093 15056 15091
3 15092 15057 15093
3 15059 15095 15097
3 15058 15059 15097
3 15058 15097 15060
3 15060 15097 15098
3 15062 15060 15100
3 15060 15098 15100
3 15099 15061 15062
3 15100 15099 15062
3 15066 15103 15104
3 15068 15064 15063
3 15106 15103 15066
3 15063 15067 15068
3 15072 15105 15109
3 15104 15105 15072
3 15066 15104 15072
3 15066 15072 15070
3 15066 15070 15065
3 15066 15108 15106
3 15066 15065 15108
3 15068 15108 15064
3 15064 15108 15065
3 15074 15112 15108
3 15069 15074 15108
3 15069 15108 15068
3 15069 15068 15067
3 15069 15073 15074
3 15077 15110 15114
3 15109 15110 15077
3 15072 15109 15077
3 15072 15077 15075
3 15072 15075 15071
3 15070 15072 15071
3 15079 15112 15074
3 15117 15112 15079
3 15073 15078 15079
3 15074 15073 15079
3 15082 15115 15119
3 15114 15115 15082
3 15077 15114 15082
3 15077 15082 15080
3 15077 15080 15076
3 15075 15077 15076
3 15084 15117 15079
3 15121 15117 15084
3 15078 15083 15084
3 15079 15078 15084
3 15081 15082 15119
3 15081 15119 15085
3 15085 15119 15123
3 15080 15082 15081
3 15088 15121 15084
3 15126 15121 15088
3 15083 15086 15088
3 15084 15083 15088
3 15090 15124 15129
3 15090 15123 15124
3 15090 15089 15123
3 15089 15085 15123
3 15094 15131 15127
3 15126 15094 15127
3 15088 15094 15126
3 15088 15092 15094
3 15088 15087 15092
3 15086 15087 15088
3 15096 15090 15129
3 15134 15096 15129
3 15089 15096 15095
3 15090 15096 15089
3 15101 15137 15130
3 15101 15091 15099
3 15101 15130 15091
3 15130 15132 15091
3 15131 15094 15093
3 15131 15093 15132
3 15132 15093 15091
3 15092 15093 15094
3 15096 15134 15135
3 15102 15135 15139
3 15097 15135 15102
3 15097 15096 15135
3 15097 15095 15096
3 15140 15097 15102
3 15140 15138 15097
3 15138 15098 15097
3 15137 15101 15100
3 15137 15100 15138
3 15138 15100 15098
3 15099 15100 15101
3 15102 15139 15141
3 15140 15102 15141
3 15103 15107 15104
3 15103 15106 15107
3 15111 15142 15145
3 15111 15109 15105
3 15111 15105 15142
3 15142 15105 15143
3 15107 15105 15104
3 15107 15144 15105
3 15144 15143 15105
3 15113 15148 15144
3 15108 15113 15144
3 15108 15144 15107
3 15108 15107 15106
3 15108 15112 15113
3 15116 15146 15150
3 15145 15146 15116
3 15111 15145 15116
3 15111 15116 15114
3 15111 15114 15110
3 15109 15111 15110
3 15118 15148 15113
3 15153 15148 15118
3 15112 15117 15118
3 15113 15112 15118
3 15120 15151 15155
3 15150 15151 15120
3 15116 15150 15120
3 15116 15120 15119
3 15116 15119 15115
3 15114 15116 15115
3 15122 15153 15118
3 15157 15153 15122
3 15117 15121 15122
3 15118 15117 15122
3 15125 15120 15155
3 15159 15125 15155
3 15119 15125 15123
3 15120 15125 15119
3 15128 15157 15122
3 15160 15157 15128
3 15121 15126 15128
3 15122 15121 15128
3 15124 15125 15159
3 15124 15159 15129
3 15129 15159 15163
3 15123 15125 15124
3 15133 15165 15161
3 15160 15133 15161
3 15128 15133 15160
3 15128 15131 15133
3 15128 15127 15131
3 15126 15127 15128
3 15164 15136 15134
3 15164 15134 15163
3 15163 15134 15129
3 15164 15167 15136
3 15130 15168 15166
3 15137 15168 15130
3 15165 15133 15132
3 15165 15132 15166
3 15166 15132 15130
3 15131 15132 15133
3 15134 15136 15135
3 15136 15139 15135
3 15136 15167 15139
3 15167 15170 15139
3 15138 15171 15169
3 15140 15171 15138
3 15168 15137 15138
3 15169 15168 15138
3 15139 15170 15172
3 15141 15139 15172
3 15171 15140 15141
3 15172 15171 15141
3 15142 15174 15175
3 15145 15142 15175
3 15147 15177 15174
3 15147 15174 15143
3 15143 15174 15142
3 15143 15144 15149
3 15147 15143 15149
3 15144 15148 15149
3 15146 15176 15179
3 15150 15146 15179
3 15175 15146 15145
3 15176 15146 15175
3 15152 15177 15147
3 15182 15177 15152
3 15149 15154 15147
3 15154 15152 15147
3 15148 15153 15154
3 15149 15148 15154
3 15151 15180 15184
3 15155 15151 15184
3 15179 15151 15150
3 15180 15151 15179
3 15156 15182 15152
3 15187 15182 15156
3 15154 15158 15152
3 15158 15156 15152
3 15153 15157 15158
3 15154 15153 15158
3 15155 15184 15159
3 15184 15190 15159
3 15156 15189 15187
3 15189 15162 15193
3 15189 15156 15162
3 15156 15158 15162
3 15157 15160 15162
3 15158 15157 15162
3 15159 15190 15163
3 15190 15195 15163
3 15161 15193 15162
3 15161 15165 15193
3 15165 15199 15193
3 15160 15161 15162
3 15163 15195 15196
3 15164 15163 15196
3 15196 15167 15164
3 15202 15167 15196
3 15166 15204 15200
3 15168 15204 15166
3 15199 15165 15166
3 15200 15199 15166
3 15203 15173 15170
3 15203 15170 15202
3 15202 15170 15167
3 15173 15169 15171
3 15173 15203 15169
3 15203 15205 15169
3 15204 15168 15169
3 15205 15204 15169
3 15170 15173 15172
3 15171 15172 15173
3 15174 15178 15175
3 15174 15177 15178
3 15176 15181 15179
3 15176 15175 15178
3 15176 15178 15181
3 15181 15178 15183
3 15177 15182 15183
3 15178 15177 15183
3 15180 15185 15184
3 15180 15179 15181
3 15180 15181 15185
3 15185 15181 15186
3 15183 15188 15181
3 15188 15186 15181
3 15182 15187 15188
3 15183 15182 15188
3 15185 15191 15190
3 15184 15185 15190
3 15207 15186 15206
3 15207 15191 15186
3 15191 15185 15186
3 15206 15192 15208
3 15206 15186 15192
3 15186 15188 15192
3 15187 15189 15194
3 15187 15194 15188
3 15188 15194 15192
3 15189 15193 15194
3 15191 15197 15195
3 15190 15191 15195
3 15210 15191 15207
3 15197 15191 15210
3 15198 15208 15192
3 15211 15208 15198
3 15194 15201 15192
3 15201 15198 15192
3 15193 15199 15201
3 15194 15193 15201
3 15195 15197 15196
3 15197 15202 15196
3 15197 15210 15202
3 15210 15214 15202
3 15198 15213 15211
3 15200 15204 15217
3 15200 15217 15198
3 15200 15198 15201
3 15198 15217 15213
3 15199 15200 15201
3 15202 15214 15215
3 15203 15202 15215
3 15205 15203 15218
3 15203 15215 15218
3 15217 15204 15205
3 15218 15217 15205
3 15206 15209 15207
3 15206 15208 15209
3 15209 15212 15210
3 15207 15209 15210
3 15208 15211 15212
3 15209 15208 15212
3 15212 15216 15214
3 15210 15212 15214
3 15211 15213 15219
3 15211 15219 15212
3 15212 15219 15216
3 15213 15217 15219
3 15214 15216 15215
3 15218 15215 15216
3 15219 15218 15216
3 15217 15218 15219
3 15220 15229 15232
3 15220 15221 15230
3 15229 15220 15230
3 15221 15222 15231
3 15230 15221 15231
3 15231 15222 15235
3 15223 15233 15237
3 15232 15233 15223
3 15232 15223 15220
3 15220 15223 15224
3 15221 15220 15225
3 15225 15220 15224
3 15238 15236 15222
3 15238 15222 15225
3 15225 15222 15221
3 15235 15222 15236
3 15226 15223 15237
3 15240 15226 15237
3 15224 15223 15227
3 15227 15223 15226
3 15242 15239 15225
3 15242 15225 15227
3 15227 15225 15224
3 15238 15225 15239
3 15228 15226 15240
3 15245 15228 15240
3 15247 15243 15227
3 15247 15227 15228
3 15228 15227 15226
3 15242 15227 15243
3 15228 15245 15248
3 15247 15228 15248
3 15229 15234 15232
3 15253 15234 15229
3 15253 15229 15250
3 15250 15229 15230
3 15231 15251 15230
3 15230 15251 15250
3 15251 15231 15235
3 15255 15251 15235
3 15233 15252 15257
3 15237 15233 15257
3 15234 15233 15232
3 15234 15254 15233
3 15254 15252 15233
3 15253 15254 15234
3 15236 15259 15256
3 15238 15259 15236
3 15255 15235 15236
3 15256 15255 15236
3 15241 15258 15262
3 15241 15257 15258
3 15241 15240 15257
3 15240 15237 15257
3 15239 15265 15260
3 15242 15265 15239
3 15259 15238 15239
3 15260 15259 15239
3 15244 15263 15268
3 15262 15263 15244
3 15262 15244 15241
3 15241 15244 15246
3 15240 15246 15245
3 15241 15246 15240
3 15243 15271 15266
3 15247 15271 15243
3 15265 15242 15243
3 15266 15265 15243
3 15244 15268 15270
3 15270 15273 15249
3 15270 15249 15244
3 15244 15249 15246
3 15245 15246 15249
3 15245 15249 15272
3 15245 15272 15248
3 15272 15249 15275
3 15271 15247 15248
3 15272 15271 15248
3 15249 15273 15276
3 15275 15249 15276
3 15250 15277 15280
3 15253 15250 15280
3 15251 15278 15250
3 15250 15278 15277
3 15278 15251 15255
3 15284 15278 15255
3 15252 15279 15288
3 15257 15252 15288
3 15254 15281 15252
3 15252 15281 15279
3 15280 15261 15253
3 15280 15282 15261
3 15253 15261 15254
3 15290 15281 15261
3 15254 15261 15281
3 15261 15256 15259
3 15261 15282 15256
3 15282 15285 15256
3 15284 15255 15256
3 15285 15284 15256
3 15264 15287 15292
3 15264 15262 15258
3 15264 15258 15287
3 15287 15258 15289
3 15288 15258 15257
3 15289 15258 15288
3 15267 15294 15291
3 15290 15267 15291
3 15261 15267 15290
3 15261 15265 15267
3 15261 15260 15265
3 15259 15260 15261
3 15269 15293 15295
3 15292 15293 15269
3 15264 15292 15269
3 15264 15269 15268
3 15264 15268 15263
3 15262 15264 15263
3 15266 15294 15267
3 15266 15271 15294
3 15271 15298 15294
3 15265 15266 15267
3 15269 15295 15297
3 15274 15297 15301
3 15270 15297 15274
3 15270 15269 15297
3 15270 15268 15269
3 15270 15274 15273
3 15272 15304 15299
3 15275 15304 15272
3 15298 15271 15272
3 15299 15298 15272
3 15274 15301 15303
3 15273 15274 15303
3 15273 15303 15276
3 15276 15303 15305
3 15304 15275 15276
3 15305 15304 15276
3 15277 15283 15280
3 15277 15278 15286
3 15283 15277 15286
3 15278 15284 15286
3 15279 15307 15310
3 15288 15279 15310
3 15281 15308 15279
3 15279 15308 15307
3 15290 15313 15308
3 15290 15308 15281
3 15280 15283 15282
3 15285 15282 15283
3 15286 15285 15283
3 15284 15285 15286
3 15287 15309 15317
3 15292 15287 15317
3 15289 15311 15287
3 15287 15311 15309
3 15310 15289 15288
3 15311 15289 15310
3 15291 15321 15314
3 15294 15321 15291
3 15313 15290 15291
3 15314 15313 15291
3 15296 15316 15324
3 15296 15295 15293
3 15296 15293 15316
3 15316 15293 15318
3 15317 15293 15292
3 15318 15293 15317
3 15300 15326 15322
3 15300 15322 15321
3 15300 15321 15298
3 15298 15321 15294
3 15296 15324 15325
3 15302 15325 15328
3 15297 15325 15302
3 15297 15296 15325
3 15297 15295 15296
3 15297 15302 15301
3 15299 15326 15300
3 15299 15304 15326
3 15304 15331 15326
3 15298 15299 15300
3 15302 15328 15330
3 15306 15330 15334
3 15303 15330 15306
3 15303 15302 15330
3 15303 15301 15302
3 15336 15303 15306
3 15336 15332 15303
3 15332 15305 15303
3 15331 15304 15305
3 15332 15331 15305
3 15306 15334 15337
3 15336 15306 15337
3 15307 15312 15310
3 15307 15308 15315
3 15312 15307 15315
3 15308 15313 15315
3 15309 15319 15317
3 15309 15311 15320
3 15319 15309 15320
3 15311 15310 15312
3 15311 15312 15320
3 15320 15312 15323
3 15314 15321 15323
3 15314 15323 15315
3 15315 15323 15312
3 15313 15314 15315
3 15316 15339 15342
3 15324 15316 15342
3 15318 15340 15316
3 15316 15340 15339
3 15319 15318 15317
3 15319 15341 15318
3 15341 15340 15318
3 15341 15327 15343
3 15341 15319 15327
3 15319 15320 15327
3 15322 15326 15327
3 15322 15327 15323
3 15323 15327 15320
3 15321 15322 15323
3 15329 15325 15324
3 15329 15324 15344
3 15344 15324 15342
3 15325 15329 15328
3 15333 15343 15327
3 15347 15343 15333
3 15326 15331 15333
3 15327 15326 15333
3 15329 15344 15345
3 15335 15345 15350
3 15330 15345 15335
3 15330 15329 15345
3 15330 15328 15329
3 15351 15330 15335
3 15351 15348 15330
3 15334 15330 15338
3 15338 15330 15348
3 15347 15338 15348
3 15333 15338 15347
3 15333 15336 15338
3 15333 15332 15336
3 15331 15332 15333
3 15335 15350 15352
3 15334 15338 15337
3 15335 15352 15351
3 15336 15337 15338
3 15339 15354 15357
3 15342 15339 15357
3 15340 15355 15339
3 15339 15355 15354
3 15341 15356 15340
3 15340 15356 15355
3 15356 15341 15343
3 15360 15356 15343
3 15342 15357 15344
3 15357 15363 15344
3 15346 15364 15359
3 15346 15361 15349
3 15359 15361 15346
3 15349 15361 15360
3 15349 15360 15347
3 15347 15360 15343
3 15344 15363 15365
3 15345 15344 15365
3 15350 15346 15353
3 15350 15365 15346
3 15350 15345 15365
3 15365 15364 15346
3 15348 15351 15353
3 15348 15353 15349
3 15349 15353 15346
3 15347 15348 15349
3 15350 15353 15352
3 15351 15352 15353
3 15354 15358 15357
3 15368 15358 15354
3 15368 15354 15367
3 15367 15354 15355
3 15362 15369 15367
3 15362 15367 15356
3 15356 15367 15355
3 15356 15360 15362
3 15358 15366 15363
3 15357 15358 15363
3 15364 15370 15359
3 15364 15358 15370
3 15364 15366 15358
3 15368 15370 15358
3 15369 15362 15361
3 15369 15361 15370
3 15370 15361 15359
3 15360 15361 15362
3 15363 15366 15365
3 15364 15365 15366
3 15367 15371 15368
3 15367 15369 15371
3 15368 15371 15370
3 15369 15370 15371
3 15372 15374 15377
3 15374 15372 15379
3 15373 15372 15377
3 15381 15373 15377
3 15383 15379 15372
3 15373 15383 15372
3 15373 15381 15384
3 15383 15373 15384
3 15375 15387 15389
3 15375 15376 15388
3 15387 15375 15388
3 15388 15376 15391
3 15378 15390 15394
3 15389 15390 15378
3 15375 15389 15378
3 15375 15378 15377
3 15375 15377 15374
3 15392 15376 15375
3 15392 15375 15379
3 15392 15379 15396
3 15374 15379 15375
3 15391 15376 15392
3 15380 15395 15398
3 15394 15395 15380
3 15394 15380 15378
3 15378 15380 15382
3 15382 15397 15378
3 15382 15399 15397
3 15378 15397 15377
3 15385 15381 15397
3 15377 15397 15381
3 15385 15397 15396
3 15385 15396 15383
3 15383 15396 15379
3 15386 15380 15398
3 15401 15386 15398
3 15402 15400 15382
3 15402 15382 15386
3 15386 15382 15380
3 15381 15385 15384
3 15382 15400 15399
3 15383 15384 15385
3 15386 15401 15403
3 15402 15386 15403
3 15387 15404 15405
3 15389 15387 15405
3 15393 15408 15404
3 15393 15404 15388
3 15388 15404 15387
3 15388 15391 15393
3 15390 15406 15409
3 15394 15390 15409
3 15405 15390 15389
3 15406 15390 15405
3 15392 15408 15393
3 15392 15396 15408
3 15396 15412 15408
3 15391 15392 15393
3 15395 15410 15415
3 15398 15395 15415
3 15409 15395 15394
3 15410 15395 15409
3 15397 15416 15413
3 15399 15416 15397
3 15412 15396 15397
3 15413 15412 15397
3 15398 15415 15401
3 15415 15419 15401
3 15400 15421 15417
3 15402 15421 15400
3 15416 15399 15400
3 15417 15416 15400
3 15401 15419 15422
3 15403 15401 15422
3 15421 15402 15403
3 15422 15421 15403
3 15407 15423 15425
3 15407 15405 15404
3 15407 15404 15423
3 15423 15404 15424
3 15424 15404 15408
3 15427 15424 15408
3 15411 15426 15430
3 15425 15426 15411
3 15407 15425 15411
3 15407 15411 15409
3 15407 15409 15406
3 15405 15407 15406
3 15428 15414 15431
3 15414 15428 15427
3 15414 15427 15412
3 15412 15427 15408
3 15410 15411 15430
3 15410 15430 15415
3 15415 15430 15434
3 15409 15411 15410
3 15432 15418 15437
3 15431 15418 15432
3 15414 15418 15431
3 15414 15416 15418
3 15414 15413 15416
3 15412 15413 15414
3 15420 15435 15438
3 15420 15434 15435
3 15420 15419 15434
3 15419 15415 15434
3 15417 15437 15418
3 15417 15421 15437
3 15421 15440 15437
3 15416 15417 15418
3 15420 15438 15439
3 15419 15420 15439
3 15419 15439 15422
3 15422 15439 15441
3 15440 15421 15422
3 15441 15440 15422
3 15423 15443 15444
3 15425 15423 15444
3 15429 15446 15443
3 15429 15443 15424
3 15424 15443 15423
3 15424 15427 15429
3 15426 15445 15449
3 15430 15426 15449
3 15444 15433 15425
3 15444 15447 15433
3 15425 15433 15426
3 15452 15445 15433
3 15426 15433 15445
3 15446 15433 15447
3 15429 15433 15446
3 15429 15431 15433
3 15429 15428 15431
3 15427 15428 15429
3 15436 15450 15454
3 15436 15449 15450
3 15436 15434 15449
3 15434 15430 15449
3 15432 15452 15433
3 15432 15437 15452
3 15437 15456 15452
3 15431 15432 15433
3 15435 15436 15454
3 15435 15454 15438
3 15438 15454 15459
3 15434 15436 15435
3 15457 15442 15461
3 15442 15457 15456
3 15442 15456 15440
3 15440 15456 15437
3 15438 15459 15462
3 15439 15438 15462
3 15461 15442 15441
3 15461 15441 15462
3 15462 15441 15439
3 15440 15441 15442
3 15443 15448 15444
3 15443 15446 15448
3 15451 15464 15465
3 15453 15449 15445
3 15467 15464 15451
3 15447 15444 15448
3 15452 15453 15445
3 15446 15447 15448
3 15455 15466 15469
3 15465 15466 15455
3 15451 15465 15455
3 15451 15455 15454
3 15451 15454 15450
3 15467 15450 15471
3 15467 15451 15450
3 15471 15450 15458
3 15449 15453 15450
3 15458 15450 15453
3 15452 15456 15458
3 15453 15452 15458
3 15460 15455 15469
3 15474 15460 15469
3 15460 15472 15455
3 15460 15475 15472
3 15455 15472 15454
3 15463 15459 15472
3 15454 15472 15459
3 15471 15463 15472
3 15458 15463 15471
3 15458 15461 15463
3 15458 15457 15461
3 15456 15457 15458
3 15460 15474 15476
3 15459 15463 15462
3 15460 15476 15475
3 15461 15462 15463
3 15464 15468 15465
3 15464 15467 15468
3 15466 15470 15469
3 15466 15465 15468
3 15466 15468 15470
3 15470 15468 15473
3 15467 15471 15473
3 15468 15467 15473
3 15470 15477 15474
3 15469 15470 15474
3 15472 15475 15477
3 15472 15477 15473
3 15473 15477 15470
3 15471 15472 15473
3 15474 15477 15476
3 15475 15476 15477

POINT_DATA 15478
SCALARS scalars short
LOOKUP_TABLE default
1 1 1 1 1 1 1 1 1
1 1 1 1 1 1 1 1 1
1 1 1 1 1 1 1 1 1
1 1 1 1 1 1 1 1 1
1 1 1 1 1 1 1 1 2
2 2 2 2 2 2 2 2 2
2 2 2 2 2 2 2 2 2
2 2 2 2 2 2 2 2 2
2 2 2 2 2 2 2 2 2
2 2 2 2 2 2 2 2 2
2 2 2 2 2 2 2 2 2
2 2 2 2 2 2 2 2 2
2 2 2 2 2 2 2 2 2
2 2 2 2 2 2 2 2 2
2 2 2 2 2 2 2 2 2
2 2 2 2 2 2 2 2 2
2 2 2 2 2 2 2 2 2
2 2 2 2 2 2 2 2 2
2 2 2 2 2 2 2 2 2
2 2 2 2 2 2 2 2 2
2 2 2 2 2 2 2 2 2
2 2 2 2 2 2 2 2 2
2 2 2 2 2 2 2 2 2
2 2 2 2 2 2 2 2 2
2 2 2 2 2 2 2 2 2
2 2 2 2 2 2 2 2 2
2 2 2 2 2 2 2 2 2
2 2 2 2 2 2 2 2 2
2 2 2 2 2 2 2 2 2
2 2 2 2 2 2 2 2 2
2 2 2 2 2 2 2 2 2
2 2 2 2 2 2 2 2 2
2 2 2 2 2 2 2 2 2
2 2 2 2 2 2 2 2 2
2 2 2 2 2 2 2 2 2
2 2 2 2 2 2 2 2 2
3 3 2 2 2 2 3 2 3
3 2 2 2 2 2 2 2 2
2 3 2 2 2 2 2 3 2
3 3 2 2 2 3 2 2 2
3 3 2 3 3 2 3 3 2
2 2 2 2 3 2 3 3 2
3 3 2 3 2 2 2 3 2
2 3 2 2 3 3 2 2 3
3 2 2 3 2 2 3 3 3
2 3 2 2 3 3 2 2 3
3 2 2 2 3 3 2 2 3
3 3 3 2 2 2 3 2 2
3 3 2 3 3 2 3 3 2
2 3 3 2 3 3 3 3 3
3 3 3 3 2 2 2 3 3
2 2 3 3 2 2 3 3 2
2 3 3 2 3 2 2 2 3
3 3 3 3 3 3 3 3 3
3 3 3 3 2 2 3 3 2
2 3 3 2 2 3 3 2 2
3 3 3 2 2 3 3 3 3
3 3 3 3 3 3 3 3 3
3 3 3 3 3 2 3 3 2
2 3 3 3 3 2 2 3 3
2 2 2 3 3 3 3 3 3
3 3 3 3 3 3 3 3 3
3 3 3 2 3 3 3 2 2
1 3 3 2 3 3 3 3 3
3 3 3 3 3 3 3 3 3
3 3 3 3 1 3 3 3 3
3 3 1 3 1 1 3 3 3
3 3 1 1 1 3 3 3 3
3 3 3 3 3 1 1 3 3
3 1 1 1 1 1 1 3 3
3 1 1 1 1 1 1 1 1
1 1 3 1 1 1 1 4 4
4 4 4 4 4 4 4 4 4
4 4 4 4 4 4 4 4 4
4 4 4 4 4 4 4 4 4
4 4 4 4 4 4 4 4 4
4 4 4 4 4 4 4 4 4
4 4 4 4 4 4 4 4 4
4 4 4 4 4 4 4 4 4
4 4 4 4 4 4 4 4 4
4 4 4 4 4 4 4 4 4
4 4 4 4 4 5 5 5 5
5 5 5 5 5 5 5 5 5
5 5 5 5 5 5 5 5 5
5 5 5 5 5 5 5 5 5
5 5 5 5 5 5 5 5 5
5 5 5 5 5 5 5 5 5
5 5 5 5 5 5 5 5 5
5 5 5 5 5 5 5 5 5
5 5 5 5 5 5 5 5 5
5 5 5 5 5 5 5 5 5
5 5 5 5 5 5 5 5 5
5 5 5 5 5 5 5 5 5
5 5 5 5 5 5 5 5 5
5 4 5 5 5 5 4 5 4
4 4 5 4 5 5 5 4 5
4 5 5 4 5 5 5 5 5
5 5 5 5 5 5 5 4 4
4 5 4 4 6 6 2 6 6
2 6 6 6 6 6 6 6 2
2 2 2 6 2 6 6 2 6
6 2 2 2 6 6 2 2 6
2 2 2 6 6 6 2 2 6
2 2 2 6 2 2 2 6 6
6 2 6 6 2 6 6 2 6
2 6 6 2 6 6 6 2 2
6 6 6 6 6 6 6 6 6
6 6 6 6 6 4 4 4 7
4 4 7 7 4 4 4 4 4
4 4 4 4 4 4 4 4 4
4 4 7 7 7 4 4 7 7
7 7 7 7 7 7 4 4 7
4 4 4 7 4 7 7 4 7
2 7 7 2 7 7 7 7 7
7 7 7 7 7 7 7 7 7
7 7 2 2 7 7 2 2 7
2 2 7 7 2 2 2 7 7
7 7 7 7 7 7 7 7 7
7 7 2 7 7 2 2 2 7
7 7 2 2 7 7 2 2 7
7 2 2 7 7 2 7 7 7
7 2 7 7 7 7 7 2 2
7 7 2 2 7 2 2 2 7
7 2 2 7 7 2 2 7 7
2 2 2 7 7 7 7 7 2
7 7 7 7 7 2 7 7 2
2 2 6 6 6 6 6 6 6
6 6 8 6 6 8 6 6 8
8 6 8 6 6 6 8 8 8
8 6 6 6 8 8 6 6 8
8 8 6 6 8 8 8 8 8
8 6 8 8 6 8 8 6 8
8 6 8 8 8 8 8 8 8
8 8 8 8 8 8 8 8 8
8 8 8 8 8 8 8 8 8
8 8 8 8 8 8 8 8 8
8 8 8 8 8 8 8 8 8
8 8 8 8 8 8 8 8 8
8 8 8 8 8 8 8 8 8
8 8 8 9 9 9 9 9 9
9 9 9 9 9 9 9 9 9
9 9 9 9 9 9 9 9 9
9 9 9 9 9 9 9 9 9
9 9 9 9 9 9 9 9 9
9 9 9 9 9 9 9 9 9
9 9 9 9 9 9 9 9 9
9 9 10 10 10 10 10 10 10
10 10 10 10 10 10 10 10 10
10 10 10 10 10 10 10 10 10
10 10 10 10 10 10 10 10 10
10 10 10 10 10 10 10 10 10
10 10 10 10 10 10 10 10 10
10 10 10 10 10 10 10 10 10
10 5 11 5 5 5 5 11 11
11 11 11 11 5 5 5 5 11
11 11 5 5 11 11 11 11 11
5 11 11 5 11 11 11 5 5
11 11 11 11 5 11 11 11 11
5 5 11 11 11 11 11 11 11
11 5 11 11 5 5 5 11 5
5 11 5 11 11 11 11 11 11
11 11 11 11 11 11 5 5 11
5 5 5 11 11 11 11 11 11
11 11 11 11 11 11 11 11 11
11 11 11 11 11 11 11 11 11
11 11 11 11 4 4 11 11 11
11 11 11 11 11 11 11 11 11
11 4 11 11 4 11 4 4 11
4 4 4 11 11 11 11 11 11
11 11 11 11 11 11 11 11 4
4 11 4 4 4 11 11 11 11
11 11 11 11 11 11 11 11 4
4 11 11 11 11 11 11 11 11
11 7 11 11 11 11 7 11 11
11 11 11 11 11 7 7 11 11
7 11 11 11 11 11 7 11 7
11 7 7 7 7 7 7 7 7
7 7 7 7 7 7 7 7 7
7 7 7 7 7 7 12 12 12
12 12 12 12 12 12 12 12 12
12 12 12 12 12 12 11 11 11
12 12 11 12 12 12 12 11 11
12 11 11 11 11 11 12 12 12
11 11 11 12 12 12 12 11 11
11 7 11 11 11 11 12 11 11
11 11 7 11 7 11 12 7 7
7 11 11 11 12 11 11 12 12
12 12 12 11 11 11 11 11 11
11 11 11 11 11 11 11 11 11
11 11 11 11 11 11 11 11 11
11 11 11 11 11 11 11 11 11
11 11 11 11 11 11 11 11 11
11 11 11 11 11 11 11 11 11
11 11 11 11 11 11 11 11 11
11 11 11 11 11 11 11 11 11
11 11 11 11 11 11 11 11 11
11 11 11 11 11 11 14 11 11
14 14 14 14 14 14 14 14 14
14 14 14 14 14 14 14 14 14
14 14 14 14 14 14 14 14 14
14 14 14 14 14 14 14 14 14
14 14 14 14 14 14 14 14 15
15 15 15 14 15 14 14 14 15
15 15 15 15 15 15 15 15 14
14 15 15 14 14 15 14 15 15
15 15 15 15 15 14 14 15 15
14 14 14 15 14 14 14 15 15
15 15 15 15 15 15 14 15 15
14 15 14 15 15 15 14 14 15
15 15 15 15 15 15 15 16 16
15 15 16 16 15 15 16 16 16
16 16 16 15 15 15 15 15 15
15 15 15 15 15 15 15 15 15
15 15 15 15 15 15 15 15 15
15 15 15 15 15 15 15 15 15
15 15 15 15 15 15 15 15 15
15 15 15 15 15 15 15 15 15
15 15 15 15 15 15 15 15 15
15 15 15 15 15 15 15 15 15
15 15 15 15 15 15 15 15 15
15 15 18 18 18 18 18 18 18
18 18 18 18 18 18 18 18 18
18 18 18 18 18 18 18 18 18
18 18 18 18 18 18 18 19 19
19 19 19 19 19 19 19 19 19
19 19 19 19 19 19 19 19 19
19 19 19 19 19 19 19 19 19
19 19 19 20 20 20 20 20 20
20 20 20 20 20 20 20 20 20
20 20 20 20 20 20 20 20 20
20 20 20 20 20 20 20 20 20
20 20 20 20 20 20 20 20 20
20 20 20 20 20 20 20 20 21
21 21 21 21 21 21 21 21 21
21 21 21 21 21 21 21 21 21
21 21 21 21 21 21 21 21 21
21 21 21 21 21 21 21 21 21
21 21 21 21 21 21 21 21 21
21 21 21 21 21 21 21 21 21
21 21 21 21 21 21 21 21 21
21 21 21 21 21 21 21 21 21
21 21 21 21 21 21 21 21 21
21 21 21 21 21 21 21 21 21
21 21 21 21 21 21 21 21 21
21 21 21 21 21 21 21 21 21
21 21 21 21 21 21 21 21 21
21 21 21 21 21 21 21 21 21
21 21 21 21 21 21 21 21 21
21 21 21 21 21 21 21 21 21
21 21 21 21 21 21 21 21 21
21 21 21 21 21 21 21 21 21
21 21 21 21 21 21 21 21 21
21 21 21 21 21 21 21 21 21
21 21 21 22 22 22 22 22 22
22 22 22 22 22 22 22 22 22
22 22 22 22 22 22 22 22 22
22 22 22 22 21 21 21 21 21
21 21 21 21 21 21 21 21 21
21 21 21 21 21 21 21 21 21
21 21 21 21 21 21 21 21 21
21 21 21 21 21 21 21 21 21
21 21 21 21 21 24 24 24 24
24 24 24 24 24 24 24 24 24
24 24 24 24 19 19 24 24 19
24 19 24 24 24 24 24 24 24
24 24 24 24 24 24 19 9 19
24 24 24 24 24 24 24 19 9
19 25 25 25 25 25 25 25 25
25 25 25 25 25 25 25 25 25
25 25 25 25 25 25 25 25 25
5 5 5 5 5 5 5 5 5
5 5 5 5 5 5 5 5 5
5 5 5 5 5 5 5 5 5
5 5 5 5 5 5 5 5 5
5 5 5 5 5 5 5 5 5
5 27 27 27 27 27 27 27 27
27 27 27 27 27 27 27 27 27
27 27 27 27 27 27 27 27 27
27 27 27 27 27 27 27 27 27
27 27 27 27 27 27 27 27 27
27 27 27 27 27 27 27 27 27
27 27 27 3 3 3 3 3 3
3 3 3 3 3 3 3 3 3
3 3 3 3 3 3 3 3 3
3 28 3 3 3 3 3 28 3
3 3 28 28 28 3 3 3 3
3 28 3 3 3 28 28 28 3
3 3 3 28 28 28 3 3 28
28 28 3 3 3 3 3 3 3
3 3 3 3 3 3 3 3 3
3 3 3 3 3 3 3 3 3
3 3 3 3 3 3 3 3 3
3 3 3 3 3 3 3 3 3
3 3 3 3 3 3 3 3 3
3 3 3 3 3 3 3 3 3
3 3 3 3 3 29 29 29 29
29 28 28 28 28 28 29 28 29
29 28 29 28 29 29 29 29 29
28 29 28 29 29 29 29 29 29
28 29 29 29 29 29 29 29 29
28 29 29 29 28 29 29 29 29
29 29 29 29 29 29 29 29 29
29 29 29 29 29 29 29 29 29
29 29 29 29 29 29 29 29 29
29 29 29 29 29 29 29 29 29
29 29 29 30 30 30 30 30 30
30 30 28 28 28 30 28 30 30
30 30 30 30 30 30 30 28 28
30 28 30 30 28 30 30 30 30
30 30 30 30 30 30 30 28 28
28 30 30 30 30 30 30 30 30
30 30 30 30 30 28 30 30 30
30 30 30 30 30 30 30 30 28
28 28 28 30 30 30 30 30 30
30 28 28 28 28 28 28 28 28
28 28 28 31 31 31 31 31 31
31 31 31 31 31 31 31 31 31
31 31 31 31 31 31 31 31 31
31 31 31 31 32 32 32 32 32
32 32 32 32 32 32 32 32 32
32 32 32 32 32 32 32 32 32
32 32 32 32 32 32 32 32 32
32 32 32 32 32 32 32 32 32
32 32 32 32 32 32 32 32 32
32 32 32 32 32 32 32 32 32
32 32 32 32 32 32 32 32 32
32 32 32 32 32 32 32 32 32
32 32 32 32 32 32 32 32 32
32 32 32 32 32 32 32 32 32
32 32 32 32 32 32 34 32 32
34 34 32 32 32 32 32 32 33
33 33 33 33 33 33 33 33 33
33 33 33 33 33 33 33 33 33
33 33 33 33 33 33 33 33 33
33 33 33 33 33 33 33 33 33
33 33 33 33 33 33 33 33 33
33 33 33 33 33 33 33 33 33
33 33 33 33 33 33 33 33 33
33 33 33 33 33 33 33 33 33
33 33 33 33 33 33 33 33 33
33 33 33 33 33 33 33 33 33
33 33 33 33 33 33 33 33 33
33 33 33 33 33 33 33 33 33
33 33 33 33 33 33 33 33 33
33 33 33 33 33 33 33 33 33
33 33 33 33 33 33 33 33 33
33 33 33 33 33 34 33 34 35
35 35 35 35 35 12 35 35 35
35 35 35 12 35 2 2 35 35
12 12 35 35 35 35 35 35 2
2 35 2 2 2 2 35 12 2
2 35 12 2 35 35 35 35 35
2 2 35 2 2 2 2 2 2
2 2 2 2 35 12 2 2 12
12 35 35 35 2 35 35 2 2
2 35 2 2 2 2 35 2 2
2 2 2 2 2 35 2 2 35
2 2 2 35 2 35 35 35 2
2 35 2 2 35 2 2 2 2
2 2 35 35 2 2 35 35 35
35 35 35 35 35 2 35 35 35
35 35 35 35 35 35 35 35 35
13 13 13 13 13 13 13 13 13
13 13 13 13 13 13 13 13 13
13 13 13 13 13 13 13 13 13
13 13 13 13 13 13 13 13 13
13 36 13 36 36 36 13 13 36
13 13 36 13 13 36 13 13 36
36 36 36 36 36 36 36 36 36
36 36 36 36 36 36 36 36 36
36 36 36 36 36 36 36 12 36
12 12 12 12 36 12 12 12 12
12 12 12 12 12 12 37 37 35
37 37 37 37 37 35 35 37 35
37 35 37 37 37 37 37 35 37
35 35 37 37 37 35 35 35 35
35 35 37 35 37 35 37 37 35
35 35 37 35 37 35 35 37 35
35 35 35 37 35 37 37 37 35
35 35 35 37 37 35 35 37 37
35 35 35 37 35 35 35 35 35
35 35 37 37 37 37 37 37 37
35 37 35 37 38 38 38 38 38
38 38 38 38 38 38 38 38 38
38 38 38 38 38 38 38 38 38
38 38 38 38 38 38 38 38 38
38 38 38 38 38 38 38 38 38
38 38 38 38 38 38 38 38 38
38 38 38 38 38 38 38 38 38
38 38 38 38 38 38 38 38 38
38 38 38 38 38 38 38 38 38
38 38 38 38 38 38 38 38 38
38 38 38 38 38 38 39 39 39
39 39 39 39 39 39 39 39 39
39 39 39 39 39 39 39 39 39
39 39 39 39 39 39 39 39 39
39 39 39 39 39 39 39 39 39
39 39 39 39 39 39 39 39 39
39 39 39 39 39 39 39 39 39
39 39 39 39 39 39 39 39 39
39 39 39 39 39 39 39 39 39
39 39 39 39 39 39 39 39 39
39 39 39 39 39 39 39 39 39
39 39 39 39 39 39 39 39 39
39 39 39 39 39 39 39 39 39
39 39 39 39 39 39 39 39 39
39 39 39 39 39 39 39 39 39
39 39 39 39 39 39 39 39 39
39 39 39 39 39 39 39 39 39
39 39 39 39 39 39 39 39 39
39 39 39 39 39 39 39 39 39
39 39 39 39 39 39 39 39 39
39 39 39 39 39 39 39 39 39
39 40 40 40 40 40 40 40 40
40 40 40 40 40 40 40 40 40
40 40 40 40 40 40 40 40 40
40 40 40 40 40 40 40 40 40
40 40 40 40 40 40 40 40 40
40 40 40 40 40 40 40 40 40
40 40 40 40 40 40 40 40 40
40 40 40 40 40 40 40 40 40
40 40 40 40 40 40 40 40 40
40 40 40 40 40 40 40 40 40
40 40 40 40 40 40 40 40 40
40 40 40 40 40 40 40 40 40
40 40 40 40 40 40 40 40 40
40 40 40 40 40 40 40 40 40
40 40 40 40 40 40 40 40 40
40 40 40 40 40 40 40 40 40
40 40 40 40 40 40 40 40 40
17 17 17 16 17 41 41 16 17
17 17 17 17 17 17 17 16 16
16 41 16 16 16 17 17 17 41
16 16 17 17 17 17 17 17 17
17 17 17 17 17 17 16 16 16
16 16 16 16 16 16 16 16 16
16 16 17 17 17 17 17 17 17
17 17 17 17 17 17 17 17 17
17 17 17 17 17 17 17 41 41
41 41 41 41 41 41 41 41 41
41 41 41 41 41 41 41 41 41
41 41 41 41 41 41 41 41 41
41 41 41 41 41 41 41 41 41
41 42 42 42 42 42 42 42 42
42 42 42 42 42 42 42 42 42
42 42 42 42 42 42 42 42 42
42 42 42 42 42 42 42 42 42
42 42 42 42 42 42 42 42 42
42 42 42 42 42 42 42 42 42
42 42 42 42 42 42 42 42 42
42 42 42 42 42 42 42 42 42
42 43 43 43 43 43 43 43 43
43 43 43 43 43 43 43 43 43
43 43 43 43 43 43 43 43 43
43 43 43 43 43 43 42 42 43
43 42 43 42 43 42 42 43 43
42 43 43 43 43 43 43 43 43
43 43 43 43 43 43 43 43 43
43 43 43 43 44 44 44 44 44
44 44 44 44 44 44 44 44 44
44 44 44 44 44 44 44 44 44
44 44 44 44 44 44 44 44 44
44 44 44 44 44 44 44 44 44
44 44 44 44 44 44 44 44 44
44 44 44 44 44 44 44 44 44
44 44 44 44 44 44 44 44 44
44 44 44 44 44 44 44 44 44
44 44 44 44 44 44 44 44 44
44 44 44 44 44 44 44 44 44
44 44 44 44 44 44 44 44 44
44 44 44 44 44 44 44 44 44
44 44 46 44 44 44 46 44 46
46 44 44 44 44 47 44 47 44
44 44 44 47 47 47 44 44 44
44 44 47 44 44 44 44 44 44
44 44 44 44 44 44 44 44 44
44 44 44 44 44 44 44 44 44
44 44 44 44 44 44 44 44 44
44 44 47 44 44 47 47 47 47
44 44 44 44 44 44 44 44 44
44 44 44 44 44 44 44 44 44
44 44 44 44 44 44 44 44 44
44 44 44 44 44 44 44 44 44
44 44 44 44 44 44 44 44 44
44 44 44 44 44 44 44 44 44
44 44 44 44 44 44 44 44 44
44 44 44 44 44 44 44 44 44
44 44 44 44 44 44 44 44 44
44 44 44 44 44 44 44 44 44
44 44 44 44 44 44 44 44 44
44 44 44 44 44 44 44 44 44
44 44 44 44 44 44 44 44 44
44 44 44 44 44 44 44 44 44
44 44 44 44 44 44 44 44 44
44 44 44 44 44 44 44 44 44
44 44 44 44 44 44 44 44 44
44 44 44 44 44 44 44 44 44
44 45 45 45 45 45 45 46 46
46 46 46 46 47 47 47 47 47
47 47 47 47 47 47 47 47 47
47 47 48 48 48 48 48 48 48
48 48 48 48 48 48 48 48 48
48 48 48 48 49 49 49 49 49
49 49 49 49 49 49 49 49 49
49 49 49 49 49 49 49 49 49
49 49 49 49 49 49 49 49 49
49 49 49 49 49 49 49 49 49
49 49 49 49 49 49 49 49 49
49 49 49 49 49 44 49 49 49
49 49 49 49 49 49 49 49 49
49 49 49 49 49 49 49 49 49
49 49 49 49 49 49 49 49 49
49 49 49 49 49 49 49 49 49
49 49 49 49 49 44 49 49 49
49 44 44 44 44 49 49 49 49
49 49 49 49 49 49 49 49 49
49 49 49 49 49 49 49 49 49
49 49 49 49 49 49 49 49 49
49 49 49 49 49 49 49 49 49
49 49 49 49 49 49 49 49 49
49 49 49 49 49 49 49 49 49
49 49 49 50 50 50 50 50 50
51 51 51 51 51 51 51 51 51
51 51 51 51 51 51 51 51 51
51 51 51 51 51 51 51 51 51
51 51 51 51 51 51 51 51 51
51 51 51 51 51 51 51 51 51
51 52 52 52 52 52 52 52 52
52 52 52 52 52 52 52 52 52
52 52 52 49 52 52 52 52 52
52 52 52 52 52 52 52 52 49
49 49 49 49 49 49 49 49 52
52 52 52 52 49 49 49 52 52
49 49 49 49 49 49 49 49 49
49 49 49 49 49 49 49 49 49
49 52 52 52 52 52 52 52 52
52 52 52 49 49 49 49 49 49
49 49 49 49 49 48 48 48 48
48 48 48 48 48 48 48 48 48
48 48 48 48 48 48 48 48 48
53 53 53 53 53 53 54 54 54
54 54 54 54 54 54 54 54 54
54 54 54 54 54 54 54 54 54
54 54 54 54 54 54 54 54 54
54 54 54 54 54 54 54 54 54
54 54 54 54 54 54 54 54 54
54 54 54 54 54 54 54 54 54
54 54 54 54 54 54 54 54 54
54 54 55 55 55 55 55 55 55
55 55 55 55 55 55 55 55 55
55 55 55 55 55 55 55 55 55
55 55 55 55 55 55 55 55 55
55 55 55 55 55 55 55 55 56
56 56 56 56 56 56 56 56 56
56 56 56 56 56 56 56 56 56
56 56 56 56 56 57 57 57 57
57 57 57 57 57 57 57 57 57
57 57 57 57 57 57 57 57 57
57 57 57 57 57 57 57 57 57
57 57 57 57 57 57 57 57 57
57 57 57 57 57 57 57 57 57
57 57 57 57 57 57 57 57 57
57 57 57 57 57 57 57 57 57
57 57 57 57 57 57 57 57 57
57 57 57 57 57 57 57 57 57
57 57 57 57 57 57 57 57 57
57 57 57 57 57 57 57 57 57
57 57 57 57 57 57 57 57 57
57 57 57 57 57 57 57 57 57
57 57 57 57 57 57 57 57 57
57 57 57 57 57 57 57 57 57
57 57 57 57 57 57 57 57 57
57 57 57 74 74 57 57 57 57
57 57 57 57 57 57 57 57 57
57 57 57 57 57 57 57 57 57
57 57 57 57 57 57 57 57 57
57 57 57 57 57 57 57 57 57
57 57 57 57 57 57 57 57 57
57 57 57 57 57 57 57 57 57
57 57 57 57 57 57 57 57 57
57 57 57 57 57 57 57 57 57
57 57 57 57 57 57 57 57 57
57 57 57 57 57 57 57 57 57
57 57 57 57 57 57 57 57 57
57 57 57 57 57 57 57 57 57
57 57 57 57 57 57 57 57 57
57 57 57 57 57 57 57 57 57
57 57 57 57 57 57 57 57 57
57 57 57 57 57 57 57 57 57
74 57 57 57 57 57 57 57 57
57 57 57 57 57 57 57 57 57
57 57 57 57 57 57 57 74 57
57 57 57 57 57 57 57 57 57
57 57 57 57 57 57 57 57 57
57 57 57 57 57 57 57 57 57
57 57 57 57 57 57 57 57 57
57 57 57 57 57 57 57 49 49
57 57 49 57 57 57 57 57 57
57 57 57 57 57 57 57 57 57
57 57 57 57 57 57 57 57 57
57 57 57 57 57 57 49 49 49
49 49 49 49 57 57 49 57 49
49 49 57 57 57 57 57 57 57
57 57 57 57 57 57 57 57 57
57 57 57 57 59 62 62 59 59
59 59 59 59 59 59 59 59 59
59 59 59 62 62 62 62 59 62
59 62 59 59 59 59 59 59 59
59 59 59 59 59 59 59 59 59
59 59 59 59 62 59 59 59 59
59 59 59 62 62 59 59 59 59
59 59 59 59 59 59 59 59 59
59 59 59 59 59 59 59 59 59
59 59 59 59 59 59 59 59 59
59 59 59 59 59 59 59 62 59
59 59 59 59 59 59 59 59 59
59 59 59 59 59 59 59 59 59
59 59 59 59 59 59 59 59 59
59 59 59 59 59 59 59 59 59
59 59 59 59 59 59 59 59 59
59 59 59 59 59 59 59 59 59
59 59 59 59 59 59 59 59 59
59 59 59 59 59 59 59 59 59
59 59 59 59 59 59 59 59 59
59 59 59 59 59 59 59 59 59
59 59 59 59 59 59 59 59 59
59 59 59 59 59 59 59 59 59
59 59 59 59 59 59 59 59 59
59 59 59 59 59 59 59 59 59
59 59 59 59 59 59 59 59 59
59 59 59 59 59 59 59 59 59
59 59 59 59 59 59 62 59 59
59 59 59 59 59 59 59 59 59
59 59 59 59 59 59 59 59 59
59 59 59 59 59 59 59 59 59
59 59 59 59 59 59 59 59 59
59 59 59 59 59 59 59 59 59
59 59 59 59 59 60 60 60 60
60 60 60 60 60 60 60 60 60
60 60 60 60 60 60 60 60 60
60 60 60 60 60 60 60 60 60
60 60 60 60 60 60 60 60 60
60 60 60 60 60 60 60 60 60
60 60 60 60 60 60 60 60 60
60 60 60 60 60 60 60 60 60
60 60 60 60 60 60 60 61 61
61 61 61 61 61 61 61 61 61
61 61 61 61 61 61 61 61 61
61 61 61 61 61 61 61 61 61
61 61 61 61 61 61 61 61 61
61 61 61 61 61 61 61 61 61
61 61 61 61 61 61 61 61 61
61 61 61 61 61 61 61 61 61
61 61 61 61 61 61 61 61 61
61 61 61 61 61 61 61 61 61
61 61 61 61 61 61 61 61 61
61 61 61 61 61 61 61 61 61
61 61 61 61 61 61 61 61 61
61 61 61 61 61 61 61 61 61
61 61 61 61 61 61 61 61 61
61 61 61 61 61 61 61 61 61
61 61 61 61 61 61 61 61 61
61 61 61 61 61 61 61 61 105
61 61 61 61 61 61 61 61 61
61 61 61 61 61 61 61 61 61
61 61 61 61 61 61 61 61 61
61 61 61 61 61 61 61 61 61
61 61 61 61 61 105 61 61 61
61 61 61 61 61 61 61 61 61
61 61 61 61 61 61 61 61 61
61 61 61 61 61 61 61 61 61
61 61 61 61 61 61 61 61 61
63 63 63 63 63 62 62 62 63
62 63 63 63 62 63 63 62 63
63 63 63 63 63 63 63 63 59
62 62 62 62 62 62 62 62 62
62 62 62 62 62 62 62 62 62
62 62 62 62 62 63 62 62 62
63 62 62 63 63 63 63 63 63
59 59 59 59 59 62 62 62 62
62 62 62 62 62 62 62 62 62
62 62 62 62 62 62 62 62 62
62 62 62 62 62 62 62 62 62
63 62 62 62 62 63 62 62 62
63 63 63 63 63 63 63 63 62
62 62 62 62 62 62 62 62 62
62 62 62 62 62 62 62 62 62
62 62 59 62 62 62 62 62 62
62 62 62 59 62 59 59 59 59
62 62 62 62 62 62 62 62 62
62 59 59 59 59 59 59 59 59
62 62 62 62 62 62 62 62 62
62 62 62 62 62 62 62 62 62
62 62 62 62 62 62 62 62 62
62 62 63 63 63 63 63 63 63
63 63 63 63 63 63 63 63 63
63 63 63 63 63 63 63 63 63
63 63 63 63 63 64 64 64 64
64 64 64 64 64 64 64 64 64
64 64 64 64 64 64 64 64 64
64 64 64 64 64 64 64 64 64
64 64 64 64 64 64 64 64 64
64 64 64 64 64 64 64 64 66
62 66 66 59 66 66 59 59 59
59 59 59 59 66 62 66 66 66
66 66 66 66 66 66 62 59 59
66 59 59 59 59 59 59 59 59
59 59 59 59 66 66 66 66 59
59 59 59 59 66 66 66 66 66
66 66 66 66 66 66 66 66 66
66 66 66 66 59 62 62 66 66
66 66 66 59 59 59 59 59 59
59 59 59 59 59 59 59 59 59
59 59 59 59 59 59 62 66 66
66 59 66 59 59 59 59 59 59
59 66 66 66 66 66 66 66 66
66 66 66 66 66 66 66 66 66
66 66 66 59 66 66 59 59 59
59 59 59 59 59 59 59 59 66
59 66 66 66 66 66 66 66 66
66 66 66 66 66 66 66 66 66
66 66 66 66 66 66 66 66 66
66 66 66 66 66 66 66 66 66
66 66 66 66 66 66 66 66 66
66 66 66 66 67 67 67 67 67
67 67 67 67 67 67 67 67 67
67 67 67 67 67 67 67 67 67
67 67 67 67 67 67 67 67 67
67 67 68 68 68 68 68 27 68
68 68 68 68 68 68 68 27 68
68 68 68 68 68 68 68 68 66
68 66 66 68 68 27 27 27 27
68 68 68 68 27 27 27 68 68
68 68 68 68 68 66 68 68 68
68 66 66 68 68 68 66 66 68
66 68 66 66 66 66 66 66 66
68 68 27 68 68 68 68 27 68
27 27 68 68 68 68 68 68 68
68 68 68 68 68 68 68 66 68
68 68 66 66 68 68 68 68 68
66 66 66 68 66 66 66 66 66
66 66 66 66 68 66 68 68 68
68 68 68 68 68 68 68 66 68
68 66 68 68 66 66 68 66 66
66 66 66 66 66 66 66 68 66
68 68 68 68 68 66 68 68 68
68 68 68 68 68 68 68 68 68
66 66 66 66 68 66 68 68 68
68 68 68 68 68 68 68 68 68
68 68 68 68 66 68 68 68 68
68 68 68 68 68 68 68 68 68
68 68 68 68 68 68 68 68 68
68 51 68 68 68 68 68 68 59
68 68 68 68 68 68 68 68 68
68 68 68 68 68 68 68 68 68
68 59 68 68 59 68 59 68 68
68 68 69 69 69 69 69 69 69
69 69 69 69 68 69 69 69 69
69 69 69 67 68 68 68 68 69
69 69 69 69 68 69 68 68 68
68 68 69 69 69 69 68 69 68
69 69 67 67 68 69 67 69 68
68 69 69 69 68 68 68 68 68
68 68 68 68 68 68 68 68 68
69 69 69 69 69 69 69 68 68
69 67 69 67 69 67 67 68 68
68 68 67 69 69 69 69 68 68
68 68 68 68 68 68 69 69 69
69 69 69 69 69 69 69 69 69
69 69 69 69 69 69 69 69 69
69 69 69 69 69 69 69 69 69
69 69 69 69 69 69 69 69 69
70 70 70 70 70 70 70 70 70
70 70 70 70 70 70 70 71 71
71 71 71 71 71 71 71 71 71
71 71 71 71 71 71 71 71 71
71 71 71 71 71 71 71 71 71
71 71 71 71 71 71 71 71 71
71 71 71 71 71 71 71 71 71
71 71 71 71 71 71 71 71 71
72 72 72 72 72 72 72 72 72
72 72 72 72 72 72 72 72 72
72 72 72 72 72 72 72 72 72
72 72 72 72 72 72 72 72 72
72 72 72 72 72 72 72 72 72
72 72 72 72 72 72 72 73 73
73 73 73 73 73 73 73 73 73
73 73 73 73 73 73 73 73 73
73 73 73 73 73 73 73 73 73
73 73 73 73 73 73 73 73 73
74 74 74 74 74 74 74 74 74
74 74 74 74 74 74 74 74 74
74 74 74 74 74 74 74 74 74
74 74 74 74 74 74 74 74 74
74 74 74 74 74 74 74 74 74
74 74 74 74 74 74 74 74 74
74 74 74 74 74 74 74 74 74
74 74 74 74 74 74 74 74 74
74 74 74 74 74 74 74 74 74
74 74 74 57 57 57 57 57 57
57 57 57 57 57 57 74 57 57
57 57 57 57 74 74 74 74 74
74 74 74 74 74 74 74 74 74
74 74 74 74 74 74 74 74 74
74 74 74 74 74 74 74 74 74
74 74 74 74 74 74 74 74 74
74 74 74 74 74 74 74 74 74
74 74 74 74 74 74 74 74 74
74 74 74 74 74 74 74 74 74
74 74 74 75 75 75 75 75 75
75 75 75 75 75 75 75 75 75
75 75 75 75 75 75 75 75 75
75 75 75 75 75 75 76 76 76
76 76 76 76 76 76 76 76 76
76 76 76 76 76 76 76 76 76
76 76 76 76 76 76 76 76 76
76 76 76 76 77 77 77 77 77
77 77 77 77 77 77 77 77 77
77 77 77 77 77 77 77 77 77
77 77 77 77 77 77 77 78 78
78 78 78 78 78 78 78 78 78
78 78 78 78 78 78 78 78 78
78 78 78 78 78 78 78 78 78
78 78 78 78 78 78 78 78 78
78 78 78 78 78 78 78 78 78
78 78 78 78 78 78 78 78 78
79 79 79 79 79 79 79 79 79
79 80 80 80 80 80 80 80 80
80 80 80 80 80 80 81 81 81
81 81 81 81 81 81 81 81 81
81 81 81 81 81 81 81 81 81
81 81 81 81 81 81 81 81 81
81 81 81 81 81 81 81 81 81
81 81 81 81 81 81 81 81 81
81 81 81 91 81 81 81 81 81
81 81 81 81 81 81 81 81 81
81 81 81 81 81 81 81 81 81
81 81 81 81 81 81 81 81 81
81 91 81 81 91 81 81 81 81
81 81 81 81 81 81 81 81 81
81 81 81 81 81 81 81 81 81
81 81 81 81 81 91 81 81 91
81 81 91 91 81 81 81 81 81
81 81 81 81 81 81 81 81 81
81 81 81 81 81 81 81 81 81
81 81 81 81 81 81 81 81 81
81 81 81 81 81 81 81 81 81
91 81 81 81 81 81 81 81 81
81 81 81 81 81 81 81 81 81
81 81 81 81 81 81 81 81 81
81 81 81 81 81 81 81 81 81
81 81 81 81 81 81 81 81 81
81 81 11 81 81 81 81 81 81
91 81 81 81 81 81 81 81 81
81 81 81 81 81 81 81 81 81
81 81 81 81 81 81 81 81 81
81 81 81 81 81 81 81 81 81
81 81 81 81 81 81 11 81 81
81 81 81 81 81 81 81 81 81
81 81 81 81 81 81 81 81 81
81 81 81 81 74 81 81 81 81
81 81 81 81 81 81 81 81 81
81 81 81 81 81 81 81 81 81
81 81 81 81 81 81 81 81 81
81 81 81 81 81 81 81 81 81
81 81 81 81 81 81 81 81 81
81 81 81 81 81 81 81 81 81
81 81 81 81 81 81 81 81 81
81 81 81 81 81 81 81 81 81
81 81 81 81 81 81 81 81 81
81 81 81 81 81 81 81 81 81
81 81 81 81 81 81 81 81 81
81 81 81 81 81 81 81 81 81
81 81 81 81 81 81 81 81 81
81 81 81 81 81 37 81 81 81
81 81 81 81 81 81 81 81 81
81 81 81 81 81 81 81 74 81
81 81 81 81 81 81 81 81 81
81 81 81 81 81 81 81 81 81
81 81 81 81 81 81 81 81 81
81 81 81 81 81 81 37 37 81
81 81 81 81 81 37 37 81 81
81 81 81 81 81 81 82 82 82
82 81 81 81 81 82 81 81 81
81 82 82 82 82 82 82 82 82
82 81 81 81 81 81 82 82 82
81 82 82 82 82 81 81 81 81
81 82 82 82 82 82 82 82 82
82 82 82 82 82 82 82 82 82
82 82 82 82 82 81 81 81 82
81 81 81 81 82 82 81 81 81
81 81 82 82 82 82 82 82 82
82 82 82 82 82 82 82 82 82
82 82 82 81 82 82 81 81 82
82 81 81 81 81 82 82 82 82
82 82 82 82 82 82 82 82 82
82 82 82 82 82 82 82 82 82
82 82 82 82 82 82 82 82 82
82 82 82 82 82 82 82 82 82
82 83 83 83 83 83 83 83 83
83 83 83 83 83 83 83 83 83
83 83 83 83 83 83 83 83 83
83 83 83 83 83 83 83 83 83
83 83 83 83 83 83 83 83 83
83 83 83 83 83 83 83 83 83
83 83 83 83 83 83 83 83 83
83 83 83 83 83 83 83 83 83
83 83 83 83 83 83 83 83 83
83 83 83 83 83 83 95 83 83
95 83 95 83 83 83 83 83 83
83 83 83 83 83 83 83 83 83
83 83 83 83 83 83 83 83 95
83 95 83 95 83 95 83 83 83
83 83 83 83 83 83 83 83 83
83 83 83 83 83 83 83 83 83
83 83 83 83 83 83 83 83 83
83 83 83 83 83 83 83 83 83
83 83 83 83 83 83 83 83 83
83 83 83 83 83 83 83 83 83
83 83 83 84 84 84 84 84 84
84 84 84 84 84 84 84 84 84
84 84 84 84 84 84 84 84 84
84 84 84 84 84 84 84 84 84
84 84 84 85 85 85 85 85 85
86 86 86 86 76 76 86 86 86
86 86 86 86 86 86 86 86 86
86 86 86 86 76 76 76 76 76
76 86 86 86 86 86 86 86 86
86 86 86 86 86 86 86 86 86
86 86 76 76 76 76 76 76 86
76 86 86 86 86 86 86 86 86
86 86 86 86 86 86 86 86 86
86 86 86 86 86 76 86 86 76
86 86 86 86 86 86 86 86 86
86 78 78 86 86 86 86 86 86
86 86 86 86 86 86 86 86 86
48 78 78 78 78 86 86 48 86
86 86 86 86 86 86 86 48 86
86 86 48 48 86 48 48 86 86
86 86 86 86 86 86 86 86 48
86 86 86 48 48 48 48 48 48
86 86 86 86 86 87 87 87 87
87 87 87 87 87 87 87 87 87
87 87 87 87 87 87 87 81 87
87 81 81 87 87 87 87 87 87
87 87 87 87 87 87 87 87 87
87 87 87 87 87 87 87 87 87
87 87 87 87 87 87 87 87 87
87 87 87 87 87 87 87 87 87
87 87 87 87 87 87 87 87 87
87 87 87 87 87 87 87 87 87
87 87 87 87 87 87 87 87 87
87 87 87 87 87 87 87 87 88
88 88 88 88 88 89 89 89 89
89 89 90 90 90 90 90 90 90
90 90 90 90 90 90 90 90 90
90 90 90 90 90 90 90 90 90
90 90 90 90 90 91 91 91 91
81 91 91 91 91 91 91 91 91
91 91 91 81 91 91 91 91 91
91 91 91 91 91 91 91 91 91
91 91 91 91 91 91 91 91 91
91 91 91 91 81 91 81 81 91
91 81 91 91 91 91 91 91 91
91 91 91 91 91 91 91 91 81
91 81 81 91 81 81 81 91 81
81 91 81 91 91 91 92 92 92
92 92 92 92 92 92 92 92 92
92 92 92 92 92 92 92 92 92
92 93 93 93 93 93 93 93 93
93 93 93 93 93 93 93 93 93
93 93 93 93 93 93 93 93 93
93 93 93 93 93 93 93 93 93
93 93 93 93 93 93 93 93 93
93 93 93 93 93 93 93 93 93
93 93 93 93 93 93 93 93 93
94 94 94 94 94 94 94 94 94
94 94 94 94 94 94 94 94 94
95 95 95 95 95 95 95 95 95
95 95 95 95 95 95 95 95 95
95 95 95 95 95 95 95 95 95
95 95 95 95 95 95 95 95 95
95 95 95 95 95 95 95 95 95
95 95 95 95 95 95 95 95 95
95 95 95 95 95 95 95 95 95
95 95 95 95 95 95 95 95 95
95 95 95 95 95 95 95 95 95
95 95 95 95 95 95 95 95 95
95 95 82 95 95 95 95 95 95
95 95 82 82 95 95 95 82 95
95 82 95 82 82 82 95 82 82
82 82 95 82 95 82 82 82 82
82 82 82 82 82 95 82 82 82
82 82 82 82 82 82 82 82 95
95 95 95 95 95 95 95 95 95
95 95 95 95 95 96 96 96 96
96 96 96 96 96 96 96 96 96
96 96 96 96 96 96 96 96 96
96 96 96 96 96 96 97 97 97
97 97 97 98 98 98 98 98 98
98 98 98 98 98 98 98 98 98
98 98 98 98 98 98 98 98 98
98 98 98 98 98 98 98 98 98
98 98 98 98 98 98 98 98 98
98 98 98 98 98 98 98 98 98
98 98 98 98 98 98 98 98 98
98 98 98 98 98 98 98 98 98
98 98 98 98 98 98 98 99 99
99 99 99 99 99 99 99 99 99
99 99 99 99 99 99 99 99 99
99 99 99 99 99 99 99 99 99
99 99 99 99 99 99 99 99 99
99 99 99 99 100 100 100 100 100
100 100 100 100 100 100 100 100 100
100 100 100 100 100 100 100 100 100
100 100 100 100 100 100 100 100 100
100 100 100 100 100 100 100 100 100
100 100 100 100 100 100 100 100 100
101 101 101 101 101 101 101 101 101
101 101 101 101 101 102 102 101 101
101 101 101 101 101 102 102 102 102
102 101 101 101 101 101 101 101 101
101 101 102 102 102 102 102 102 102
102 102 102 102 102 102 102 102 102
102 102 102 102 102 102 102 102 102
102 102 102 102 102 102 102 102 102
102 102 102 102 102 102 102 102 102
102 102 102 102 102 102 102 102 102
102 102 102 102 102 102 102 102 102
102 102 102 102 102 102 102 102 102
102 102 102 102 102 102 102 102 102
102 102 102 102 102 102 102 102 102
104 104 104 104 104 104 104 104 104
104 104 104 104 104 104 104 104 104
104 104 104 104 104 104 104 104 104
104 104 104 104 104 104 104 104 104
105 105 105 105 105 105 105 105 105
105 105 105 105 105 105 105 105 105
105 105 105 105 105 105 105 105 105
105 105 105 105 105 105 105 106 106
106 106 106 106 106 106 106 106 106
106 106 106 106 106 106 106 106 106
106 106 106 106 106 106 106 106 106
106 106 106 106 106 106 106 106 106
106 106 106 106 106 106 106 106 106
106 106 106 106 106 106 106 106 106
106 106 106 106 106 106 106 106 106
106 106 106 106 106 102 102 102 102
102 102 102 102 102 102 102 102 102
102 102 102 102 102 102 102 102 102
102 102 102 102 102 107 102 102 102
102 102 102 102 102 102 102 102 102
102 102 102 102 102 102 102 102 102
102 102 102 102 102 102 102 102 102
102 102 102 102 102 102 102 102 109
109 109 109 109 109 109 109 109 109
109 109 109 109 109 109 109 109 109
109 109 109 109 109 110 110 110 110
110 110 110 110 110 110 110 110 110
110 110 110 110 110 110 110 111 111
111 111 111 111 112 112 112 112 112
112 112 112 112 112 112 112 112 112
112 112 112 112 112 112 112 112 112
112 112 112 112 112 112 112 112 112
112 112 112 112 112 112 112 112 112
112 112 112 112 112 112 112 112 112
115 115 115 115 115 115 115 115 115
115 116 116 116 116 116 116 116 116
116 116 116 116 116 116 116 116 116
116 116 116 116 116 116 116 116 116
116 116 116 116 116 116 116 116 116
116 116 116 116 116 116 116 116 116
116 116 116 116 116 116 116 116 117
117 117 117 117 117 117 117 117 117
117 117 117 117 117 117 118 118 118
118 118 118 118 118 118 118 118 118
118 118 118 118 118 118 118 118 118
118 118 118 118 118 118 118 118 118
118 118 119 119 119 119 119 119 119
119 119 119 119 119 119 119 120 120
120 120 120 120 120 120 120 120 120
120 120 120 120 120 120 120 120 120
120 120 120 120 120 120 120 120 120
120 120 120 120 120 120 120 122 122
122 122 122 122 122 122 122 122 122
122 122 122 122 122 122 122 122 122
122 122 123 123 123 123 123 123 124
124 124 124 124 124 125 125 125 125
125 125 125 125 125 125 125 125 125
125 125 125 125 125 125 125 125 125
125 125 125 125 125 125 126 126 126
126 126 126 126 126 126 126 126 126
126 126 126 126 126 126 126 126 126
126 126 126 126 126 126 126 126 126
126 126 126 126 126 126 126 126 126
126 126 126 126 126 126 126 126 99
99 126 99 126 126 126 126 126 99
126 99 126 126 126 126 126 126 99
99 99 99 99 99 99 99 99 99
99 99 99 99 99 99 99 127 127
127 127 127 127 128 128 128 128 128
128 128 128 128 128 128 128 128 128
128 128 128 128 129 129 129 129 129
129 129 129 129 129 130 130 130 130
130 130 130 130 130 130 130 130 130
130 130 130 130 130 131 131 131 131
131 131 131 131 131 131 131 131 132
132 132 132 132 132 132 132 132 132
132 132 132 132 132 132 132 132 132
132 132 132 132 132 132 132 133 133
133 133 133 133 133 133 133 133 135
135 135 135 135 135 135 135 135 135
136 136 136 136 136 136 136 136 136
136 136 136 136 136 136 136 138 138
138 138 138 138 138 138 138 138 138
138 138 138 138 138 138 138 138 138
138 138 138 138 138 138 138 138 138
138 138 138 138 138 138 138 138 138
138 138 138 138 138 138 138 138 138
138 138 138 138 138 138 138 138 138
138 138 138 138 138 138 138 138 138
138 138 138 138 138 138 138 138 138
138 138 146 146 146 146 146 146 146
146 146 146 146 146 146 146 146 146
146 146 146 146 146 146 146 146 146
146 146 146 146 146 146 146 146 146
146 146 146 146 139 146 146 146 146
146 146 146 146 146 146 146 146 146
146 146 146 146 146 146 146 146 146
146 146 139 139 139 139 139 146 146
146 146 146 146 146 146 146 146 146
146 146 146 146 146 146 146 146 146
146 146 146 146 146 146 146 146 146
146 146 146 146 146 140 140 140 140
140 140 141 141 141 141 141 141 141
141 141 141 141 141 141 141 141 141
141 141 141 141 141 141 141 141 141
141 141 141 142 142 142 142 142 142
142 142 157 142 142 142 142 142 142
142 142 142 142 142 142 142 142 142
142 142 142 142 142 142 142 142 142
142 142 142 142 142 142 142 142 142
142 142 142 142 142 142 142 142 142
142 142 142 142 142 142 142 142 142
142 142 142 142 142 142 142 142 142
142 142 142 142 142 142 142 142 142
142 142 142 142 142 142 142 142 142
142 142 142 142 142 142 142 142 142
142 142 142 142 142 142 142 142 142
142 142 142 142 142 142 142 142 142
142 142 142 142 142 142 142 142 142
142 142 142 142 142 142 142 142 100
142 142 142 142 142 142 142 142 142
142 142 142 142 142 142 142 142 142
142 142 142 142 142 142 100 100 142
142 142 142 142 142 142 142 142 142
142 142 142 142 145 142 142 142 142
142 142 142 142 142 142 142 142 86
142 142 142 142 142 142 142 142 142
142 142 142 142 142 142 142 142 142
142 142 142 142 142 142 142 142 142
142 142 142 142 142 142 142 142 142
142 142 142 142 142 142 142 142 142
142 142 142 142 142 142 142 142 142
142 142 142 142 142 142 142 142 142
142 142 142 142 142 142 142 142 142
142 142 142 142 142 142 142 142 142
142 142 142 142 142 142 142 142 142
142 142 142 142 142 142 142 142 142
142 142 142 142 142 142 142 142 142
142 142 142 142 145 145 145 145 145
145 145 145 145 145 145 145 145 145
145 145 145 145 145 145 145 145 145
145 145 145 145 145 145 145 145 145
145 145 145 145 146 146 146 146 146
146 146 146 146 146 147 147 147 147
147 147 148 148 148 148 148 148 148
148 148 148 148 148 148 148 148 148
148 148 148 148 149 149 149 149 149
149 149 149 149 149 149 149 149 149
149 149 149 149 149 149 149 149 149
149 149 149 149 149 149 149 149 149
149 149 149 149 149 149 149 149 149
149 149 149 149 149 149 149 149 149
149 149 151 151 151 151 151 151 153
153 153 153 153 153 153 153 153 153
153 153 153 153 153 153 153 153 153
153 153 153 153 153 153 153 153 153
153 153 153 153 153 153 153 153 153
153 153 153 153 153 153 153 153 153
153 153 153 153 153 153 154 154 154
154 154 154 154 154 154 154 154 154
155 155 155 155 155 155 155 155 155
155 155 155 155 155 155 155 155 155
155 155 155 155 155 155 155 155 155
155 155 155 155 155 155 155 155 155
155 155 155 155 155 155 155 155 155
155 155 155 155 155 155 155 155 155
155 155 155 155 155 155 155 155 155
155 155 155 155 155 155 155 161 155
155 155 155 155 155 155 155 155 155
155 155 155 155 155 155 155 156 156
156 156 156 156 156 156 156 156 156
156 156 156 156 156 156 156 156 156
156 156 156 156 156 156 156 156 156
156 156 156 156 156 156 156 156 156
156 156 156 156 156 156 156 156 156
156 156 156 156 156 156 156 156 156
156 156 156 156 156 156 156 156 156
156 156 156 156 156 156 156 156 156
156 156 156 156 156 156 156 156 156
156 156 156 156 156 156 156 156 156
156 156 156 156 156 156 156 156 156
156 156 156 156 156 156 156 156 156
156 156 156 156 156 156 156 156 156
156 156 156 156 156 156 156 156 156
156 156 156 156 156 156 156 156 156
156 156 156 156 156 156 156 156 156
156 156 156 156 156 156 156 156 156
156 156 156 156 156 156 156 156 156
156 156 156 156 156 156 157 156 156
156 156 156 156 156 156 156 157 156
156 156 156 157 156 156 156 157 156
157 156 156 156 156 156 156 156 156
156 156 156 156 156 156 156 156 156
156 157 157 157 157 157 157 157 157
157 157 157 157 157 157 157 157 157
157 157 157 156 157 157 157 157 157
157 157 157 157 157 157 157 157 157
157 157 157 157 156 157 157 157 156
157 156 157 157 157 157 157 157 157
157 157 157 157 157 157 157 157 157
157 157 157 157 157 157 157 157 157
157 157 157 157 157 157 157 157 156
156 156 157 157 157 157 157 157 157
157 157 157 157 157 157 157 157 157
157 157 157 157 157 157 157 157 157
157 157 157 157 157 157 157 157 157
157 157 157 157 157 157 157 157 157
157 157 157 157 157 157 157 157 157
157 157 157 157 157 157 157 157 157
157 157 157 157 157 157 157 157 156
157 157 157 157 157 157 157 157 157
157 157 157 157 157 157 157 157 157
157 157 157 157 157 157 157 157 157
157 157 157 157 157 157 157 157 157
157 157 157 157 157 157 157 157 157
157 157 157 157 157 157 157 157 157
157 157 157 157 157 157 157 157 157
157 157 157 157 157 157 157 157 157
157 157 157 157 157 157 157 157 157
157 157 157 157 157 157 157 157 157
157 157 157 157 157 157 157 157 157
157 157 157 157 157 157 157 157 157
157 157 157 157 157 157 157 157 157
157 157 157 157 157 157 157 157 157
157 157 157 157 157 157 157 157 157
157 157 157 157 157 157 157 157 157
157 157 157 157 157 157 157 157 157
157 157 157 157 157 157 157 157 157
157 157 157 157 157 157 157 157 157
157 157 157 157 157 157 157 157 157
157 157 157 157 157 157 157 157 157
157 157 157 157 157 157 132 157 157
157 157 157 157 157 157 157 157 157
157 157 157 157 157 157 157 157 157
157 157 157 157 157 157 157 157 157
157 157 157 157 157 157 157 157 157
157 157 157 157 157 157 157 157 157
157 157 157 157 157 157 157 157 157
157 157 157 157 157 157 157 157 157
157 157 157 157 157 158 158 158 158
158 158 158 158 158 158 158 158 158
158 158 158 158 158 158 158 158 158
158 158 158 158 158 158 158 158 158
158 158 158 158 158 158 158 158 158
158 158 158 158 158 158 158 158 158
158 158 158 158 158 158 158 158 158
158 158 158 158 158 158 158 158 158
158 158 158 158 158 158 158 158 158
158 158 158 158 158 158 160 160 160
160 160 160 160 160 158 160 160 160
158 160 160 160 160 160 158 158 158
158 158 158 160 160 158 160 158 160
160 160 160 158 158 158 158 158 158
158 158 158 158 158 158 158 160 158
160 160 160 160 160 158 158 158 158
160 160 160 158 158 158 158 158 158
158 158 158 158 158 158 158 160 160
158 158 158 158 160 160 160 158 158
158 160 158 158 158 158 158 158 160
158 158 158 158 158 158 160 160 160
160 160 161 161 161 161 161 161 161
161 161 161 161 161 161 161 161 161
161 161 161 161 161 161 161 161 161
161 161 161 161 161 161 161 161 161
161 161 161 161 161 161 161 161 161
161 161 161 161 161 161 161 161 161
161 161 161 161 161 161 161 161 161
161 161 161 161 161 161 161 161 161
161 161 161 161 161 161 161 161 160
161 161 161 161 161 161 161 160 161
161 161 161 161 161 161 161 161 160
160 160 160 160 161 161 161 161 160
160 160 161 161 161 161 161 160 161
160 161 161 160 160 160 160 161 161
161 160 160 160 160 160 160 160 161
161 160 160 160 160 160 161 161 161
161 161 160 160 160 161 161 161 161
161 160 161 161 161 161 161 161 161
161 161 161 161 161 161 161 161 161
161 161 161 162 162 161 161 161 161
161 161 161 161 162 162 161 162 162
162 162 161 161 162 162 161 162 162
162 162 162 162 162 162 162 162 162
162 162 162 162 162 162 162 162 162
162 162 162 162 162 162 162 162 162
162 162 162 163 163 163 163 163 163
163 163 163 163 163 163 163 163 163
163 163 163 163 163 163 163 163 163
163 163 163 163 163 163 163 163 163
163 163 163 163 163 163 163 163 163
164 164 164 164 164 164 164 164 164
164 164 164 164 164 164 164 164 164
164 164 164 164 164 164 164 164 164
164 164 164 164 164 164 164 164 164
165 165 165 165 165 165 165 165 165
165 165 165 166 166 166 166 166 166
166 166 166 166 167 167 167 167 167
167 167 167 167 167 167 167 167 167
167 167 167 167 167 167 169 169 169
169 169 169 170 170 170 170 170 170
172 172 172 172 172 172 172 172 172
172 172 172 172 172 172 172 172 172
172 172 172 172 172 172 172 172 172
172 172 172 172 172 172 172 172 172
172 172 172 172 172 172 172 172 172
172 172 172 172 172 172 172 172 172
172 172 172 172 172 172 172 172 172
172 172 172 172 172 172 172 173 173
173 173 173 173 173 173 173 173 173
173 173 173 173 173 173 173 173 173
173 173 173 173 173 173 173 173 173
173 173 173 173 173 173 173 173 173
173 173 173 173 173 173 173 173 173
173 173 173 173 173 173 173 173 173
173 173 173 173 173 173 173 173 173
173 173 173 173 173 173 173 173 173
173 173 174 174 174 174 174 174 174
174 174 174 174 174 174 174 174 174
174 174 174 174 174 174 174 174 175
175 175 175 175 175 175 175 175 175
175 175 175 175 175 175 175 175 175
175 176 176 176 176 176 176 176 176
176 176 176 176 176 176 177 177 177
177 177 177 177 177 177 177 177 177
177 177 177 177 177 177 177 177 177
177 177 177 177 177 177 177 177 177
177 177 177 177 177 177 177 177 177
177 177 177 177 177 177 177 177 177
177 177 177 177 177 177 177 177 177
177 177 177 177 177 177 177 177 177
177 177 177 177 177 177 177 177 177
177 177 177 177 177 177 177 177 177
177 177 177 177 177 177 177 177 177
177 177 177 177 177 177 177 177 177
177 177 177 177 177 177 177 177 177
177 177 177 177 177 177 177 177 177
177 177 177 177 177 177 177 177 177
177 177 177 177 177 177 177 177 177
177 177 177 177 177 177 177 177 177
177 177 177 177 177 177 177 177 177
177 177 177 177 177 177 177 177 177
177 177 177 177 177 177 177 177 177
177 177 177 177 177 177 177 177 177
177 177 177 177 177 177 177 177 177
177 177 177 177 177 177 177 177 177
177 177 177 177 177 177 177 177 177
177 177 177 177 177 177 177 177 177
177 177 177 177 177 177 177 177 177
177 177 177 177 177 177 177 177 177
177 177 177 177 177 177 177 177 177
177 177 177 177 177 177 177 177 177
177 177 177 177 177 177 177 177 177
177 177 177 177 177 177 177 177 177
177 177 177 177 177 177 177 177 177
177 177 177 177 177 177 177 177 178
178 178 177 178 178 178 178 177 177
178 178 177 177 177 177 177 177 177
177 177 177 178 177 178 178 178 178
178 177 177 177 177 178 177 177 177
177 178 178 177 177 177 177 177 177
177 177 177 177 177 177 177 177 177
177 177 178 178 178 177 177 177 177
178 178 178 178 177 177 178 178 177
178 178 177 178 177 177 177 177 177
177 177 177 177 178 178 177 177 178
177 178 178 178 178 178 177 177 177
178 178 178 177 177 178 178 178 178
178 177 177 177 178 177 178 177 178
178 178 177 177 177 177 177 177 179
179 179 179 179 179 179 179 179 179
179 179 179 179 179 179 179 179 179
179 179 179 179 179 179 179 179 179
179 179 179 179 179 179 179 179 179
179 179 179 179 179 179 179 179 179
179 179 179 179 179 179 179 179 179
179 179 179 179 179 180 180 180 180
180 180 180 180 180 180 180 180 180
180 180 180 180 180 183 183 183 183
183 183 183 183 183 183 183 183 183
183 183 183 183 183 183 183 183 183
183 183 183 183 183 183 183 183 183
183 183 183 184 184 184 184 184 184
184 184 184 184 184 184 184 184 184
184 184 184 184 184 184 184 184 184
184 184 184 184 184 184 184 184 184
184 184 184 184 184 184 184 185 185
185 185 185 185 185 185 185 185 185
185 185 185 185 185 186 186 186 186
186 186 187 187 187 187 187 187 187
187 187 187 187 187 188 188 188 188
188 188 189 189 189 189 189 189 189
189 189 189 189 189 189 189 189 189
189 189 189 189 189 189 189 189 189
189 189 189 189 189 189 189 189 189
189 189 189 189 189 189 189 189 189
189 189 189 189 189 189 189 189 189
189 189 189 189 189 189 189 189 189
189 189 189 189 189 189 189 189 189
189 189 189 189 189 189 189 189 189
189 189 189 189 189 189 189 189 189
189 189 189 189 189 189 189 189 189
189 190 189 189 189 189 189 189 189
189 189 189 189 189 189 189 189 189
189 190 190 189 189 190 189 190 189
189 189 189 189 189 189 189 189 189
189 190 189 189 189 189 189 189 189
190 189 191 191 191 191 191 191 191
191 191 191 191 191 191 191 191 191
191 191 191 191 191 191 191 191 191
191 191 191 191 191 191 191 191 191
192 206 192 206 206 206 192 192 206
206 192 206 206 192 192 192 206 192
206 192 206 192 206 192 192 206 206
192 192 192 192 206 206 192 206 192
192 192 192 206 206 206 192 192 192
192 192 192 192 192 192 192 192 192
192 192 192 192 206 192 206 192 192
192 192 206 206 206 206 192 192 192
192 206 192 192 192 192 192 192 192
192 192 192 192 192 192 192 192 192
192 192 192 192 192 192 192 192 192
192 192 192 192 206 206 192 192 192
192 192 192 206 192 192 192 192 192
192 192 192 192 192 192 192 192 192
192 192 192 192 192 192 192 192 192
192 192 192 192 192 192 192 192 192
192 192 192 192 192 192 192 192 192
192 192 192 192 192 192 192 192 192
192 192 192 192 192 192 192 192 192
192 192 190 192 192 192 192 192 192
192 204 192 192 192 192 192 192 192
192 192 192 192 192 192 192 192 192
192 192 192 192 192 192 190 192 192
192 192 192 192 192 192 192 192 192
192 192 192 192 192 192 192 192 192
192 192 192 192 192 192 192 192 192
191 191 192 192 192 192 191 192 192
192 192 192 192 192 192 192 192 192
192 192 192 192 192 192 192 191 192
192 192 192 191 192 192 192 192 192
192 192 192 192 192 192 192 192 192
192 192 192 192 192 192 192 191 192
192 192 192 192 191 191 177 192 192
192 177 177 192 177 192 177 177 177
192 177 192 177 192 192 192 192 192
192 192 192 192 192 177 177 177 177
177 177 177 177 177 177 191 177 177
177 177 177 177 177 177 177 177 177
192 177 177 177 177 177 177 177 177
192 192 192 192 192 177 192 177 192
177 192 177 192 192 192 193 193 193
193 193 193 195 195 195 195 195 195
195 195 195 195 195 195 195 195 196
196 196 196 196 196 196 196 196 196
197 197 197 197 197 197 197 197 197
197 197 197 197 197 197 197 197 197
197 197 197 197 197 197 197 197 197
197 197 197 197 197 197 197 197 197
197 197 197 197 197 197 197 197 197
197 197 197 197 197 197 197 196 197
197 197 197 196 196 197 197 197 197
197 197 197 196 197 196 197 196 197
196 196 196 197 197 197 197 197 197
197 198 198 198 198 198 198 198 198
198 198 198 198 198 198 198 198 198
198 198 198 198 198 198 198 198 198
198 198 198 198 198 198 198 198 198
198 198 198 198 198 198 198 198 198
201 201 201 201 201 201 201 201 201
201 201 201 201 201 201 201 201 201
201 201 201 201 201 201 201 201 201
201 201 201 202 202 202 202 202 202
202 202 202 202 202 202 202 202 202
202 202 202 202 202 202 202 202 202
202 202 202 202 202 202 202 202 202
202 202 202 202 202 202 202 202 202
203 203 203 203 203 203 203 203 203
203 203 203 203 203 204 204 204 204
204 204 204 204 204 204 204 204 204
204 204 204 204 204 204 204 204 204
204 204 204 204 204 204 204 204 204
204 204 204 204 204 204 204 204 204
204 204 204 204 204 204 204 204 205
189 205 189 205 189 189 189 205 189
189 189 189 189 205 189 189 189 205
205 189 189 189 189 189 189 189 189
189 189 206 206 206 206 206 206 206
206 206 206 206 206 206 206 206 206
206 206 206 206 206 206 206 206 206
206 206 206 206 206 206 206 192 206
206 206 206 206 192 206 206 206 206
206 206 206 206 206 206 206 206 206
206 206 206 206 206 192 206 206 206
192 206 206 206 206 206 206 206 206
206 206 206 206 206 206 206 206 206
206 208 208 208 208 208 208 208 208
208 208 208 208 208 208 208 208 208
208 208 208 208 208 208 208 208 208
208 208 208 208 208 208 208 208 208
208 208 208 208 208 208 208 208 208
208 208 208 208 208 208 208 208 208
208 208 208 208 208 208 208 208 208
208 208 208 208 208 208 208 208 208
208 208 208 208 208 208 208 208 208
208 208 208 208 208 208 208 208 208
208 208 208 208 208 208 208 208 208
208 208 208 208 208 208 208 208 208
208 208 208 208 208 208 208 208 208
208 208 208 208 208 208 208 208 208
208 208 208 208 208 208 208 208 208
208 208 208 208 208 208 208 208 208
208 208 208 208 208 208 208 208 208
208 208 208 208 208 208 208 208 208
208 208 208 208 208 208 208 209 209
209 209 209 209 209 209 209 209 209
209 209 209 209 209 209 209 209 209
209 209 209 209 209 209 209 209 209
209 209 209 209 209 209 209 209 209
209 209 209 209 209 209 209 209 209
209 209 209 209 209 209 209 209 209
210 210 210 210 210 210 210 210 210
210 210 210 210 210 210 210 210 210
210 210 210 210 210 210 210 210 210
210 210 210 211 211 211 211 211 211
211 211 211 211 211 211 211 211 211
211 211 211 211 211 211 211 211 211
211 211 211 211 211 211 211 211 211
211 211 211 211 211 211 211 211 211
211 211 212 212 212 212 212 212 212
212 212 212 212 212 212 212 212 212
212 212 212 212 213 213 213 213 213
213 214 214 214 214 214 214 214 214
214 156 156 214 214 214 214 214 214
214 214 214 214 214 214 214 214 214
214 214 214 214 214 214 156 156 156
214 214 156 214 214 214 214 214 214
214 214 214 214 214 214 214 214 214
214 214 214 214 214 214 214 214 214
214 214 214 214 214 214 214 214 214
214 214 214 214 214 214 214 214 214
214 214 214 214 214 214 214 214 214
214 214 214 214 214 214 214 214 214
214 214 214 214 214 214 214 214 214
214 214 214 214 214 214 214 214 214
214 214 214 214 214 214 214 214 214
214 214 214 214 214 214 214 214 214
214 214 214 214 214 214 214 214 214
214 215 215 215 215 215 215 214 214
214 214 215 214 215 214 214 214 214
214 214 214 214 214 214 214 214 214
215 215 215 215 215 215 215 215 215
215 215 215 214 215 215 214 214 214
214 214 214 214 214 214 214 214 214
214 214 214 214 214 214 214 214 215
215 215 215 215 215 215 214 215 215
215 215 214 214 214 215 214 215 214
214 214 214 214 214 214 214 214 214
214 214 214 214 214 214 214 215 215
215 215 215 215 215 215 215 215 215
215 215 215 215 214 214 215 215 214
215 215 215 215 215 214 215 215 215
215 215 214 214 156 214 214 156 156
214 214 214 215 214 215 214 214 156
214 214 215 156 156 214 214 214 215
215 156 214 156 156 215 215 156 215
215 156 215 215 215 215 215 215 215
215 215 215 215 215 215 215 215 215
215 215 215 215 215 215 215 215 215
215 215 215 215 215 215 215 215 215
215 215 215 216 216 216 216 216 215
216 215 216 215 216 215 216 216 215
216 216 216 216 216 216 215 215 215
215 216 216 216 215 216 216 215 216
216 216 216 215 216 216 215 216 215
215 215 215 215 215 215 215 215 215
215 215 215 215 215 215 216 216 216
215 215 215 216 216 215 215 215 215
216 215 215 215 215 215 215 215 215
215 215 215 215 215 215 215 215 215
215 215 215 215 215 215 215 215 215
215 215 215 215 215 216 215 215 215
215 215 215 215 215 215 215 215 215
215 215 217 217 217 217 217 217 217
217 217 217 217 217 217 217 217 217
217 217 217 217 217 217 217 217 217
217 217 217 217 217 217 217 217 217
217 217 217 217 217 217 217 217 217
217 218 218 218 218 218 218 218 218
218 218 218 218 218 218 218 218 218
218 218 218 218 218 218 218 218 218
218 218 218 218 218 218 218 218 218
218 218 218 218 218 218 218 218 218
218 218 219 219 219 219 219 219 219
219 219 219 219 219 219 219 219 219
219 219 219 219 219 219 219 219 219
219 219 219 219 219 219 219 219 219
219 219 219 219 219 219 219 219 219
219 219 219 219 219 219 219 219 219
219 219 219 219 219 219 219 219 219
219 219 219 219 219 219 219 219 219
219 219 219 219 219 219 220 220 197
197 197 220 220 197 197 197 197 220
220 220 197 197 197 197 197 197 197
197 197 220 220 197 220 197 197 220
220 220 220 220 197 197 197 197 197
220 197 220 197 197 197 197 220 220
220 220 220 220 197 197 197 197 215
215 215 221 215 215 215 221 215 215
215 215 215 215 215 215 215 215 215
215 215 215 221 221 221 215 215 215
215 221 215 215 215 215 215 215 215
215 215 215 215 215 215 215 215 215
215 215 215 221 215 215 215 221 221
215 215 215 221 221 215 215 215 221
215 215 215 221 215 215 215 215 215
215 215 215 221 215 215 221 221 215
215 221 221 221 215 221 221 221 215
221 221 221 221 215 215 221 221 221
215 215 215 221 215 215 221 221 221
215 215 215 221 221 221 215 221 215
215 215 221 221 215 215 221 215 215
215 221 221 221 221 221 221 221 221
221 215 221 221 221 221 221 221 221
221 221 221 215 221 221 221 215 221
221 221 221 215 221 221 221 221 221
221 221 215 221 221 221 221 221 221
221 221 221 221 221 221 221 221 221
221 221 221 221 221 221 221 221 221
221 221 221 221 221 221 215 215 215
215 222 222 222 222 222 222 222 222
222 222 222 222 222 222 222 222 222
222 222 222 222 222 222 222 222 222
222 222 222 222 222 222 222 222 222
222 222 222 222 222 222 222 222 222
222 222 222 222 222 222 222 222 222
222 222 222 222 222 222 222 222 222
222 222 222 222 222 222 222 222 222
222 222 222 222 222 222 222 222 222
222 222 222 222 222 222 222 222 222
222 222 222 222 222 222 222 222 222
222 222 222 222 222 222 222 222 222
222 222 222 222 222 222 222 222 222
222 222 222 222 222 222 222 222 222
222 222 222 222 222 222 222 222 222
222 222 222 222 222 222 222 222 222
222 222 222 222 222 222 222 222 222
222 222 222 222 222 222 222 222 222
222 222 221 222 222 222 222 222 222
222 222 222 222 222 222 222 222 222
222 222 222 222 222 222 222 222 222
222 222 222 222 222 221 221 222 222
221 221 221 222 222 221 222 222 222
221 222 222 222 222 222 222 222 222
222 222 222 222 222 222 222 222 222
221 222 222 221 221 222 222 221 221
221 222 222 222 221 221 221 222 222
222 222 221 222 222 222 222 222 222
222 222 222 222 222 222 222 222 222
221 221 221 221 221 222 221 222 222
221 222 222 222 223 223 223 223 223
223 222 222 222 223 223 223 222 223
223 223 223 223 223 223 223 223 223
223 223 223 223 222 222 223 222 223
223 222 223 223 222 223 223 223 223
222 223 223 223 223 223 223 223 223
223 223 223 223 223 223 223 222 223
222 223 223 223 223 223 223 223 223
223 223 223 223 223 223 223 223 223
223 223 223 223 223 223 223 223 223
223 223 223 223 223 223 223 223 223
223 223 223 223 223 223 223 223 223
223 223 223 223 223 223 223 223 223
223 223 223 223 223 223 223 223 223
223 223 223 223 223 223 223 223 223
223 223 223 223 208 223 223 223 223
223 208 223 208 223 223 223 208 223
224 224 224 224 224 224 223 224 223
224 223 224 224 224 223 223 223 223
223 224 224 223 223 223 224 223 223
223 223 224 224 224 223 223 223 223
223 223 223 223 223 223 223 224 223
224 223 224 224 224 224 223 223 223
224 223 223 223 224 223 224 224 224
223 223 224 223 224 224 224 224 223
224 224 224 224 224 224 224 223 224
224 223 223 224 224 224 223 223 223
223 224 223 223 223 223 223 223 223
224 223 223 223 223 223 223
